controller,condition,family,seed,success,full_rmse,primary_error,stable_ratio,forward_overshoot,command_smoothness,secondary_time_name,secondary_time,post_peak_or_p95_error,final_error
Nominal Residual PPO,Nominal,noise,1000,True,0.36120957136154175,0.013683193363249302,0.8125,0.005000114440917969,3.3793032343965024e-05,settling_time,3.75,nan,0.005001693498343229
Nominal Residual PPO,Nominal,noise,1001,True,0.3760833442211151,0.016620410606265068,0.81,0.0018596649169921875,4.318963328842074e-05,settling_time,3.8000000000000003,nan,0.0019275072263553739
Nominal Residual PPO,Nominal,noise,1002,True,0.46245697140693665,0.021434780210256577,0.7875,0.007960319519042969,3.219581412849948e-05,settling_time,4.25,nan,0.007963348180055618
Nominal Residual PPO,Nominal,noise,1003,True,0.543838620185852,0.023328004404902458,0.7725,0.005235195159912109,3.670249861897901e-05,settling_time,4.55,nan,0.005236085969954729
Nominal Residual PPO,Nominal,noise,1004,True,0.6163114905357361,0.024074099957942963,0.7625,0.0012950897216796875,4.413809801917523e-05,settling_time,4.75,nan,0.0014178375713527203
Nominal Residual PPO,Nominal,noise,1005,True,0.602458119392395,0.02085922658443451,0.7675,0.0029582977294921875,3.913275577360764e-05,settling_time,4.65,nan,0.0029817847535014153
Nominal Residual PPO,Nominal,noise,1006,True,0.43632838129997253,0.015342536382377148,0.795,0.0030965805053710938,3.6151803215034306e-05,settling_time,4.1000000000000005,nan,0.0031171035952866077
Nominal Residual PPO,Nominal,noise,1007,True,0.6392723321914673,0.02845231257379055,0.755,0.006842613220214844,3.290406311862171e-05,settling_time,4.9,nan,0.00684319855645299
Nominal Residual PPO,Nominal,noise,1008,True,0.533538818359375,0.017587458714842796,0.7775,0.0021986961364746094,3.853837915812619e-05,settling_time,4.45,nan,0.002247939119115472
Nominal Residual PPO,Nominal,noise,1009,True,0.5579289197921753,0.019593173637986183,0.77,0.0003190040588378906,4.177825394435786e-05,settling_time,4.6000000000000005,nan,0.0007689861813560128
Nominal Residual PPO,Nominal,noise,1010,True,0.6557148098945618,0.03814190253615379,0.74,0.009691238403320312,2.8691438274108805e-05,settling_time,5.2,nan,0.00969989225268364
Nominal Residual PPO,Nominal,noise,1011,True,0.4535141885280609,0.015551380813121796,0.79,0.0021457672119140625,3.744530840776861e-05,settling_time,4.2,nan,0.0021974556148052216
Nominal Residual PPO,Nominal,noise,1012,True,0.46328115463256836,0.015351935289800167,0.7925,0.0024318695068359375,3.762917185667902e-05,settling_time,4.15,nan,0.0024710961151868105
Nominal Residual PPO,Nominal,noise,1013,True,0.3158614933490753,0.0154860345646739,0.8175,0.007170677185058594,4.7975743655115366e-05,settling_time,3.6500000000000004,nan,0.0071718767285346985
Nominal Residual PPO,Nominal,noise,1014,True,0.44937044382095337,0.021657641977071762,0.79,0.009518623352050781,2.895778561651241e-05,settling_time,4.2,nan,0.009526695124804974
Nominal Residual PPO,Nominal,noise,1015,True,0.45922550559043884,0.01915055699646473,0.79,0.006839275360107422,3.1763906008563936e-05,settling_time,4.2,nan,0.006839871406555176
Nominal Residual PPO,Nominal,noise,1016,True,0.494822233915329,0.01882169023156166,0.7825,0.003688335418701172,3.6118104617344216e-05,settling_time,4.3500000000000005,nan,0.0036991529632359743
Nominal Residual PPO,Nominal,noise,1017,True,0.25498971343040466,0.012844742275774479,0.8425,0.010333061218261719,2.990682696690783e-05,settling_time,3.1500000000000004,nan,0.010344062931835651
Nominal Residual PPO,Nominal,noise,1018,True,0.35859066247940063,0.017075959593057632,0.8125,0.009282112121582031,3.0020570193300955e-05,settling_time,3.75,nan,0.009289258159697056
Nominal Residual PPO,Nominal,noise,1019,True,0.514828085899353,0.020960848778486252,0.7775,0.004947185516357422,3.52579663740471e-05,settling_time,4.45,nan,0.004948955029249191
Nominal Residual PPO,Nominal,noise,1020,True,0.31911933422088623,0.012227031402289867,0.825,0.0006151199340820312,3.7560319469776005e-05,settling_time,3.5,nan,0.000903709908016026
Nominal Residual PPO,Nominal,noise,1021,True,0.5359554290771484,0.029659701511263847,0.7675,0.010480880737304688,3.4828677598852664e-05,settling_time,4.65,nan,0.010492485947906971
Nominal Residual PPO,Nominal,noise,1022,True,0.6856614947319031,0.029940199106931686,0.7475,0.0062732696533203125,3.501401442917995e-05,settling_time,5.050000000000001,nan,0.006273310631513596
Nominal Residual PPO,Nominal,noise,1023,True,0.5421852469444275,0.0260738767683506,0.7725,0.009636878967285156,3.101288893958554e-05,settling_time,4.55,nan,0.00964532233774662
Nominal Residual PPO,Nominal,noise,1024,True,0.4610966444015503,0.018551960587501526,0.7925,0.003872394561767578,3.8642498111585155e-05,settling_time,4.15,nan,0.003881096839904785
Nominal Residual PPO,Nominal,noise,1025,True,0.20762118697166443,0.007234308402985334,0.8575,0.0015974044799804688,3.6361616366775706e-05,settling_time,2.85,nan,0.001686630304902792
Nominal Residual PPO,Nominal,noise,1026,True,0.509953498840332,0.017274774610996246,0.78,0.0019388198852539062,3.780873157666065e-05,settling_time,4.4,nan,0.0020020385272800922
Nominal Residual PPO,Nominal,noise,1027,True,0.6339989900588989,0.028007719665765762,0.7525,0.005995750427246094,3.274477057857439e-05,settling_time,4.95,nan,0.005995755549520254
Nominal Residual PPO,Nominal,noise,1028,True,0.23994915187358856,0.011350352317094803,0.8475,0.007212638854980469,3.6491335777100176e-05,settling_time,3.0500000000000003,nan,0.007213898003101349
Nominal Residual PPO,Nominal,noise,1029,True,0.2371533215045929,0.008169654756784439,0.8575,0.00034046173095703125,3.6743782402481884e-05,settling_time,2.85,nan,0.0007768401992507279
Nominal Residual PPO,Nominal,noise,1030,True,0.5955281257629395,0.031078556552529335,0.7625,0.008636474609375,3.807864777627401e-05,settling_time,4.75,nan,0.008641497232019901
Nominal Residual PPO,Nominal,noise,1031,True,0.36069607734680176,0.014625695534050465,0.8225,0.0070781707763671875,3.718184962053783e-05,settling_time,3.5500000000000003,nan,0.0070791481994092464
Nominal Residual PPO,Nominal,noise,1032,True,0.2602449357509613,0.014496737159788609,0.8325,0.010565757751464844,3.37668061547447e-05,settling_time,3.35,nan,0.010577704757452011
Nominal Residual PPO,Nominal,noise,1033,True,0.3014245629310608,0.014047013595700264,0.8325,0.009778022766113281,3.062750329263508e-05,settling_time,3.35,nan,0.009787026792764664
Nominal Residual PPO,Nominal,noise,1034,True,0.20482997596263885,0.009737574495375156,0.8525,0.0006427764892578125,4.088414425496012e-05,settling_time,2.95,nan,0.0009202964720316231
Nominal Residual PPO,Nominal,noise,1035,True,0.5005165338516235,0.024039169773459435,0.7775,0.008394241333007812,3.129054312012158e-05,settling_time,4.45,nan,0.008398514240980148
Nominal Residual PPO,Nominal,noise,1036,True,0.49636030197143555,0.018744464963674545,0.785,0.005269050598144531,3.439545616856776e-05,settling_time,4.3,nan,0.005269885063171387
Nominal Residual PPO,Nominal,noise,1037,True,0.4807579517364502,0.021110840141773224,0.785,0.006482601165771484,3.4506556403357536e-05,settling_time,4.3,nan,0.006482794415205717
Nominal Residual PPO,Nominal,noise,1038,True,0.4864528477191925,0.02071700245141983,0.79,0.004140377044677734,4.174105197307654e-05,settling_time,4.2,nan,0.004146654158830643
Nominal Residual PPO,Nominal,noise,1039,True,0.20191071927547455,0.009069062769412994,0.86,0.005900382995605469,3.283248224761337e-05,settling_time,2.8000000000000003,nan,0.005900407675653696
Nominal Residual PPO,Nominal,noise,1040,True,0.2632780075073242,0.011347396299242973,0.845,0.007603645324707031,3.1894462154014036e-05,settling_time,3.1,nan,0.007605741731822491
Nominal Residual PPO,Nominal,noise,1041,True,0.21441344916820526,0.011732560582458973,0.855,0.009401321411132812,3.134053622488864e-05,settling_time,2.9000000000000004,nan,0.009408990852534771
Nominal Residual PPO,Nominal,noise,1042,True,0.4538705050945282,0.01926535926759243,0.7925,0.006130218505859375,3.403717710170895e-05,settling_time,4.15,nan,0.00613022455945611
Nominal Residual PPO,Nominal,noise,1043,True,0.5642242431640625,0.02418181486427784,0.7725,0.0041866302490234375,4.1297098505310714e-05,settling_time,4.55,nan,0.004192560911178589
Nominal Residual PPO,Nominal,noise,1044,True,0.5992311835289001,0.018117617815732956,0.7675,0.00012683868408203125,4.175200228928588e-05,settling_time,4.65,nan,0.0007362143369391561
Nominal Residual PPO,Nominal,noise,1045,True,0.24043115973472595,0.011921352706849575,0.8475,0.007683753967285156,3.649918653536588e-05,settling_time,3.0500000000000003,nan,0.00768606411293149
Nominal Residual PPO,Nominal,noise,1046,True,0.631199836730957,0.02813066728413105,0.755,0.006968975067138672,3.281731915194541e-05,settling_time,4.9,nan,0.006969756912440062
Nominal Residual PPO,Nominal,noise,1047,True,0.3337308168411255,0.012694326229393482,0.82,0.0034356117248535156,3.581165583455004e-05,settling_time,3.6,nan,0.0034499196335673332
Nominal Residual PPO,Nominal,noise,1048,True,0.3474729061126709,0.0179937444627285,0.81,0.010003089904785156,3.533685230650008e-05,settling_time,3.8000000000000003,nan,0.010012884624302387
Nominal Residual PPO,Nominal,noise,1049,True,0.5319633483886719,0.025200750678777695,0.77,0.008275985717773438,3.021694465132896e-05,settling_time,4.6000000000000005,nan,0.008279870264232159
Nominal Residual PPO,Nominal,noise,1050,True,0.435098797082901,0.022915424779057503,0.7925,0.010535240173339844,3.057906360481866e-05,settling_time,4.15,nan,0.010547056794166565
Nominal Residual PPO,Nominal,noise,1051,True,0.26431789994239807,0.011323736049234867,0.8425,0.0019488334655761719,3.8478916394524276e-05,settling_time,3.1500000000000004,nan,0.0020110695622861385
Nominal Residual PPO,Nominal,noise,1052,True,0.47278934717178345,0.018222589045763016,0.7875,0.00439453125,3.500355524010956e-05,settling_time,4.25,nan,0.004399011377245188
Nominal Residual PPO,Nominal,noise,1053,True,0.24837136268615723,0.012827897444367409,0.845,0.008838653564453125,3.602297874749638e-05,settling_time,3.1,nan,0.00884433463215828
Nominal Residual PPO,Nominal,noise,1054,True,0.6391269564628601,0.025665367022156715,0.755,0.0050983428955078125,3.484204353298992e-05,settling_time,4.9,nan,0.005099654197692871
Nominal Residual PPO,Nominal,noise,1055,True,0.3062325417995453,0.0146825285628438,0.8225,0.006227970123291016,4.855276711168699e-05,settling_time,3.5500000000000003,nan,0.006228003650903702
Nominal Residual PPO,Nominal,noise,1056,True,0.24839964509010315,0.011969815008342266,0.835,0.0048847198486328125,4.1557195800123736e-05,settling_time,3.3000000000000003,nan,0.004886659327894449
Nominal Residual PPO,Nominal,noise,1057,True,0.40564143657684326,0.01490121427923441,0.8025,0.0034117698669433594,3.6218527384335175e-05,settling_time,3.95,nan,0.003426517592743039
Nominal Residual PPO,Nominal,noise,1058,True,0.6312327980995178,0.028171991929411888,0.7575,0.005010128021240234,3.878829738823697e-05,settling_time,4.8500000000000005,nan,0.0050116428174078465
Nominal Residual PPO,Nominal,noise,1059,True,0.39726656675338745,0.016073452308773994,0.805,0.004569053649902344,3.670670776045881e-05,settling_time,3.9000000000000004,nan,0.0045724413357675076
Nominal Residual PPO,Nominal,noise,1060,True,0.26284900307655334,0.01466824859380722,0.825,0.009819984436035156,3.732413097168319e-05,settling_time,3.5,nan,0.009829203598201275
Nominal Residual PPO,Nominal,noise,1061,True,0.3013931214809418,0.010866858996450901,0.8275,0.0030946731567382812,3.347654273966327e-05,settling_time,3.45,nan,0.0031151194125413895
Nominal Residual PPO,Nominal,noise,1062,True,0.3527791202068329,0.016931327059864998,0.815,0.008145332336425781,3.599182309699245e-05,settling_time,3.7,nan,0.00814889743924141
Nominal Residual PPO,Nominal,noise,1063,True,0.2001395970582962,0.007652668748050928,0.87,0.003108501434326172,2.833274265867658e-05,settling_time,2.6,nan,0.003128601238131523
Nominal Residual PPO,Nominal,noise,1064,True,0.4604463279247284,0.016068242490291595,0.79,0.0013566017150878906,3.937203291570768e-05,settling_time,4.2,nan,0.0014716737205162644
Nominal Residual PPO,Nominal,noise,1065,True,0.21397964656352997,0.012054307386279106,0.845,0.009021759033203125,3.362805728102103e-05,settling_time,3.1,nan,0.009028063155710697
Nominal Residual PPO,Nominal,noise,1066,True,0.38269710540771484,0.011865431442856789,0.8075,7.677078247070312e-05,3.8107777072582394e-05,settling_time,3.85,nan,0.000734869041480124
Nominal Residual PPO,Nominal,noise,1067,True,0.25913769006729126,0.010138627141714096,0.84,0.0,3.2689484214643016e-05,settling_time,3.2,nan,0.0007733528036624193
Nominal Residual PPO,Nominal,noise,1068,True,0.23579704761505127,0.008046532981097698,0.855,0.0016617774963378906,3.756290607270785e-05,settling_time,2.9000000000000004,nan,0.0017451985040679574
Nominal Residual PPO,Nominal,noise,1069,True,0.233356773853302,0.009373721666634083,0.845,0.0015549659729003906,2.91042906610528e-05,settling_time,3.1,nan,0.0016481367638334632
Nominal Residual PPO,Nominal,noise,1070,True,0.5262418985366821,0.016609590500593185,0.785,0.0008563995361328125,4.268900374881923e-05,settling_time,4.3,nan,0.001065391581505537
Nominal Residual PPO,Nominal,noise,1071,True,0.5082069039344788,0.016755225136876106,0.785,0.0023593902587890625,3.896854832419194e-05,settling_time,4.3,nan,0.0024014052469283342
Nominal Residual PPO,Nominal,noise,1072,True,0.4093969762325287,0.018889451399445534,0.8,0.009420394897460938,2.908472015406005e-05,settling_time,4.0,nan,0.009428090415894985
Nominal Residual PPO,Nominal,noise,1073,True,0.5137246251106262,0.02030070498585701,0.785,0.006397247314453125,3.4934513678308576e-05,settling_time,4.3,nan,0.006397361401468515
Nominal Residual PPO,Nominal,noise,1074,True,0.18452243506908417,0.011624987237155437,0.8625,0.010491371154785156,2.989883068948984e-05,settling_time,2.75,nan,0.01050298847258091
Nominal Residual PPO,Nominal,noise,1075,True,0.30818530917167664,0.011324567720293999,0.835,0.0012459754943847656,3.9092174120014533e-05,settling_time,3.3000000000000003,nan,0.001376754604279995
Nominal Residual PPO,Nominal,noise,1076,True,0.4946329891681671,0.02471805550158024,0.7825,0.008947372436523438,3.34107389790006e-05,settling_time,4.3500000000000005,nan,0.008953460492193699
Nominal Residual PPO,Nominal,noise,1077,True,0.2660285532474518,0.012759940698742867,0.8275,0.0023565292358398438,4.4798282033298165e-05,settling_time,3.45,nan,0.0023983505088835955
Nominal Residual PPO,Nominal,noise,1078,True,0.2314525544643402,0.010550661943852901,0.845,0.0010662078857421875,4.526311386143789e-05,settling_time,3.1,nan,0.0012264832621440291
Nominal Residual PPO,Nominal,noise,1079,True,0.2828395366668701,0.014003831893205643,0.83,0.010272979736328125,3.117424785159528e-05,settling_time,3.4000000000000004,nan,0.01028369553387165
Nominal Residual PPO,Nominal,noise,1080,True,0.24638023972511292,0.01018393225967884,0.85,0.005969047546386719,3.0383576813619584e-05,settling_time,3.0,nan,0.005969057325273752
Nominal Residual PPO,Nominal,noise,1081,True,0.43536776304244995,0.015148978680372238,0.805,0.0035161972045898438,3.811847636825405e-05,settling_time,3.9000000000000004,nan,0.003529487643390894
Nominal Residual PPO,Nominal,noise,1082,True,0.2785293757915497,0.011386706493794918,0.835,0.003928661346435547,3.5648656194098294e-05,settling_time,3.3000000000000003,nan,0.003936902619898319
Nominal Residual PPO,Nominal,noise,1083,True,0.41007572412490845,0.012609317898750305,0.805,0.0003886222839355469,3.9200651372084394e-05,settling_time,3.9000000000000004,nan,0.000793584855273366
Nominal Residual PPO,Nominal,noise,1084,True,0.30950862169265747,0.01549598015844822,0.8175,0.007361412048339844,4.517088018474169e-05,settling_time,3.6500000000000004,nan,0.007363000884652138
Nominal Residual PPO,Nominal,noise,1085,True,0.22112040221691132,0.010674087330698967,0.8525,0.007616996765136719,3.308123996248469e-05,settling_time,2.95,nan,0.007619136944413185
Nominal Residual PPO,Nominal,noise,1086,True,0.2867248058319092,0.014609170146286488,0.825,0.008494377136230469,4.1397881432203576e-05,settling_time,3.5,nan,0.008498967625200748
Nominal Residual PPO,Nominal,noise,1087,True,0.42493703961372375,0.01865224726498127,0.8025,0.004489898681640625,4.246379103278741e-05,settling_time,3.95,nan,0.004493757151067257
Nominal Residual PPO,Nominal,noise,1088,True,0.43281158804893494,0.02176523581147194,0.7925,0.0092315673828125,3.8189857150428e-05,settling_time,4.15,nan,0.009238620288670063
Nominal Residual PPO,Nominal,noise,1089,True,0.6145689487457275,0.026189425960183144,0.76,0.006357669830322266,3.324971839901991e-05,settling_time,4.800000000000001,nan,0.0063577559776604176
Nominal Residual PPO,Nominal,noise,1090,True,0.3150636851787567,0.013553103432059288,0.83,0.003487110137939453,3.8386588130379096e-05,settling_time,3.4000000000000004,nan,0.0035006410907953978
Nominal Residual PPO,Nominal,noise,1091,True,0.6221154928207397,0.028546929359436035,0.76,0.005690097808837891,3.7966987292747945e-05,settling_time,4.800000000000001,nan,0.005690254736691713
Nominal Residual PPO,Nominal,noise,1092,True,0.6117554306983948,0.02473466284573078,0.76,0.003916740417480469,3.634329550550319e-05,settling_time,4.800000000000001,nan,0.003925046883523464
Nominal Residual PPO,Nominal,noise,1093,True,0.2733713686466217,0.01256620604544878,0.835,0.008182525634765625,3.1737450626678765e-05,settling_time,3.3000000000000003,nan,0.008186180144548416
Nominal Residual PPO,Nominal,noise,1094,True,0.2737323045730591,0.011451330035924911,0.8425,0.0016865730285644531,3.667227065307088e-05,settling_time,3.1500000000000004,nan,0.001767573761753738
Nominal Residual PPO,Nominal,noise,1095,True,0.3864879012107849,0.015200190246105194,0.8075,0.0032758712768554688,3.847349944408052e-05,settling_time,3.85,nan,0.0032928581349551678
Nominal Residual PPO,Nominal,noise,1096,True,0.23160295188426971,0.009051751345396042,0.85,0.002502918243408203,2.9352713681873865e-05,settling_time,3.0,nan,0.0025395737029612064
Nominal Residual PPO,Nominal,noise,1097,True,0.3694742023944855,0.013029132038354874,0.81,0.0025110244750976562,3.658982677734457e-05,settling_time,3.8000000000000003,nan,0.0025473684072494507
Nominal Residual PPO,Nominal,noise,1098,True,0.40753012895584106,0.02020401693880558,0.8,0.009717941284179688,3.0371804314199835e-05,settling_time,4.0,nan,0.009726636111736298
Nominal Residual PPO,Nominal,noise,1099,True,0.6162301898002625,0.026998097077012062,0.7575,0.006012439727783203,3.2723961339797825e-05,settling_time,4.8500000000000005,nan,0.006012442987412214
Robust Residual PPO,Nominal,noise,1000,True,0.3620888590812683,0.005032726563513279,0.7975,0.0011992454528808594,1.5799892935319804e-05,settling_time,4.05,nan,0.0021343070548027754
Robust Residual PPO,Nominal,noise,1001,True,0.3693525791168213,0.008537966758012772,0.8075,0.000606536865234375,2.604924338811543e-05,settling_time,3.85,nan,0.0006145201623439789
Robust Residual PPO,Nominal,noise,1002,True,0.460326224565506,0.010328276082873344,0.77,0.0018024444580078125,1.5424220691784285e-05,settling_time,4.6000000000000005,nan,0.003980319015681744
Robust Residual PPO,Nominal,noise,1003,True,0.5405313372612,0.012554517947137356,0.7575,0.0012478828430175781,2.0276043869671412e-05,settling_time,4.8500000000000005,nan,0.0022905326914042234
Robust Residual PPO,Nominal,noise,1004,True,0.6119064092636108,0.0145483473315835,0.7525,0.0005040168762207031,2.8158769055153243e-05,settling_time,4.95,nan,0.0006593945436179638
Robust Residual PPO,Nominal,noise,1005,True,0.6034759283065796,0.011639738455414772,0.7525,0.0008132457733154297,2.0827208572882228e-05,settling_time,4.95,nan,0.000987304258160293
Robust Residual PPO,Nominal,noise,1006,True,0.43737977743148804,0.006510183215141296,0.7825,0.0008368492126464844,1.7907494111568667e-05,settling_time,4.3500000000000005,nan,0.0010471121640875936
Robust Residual PPO,Nominal,noise,1007,True,0.6409328579902649,0.018504604697227478,0.735,0.0015730857849121094,1.5095376511453651e-05,settling_time,5.300000000000001,nan,0.003280704142525792
Robust Residual PPO,Nominal,noise,1008,True,0.534872829914093,0.008795743808150291,0.765,0.0006680488586425781,2.014040910580661e-05,settling_time,4.7,nan,0.0006752446643076837
Robust Residual PPO,Nominal,noise,1009,True,0.555972158908844,0.01128575298935175,0.76,0.00032329559326171875,2.3973836505319923e-05,settling_time,4.800000000000001,nan,0.0010656658560037613
Robust Residual PPO,Nominal,noise,1010,True,0.6565408110618591,0.028627481311559677,0.7175,0.0021772384643554688,1.1406932571844663e-05,settling_time,5.65,nan,0.00511014461517334
Robust Residual PPO,Nominal,noise,1011,True,0.45439666509628296,0.00703851692378521,0.7775,0.0006580352783203125,1.9036844605579972e-05,settling_time,4.45,nan,0.0006613705772906542
Robust Residual PPO,Nominal,noise,1012,True,0.4644744396209717,0.006297828163951635,0.7775,0.0007107257843017578,1.9585842892411165e-05,settling_time,4.45,nan,0.0007491513388231397
Robust Residual PPO,Nominal,noise,1013,True,0.3083153963088989,0.008648828603327274,0.8175,0.0016307830810546875,2.1539053705055267e-05,settling_time,3.6500000000000004,nan,0.003477418562397361
Robust Residual PPO,Nominal,noise,1014,True,0.45017746090888977,0.010037733241915703,0.7675,0.002132415771484375,1.1499101674417034e-05,settling_time,4.65,nan,0.004979375749826431
Robust Residual PPO,Nominal,noise,1015,True,0.4602266848087311,0.008628147654235363,0.7725,0.0015687942504882812,1.4050347999727819e-05,settling_time,4.55,nan,0.0032695368863642216
Robust Residual PPO,Nominal,noise,1016,True,0.4944411814212799,0.009346414357423782,0.7675,0.0009455680847167969,1.8232343791169114e-05,settling_time,4.65,nan,0.0013751968508586287
Robust Residual PPO,Nominal,noise,1017,True,0.2526201009750366,0.005195533856749535,0.8275,0.0023031234741210938,1.3710200619243551e-05,settling_time,3.45,nan,0.005472839809954166
Robust Residual PPO,Nominal,noise,1018,True,0.35772302746772766,0.0076868790201842785,0.7925,0.0020799636840820312,1.275571503356332e-05,settling_time,4.15,nan,0.0048058535903692245
Robust Residual PPO,Nominal,noise,1019,True,0.5137601494789124,0.010808650404214859,0.7625,0.001194000244140625,1.7684440535958856e-05,settling_time,4.75,nan,0.0021089825313538313
Robust Residual PPO,Nominal,noise,1020,True,0.3147861957550049,0.004836459644138813,0.815,0.0003752708435058594,2.01296825252939e-05,settling_time,3.7,nan,0.0009228579001501203
Robust Residual PPO,Nominal,noise,1021,True,0.5298686027526855,0.016252897679805756,0.7525,0.0023431777954101562,2.0212855815771036e-05,settling_time,4.95,nan,0.005596786737442017
Robust Residual PPO,Nominal,noise,1022,True,0.6872009038925171,0.02102065272629261,0.73,0.0014591217041015625,1.7017388017848134e-05,settling_time,5.4,nan,0.002926051151007414
Robust Residual PPO,Nominal,noise,1023,True,0.5429297685623169,0.012580716982483864,0.7525,0.00215911865234375,1.40955835377099e-05,settling_time,4.95,nan,0.005056542810052633
Robust Residual PPO,Nominal,noise,1024,True,0.4573371112346649,0.008821157738566399,0.7775,0.000980377197265625,2.20468791667372e-05,settling_time,4.45,nan,0.0014796470059081912
Robust Residual PPO,Nominal,noise,1025,True,0.20817309617996216,0.0013346755877137184,0.845,0.000553131103515625,1.118497493735049e-05,settling_time,3.1,nan,0.0006147522362880409
Robust Residual PPO,Nominal,noise,1026,True,0.5110901594161987,0.008918385952711105,0.7675,0.0006203651428222656,1.9292703655082732e-05,settling_time,4.65,nan,0.0006226316909305751
Robust Residual PPO,Nominal,noise,1027,True,0.6349978446960449,0.01890973001718521,0.735,0.0014014244079589844,1.4892480066919234e-05,settling_time,5.300000000000001,nan,0.002760120667517185
Robust Residual PPO,Nominal,noise,1028,True,0.23676010966300964,0.005308260675519705,0.83,0.0016407966613769531,1.3837363439961337e-05,settling_time,3.4000000000000004,nan,0.003496072255074978
Robust Residual PPO,Nominal,noise,1029,True,0.235446497797966,0.002414180664345622,0.8425,0.0003235340118408203,1.4569516679330263e-05,settling_time,3.1500000000000004,nan,0.0010703200241550803
Robust Residual PPO,Nominal,noise,1030,True,0.5895324349403381,0.01801425591111183,0.7475,0.00194549560546875,2.3321454136748798e-05,settling_time,5.050000000000001,nan,0.0044151414185762405
Robust Residual PPO,Nominal,noise,1031,True,0.35902994871139526,0.004262740258127451,0.805,0.0016150474548339844,1.9036793673876673e-05,settling_time,3.9000000000000004,nan,0.0034090701956301928
Robust Residual PPO,Nominal,noise,1032,True,0.25318607687950134,0.008278182707726955,0.8275,0.0023565292358398438,1.67006510309875e-05,settling_time,3.45,nan,0.005630167666822672
Robust Residual PPO,Nominal,noise,1033,True,0.299454003572464,0.005023809615522623,0.815,0.0021848678588867188,1.5231912584567908e-05,settling_time,3.7,nan,0.005129838362336159
Robust Residual PPO,Nominal,noise,1034,True,0.19764333963394165,0.0042952182702720165,0.855,0.00037670135498046875,1.5738451111246832e-05,settling_time,2.9000000000000004,nan,0.0009115415741689503
Robust Residual PPO,Nominal,noise,1035,True,0.4990081489086151,0.012277198024094105,0.76,0.0018892288208007812,1.4469807865680195e-05,settling_time,4.800000000000001,nan,0.00425760867074132
Robust Residual PPO,Nominal,noise,1036,True,0.49751150608062744,0.008173863403499126,0.77,0.0012526512145996094,1.671113568590954e-05,settling_time,4.6000000000000005,nan,0.0023038664367049932
Robust Residual PPO,Nominal,noise,1037,True,0.47788992524147034,0.010344364680349827,0.77,0.0014958381652832031,1.787202745617833e-05,settling_time,4.6000000000000005,nan,0.0030529298819601536
Robust Residual PPO,Nominal,noise,1038,True,0.48081448674201965,0.010547754354774952,0.7775,0.0010356903076171875,2.5850738893495873e-05,settling_time,4.45,nan,0.0016315639950335026
Robust Residual PPO,Nominal,noise,1039,True,0.20095573365688324,0.003775146557018161,0.8425,0.0013728141784667969,1.1101152267656289e-05,settling_time,3.1500000000000004,nan,0.0026833745650947094
Robust Residual PPO,Nominal,noise,1040,True,0.26229533553123474,0.0037673248443752527,0.825,0.0017223358154296875,1.3577372556028422e-05,settling_time,3.5,nan,0.003740574698895216
Robust Residual PPO,Nominal,noise,1041,True,0.21114742755889893,0.006229605991393328,0.8375,0.0021028518676757812,1.2507189239840955e-05,settling_time,3.25,nan,0.004886333830654621
Robust Residual PPO,Nominal,noise,1042,True,0.45206788182258606,0.009016215801239014,0.775,0.0014252662658691406,1.688272641331423e-05,settling_time,4.5,nan,0.0028325526509433985
Robust Residual PPO,Nominal,noise,1043,True,0.5590977072715759,0.013291573151946068,0.76,0.0010461807250976562,2.5730838387971744e-05,settling_time,4.800000000000001,nan,0.0016608439618721604
Robust Residual PPO,Nominal,noise,1044,True,0.6006689071655273,0.011263134889304638,0.755,0.0002856254577636719,2.2894644644111395e-05,settling_time,4.9,nan,0.0011693212436512113
Robust Residual PPO,Nominal,noise,1045,True,0.2348731905221939,0.006065525114536285,0.8325,0.0017423629760742188,1.5383349818876013e-05,settling_time,3.35,nan,0.003793468000367284
Robust Residual PPO,Nominal,noise,1046,True,0.6328390836715698,0.017940348014235497,0.7375,0.0015974044799804688,1.5024161257315427e-05,settling_time,5.25,nan,0.0033606209326535463
Robust Residual PPO,Nominal,noise,1047,True,0.33249431848526,0.004860337823629379,0.805,0.0008969306945800781,1.776798853825312e-05,settling_time,3.9000000000000004,nan,0.00122706382535398
Robust Residual PPO,Nominal,noise,1048,True,0.3401349186897278,0.009948017075657845,0.805,0.0022344589233398438,1.9833674741676077e-05,settling_time,3.9000000000000004,nan,0.005268498789519072
Robust Residual PPO,Nominal,noise,1049,True,0.5326855182647705,0.013560150749981403,0.7525,0.0018658638000488281,1.2815776244679e-05,settling_time,4.95,nan,0.004180165007710457
Robust Residual PPO,Nominal,noise,1050,True,0.431456595659256,0.011208875104784966,0.7725,0.0023517608642578125,1.4552616448781919e-05,settling_time,4.55,nan,0.005626343656331301
Robust Residual PPO,Nominal,noise,1051,True,0.25784769654273987,0.004939438309520483,0.8325,0.0006189346313476562,1.850473927333951e-05,settling_time,3.35,nan,0.0006210179999470711
Robust Residual PPO,Nominal,noise,1052,True,0.4728555381298065,0.008621597662568092,0.7725,0.0010848045349121094,1.7096292140195146e-05,settling_time,4.55,nan,0.0017779592890292406
Robust Residual PPO,Nominal,noise,1053,True,0.24289585649967194,0.006723426748067141,0.83,0.0019817352294921875,1.557779251015745e-05,settling_time,3.4000000000000004,nan,0.004518690053373575
Robust Residual PPO,Nominal,noise,1054,True,0.6408397555351257,0.016716904938220978,0.74,0.0012249946594238281,1.6715959645807743e-05,settling_time,5.2,nan,0.0022032991982996464
Robust Residual PPO,Nominal,noise,1055,True,0.298797070980072,0.008003451861441135,0.8225,0.0014438629150390625,2.103073347825557e-05,settling_time,3.5500000000000003,nan,0.0028825090266764164
Robust Residual PPO,Nominal,noise,1056,True,0.240780308842659,0.006418684031814337,0.84,0.0011749267578125,1.7866685084300116e-05,settling_time,3.2,nan,0.0020651724189519882
Robust Residual PPO,Nominal,noise,1057,True,0.4057053327560425,0.006201957818120718,0.7875,0.0008940696716308594,1.8036926121567376e-05,settling_time,4.25,nan,0.0012141967890784144
Robust Residual PPO,Nominal,noise,1058,True,0.6270594000816345,0.017505811527371407,0.7425,0.0012054443359375,2.3125445295590907e-05,settling_time,5.15,nan,0.002159581519663334
Robust Residual PPO,Nominal,noise,1059,True,0.39424043893814087,0.007028819527477026,0.79,0.0011143684387207031,1.9613034965004772e-05,settling_time,4.2,nan,0.0018829865148290992
Robust Residual PPO,Nominal,noise,1060,True,0.2544828951358795,0.009211458265781403,0.8325,0.0021886825561523438,1.8629963960847817e-05,settling_time,3.35,nan,0.00515764532610774
Robust Residual PPO,Nominal,noise,1061,True,0.3019351065158844,0.003526151878759265,0.8125,0.0008349418640136719,1.5079028344189283e-05,settling_time,3.75,nan,0.0010446886299178004
Robust Residual PPO,Nominal,noise,1062,True,0.34638285636901855,0.008627340197563171,0.8025,0.0018358230590820312,2.015031896007713e-05,settling_time,3.95,nan,0.00409074779599905
Robust Residual PPO,Nominal,noise,1063,True,0.1971646398305893,0.001794844982214272,0.8525,0.0008416175842285156,1.2835739653382916e-05,settling_time,2.95,nan,0.0010508395498618484
Robust Residual PPO,Nominal,noise,1064,True,0.45986998081207275,0.007606323342770338,0.7775,0.0005102157592773438,2.1138648662599735e-05,settling_time,4.45,nan,0.000646654109004885
Robust Residual PPO,Nominal,noise,1065,True,0.20596976578235626,0.007262315601110458,0.8475,0.0020198822021484375,1.5619347323081456e-05,settling_time,3.0500000000000003,nan,0.00463462108746171
Robust Residual PPO,Nominal,noise,1066,True,0.3839242458343506,0.004435597453266382,0.7975,0.00027561187744140625,1.9519226043485105e-05,settling_time,4.05,nan,0.0012004032032564282
Robust Residual PPO,Nominal,noise,1067,True,0.2548559606075287,0.004678824450820684,0.8375,0.00029098987579345703,1.794442505342886e-05,settling_time,3.25,nan,0.0013364499900490046
Robust Residual PPO,Nominal,noise,1068,True,0.2350703477859497,0.0015245379181578755,0.84,0.0005640983581542969,1.3325769941729959e-05,settling_time,3.2,nan,0.0006081578903831542
Robust Residual PPO,Nominal,noise,1069,True,0.22824177145957947,0.0038145410362631083,0.845,0.0006177425384521484,1.6351496014976874e-05,settling_time,3.1,nan,0.0006212437292560935
Robust Residual PPO,Nominal,noise,1070,True,0.5263336896896362,0.0074801151640713215,0.7725,0.00042057037353515625,2.4761091481195763e-05,settling_time,4.55,nan,0.0008157656993716955
Robust Residual PPO,Nominal,noise,1071,True,0.5090209245681763,0.00738146249204874,0.7725,0.0006957054138183594,2.0912302716169506e-05,settling_time,4.55,nan,0.0007235158700495958
Robust Residual PPO,Nominal,noise,1072,True,0.410351037979126,0.007904395461082458,0.78,0.0021114349365234375,1.1893812370544765e-05,settling_time,4.4,nan,0.004908192902803421
Robust Residual PPO,Nominal,noise,1073,True,0.5140984654426575,0.008414225652813911,0.7675,0.0014786720275878906,1.7722699340083636e-05,settling_time,4.65,nan,0.0029934579506516457
Robust Residual PPO,Nominal,noise,1074,True,0.17908625304698944,0.006894815247505903,0.8475,0.002338409423828125,1.2237797818670515e-05,settling_time,3.0500000000000003,nan,0.005572211928665638
Robust Residual PPO,Nominal,noise,1075,True,0.3050915002822876,0.004141639452427626,0.825,0.000499725341796875,1.9504370357026346e-05,settling_time,3.5,nan,0.0006863417220301926
Robust Residual PPO,Nominal,noise,1076,True,0.4901747405529022,0.012667208909988403,0.7625,0.0020122528076171875,1.8021044525085017e-05,settling_time,4.75,nan,0.004614115692675114
Robust Residual PPO,Nominal,noise,1077,True,0.2588385045528412,0.006562960334122181,0.8325,0.0006954669952392578,1.9135801267111674e-05,settling_time,3.35,nan,0.0007210602634586394
Robust Residual PPO,Nominal,noise,1078,True,0.224384605884552,0.004743865225464106,0.845,0.0004558563232421875,1.7143775039585307e-05,settling_time,3.1,nan,0.0007370825624093413
Robust Residual PPO,Nominal,noise,1079,True,0.2786778211593628,0.005239286459982395,0.825,0.002288818359375,1.6607540601398796e-05,settling_time,3.5,nan,0.005426418501883745
Robust Residual PPO,Nominal,noise,1080,True,0.24349839985370636,0.002874555764719844,0.8375,0.0013930797576904297,1.451114712835988e-05,settling_time,3.25,nan,0.0027173063717782497
Robust Residual PPO,Nominal,noise,1081,True,0.4350793957710266,0.004871735814958811,0.7875,0.0009145736694335938,2.1263720554998145e-05,settling_time,4.25,nan,0.0012680351501330733
Robust Residual PPO,Nominal,noise,1082,True,0.27495652437210083,0.00453863525763154,0.8225,0.0009932518005371094,1.6491949281771667e-05,settling_time,3.5500000000000003,nan,0.0014984137378633022
Robust Residual PPO,Nominal,noise,1083,True,0.41076722741127014,0.004506584722548723,0.7925,0.0003337860107421875,2.1252526494208723e-05,settling_time,4.15,nan,0.0010379619197919965
Robust Residual PPO,Nominal,noise,1084,True,0.3018384277820587,0.008957356214523315,0.82,0.00167083740234375,2.1330753952497616e-05,settling_time,3.6,nan,0.003596219466999173
Robust Residual PPO,Nominal,noise,1085,True,0.21962666511535645,0.004982511047273874,0.835,0.0017223358154296875,1.2012521438009571e-05,settling_time,3.3000000000000003,nan,0.0037475493736565113
Robust Residual PPO,Nominal,noise,1086,True,0.2791414260864258,0.00817488320171833,0.825,0.0019097328186035156,1.9471071937005036e-05,settling_time,3.5,nan,0.004302342422306538
Robust Residual PPO,Nominal,noise,1087,True,0.41858071088790894,0.009471180848777294,0.7925,0.0011038780212402344,2.6174970116699114e-05,settling_time,4.15,nan,0.0018327337456867099
Robust Residual PPO,Nominal,noise,1088,True,0.42580339312553406,0.011818514205515385,0.7875,0.002067089080810547,2.2453759811469354e-05,settling_time,4.25,nan,0.004784495569765568
Robust Residual PPO,Nominal,noise,1089,True,0.6162108182907104,0.016015922650694847,0.7425,0.0014748573303222656,1.5398154573631473e-05,settling_time,5.15,nan,0.0029752289410680532
Robust Residual PPO,Nominal,noise,1090,True,0.30870163440704346,0.00630156509578228,0.8175,0.00090789794921875,2.1166792066651396e-05,settling_time,3.6500000000000004,nan,0.0012539050076156855
Robust Residual PPO,Nominal,noise,1091,True,0.6178086400032043,0.01742083765566349,0.7425,0.001338958740234375,2.2598960640607402e-05,settling_time,5.15,nan,0.0025747702457010746
Robust Residual PPO,Nominal,noise,1092,True,0.6108695268630981,0.01563195139169693,0.745,0.0009913444519042969,1.8661754438653588e-05,settling_time,5.1000000000000005,nan,0.0015101565513759851
Robust Residual PPO,Nominal,noise,1093,True,0.2734326720237732,0.005399376153945923,0.8175,0.0018463134765625,1.2684197827184107e-05,settling_time,3.6500000000000004,nan,0.004108421970158815
Robust Residual PPO,Nominal,noise,1094,True,0.2676568627357483,0.004835061728954315,0.83,0.0005702972412109375,1.8820201148628257e-05,settling_time,3.4000000000000004,nan,0.0006065042107366025
Robust Residual PPO,Nominal,noise,1095,True,0.3829154968261719,0.006547689437866211,0.795,0.0008697509765625,2.1385985746746883e-05,settling_time,4.1000000000000005,nan,0.0011412568856030703
Robust Residual PPO,Nominal,noise,1096,True,0.2273809015750885,0.0030290866270661354,0.845,0.000743865966796875,1.5574543795082718e-05,settling_time,3.1,nan,0.0007693053339608014
Robust Residual PPO,Nominal,noise,1097,True,0.3698539733886719,0.0049664112739264965,0.7975,0.0007262229919433594,1.815550604078453e-05,settling_time,4.05,nan,0.0007780447485856712
Robust Residual PPO,Nominal,noise,1098,True,0.4053322374820709,0.009480085223913193,0.78,0.00217437744140625,1.3580610357166734e-05,settling_time,4.4,nan,0.005087781231850386
Robust Residual PPO,Nominal,noise,1099,True,0.6171028017997742,0.01746600680053234,0.74,0.0014052391052246094,1.4913660379534122e-05,settling_time,5.2,nan,0.0027672667056322098
Nominal Residual PPO,Position noise 0.10 m,noise,1000,True,0.3628028929233551,0.03195647522807121,0.8175,0.010359764099121094,0.012940498068928719,settling_time,3.6500000000000004,nan,0.02081052027642727
Nominal Residual PPO,Position noise 0.10 m,noise,1001,True,0.3785041272640228,0.03089969791471958,0.7875,0.010161638259887695,0.014579982496798038,settling_time,4.25,nan,0.011022225022315979
Nominal Residual PPO,Position noise 0.10 m,noise,1002,True,0.4633115231990814,0.030376095324754715,0.7775,0.013584613800048828,0.014114473015069962,settling_time,4.6000000000000005,nan,0.0166544858366251
Nominal Residual PPO,Position noise 0.10 m,noise,1003,True,0.5444810390472412,0.03514302521944046,0.7675,0.010938882827758789,0.013903419487178326,settling_time,4.65,nan,0.014177016913890839
Nominal Residual PPO,Position noise 0.10 m,noise,1004,True,0.6176131963729858,0.03234899789094925,0.7725,0.0,0.01612088643014431,settling_time,4.55,nan,0.03888331353664398
Nominal Residual PPO,Position noise 0.10 m,noise,1005,True,0.6046352386474609,0.0339590460062027,0.7675,0.004113912582397461,0.014566545374691486,settling_time,4.65,nan,0.0187526848167181
Nominal Residual PPO,Position noise 0.10 m,noise,1006,True,0.43754175305366516,0.023921597748994827,0.7825,0.0,0.013279713690280914,settling_time,5.0,nan,0.01786559447646141
Nominal Residual PPO,Position noise 0.10 m,noise,1007,True,0.6387603878974915,0.03099871799349785,0.7575,0.010207176208496094,0.01270829327404499,settling_time,4.8500000000000005,nan,0.004382676910609007
Nominal Residual PPO,Position noise 0.10 m,noise,1008,True,0.5342838168144226,0.028084347024559975,0.785,0.0,0.014593980275094509,settling_time,4.3,nan,0.01077946461737156
Nominal Residual PPO,Position noise 0.10 m,noise,1009,True,0.5599989891052246,0.027493806555867195,0.775,0.011247634887695312,0.014401903375983238,settling_time,4.5,nan,0.018288876861333847
Nominal Residual PPO,Position noise 0.10 m,noise,1010,True,0.6565483212471008,0.04709966108202934,0.7325,0.019707679748535156,0.013214589096605778,settling_time,5.3500000000000005,nan,0.018279356881976128
Nominal Residual PPO,Position noise 0.10 m,noise,1011,True,0.4539908468723297,0.03475090116262436,0.805,0.00811910629272461,0.013073975220322609,settling_time,3.9000000000000004,nan,0.04363640397787094
Nominal Residual PPO,Position noise 0.10 m,noise,1012,True,0.4640429615974426,0.02488807961344719,0.7975,0.0008664131164550781,0.014482849277555943,settling_time,4.05,nan,0.01725563034415245
Nominal Residual PPO,Position noise 0.10 m,noise,1013,True,0.31462031602859497,0.017723048105835915,0.8275,0.027242660522460938,0.015612289309501648,settling_time,3.45,nan,0.007910612970590591
Nominal Residual PPO,Position noise 0.10 m,noise,1014,True,0.44989094138145447,0.025336600840091705,0.7775,0.028067588806152344,0.01390974409878254,settling_time,4.6000000000000005,nan,0.014334145933389664
Nominal Residual PPO,Position noise 0.10 m,noise,1015,True,0.45880594849586487,0.01871068775653839,0.79,0.012904167175292969,0.012706818990409374,settling_time,4.2,nan,0.014484166167676449
Nominal Residual PPO,Position noise 0.10 m,noise,1016,True,0.4961811900138855,0.025842078030109406,0.7875,0.0,0.015635943040251732,settling_time,4.25,nan,0.016627635806798935
Nominal Residual PPO,Position noise 0.10 m,noise,1017,True,0.2547685205936432,0.01324312575161457,0.845,0.018520593643188477,0.013617751188576221,settling_time,3.1,nan,0.011429732665419579
Nominal Residual PPO,Position noise 0.10 m,noise,1018,True,0.3614042103290558,0.031467143446207047,0.795,0.011206626892089844,0.014546043239533901,settling_time,4.1000000000000005,nan,0.008857842534780502
Nominal Residual PPO,Position noise 0.10 m,noise,1019,True,0.5150960683822632,0.024513648822903633,0.78,0.01030588150024414,0.014537962153553963,settling_time,5.050000000000001,nan,0.014955663122236729
Nominal Residual PPO,Position noise 0.10 m,noise,1020,True,0.3176060616970062,0.018617143854498863,0.8125,0.01406097412109375,0.014873837120831013,settling_time,3.75,nan,0.014284887351095676
Nominal Residual PPO,Position noise 0.10 m,noise,1021,True,0.5368556976318359,0.03979075700044632,0.7625,0.019771099090576172,0.013849332928657532,settling_time,4.75,nan,0.026133611798286438
Nominal Residual PPO,Position noise 0.10 m,noise,1022,True,0.6849097609519958,0.028974957764148712,0.75,0.025017261505126953,0.013971876353025436,settling_time,5.0,nan,0.020819950848817825
Nominal Residual PPO,Position noise 0.10 m,noise,1023,True,0.5433489680290222,0.03406524658203125,0.7625,0.030004024505615234,0.0135600995272398,settling_time,4.75,nan,0.012667831033468246
Nominal Residual PPO,Position noise 0.10 m,noise,1024,True,0.46418866515159607,0.04227669909596443,0.795,0.0028772354125976562,0.013981575146317482,settling_time,4.1000000000000005,nan,0.011572835966944695
Nominal Residual PPO,Position noise 0.10 m,noise,1025,True,0.20786210894584656,0.02009798027575016,0.8625,0.010965585708618164,0.014473260380327702,settling_time,2.75,nan,0.010791554115712643
Nominal Residual PPO,Position noise 0.10 m,noise,1026,True,0.5125070214271545,0.035522107034921646,0.7625,0.03068065643310547,0.014053468592464924,settling_time,5.800000000000001,nan,0.008373428136110306
Nominal Residual PPO,Position noise 0.10 m,noise,1027,True,0.6342258453369141,0.03759576007723808,0.7475,0.021619796752929688,0.01248075719922781,settling_time,5.65,nan,0.024552980437874794
Nominal Residual PPO,Position noise 0.10 m,noise,1028,True,0.2408178299665451,0.01875506341457367,0.84,0.012684822082519531,0.015842294320464134,settling_time,3.2,nan,0.027520155534148216
Nominal Residual PPO,Position noise 0.10 m,noise,1029,True,0.24144601821899414,0.0237519983202219,0.8375,0.0047245025634765625,0.0125450873747468,settling_time,3.25,nan,0.008855607360601425
Nominal Residual PPO,Position noise 0.10 m,noise,1030,True,0.5958894491195679,0.037493590265512466,0.745,0.01596832275390625,0.014102298766374588,settling_time,5.2,nan,0.023204244673252106
Nominal Residual PPO,Position noise 0.10 m,noise,1031,True,0.361335426568985,0.025103792548179626,0.8175,0.00824594497680664,0.015516027808189392,settling_time,3.6500000000000004,nan,0.009147671051323414
Nominal Residual PPO,Position noise 0.10 m,noise,1032,True,0.26165294647216797,0.018559720367193222,0.8325,0.027138710021972656,0.014651724137365818,settling_time,3.35,nan,0.01987452805042267
Nominal Residual PPO,Position noise 0.10 m,noise,1033,True,0.3022701144218445,0.019147207960486412,0.8175,0.020423412322998047,0.014564065262675285,settling_time,3.6500000000000004,nan,0.004683209583163261
Nominal Residual PPO,Position noise 0.10 m,noise,1034,True,0.20953916013240814,0.02104797400534153,0.835,0.012622594833374023,0.01738542504608631,settling_time,3.3000000000000003,nan,0.007114316802471876
Nominal Residual PPO,Position noise 0.10 m,noise,1035,True,0.5003859996795654,0.02849205769598484,0.7775,0.020884990692138672,0.012655447237193584,settling_time,4.45,nan,0.004589329939335585
Nominal Residual PPO,Position noise 0.10 m,noise,1036,True,0.4978599548339844,0.024239500984549522,0.7825,0.0212860107421875,0.01312351319938898,settling_time,4.3500000000000005,nan,0.022692885249853134
Nominal Residual PPO,Position noise 0.10 m,noise,1037,True,0.4815329611301422,0.027778493240475655,0.7875,0.030458450317382812,0.013904948718845844,settling_time,4.25,nan,0.0152830695733428
Nominal Residual PPO,Position noise 0.10 m,noise,1038,True,0.48805734515190125,0.033617518842220306,0.785,0.0,0.013953867368400097,settling_time,4.3,nan,0.04083620384335518
Nominal Residual PPO,Position noise 0.10 m,noise,1039,True,0.2019432932138443,0.01851576194167137,0.86,0.0306243896484375,0.01477854698896408,settling_time,2.8000000000000003,nan,0.013133260421454906
Nominal Residual PPO,Position noise 0.10 m,noise,1040,True,0.26898157596588135,0.026576444506645203,0.835,0.01361703872680664,0.013678384944796562,settling_time,3.3000000000000003,nan,0.016195859760046005
Nominal Residual PPO,Position noise 0.10 m,noise,1041,True,0.21820186078548431,0.022078584879636765,0.8275,0.01892566680908203,0.01529582217335701,settling_time,3.7,nan,0.009933726862072945
Nominal Residual PPO,Position noise 0.10 m,noise,1042,True,0.4545862376689911,0.026464024558663368,0.7775,0.012073993682861328,0.013370700180530548,settling_time,4.45,nan,0.0025113290175795555
Nominal Residual PPO,Position noise 0.10 m,noise,1043,True,0.5655074119567871,0.0337594635784626,0.7725,0.015486717224121094,0.013390768319368362,settling_time,4.55,nan,0.014626754447817802
Nominal Residual PPO,Position noise 0.10 m,noise,1044,True,0.599750816822052,0.02809879556298256,0.7725,0.019052743911743164,0.015301861800253391,settling_time,4.55,nan,0.013604053296148777
Nominal Residual PPO,Position noise 0.10 m,noise,1045,True,0.24048969149589539,0.024463046342134476,0.8425,0.01800394058227539,0.01562783680856228,settling_time,3.25,nan,0.02247685380280018
Nominal Residual PPO,Position noise 0.10 m,noise,1046,True,0.6326010227203369,0.043002478778362274,0.755,0.01837158203125,0.012925210408866405,settling_time,4.95,nan,0.018562952056527138
Nominal Residual PPO,Position noise 0.10 m,noise,1047,True,0.3326430022716522,0.02338927797973156,0.8275,0.017110347747802734,0.014544474892318249,settling_time,3.45,nan,0.01142683532088995
Nominal Residual PPO,Position noise 0.10 m,noise,1048,True,0.3479815423488617,0.027809880673885345,0.7925,0.023651123046875,0.01520383358001709,settling_time,4.25,nan,0.024669388309121132
Nominal Residual PPO,Position noise 0.10 m,noise,1049,True,0.5334405899047852,0.03149973601102829,0.7675,0.019423484802246094,0.013858025893568993,settling_time,4.65,nan,0.014780686236917973
Nominal Residual PPO,Position noise 0.10 m,noise,1050,True,0.4361899197101593,0.03125426545739174,0.77,0.026114463806152344,0.01587449200451374,settling_time,4.6000000000000005,nan,0.019293244928121567
Nominal Residual PPO,Position noise 0.10 m,noise,1051,True,0.2661232650279999,0.02126823179423809,0.83,0.013765811920166016,0.013921128585934639,settling_time,3.4000000000000004,nan,0.0062403129413723946
Nominal Residual PPO,Position noise 0.10 m,noise,1052,True,0.4729755222797394,0.02720760367810726,0.79,0.016382694244384766,0.013593585230410099,settling_time,4.2,nan,0.023725977167487144
Nominal Residual PPO,Position noise 0.10 m,noise,1053,True,0.2523999512195587,0.02163519337773323,0.83,0.016495704650878906,0.01355158630758524,settling_time,3.4000000000000004,nan,0.019926298409700394
Nominal Residual PPO,Position noise 0.10 m,noise,1054,True,0.6402602791786194,0.03566927835345268,0.76,0.00992441177368164,0.013072537258267403,settling_time,4.800000000000001,nan,0.012638097628951073
Nominal Residual PPO,Position noise 0.10 m,noise,1055,True,0.30718016624450684,0.020133337005972862,0.8,0.028390884399414062,0.01382287498563528,settling_time,4.2,nan,0.014334466308355331
Nominal Residual PPO,Position noise 0.10 m,noise,1056,True,0.2469785362482071,0.020427267998456955,0.8375,0.0189971923828125,0.015037426725029945,settling_time,3.25,nan,0.00449596019461751
Nominal Residual PPO,Position noise 0.10 m,noise,1057,True,0.4061802327632904,0.024319399148225784,0.8,0.004262447357177734,0.013417234644293785,settling_time,4.0,nan,0.00742727005854249
Nominal Residual PPO,Position noise 0.10 m,noise,1058,True,0.6317557692527771,0.04241400584578514,0.745,0.017794132232666016,0.013988244347274303,settling_time,5.1000000000000005,nan,0.00971204787492752
Nominal Residual PPO,Position noise 0.10 m,noise,1059,True,0.39761680364608765,0.02600790746510029,0.8075,0.02490091323852539,0.014026347547769547,settling_time,3.85,nan,0.0246697086840868
Nominal Residual PPO,Position noise 0.10 m,noise,1060,True,0.2639128863811493,0.01869659125804901,0.83,0.020775794982910156,0.01468159630894661,settling_time,3.4000000000000004,nan,0.011769894510507584
Nominal Residual PPO,Position noise 0.10 m,noise,1061,True,0.302101194858551,0.025238126516342163,0.835,0.010999679565429688,0.015539353713393211,settling_time,3.3000000000000003,nan,0.02215963788330555
Nominal Residual PPO,Position noise 0.10 m,noise,1062,True,0.3559380769729614,0.02435798943042755,0.7925,0.028791427612304688,0.01525082252919674,settling_time,4.4,nan,0.010216999799013138
Nominal Residual PPO,Position noise 0.10 m,noise,1063,True,0.20422835648059845,0.02265104092657566,0.8575,0.02184605598449707,0.014096303842961788,settling_time,3.0,nan,0.017013031989336014
Nominal Residual PPO,Position noise 0.10 m,noise,1064,True,0.4626044034957886,0.026263562962412834,0.79,0.016488075256347656,0.012906122021377087,settling_time,4.2,nan,0.02007513865828514
Nominal Residual PPO,Position noise 0.10 m,noise,1065,True,0.21678988635540009,0.02283668890595436,0.8325,0.02623462677001953,0.014616844244301319,settling_time,3.95,nan,0.013117819093167782
Nominal Residual PPO,Position noise 0.10 m,noise,1066,True,0.38109415769577026,0.020931635051965714,0.81,0.006259918212890625,0.014577571302652359,settling_time,3.8000000000000003,nan,0.024360986426472664
Nominal Residual PPO,Position noise 0.10 m,noise,1067,True,0.25895723700523376,0.016503404825925827,0.84,0.008453965187072754,0.013101615011692047,settling_time,3.2,nan,0.006884583737701178
Nominal Residual PPO,Position noise 0.10 m,noise,1068,True,0.23819449543952942,0.018394477665424347,0.855,0.0051517486572265625,0.01398747693747282,settling_time,2.9000000000000004,nan,0.016449762508273125
Nominal Residual PPO,Position noise 0.10 m,noise,1069,True,0.2357713133096695,0.021317875012755394,0.83,0.02914118766784668,0.014607848599553108,settling_time,3.4000000000000004,nan,0.011492867022752762
Nominal Residual PPO,Position noise 0.10 m,noise,1070,True,0.5255039930343628,0.029837878420948982,0.7875,0.0,0.013932211324572563,settling_time,4.25,nan,0.02428342215716839
Nominal Residual PPO,Position noise 0.10 m,noise,1071,True,0.5090065002441406,0.027856089174747467,0.785,0.023313045501708984,0.01473518367856741,settling_time,4.3,nan,0.014613963663578033
Nominal Residual PPO,Position noise 0.10 m,noise,1072,True,0.4119330942630768,0.030975913628935814,0.7875,0.01874542236328125,0.014985451474785805,settling_time,4.25,nan,0.012573602609336376
Nominal Residual PPO,Position noise 0.10 m,noise,1073,True,0.5171481966972351,0.035802118480205536,0.7725,0.0081329345703125,0.01410643383860588,settling_time,4.95,nan,0.01602163538336754
Nominal Residual PPO,Position noise 0.10 m,noise,1074,True,0.18425396084785461,0.01882549747824669,0.8525,0.020721912384033203,0.015798397362232208,settling_time,2.95,nan,0.005310872569680214
Nominal Residual PPO,Position noise 0.10 m,noise,1075,True,0.3105246126651764,0.019820570945739746,0.8125,0.00867009162902832,0.01544163003563881,settling_time,3.75,nan,0.009717731736600399
Nominal Residual PPO,Position noise 0.10 m,noise,1076,True,0.4938935339450836,0.024480901658535004,0.7725,0.02391815185546875,0.013569796457886696,settling_time,4.55,nan,0.009107665158808231
Nominal Residual PPO,Position noise 0.10 m,noise,1077,True,0.26639324426651,0.020820941776037216,0.8275,0.014933347702026367,0.015999289229512215,settling_time,3.45,nan,0.008023184724152088
Nominal Residual PPO,Position noise 0.10 m,noise,1078,True,0.23377725481987,0.021055467426776886,0.8375,0.0011091232299804688,0.015226232819259167,settling_time,3.35,nan,0.01441084686666727
Nominal Residual PPO,Position noise 0.10 m,noise,1079,True,0.28567472100257874,0.02260834351181984,0.825,0.02735614776611328,0.01456504501402378,settling_time,3.5,nan,0.009354150854051113
Nominal Residual PPO,Position noise 0.10 m,noise,1080,True,0.24898295104503632,0.02162053994834423,0.8325,0.02347421646118164,0.01531829684972763,settling_time,3.35,nan,0.010706596076488495
Nominal Residual PPO,Position noise 0.10 m,noise,1081,True,0.438219279050827,0.02465260960161686,0.8025,0.010567188262939453,0.014753174036741257,settling_time,4.4,nan,0.006171076558530331
Nominal Residual PPO,Position noise 0.10 m,noise,1082,True,0.2811906933784485,0.023776089772582054,0.83,0.023018836975097656,0.014866229146718979,settling_time,3.45,nan,0.012511365115642548
Nominal Residual PPO,Position noise 0.10 m,noise,1083,True,0.409185528755188,0.02129335328936577,0.8075,0.009490013122558594,0.01292978972196579,settling_time,3.85,nan,0.008609486743807793
Nominal Residual PPO,Position noise 0.10 m,noise,1084,True,0.3104737401008606,0.02189761959016323,0.8075,0.005876064300537109,0.013770836405456066,settling_time,3.9000000000000004,nan,0.007540660444647074
Nominal Residual PPO,Position noise 0.10 m,noise,1085,True,0.2225617617368698,0.020926829427480698,0.855,0.019544601440429688,0.017002196982502937,settling_time,2.9000000000000004,nan,0.023931393399834633
Nominal Residual PPO,Position noise 0.10 m,noise,1086,True,0.287314772605896,0.02601918764412403,0.8225,0.01247406005859375,0.013912094756960869,settling_time,3.5500000000000003,nan,0.008815239183604717
Nominal Residual PPO,Position noise 0.10 m,noise,1087,True,0.4285534620285034,0.03056550957262516,0.785,0.0099029541015625,0.014831379987299442,settling_time,4.3,nan,0.00841552671045065
Nominal Residual PPO,Position noise 0.10 m,noise,1088,True,0.4343861937522888,0.03268130123615265,0.785,0.019873619079589844,0.01409522257745266,settling_time,4.3,nan,0.02449248917400837
Nominal Residual PPO,Position noise 0.10 m,noise,1089,True,0.6158028244972229,0.03211956098675728,0.755,0.020203113555908203,0.01374667976051569,settling_time,4.95,nan,0.03887150064110756
Nominal Residual PPO,Position noise 0.10 m,noise,1090,True,0.31719285249710083,0.02592209354043007,0.81,0.013284683227539062,0.016826221719384193,settling_time,4.6000000000000005,nan,0.020276496186852455
Nominal Residual PPO,Position noise 0.10 m,noise,1091,True,0.6240230202674866,0.03424607217311859,0.7575,0.022647380828857422,0.014091862365603447,settling_time,4.8500000000000005,nan,0.012497644871473312
Nominal Residual PPO,Position noise 0.10 m,noise,1092,True,0.6130357384681702,0.024055717512965202,0.75,0.015287399291992188,0.013546050526201725,settling_time,5.0,nan,0.015292046591639519
Nominal Residual PPO,Position noise 0.10 m,noise,1093,True,0.2754235565662384,0.022708561271429062,0.8225,0.012979984283447266,0.0137474425137043,settling_time,3.5500000000000003,nan,0.01811733841896057
Nominal Residual PPO,Position noise 0.10 m,noise,1094,True,0.27427414059638977,0.022198127582669258,0.83,0.013312339782714844,0.015073013491928577,settling_time,3.4000000000000004,nan,0.016974231228232384
Nominal Residual PPO,Position noise 0.10 m,noise,1095,True,0.387893944978714,0.03001129999756813,0.795,0.010474681854248047,0.01401765737682581,settling_time,4.1000000000000005,nan,0.023371808230876923
Nominal Residual PPO,Position noise 0.10 m,noise,1096,True,0.23494407534599304,0.02531246840953827,0.8425,0.012389659881591797,0.014176257885992527,settling_time,3.7,nan,0.011055784299969673
Nominal Residual PPO,Position noise 0.10 m,noise,1097,True,0.3717142641544342,0.03177010267972946,0.82,0.018904685974121094,0.01539400964975357,settling_time,3.6,nan,0.016788024455308914
Nominal Residual PPO,Position noise 0.10 m,noise,1098,True,0.40788063406944275,0.027811966836452484,0.7875,0.02859783172607422,0.013416213914752007,settling_time,4.75,nan,0.022864041849970818
Nominal Residual PPO,Position noise 0.10 m,noise,1099,True,0.6170791387557983,0.0421326607465744,0.75,0.010348796844482422,0.013241501525044441,settling_time,5.0,nan,0.019991446286439896
Robust Residual PPO,Position noise 0.10 m,noise,1000,True,0.36349019408226013,0.02412194386124611,0.7825,0.023510456085205078,0.028571603819727898,settling_time,15.600000000000001,nan,0.02419477514922619
Robust Residual PPO,Position noise 0.10 m,noise,1001,True,0.3710937201976776,0.024056684225797653,0.79,0.020905017852783203,0.03278651088476181,settling_time,4.4,nan,0.018708188086748123
Robust Residual PPO,Position noise 0.10 m,noise,1002,True,0.46087712049484253,0.022813666611909866,0.76,0.0264739990234375,0.03113953396677971,settling_time,6.550000000000001,nan,0.01175808534026146
Robust Residual PPO,Position noise 0.10 m,noise,1003,True,0.5409116148948669,0.02412291243672371,0.7475,0.03295779228210449,0.031067686155438423,settling_time,5.7,nan,0.017576327547430992
Robust Residual PPO,Position noise 0.10 m,noise,1004,True,0.6131517887115479,0.026787303388118744,0.7275,0.024748802185058594,0.033816587179899216,settling_time,18.400000000000002,nan,0.041081082075834274
Robust Residual PPO,Position noise 0.10 m,noise,1005,True,0.6055117845535278,0.023615321144461632,0.745,0.02151966094970703,0.03165269270539284,settling_time,5.1000000000000005,nan,0.015750940889120102
Robust Residual PPO,Position noise 0.10 m,noise,1006,True,0.4387476444244385,0.019437583163380623,0.7625,0.01537466049194336,0.02835787646472454,settling_time,5.050000000000001,nan,0.017327558249235153
Robust Residual PPO,Position noise 0.10 m,noise,1007,True,0.640489935874939,0.022118642926216125,0.7075,0.017009735107421875,0.02732631377875805,settling_time,18.150000000000002,nan,0.010469944216310978
Robust Residual PPO,Position noise 0.10 m,noise,1008,True,0.5354700684547424,0.0202390905469656,0.77,0.013903379440307617,0.03220978006720543,settling_time,5.2,nan,0.014305890537798405
Robust Residual PPO,Position noise 0.10 m,noise,1009,True,0.5580800175666809,0.021344508975744247,0.75,0.03217363357543945,0.031107719987630844,settling_time,5.25,nan,0.034315984696149826
Robust Residual PPO,Position noise 0.10 m,noise,1010,True,0.6573113799095154,0.03508174046874046,0.6925,0.027222633361816406,0.02916606143116951,settling_time,15.5,nan,0.012384645640850067
Robust Residual PPO,Position noise 0.10 m,noise,1011,True,0.4544855058193207,0.02832857333123684,0.77,0.025782108306884766,0.028741683810949326,settling_time,14.350000000000001,nan,0.050719764083623886
Robust Residual PPO,Position noise 0.10 m,noise,1012,True,0.4650247395038605,0.016376858577132225,0.775,0.018623709678649902,0.031545743346214294,settling_time,4.6000000000000005,nan,0.0166375320404768
Robust Residual PPO,Position noise 0.10 m,noise,1013,True,0.3081596791744232,0.021341068670153618,0.81,0.042233943939208984,0.03347555175423622,settling_time,11.15,nan,0.011407140642404556
Robust Residual PPO,Position noise 0.10 m,noise,1014,True,0.45074325799942017,0.02065403014421463,0.7525,0.039589881896972656,0.031145431101322174,settling_time,6.25,nan,0.008341730572283268
Robust Residual PPO,Position noise 0.10 m,noise,1015,True,0.46004578471183777,0.015447958372533321,0.76,0.0262451171875,0.02829153463244438,settling_time,4.800000000000001,nan,0.011068465188145638
Robust Residual PPO,Position noise 0.10 m,noise,1016,True,0.4956052601337433,0.018591828644275665,0.765,0.021748781204223633,0.033617518842220306,settling_time,4.9,nan,0.01741551049053669
Robust Residual PPO,Position noise 0.10 m,noise,1017,True,0.2539781928062439,0.0208591278642416,0.825,0.03852438926696777,0.02939099632203579,settling_time,3.5500000000000003,nan,0.014208145439624786
Robust Residual PPO,Position noise 0.10 m,noise,1018,True,0.3592497706413269,0.021055081859230995,0.7825,0.030411720275878906,0.03204602375626564,settling_time,19.6,nan,0.022755540907382965
Robust Residual PPO,Position noise 0.10 m,noise,1019,True,0.5142161846160889,0.018430234864354134,0.7325,0.04129505157470703,0.030654950067400932,settling_time,7.75,nan,0.02054602839052677
Robust Residual PPO,Position noise 0.10 m,noise,1020,True,0.3138464391231537,0.019706672057509422,0.7925,0.03588724136352539,0.0314636267721653,settling_time,18.05,nan,0.03522523492574692
Robust Residual PPO,Position noise 0.10 m,noise,1021,True,0.5308935046195984,0.03289186209440231,0.745,0.03679847717285156,0.029728097841143608,settling_time,5.6000000000000005,nan,0.025366785004734993
Robust Residual PPO,Position noise 0.10 m,noise,1022,True,0.6866740584373474,0.02687658928334713,0.7075,0.041534423828125,0.028861090540885925,settling_time,17.45,nan,0.022752635180950165
Robust Residual PPO,Position noise 0.10 m,noise,1023,True,0.5445302724838257,0.02859256975352764,0.73,0.039217472076416016,0.029227884486317635,settling_time,19.8,nan,0.015900442376732826
Robust Residual PPO,Position noise 0.10 m,noise,1024,True,0.4602910280227661,0.033197760581970215,0.7675,0.029205799102783203,0.03084118850529194,settling_time,13.4,nan,0.01016306970268488
Robust Residual PPO,Position noise 0.10 m,noise,1025,True,0.20870156586170197,0.02099118009209633,0.8125,0.02716660499572754,0.032211534678936005,settling_time,17.400000000000002,nan,0.0030245434027165174
Robust Residual PPO,Position noise 0.10 m,noise,1026,True,0.5131130218505859,0.029408100992441177,0.7225,0.05060100555419922,0.030207760632038116,settling_time,18.25,nan,0.007888330146670341
Robust Residual PPO,Position noise 0.10 m,noise,1027,True,0.6351022124290466,0.028320489451289177,0.695,0.03763008117675781,0.027034347876906395,settling_time,17.0,nan,0.027315393090248108
Robust Residual PPO,Position noise 0.10 m,noise,1028,True,0.23765674233436584,0.01882711984217167,0.8225,0.02988409996032715,0.03400515392422676,settling_time,15.700000000000001,nan,0.03235889971256256
Robust Residual PPO,Position noise 0.10 m,noise,1029,True,0.2385103404521942,0.020916271954774857,0.82,0.027338266372680664,0.0287356898188591,settling_time,18.05,nan,0.022437436506152153
Robust Residual PPO,Position noise 0.10 m,noise,1030,True,0.589583158493042,0.025663912296295166,0.7275,0.029449462890625,0.03067275695502758,settling_time,9.25,nan,0.027803635224699974
Robust Residual PPO,Position noise 0.10 m,noise,1031,True,0.3598814308643341,0.021788781508803368,0.7825,0.022449970245361328,0.033966440707445145,settling_time,9.600000000000001,nan,0.024033818393945694
Robust Residual PPO,Position noise 0.10 m,noise,1032,True,0.2555982172489166,0.019470158964395523,0.82,0.038799285888671875,0.03185262158513069,settling_time,15.25,nan,0.015876764431595802
Robust Residual PPO,Position noise 0.10 m,noise,1033,True,0.3003009557723999,0.02176494151353836,0.805,0.033512115478515625,0.03285134956240654,settling_time,8.55,nan,0.00775034399703145
Robust Residual PPO,Position noise 0.10 m,noise,1034,True,0.2003672868013382,0.01648969016969204,0.8325,0.027913331985473633,0.038044098764657974,settling_time,11.600000000000001,nan,0.018939044326543808
Robust Residual PPO,Position noise 0.10 m,noise,1035,True,0.4993650019168854,0.022223543375730515,0.75,0.037525177001953125,0.027193212881684303,settling_time,11.850000000000001,nan,0.00697709247469902
Robust Residual PPO,Position noise 0.10 m,noise,1036,True,0.49949800968170166,0.02420928329229355,0.7575,0.043956756591796875,0.027814045548439026,settling_time,17.05,nan,0.026724904775619507
Robust Residual PPO,Position noise 0.10 m,noise,1037,True,0.4790009558200836,0.022668438032269478,0.765,0.049468994140625,0.030427832156419754,settling_time,13.850000000000001,nan,0.017335565760731697
Robust Residual PPO,Position noise 0.10 m,noise,1038,True,0.48197829723358154,0.02426319010555744,0.7475,0.02201366424560547,0.0313606821000576,settling_time,6.5,nan,0.039733707904815674
Robust Residual PPO,Position noise 0.10 m,noise,1039,True,0.20194721221923828,0.02403530292212963,0.835,0.049163818359375,0.03236037492752075,settling_time,10.0,nan,0.022839931771159172
Robust Residual PPO,Position noise 0.10 m,noise,1040,True,0.2677578032016754,0.023557070642709732,0.8175,0.024352073669433594,0.0304911807179451,settling_time,3.7,nan,0.022218521684408188
Robust Residual PPO,Position noise 0.10 m,noise,1041,True,0.21376848220825195,0.022688770666718483,0.805,0.03415393829345703,0.033603329211473465,settling_time,18.5,nan,0.017926625907421112
Robust Residual PPO,Position noise 0.10 m,noise,1042,True,0.4526941478252411,0.018191812559962273,0.7725,0.022391796112060547,0.028998516499996185,settling_time,14.850000000000001,nan,0.005956101696938276
Robust Residual PPO,Position noise 0.10 m,noise,1043,True,0.5603159070014954,0.029041947796940804,0.7625,0.035178184509277344,0.029859423637390137,settling_time,17.3,nan,0.026233216747641563
Robust Residual PPO,Position noise 0.10 m,noise,1044,True,0.6013195514678955,0.023945482447743416,0.7525,0.036428213119506836,0.03323331102728844,settling_time,8.9,nan,0.012920578010380268
Robust Residual PPO,Position noise 0.10 m,noise,1045,True,0.23574791848659515,0.023743897676467896,0.8075,0.03330850601196289,0.03494032099843025,settling_time,13.75,nan,0.018391015008091927
Robust Residual PPO,Position noise 0.10 m,noise,1046,True,0.634015679359436,0.032841283828020096,0.7325,0.03331184387207031,0.029520360752940178,settling_time,15.15,nan,0.016955522820353508
Robust Residual PPO,Position noise 0.10 m,noise,1047,True,0.33112820982933044,0.02142983116209507,0.8025,0.03403306007385254,0.03246540203690529,settling_time,17.150000000000002,nan,0.013226538896560669
Robust Residual PPO,Position noise 0.10 m,noise,1048,True,0.3403962552547455,0.023887034505605698,0.775,0.039154052734375,0.03323570638895035,settling_time,12.25,nan,0.03210081532597542
Robust Residual PPO,Position noise 0.10 m,noise,1049,True,0.5343737006187439,0.02340741641819477,0.735,0.034311771392822266,0.029198668897151947,settling_time,15.200000000000001,nan,0.015365801751613617
Robust Residual PPO,Position noise 0.10 m,noise,1050,True,0.43218111991882324,0.02540958859026432,0.7425,0.04036140441894531,0.033110059797763824,settling_time,12.05,nan,0.014371185563504696
Robust Residual PPO,Position noise 0.10 m,noise,1051,True,0.25935572385787964,0.018468474969267845,0.825,0.029579639434814453,0.03003278188407421,settling_time,14.600000000000001,nan,0.008343626745045185
Robust Residual PPO,Position noise 0.10 m,noise,1052,True,0.4730303883552551,0.024421101436018944,0.7525,0.04170417785644531,0.03063468635082245,settling_time,17.05,nan,0.023680293932557106
Robust Residual PPO,Position noise 0.10 m,noise,1053,True,0.246669203042984,0.018394123762845993,0.8225,0.023909568786621094,0.029547857120633125,settling_time,15.3,nan,0.027344807982444763
Robust Residual PPO,Position noise 0.10 m,noise,1054,True,0.6418843865394592,0.025322968140244484,0.7125,0.024837493896484375,0.02766280248761177,settling_time,10.3,nan,0.011633290909230709
Robust Residual PPO,Position noise 0.10 m,noise,1055,True,0.2991519868373871,0.020638028159737587,0.79,0.047438621520996094,0.031413882970809937,settling_time,18.900000000000002,nan,0.02219429798424244
Robust Residual PPO,Position noise 0.10 m,noise,1056,True,0.2396480143070221,0.020723184570670128,0.83,0.042050838470458984,0.03341640904545784,settling_time,19.450000000000003,nan,0.00786811113357544
Robust Residual PPO,Position noise 0.10 m,noise,1057,True,0.40618494153022766,0.020742423832416534,0.7875,0.022017955780029297,0.028835248202085495,settling_time,4.55,nan,0.006009245291352272
Robust Residual PPO,Position noise 0.10 m,noise,1058,True,0.6272246837615967,0.026315616443753242,0.72,0.03278160095214844,0.03087199106812477,settling_time,14.8,nan,0.014209319837391376
Robust Residual PPO,Position noise 0.10 m,noise,1059,True,0.3946754038333893,0.022347621619701385,0.76,0.038306236267089844,0.030099334195256233,settling_time,14.0,nan,0.025076180696487427
Robust Residual PPO,Position noise 0.10 m,noise,1060,True,0.256254643201828,0.018916135653853416,0.825,0.028562068939208984,0.030934719368815422,settling_time,19.5,nan,0.012829716317355633
Robust Residual PPO,Position noise 0.10 m,noise,1061,True,0.30275633931159973,0.021794868633151054,0.8,0.03408670425415039,0.03505983203649521,settling_time,14.55,nan,0.033402640372514725
Robust Residual PPO,Position noise 0.10 m,noise,1062,True,0.34913572669029236,0.021775387227535248,0.7925,0.04486894607543945,0.03384537994861603,settling_time,4.4,nan,0.006308982614427805
Robust Residual PPO,Position noise 0.10 m,noise,1063,True,0.20024864375591278,0.021197106689214706,0.8325,0.03922915458679199,0.03165122866630554,settling_time,12.100000000000001,nan,0.016643593087792397
Robust Residual PPO,Position noise 0.10 m,noise,1064,True,0.4617178738117218,0.022203242406249046,0.755,0.03671550750732422,0.02910565212368965,settling_time,7.75,nan,0.016980499029159546
Robust Residual PPO,Position noise 0.10 m,noise,1065,True,0.20830801129341125,0.026322083547711372,0.8175,0.03795766830444336,0.03226993978023529,settling_time,4.7,nan,0.017591653391718864
Robust Residual PPO,Position noise 0.10 m,noise,1066,True,0.38263627886772156,0.019978605210781097,0.7825,0.028233647346496582,0.03256678208708763,settling_time,18.25,nan,0.025966225191950798
Robust Residual PPO,Position noise 0.10 m,noise,1067,True,0.25468751788139343,0.015706147998571396,0.8325,0.02983272075653076,0.0290935430675745,settling_time,10.200000000000001,nan,0.005303422454744577
Robust Residual PPO,Position noise 0.10 m,noise,1068,True,0.23706862330436707,0.01576661318540573,0.8225,0.021214008331298828,0.032220255583524704,settling_time,4.800000000000001,nan,0.015983380377292633
Robust Residual PPO,Position noise 0.10 m,noise,1069,True,0.23161782324314117,0.024660807102918625,0.8175,0.05298590660095215,0.03129584342241287,settling_time,14.55,nan,0.011712382547557354
Robust Residual PPO,Position noise 0.10 m,noise,1070,True,0.5255708694458008,0.021791962906718254,0.75,0.012343883514404297,0.030178997665643692,settling_time,14.4,nan,0.01988223008811474
Robust Residual PPO,Position noise 0.10 m,noise,1071,True,0.5098714828491211,0.024366779252886772,0.7525,0.04529237747192383,0.03168312460184097,settling_time,5.550000000000001,nan,0.01893550343811512
Robust Residual PPO,Position noise 0.10 m,noise,1072,True,0.4126708209514618,0.027409661561250687,0.7625,0.0487675666809082,0.031643740832805634,settling_time,15.25,nan,0.02181307040154934
Robust Residual PPO,Position noise 0.10 m,noise,1073,True,0.5172783732414246,0.02315930463373661,0.7575,0.0311126708984375,0.031408220529556274,settling_time,15.850000000000001,nan,0.01697917841374874
Robust Residual PPO,Position noise 0.10 m,noise,1074,True,0.17813433706760406,0.01766444928944111,0.85,0.03537750244140625,0.035112716257572174,settling_time,11.850000000000001,nan,0.011303432285785675
Robust Residual PPO,Position noise 0.10 m,noise,1075,True,0.3075040578842163,0.019180364906787872,0.805,0.029012441635131836,0.03355781361460686,settling_time,11.4,nan,0.006370136048644781
Robust Residual PPO,Position noise 0.10 m,noise,1076,True,0.48954638838768005,0.02104393020272255,0.765,0.03987741470336914,0.03118632175028324,settling_time,4.800000000000001,nan,0.013242966495454311
Robust Residual PPO,Position noise 0.10 m,noise,1077,True,0.2599151134490967,0.020280295982956886,0.8275,0.029828786849975586,0.03546717017889023,settling_time,15.700000000000001,nan,0.007102170493453741
Robust Residual PPO,Position noise 0.10 m,noise,1078,True,0.22678911685943604,0.017329879105091095,0.825,0.016008853912353516,0.03213215246796608,settling_time,15.75,nan,0.01144702360033989
Robust Residual PPO,Position noise 0.10 m,noise,1079,True,0.28191596269607544,0.026073312386870384,0.8175,0.03805828094482422,0.031615134328603745,settling_time,14.55,nan,0.006943437736481428
Robust Residual PPO,Position noise 0.10 m,noise,1080,True,0.24509455263614655,0.01831769570708275,0.8175,0.03691244125366211,0.03380715101957321,settling_time,5.050000000000001,nan,0.009457474574446678
Robust Residual PPO,Position noise 0.10 m,noise,1081,True,0.4378953278064728,0.02001877874135971,0.7575,0.038613319396972656,0.032323382794857025,settling_time,8.3,nan,0.007794469129294157
Robust Residual PPO,Position noise 0.10 m,noise,1082,True,0.2775789201259613,0.024659665301442146,0.81,0.04923677444458008,0.03220527246594429,settling_time,18.05,nan,0.008649821393191814
Robust Residual PPO,Position noise 0.10 m,noise,1083,True,0.40992245078086853,0.019787218421697617,0.7925,0.02857804298400879,0.028689570724964142,settling_time,4.3,nan,0.01161126233637333
Robust Residual PPO,Position noise 0.10 m,noise,1084,True,0.30324846506118774,0.02071666531264782,0.805,0.015649795532226562,0.029900072142481804,settling_time,17.55,nan,0.00841747596859932
Robust Residual PPO,Position noise 0.10 m,noise,1085,True,0.2210569828748703,0.02008441835641861,0.825,0.0362091064453125,0.03642262890934944,settling_time,3.85,nan,0.029800280928611755
Robust Residual PPO,Position noise 0.10 m,noise,1086,True,0.28008490800857544,0.021698137745261192,0.8125,0.030742645263671875,0.03127811476588249,settling_time,19.150000000000002,nan,0.012096461839973927
Robust Residual PPO,Position noise 0.10 m,noise,1087,True,0.4209583103656769,0.020096339285373688,0.7775,0.025777816772460938,0.031983718276023865,settling_time,5.300000000000001,nan,0.009117252193391323
Robust Residual PPO,Position noise 0.10 m,noise,1088,True,0.4270813763141632,0.02688267081975937,0.7675,0.031920433044433594,0.03045782446861267,settling_time,11.0,nan,0.029050158336758614
Robust Residual PPO,Position noise 0.10 m,noise,1089,True,0.6173912286758423,0.02560228668153286,0.735,0.04645252227783203,0.03034547157585621,settling_time,16.2,nan,0.0410308800637722
Robust Residual PPO,Position noise 0.10 m,noise,1090,True,0.3098900318145752,0.018512798473238945,0.795,0.03118610382080078,0.036553509533405304,settling_time,16.400000000000002,nan,0.018784355372190475
Robust Residual PPO,Position noise 0.10 m,noise,1091,True,0.6195793747901917,0.028416944667696953,0.7275,0.032923221588134766,0.030627194792032242,settling_time,18.2,nan,0.01957131363451481
Robust Residual PPO,Position noise 0.10 m,noise,1092,True,0.6123595237731934,0.02214263193309307,0.73,0.03368043899536133,0.029169680550694466,settling_time,18.0,nan,0.03152501583099365
Robust Residual PPO,Position noise 0.10 m,noise,1093,True,0.27619844675064087,0.027228720486164093,0.8075,0.029189109802246094,0.029650235548615456,settling_time,4.6000000000000005,nan,0.01819564402103424
Robust Residual PPO,Position noise 0.10 m,noise,1094,True,0.2685745060443878,0.021933700889348984,0.805,0.03139638900756836,0.031818538904190063,settling_time,17.650000000000002,nan,0.018094301223754883
Robust Residual PPO,Position noise 0.10 m,noise,1095,True,0.3841710686683655,0.021597784012556076,0.77,0.022169828414916992,0.03074960969388485,settling_time,6.9,nan,0.021180836483836174
Robust Residual PPO,Position noise 0.10 m,noise,1096,True,0.23060846328735352,0.023731280118227005,0.8225,0.030698776245117188,0.033391620963811874,settling_time,17.3,nan,0.019359761849045753
Robust Residual PPO,Position noise 0.10 m,noise,1097,True,0.37240710854530334,0.026747331023216248,0.795,0.044985055923461914,0.033019181340932846,settling_time,17.7,nan,0.008853141218423843
Robust Residual PPO,Position noise 0.10 m,noise,1098,True,0.4057910740375519,0.022252723574638367,0.7725,0.045813560485839844,0.029089756309986115,settling_time,11.0,nan,0.021710719913244247
Robust Residual PPO,Position noise 0.10 m,noise,1099,True,0.6176522374153137,0.029610885307192802,0.735,0.020401954650878906,0.02870933525264263,settling_time,16.8,nan,0.021728813648223877
Nominal Residual PPO,Velocity noise 0.10 m/s,noise,1000,True,0.3605808615684509,0.0265906173735857,0.78,0.04682445526123047,0.06285510957241058,settling_time,18.55,nan,0.027492202818393707
Nominal Residual PPO,Velocity noise 0.10 m/s,noise,1001,True,0.3768097460269928,0.03673987090587616,0.7725,0.05498313903808594,0.05929532274603844,settling_time,17.25,nan,0.05349895730614662
Nominal Residual PPO,Velocity noise 0.10 m/s,noise,1002,True,0.4678129553794861,0.048739466816186905,0.75,0.07374095916748047,0.06746526062488556,settling_time,12.25,nan,0.03081979788839817
Nominal Residual PPO,Velocity noise 0.10 m/s,noise,1003,True,0.5474601984024048,0.050012074410915375,0.75,0.031896114349365234,0.06289956718683243,settling_time,18.0,nan,0.03487309068441391
Nominal Residual PPO,Velocity noise 0.10 m/s,noise,1004,True,0.6197165846824646,0.053385939449071884,0.725,0.021749496459960938,0.055963046848773956,settling_time,17.75,nan,0.05922869220376015
Nominal Residual PPO,Velocity noise 0.10 m/s,noise,1005,True,0.6049706935882568,0.03783070668578148,0.715,0.04679155349731445,0.060143835842609406,settling_time,18.75,nan,0.029196983203291893
Nominal Residual PPO,Velocity noise 0.10 m/s,noise,1006,True,0.4394637644290924,0.018389130011200905,0.7525,0.024749279022216797,0.06417747586965561,settling_time,13.700000000000001,nan,0.004613545257598162
Nominal Residual PPO,Velocity noise 0.10 m/s,noise,1007,True,0.6425933837890625,0.04880960285663605,0.7275,0.01129770278930664,0.057327061891555786,settling_time,12.65,nan,0.05323343351483345
Nominal Residual PPO,Velocity noise 0.10 m/s,noise,1008,True,0.5400427579879761,0.04053753986954689,0.73,0.02838754653930664,0.05885285884141922,settling_time,19.8,nan,0.05134430155158043
Nominal Residual PPO,Velocity noise 0.10 m/s,noise,1009,True,0.5599115490913391,0.03583933040499687,0.7475,0.05899190902709961,0.0571352057158947,settling_time,19.0,nan,0.01908627338707447
Nominal Residual PPO,Velocity noise 0.10 m/s,noise,1010,True,0.6609480381011963,0.07270631939172745,0.68,0.06502342224121094,0.061354443430900574,settling_time,18.45,nan,0.07331692427396774
Nominal Residual PPO,Velocity noise 0.10 m/s,noise,1011,True,0.4567462205886841,0.028606988489627838,0.75,0.03308677673339844,0.06532372534275055,settling_time,16.1,nan,0.016303125768899918
Nominal Residual PPO,Velocity noise 0.10 m/s,noise,1012,True,0.467412531375885,0.037772491574287415,0.7625,0.03377056121826172,0.06306374073028564,settling_time,18.35,nan,0.041404545307159424
Nominal Residual PPO,Velocity noise 0.10 m/s,noise,1013,True,0.3188651502132416,0.03535861149430275,0.7825,0.0307464599609375,0.06274835765361786,settling_time,13.350000000000001,nan,0.022137396037578583
Nominal Residual PPO,Velocity noise 0.10 m/s,noise,1014,True,0.45398852229118347,0.04742952436208725,0.7275,0.08802223205566406,0.05723678693175316,settling_time,16.650000000000002,nan,0.013007692992687225
Nominal Residual PPO,Velocity noise 0.10 m/s,noise,1015,True,0.463118314743042,0.04683097451925278,0.775,0.0,0.061564553529024124,settling_time,18.95,nan,0.022458797320723534
Nominal Residual PPO,Velocity noise 0.10 m/s,noise,1016,True,0.5013512372970581,0.040738608688116074,0.7475,0.0014619827270507812,0.06200675666332245,settling_time,19.900000000000002,nan,0.012020586058497429
Nominal Residual PPO,Velocity noise 0.10 m/s,noise,1017,True,0.26103049516677856,0.043623462319374084,0.7725,0.019281387329101562,0.0643703043460846,settling_time,19.3,nan,0.04119474068284035
Nominal Residual PPO,Velocity noise 0.10 m/s,noise,1018,True,0.3639882206916809,0.03753313422203064,0.765,0.03653907775878906,0.06523070484399796,settling_time,16.900000000000002,nan,0.04229699820280075
Nominal Residual PPO,Velocity noise 0.10 m/s,noise,1019,True,0.5175639986991882,0.03533756732940674,0.7175,0.021993637084960938,0.0565367192029953,settling_time,19.3,nan,0.038483623415231705
Nominal Residual PPO,Velocity noise 0.10 m/s,noise,1020,True,0.3232174217700958,0.02351931296288967,0.79,0.046968698501586914,0.06830297410488129,settling_time,15.700000000000001,nan,0.010296091437339783
Nominal Residual PPO,Velocity noise 0.10 m/s,noise,1021,True,0.5381182432174683,0.051213618367910385,0.7225,0.06316375732421875,0.055823568254709244,settling_time,16.8,nan,0.008408910594880581
Nominal Residual PPO,Velocity noise 0.10 m/s,noise,1022,True,0.6862983703613281,0.05175071582198143,0.745,0.03544902801513672,0.06324424594640732,settling_time,5.1000000000000005,nan,0.0645468607544899
Nominal Residual PPO,Velocity noise 0.10 m/s,noise,1023,True,0.5462239384651184,0.04912443459033966,0.7375,0.04897880554199219,0.05740199610590935,settling_time,16.75,nan,0.028885459527373314
Nominal Residual PPO,Velocity noise 0.10 m/s,noise,1024,True,0.46620020270347595,0.04243792966008186,0.7475,0.024088382720947266,0.05867522209882736,settling_time,17.0,nan,0.031125662848353386
Nominal Residual PPO,Velocity noise 0.10 m/s,noise,1025,True,0.2078292816877365,0.02401033602654934,0.84,0.029201984405517578,0.06818382441997528,settling_time,15.65,nan,0.05562601611018181
Nominal Residual PPO,Velocity noise 0.10 m/s,noise,1026,True,0.5133795142173767,0.037249963730573654,0.73,0.04584836959838867,0.06425522267818451,settling_time,19.85,nan,0.04702793061733246
Nominal Residual PPO,Velocity noise 0.10 m/s,noise,1027,True,0.6341466903686523,0.04209209606051445,0.7125,0.05733633041381836,0.057122185826301575,settling_time,18.150000000000002,nan,0.054404787719249725
Nominal Residual PPO,Velocity noise 0.10 m/s,noise,1028,True,0.24157430231571198,0.026350516825914383,0.8025,0.032976627349853516,0.06473274528980255,settling_time,16.2,nan,0.030231356620788574
Nominal Residual PPO,Velocity noise 0.10 m/s,noise,1029,True,0.2480050027370453,0.03924894705414772,0.7875,0.07324540615081787,0.06369186192750931,settling_time,19.6,nan,0.03632861003279686
Nominal Residual PPO,Velocity noise 0.10 m/s,noise,1030,False,0.6004672646522522,0.045469630509614944,0.7175,0.044103145599365234,0.05948213115334511,settling_time,nan,nan,0.026467619463801384
Nominal Residual PPO,Velocity noise 0.10 m/s,noise,1031,True,0.36207541823387146,0.03126673772931099,0.7675,0.028746604919433594,0.0675114095211029,settling_time,19.700000000000003,nan,0.01724393293261528
Nominal Residual PPO,Velocity noise 0.10 m/s,noise,1032,True,0.26137030124664307,0.032587237656116486,0.765,0.031383514404296875,0.06700696051120758,settling_time,18.900000000000002,nan,0.03138568624854088
Nominal Residual PPO,Velocity noise 0.10 m/s,noise,1033,True,0.3009309768676758,0.02551223710179329,0.785,0.05392861366271973,0.06363433599472046,settling_time,15.9,nan,0.00564954150468111
Nominal Residual PPO,Velocity noise 0.10 m/s,noise,1034,True,0.20846839249134064,0.04476068913936615,0.785,0.03751659393310547,0.06823135912418365,settling_time,19.0,nan,0.019282834604382515
Nominal Residual PPO,Velocity noise 0.10 m/s,noise,1035,True,0.5040462613105774,0.03794969245791435,0.7325,0.024611473083496094,0.06044458597898483,settling_time,18.3,nan,0.04361109063029289
Nominal Residual PPO,Velocity noise 0.10 m/s,noise,1036,True,0.502363920211792,0.0369642935693264,0.7525,0.04193449020385742,0.05933920294046402,settling_time,18.6,nan,0.0206344872713089
Nominal Residual PPO,Velocity noise 0.10 m/s,noise,1037,True,0.4836564362049103,0.04442934691905975,0.74,0.010264873504638672,0.06217212602496147,settling_time,12.350000000000001,nan,0.03777158260345459
Nominal Residual PPO,Velocity noise 0.10 m/s,noise,1038,True,0.49166905879974365,0.032720766961574554,0.7375,0.032442331314086914,0.06208513677120209,settling_time,18.1,nan,0.045730721205472946
Nominal Residual PPO,Velocity noise 0.10 m/s,noise,1039,True,0.20485171675682068,0.029691744595766068,0.8025,0.04525494575500488,0.06150553375482559,settling_time,17.85,nan,0.04267515614628792
Nominal Residual PPO,Velocity noise 0.10 m/s,noise,1040,True,0.26751965284347534,0.035033173859119415,0.7825,0.03632831573486328,0.060050930827856064,settling_time,18.45,nan,0.0203242264688015
Nominal Residual PPO,Velocity noise 0.10 m/s,noise,1041,True,0.21441198885440826,0.03183058649301529,0.82,0.027997970581054688,0.06392145156860352,settling_time,13.600000000000001,nan,0.012457759119570255
Nominal Residual PPO,Velocity noise 0.10 m/s,noise,1042,True,0.45480865240097046,0.03717822954058647,0.7775,0.026273250579833984,0.05820100009441376,settling_time,18.7,nan,0.004462155047804117
Nominal Residual PPO,Velocity noise 0.10 m/s,noise,1043,True,0.5694986581802368,0.056963514536619186,0.6725,0.0069904327392578125,0.06095385551452637,settling_time,18.3,nan,0.029109925031661987
Nominal Residual PPO,Velocity noise 0.10 m/s,noise,1044,True,0.601535975933075,0.036153167486190796,0.745,0.032439231872558594,0.059416286647319794,settling_time,8.85,nan,0.03983737900853157
Nominal Residual PPO,Velocity noise 0.10 m/s,noise,1045,True,0.244689479470253,0.029633190482854843,0.8325,0.047026634216308594,0.06510554254055023,settling_time,15.100000000000001,nan,0.030569354072213173
Nominal Residual PPO,Velocity noise 0.10 m/s,noise,1046,True,0.6347073316574097,0.035962577909231186,0.7025,0.04082155227661133,0.06568446010351181,settling_time,18.25,nan,0.019547833129763603
Nominal Residual PPO,Velocity noise 0.10 m/s,noise,1047,True,0.3429441452026367,0.0449274480342865,0.7575,0.012090682983398438,0.06441548466682434,settling_time,19.1,nan,0.08076536655426025
Nominal Residual PPO,Velocity noise 0.10 m/s,noise,1048,True,0.34846389293670654,0.04185942932963371,0.78,0.051328182220458984,0.06608712673187256,settling_time,17.900000000000002,nan,0.04263456538319588
Nominal Residual PPO,Velocity noise 0.10 m/s,noise,1049,True,0.5363534688949585,0.05896718055009842,0.7475,0.013355255126953125,0.06041278317570686,settling_time,16.05,nan,0.01932263933122158
Nominal Residual PPO,Velocity noise 0.10 m/s,noise,1050,True,0.4398466944694519,0.03274713084101677,0.74,0.03259563446044922,0.06421758234500885,settling_time,19.25,nan,0.02813611924648285
Nominal Residual PPO,Velocity noise 0.10 m/s,noise,1051,True,0.26612818241119385,0.03672327473759651,0.79,0.07609987258911133,0.06872012466192245,settling_time,19.450000000000003,nan,0.018301228061318398
Nominal Residual PPO,Velocity noise 0.10 m/s,noise,1052,True,0.47482889890670776,0.040555182844400406,0.735,0.03870534896850586,0.0564563162624836,settling_time,17.400000000000002,nan,0.021891629323363304
Nominal Residual PPO,Velocity noise 0.10 m/s,noise,1053,True,0.2483852654695511,0.03184705972671509,0.83,0.05012989044189453,0.0680607259273529,settling_time,14.5,nan,0.0040183779783546925
Nominal Residual PPO,Velocity noise 0.10 m/s,noise,1054,True,0.6431572437286377,0.058905065059661865,0.72,0.005548000335693359,0.05890897288918495,settling_time,16.95,nan,0.011982777155935764
Nominal Residual PPO,Velocity noise 0.10 m/s,noise,1055,True,0.31162533164024353,0.019689181819558144,0.7675,0.019693851470947266,0.06308607012033463,settling_time,6.300000000000001,nan,0.029174013063311577
Nominal Residual PPO,Velocity noise 0.10 m/s,noise,1056,True,0.2471364438533783,0.04526399448513985,0.8,0.003949165344238281,0.061119504272937775,settling_time,17.8,nan,0.018424471840262413
Nominal Residual PPO,Velocity noise 0.10 m/s,noise,1057,True,0.40605223178863525,0.04504987969994545,0.7775,0.022952556610107422,0.0597602054476738,settling_time,17.3,nan,0.0040412647649645805
Nominal Residual PPO,Velocity noise 0.10 m/s,noise,1058,True,0.6332810521125793,0.043206460773944855,0.7325,0.0307161808013916,0.06587003916501999,settling_time,16.55,nan,0.041955962777137756
Nominal Residual PPO,Velocity noise 0.10 m/s,noise,1059,True,0.39664047956466675,0.038862939924001694,0.7925,0.014108657836914062,0.06415499746799469,settling_time,11.9,nan,0.03274716064333916
Nominal Residual PPO,Velocity noise 0.10 m/s,noise,1060,True,0.26860344409942627,0.038485266268253326,0.755,0.037403106689453125,0.06221400201320648,settling_time,18.35,nan,0.02452165074646473
Nominal Residual PPO,Velocity noise 0.10 m/s,noise,1061,True,0.3055763244628906,0.0360739603638649,0.8,0.046129703521728516,0.0660785660147667,settling_time,12.350000000000001,nan,0.02709653601050377
Nominal Residual PPO,Velocity noise 0.10 m/s,noise,1062,True,0.3566305339336395,0.03804829716682434,0.7725,0.04166126251220703,0.06251945346593857,settling_time,17.5,nan,0.032616231590509415
Nominal Residual PPO,Velocity noise 0.10 m/s,noise,1063,True,0.2034115493297577,0.03863340988755226,0.825,0.028872966766357422,0.05942973122000694,settling_time,19.650000000000002,nan,0.027842260897159576
Nominal Residual PPO,Velocity noise 0.10 m/s,noise,1064,True,0.46362683176994324,0.043681107461452484,0.7525,0.014157295227050781,0.059840839356184006,settling_time,19.8,nan,0.031566597521305084
Nominal Residual PPO,Velocity noise 0.10 m/s,noise,1065,True,0.22263218462467194,0.04039062559604645,0.8075,0.03485584259033203,0.0659271627664566,settling_time,19.650000000000002,nan,0.015995223075151443
Nominal Residual PPO,Velocity noise 0.10 m/s,noise,1066,True,0.3884529769420624,0.04509817808866501,0.765,0.0,0.059571728110313416,settling_time,18.95,nan,0.049158453941345215
Nominal Residual PPO,Velocity noise 0.10 m/s,noise,1067,True,0.25547656416893005,0.038286320865154266,0.815,0.01318669319152832,0.06892130523920059,settling_time,18.7,nan,0.013284283690154552
Nominal Residual PPO,Velocity noise 0.10 m/s,noise,1068,True,0.23998254537582397,0.02907976135611534,0.7875,0.042377471923828125,0.06687845289707184,settling_time,16.85,nan,0.03684611991047859
Nominal Residual PPO,Velocity noise 0.10 m/s,noise,1069,True,0.24402956664562225,0.02728072740137577,0.7875,0.0328369140625,0.07059961557388306,settling_time,18.5,nan,0.02889312244951725
Nominal Residual PPO,Velocity noise 0.10 m/s,noise,1070,True,0.5289863348007202,0.040020063519477844,0.755,0.03580617904663086,0.06193254142999649,settling_time,13.600000000000001,nan,0.04415547475218773
Nominal Residual PPO,Velocity noise 0.10 m/s,noise,1071,True,0.5089597702026367,0.038465406745672226,0.7725,0.019944190979003906,0.06046483665704727,settling_time,19.55,nan,0.04221292585134506
Nominal Residual PPO,Velocity noise 0.10 m/s,noise,1072,True,0.41333791613578796,0.04108083248138428,0.76,0.055657386779785156,0.06438516825437546,settling_time,12.950000000000001,nan,0.03840455040335655
Nominal Residual PPO,Velocity noise 0.10 m/s,noise,1073,True,0.5225893259048462,0.048589978367090225,0.76,0.004410982131958008,0.05917496979236603,settling_time,16.45,nan,0.0179694052785635
Nominal Residual PPO,Velocity noise 0.10 m/s,noise,1074,True,0.1847344934940338,0.03327452018857002,0.825,0.02286529541015625,0.06793604046106339,settling_time,17.35,nan,0.04874032363295555
Nominal Residual PPO,Velocity noise 0.10 m/s,noise,1075,True,0.3185758888721466,0.04027634486556053,0.7575,0.013516664505004883,0.0661841332912445,settling_time,15.25,nan,0.0644005835056305
Nominal Residual PPO,Velocity noise 0.10 m/s,noise,1076,True,0.49708694219589233,0.04293541610240936,0.7225,0.01884603500366211,0.06711143255233765,settling_time,19.700000000000003,nan,0.07651389390230179
Nominal Residual PPO,Velocity noise 0.10 m/s,noise,1077,True,0.27035871148109436,0.0372486412525177,0.765,0.04631972312927246,0.05623140558600426,settling_time,17.900000000000002,nan,0.0541607066988945
Nominal Residual PPO,Velocity noise 0.10 m/s,noise,1078,True,0.237216517329216,0.035386353731155396,0.82,0.02389216423034668,0.07451898604631424,settling_time,9.950000000000001,nan,0.021772367879748344
Nominal Residual PPO,Velocity noise 0.10 m/s,noise,1079,True,0.2855587601661682,0.027180366218090057,0.77,0.04199695587158203,0.06867629289627075,settling_time,19.650000000000002,nan,0.04371526464819908
Nominal Residual PPO,Velocity noise 0.10 m/s,noise,1080,True,0.25284382700920105,0.03504333645105362,0.7875,0.055694580078125,0.06418127566576004,settling_time,18.400000000000002,nan,0.005230298265814781
Nominal Residual PPO,Velocity noise 0.10 m/s,noise,1081,True,0.44483059644699097,0.042508333921432495,0.745,0.09595203399658203,0.06020357087254524,settling_time,19.200000000000003,nan,0.058902326971292496
Nominal Residual PPO,Velocity noise 0.10 m/s,noise,1082,True,0.28522223234176636,0.04216122254729271,0.8,0.03801369667053223,0.05956720560789108,settling_time,18.45,nan,0.05113142356276512
Nominal Residual PPO,Velocity noise 0.10 m/s,noise,1083,True,0.41057050228118896,0.04045339673757553,0.76,0.07713353633880615,0.061998892575502396,settling_time,19.85,nan,0.00834104884415865
Nominal Residual PPO,Velocity noise 0.10 m/s,noise,1084,True,0.309034138917923,0.029075071215629578,0.7475,0.05458998680114746,0.06680067628622055,settling_time,11.05,nan,0.03921990469098091
Nominal Residual PPO,Velocity noise 0.10 m/s,noise,1085,True,0.22554568946361542,0.04197777062654495,0.815,0.0549626350402832,0.07243336737155914,settling_time,16.6,nan,0.060564566403627396
Nominal Residual PPO,Velocity noise 0.10 m/s,noise,1086,True,0.29343026876449585,0.02878154069185257,0.8,0.02434062957763672,0.06491800397634506,settling_time,15.8,nan,0.008381801657378674
Nominal Residual PPO,Velocity noise 0.10 m/s,noise,1087,True,0.42976629734039307,0.03299178555607796,0.7375,0.028601646423339844,0.06330281496047974,settling_time,18.400000000000002,nan,0.03537748008966446
Nominal Residual PPO,Velocity noise 0.10 m/s,noise,1088,True,0.4427458345890045,0.04831218719482422,0.7225,0.030736446380615234,0.0680851861834526,settling_time,15.3,nan,0.021084200590848923
Nominal Residual PPO,Velocity noise 0.10 m/s,noise,1089,True,0.6187304258346558,0.05509242042899132,0.7175,0.0,0.057774994522333145,settling_time,18.95,nan,0.010909633710980415
Nominal Residual PPO,Velocity noise 0.10 m/s,noise,1090,True,0.3209514021873474,0.034532330930233,0.77,0.03122687339782715,0.06469351053237915,settling_time,16.0,nan,0.03574457764625549
Nominal Residual PPO,Velocity noise 0.10 m/s,noise,1091,True,0.6215694546699524,0.034928735345602036,0.73,0.013822555541992188,0.06124512106180191,settling_time,5.95,nan,0.02431679330766201
Nominal Residual PPO,Velocity noise 0.10 m/s,noise,1092,True,0.6157324314117432,0.0470854714512825,0.705,0.05253934860229492,0.06272288411855698,settling_time,15.700000000000001,nan,0.05371757596731186
Nominal Residual PPO,Velocity noise 0.10 m/s,noise,1093,True,0.2767632007598877,0.03136848285794258,0.795,0.06187629699707031,0.06477949023246765,settling_time,19.700000000000003,nan,0.00098676688503474
Nominal Residual PPO,Velocity noise 0.10 m/s,noise,1094,True,0.27637824416160583,0.02897738106548786,0.8,0.02400064468383789,0.0664973184466362,settling_time,16.85,nan,0.022354131564497948
Nominal Residual PPO,Velocity noise 0.10 m/s,noise,1095,True,0.3952763080596924,0.04117794334888458,0.7725,0.019179344177246094,0.06309444457292557,settling_time,18.0,nan,0.04911442846059799
Nominal Residual PPO,Velocity noise 0.10 m/s,noise,1096,True,0.23595771193504333,0.02867724560201168,0.8175,0.031427860260009766,0.06445285677909851,settling_time,18.1,nan,0.037175510078668594
Nominal Residual PPO,Velocity noise 0.10 m/s,noise,1097,True,0.3727027177810669,0.04264359921216965,0.77,0.035726070404052734,0.06512142717838287,settling_time,19.700000000000003,nan,0.03576227277517319
Nominal Residual PPO,Velocity noise 0.10 m/s,noise,1098,True,0.40996748208999634,0.046346891671419144,0.77,0.013854503631591797,0.062228281050920486,settling_time,17.95,nan,0.01799839921295643
Nominal Residual PPO,Velocity noise 0.10 m/s,noise,1099,True,0.6190783977508545,0.04312258958816528,0.69,0.0071620941162109375,0.06902435421943665,settling_time,19.700000000000003,nan,0.06162542104721069
Robust Residual PPO,Velocity noise 0.10 m/s,noise,1000,True,0.3612169921398163,0.021307911723852158,0.76,0.04064655303955078,0.07746820151805878,settling_time,18.6,nan,0.020691631361842155
Robust Residual PPO,Velocity noise 0.10 m/s,noise,1001,True,0.3693076968193054,0.023507315665483475,0.765,0.05029916763305664,0.07507926225662231,settling_time,17.25,nan,0.04229838773608208
Robust Residual PPO,Velocity noise 0.10 m/s,noise,1002,True,0.46460551023483276,0.03372201323509216,0.73,0.06637096405029297,0.08005429804325104,settling_time,14.200000000000001,nan,0.030678139999508858
Robust Residual PPO,Velocity noise 0.10 m/s,noise,1003,True,0.5431657433509827,0.030863961204886436,0.7225,0.03632020950317383,0.0764208659529686,settling_time,17.05,nan,0.03250732272863388
Robust Residual PPO,Velocity noise 0.10 m/s,noise,1004,True,0.6145342588424683,0.03667469322681427,0.685,0.03553938865661621,0.06720678508281708,settling_time,19.6,nan,0.05262157693505287
Robust Residual PPO,Velocity noise 0.10 m/s,noise,1005,True,0.6056946516036987,0.03135283663868904,0.7025,0.052481889724731445,0.07210206240415573,settling_time,18.75,nan,0.023671533912420273
Robust Residual PPO,Velocity noise 0.10 m/s,noise,1006,True,0.44009366631507874,0.018210817128419876,0.735,0.03404378890991211,0.07780534029006958,settling_time,15.5,nan,0.008842549286782742
Robust Residual PPO,Velocity noise 0.10 m/s,noise,1007,True,0.6435410976409912,0.030053721740841866,0.71,0.02640676498413086,0.06879105418920517,settling_time,17.650000000000002,nan,0.032895226031541824
Robust Residual PPO,Velocity noise 0.10 m/s,noise,1008,True,0.5411888360977173,0.030264344066381454,0.715,0.03746843338012695,0.07281360030174255,settling_time,19.8,nan,0.048098158091306686
Robust Residual PPO,Velocity noise 0.10 m/s,noise,1009,True,0.5575098395347595,0.028791556134819984,0.735,0.06067013740539551,0.06959746032953262,settling_time,19.0,nan,0.01680150255560875
Robust Residual PPO,Velocity noise 0.10 m/s,noise,1010,True,0.6610293388366699,0.05619305744767189,0.6775,0.06120014190673828,0.07373829185962677,settling_time,18.45,nan,0.05174805223941803
Robust Residual PPO,Velocity noise 0.10 m/s,noise,1011,True,0.4572606682777405,0.023547854274511337,0.7175,0.03694772720336914,0.07925225049257278,settling_time,16.150000000000002,nan,0.017294110730290413
Robust Residual PPO,Velocity noise 0.10 m/s,noise,1012,True,0.4682541787624359,0.028285322710871696,0.735,0.0352482795715332,0.07831861823797226,settling_time,18.35,nan,0.040079712867736816
Robust Residual PPO,Velocity noise 0.10 m/s,noise,1013,True,0.31105300784111023,0.03055584616959095,0.7775,0.041811466217041016,0.0747431218624115,settling_time,18.05,nan,0.0223732590675354
Robust Residual PPO,Velocity noise 0.10 m/s,noise,1014,True,0.4542672038078308,0.03599906340241432,0.6925,0.07240009307861328,0.06838616728782654,settling_time,16.650000000000002,nan,0.005861865356564522
Robust Residual PPO,Velocity noise 0.10 m/s,noise,1015,True,0.463365375995636,0.02680020034313202,0.735,0.026016950607299805,0.07436922192573547,settling_time,18.95,nan,0.011024615727365017
Robust Residual PPO,Velocity noise 0.10 m/s,noise,1016,True,0.5002404451370239,0.024877037853002548,0.7125,0.015472173690795898,0.07509840279817581,settling_time,19.900000000000002,nan,0.004209805745631456
Robust Residual PPO,Velocity noise 0.10 m/s,noise,1017,True,0.25668856501579285,0.030134741216897964,0.7725,0.03296947479248047,0.07874744385480881,settling_time,19.3,nan,0.025546254590153694
Robust Residual PPO,Velocity noise 0.10 m/s,noise,1018,True,0.362808495759964,0.028913041576743126,0.725,0.038636207580566406,0.07801768183708191,settling_time,16.8,nan,0.030450141057372093
Robust Residual PPO,Velocity noise 0.10 m/s,noise,1019,False,0.516234278678894,0.02664058841764927,0.6925,0.03531646728515625,0.06924261897802353,settling_time,nan,nan,0.03399216756224632
Robust Residual PPO,Velocity noise 0.10 m/s,noise,1020,True,0.3177550435066223,0.022571446374058723,0.7775,0.041672706604003906,0.08324624598026276,settling_time,17.2,nan,0.007632001303136349
Robust Residual PPO,Velocity noise 0.10 m/s,noise,1021,True,0.5314626693725586,0.03583086282014847,0.685,0.056990623474121094,0.06712586432695389,settling_time,16.85,nan,0.006306805182248354
Robust Residual PPO,Velocity noise 0.10 m/s,noise,1022,True,0.6873049736022949,0.03293778374791145,0.7175,0.0407710075378418,0.07534211874008179,settling_time,13.950000000000001,nan,0.0584406703710556
Robust Residual PPO,Velocity noise 0.10 m/s,noise,1023,True,0.5465951561927795,0.032766763120889664,0.725,0.04330921173095703,0.06963041424751282,settling_time,16.75,nan,0.03235149756073952
Robust Residual PPO,Velocity noise 0.10 m/s,noise,1024,True,0.4611412286758423,0.028698496520519257,0.7325,0.029544830322265625,0.07044067233800888,settling_time,19.6,nan,0.02655625529587269
Robust Residual PPO,Velocity noise 0.10 m/s,noise,1025,True,0.20857413113117218,0.024434613063931465,0.825,0.030979156494140625,0.08388452231884003,settling_time,18.900000000000002,nan,0.05093061923980713
Robust Residual PPO,Velocity noise 0.10 m/s,noise,1026,True,0.5141034722328186,0.029807792976498604,0.7275,0.04655647277832031,0.0783732682466507,settling_time,19.85,nan,0.04359802231192589
Robust Residual PPO,Velocity noise 0.10 m/s,noise,1027,True,0.6343280673027039,0.031929630786180496,0.69,0.05799150466918945,0.06860136240720749,settling_time,18.150000000000002,nan,0.03486328572034836
Robust Residual PPO,Velocity noise 0.10 m/s,noise,1028,True,0.23706568777561188,0.018640242516994476,0.7975,0.03369712829589844,0.07809900492429733,settling_time,16.2,nan,0.024271486327052116
Robust Residual PPO,Velocity noise 0.10 m/s,noise,1029,True,0.24532485008239746,0.0351250134408474,0.765,0.07743120193481445,0.07890377938747406,settling_time,19.6,nan,0.0336725153028965
Robust Residual PPO,Velocity noise 0.10 m/s,noise,1030,False,0.5933926105499268,0.030749168246984482,0.685,0.037209510803222656,0.07178627699613571,settling_time,nan,nan,0.022359447553753853
Robust Residual PPO,Velocity noise 0.10 m/s,noise,1031,True,0.3599909245967865,0.022662833333015442,0.765,0.027887344360351562,0.08241799473762512,settling_time,19.700000000000003,nan,0.01747165061533451
Robust Residual PPO,Velocity noise 0.10 m/s,noise,1032,True,0.2548251748085022,0.028587419539690018,0.76,0.042327880859375,0.08022849261760712,settling_time,18.85,nan,0.031052788719534874
Robust Residual PPO,Velocity noise 0.10 m/s,noise,1033,True,0.29941505193710327,0.02252994477748871,0.7675,0.0590662956237793,0.07629536837339401,settling_time,16.75,nan,0.0121975252404809
Robust Residual PPO,Velocity noise 0.10 m/s,noise,1034,True,0.19932642579078674,0.029184812679886818,0.7725,0.04470562934875488,0.08509852737188339,settling_time,19.0,nan,0.008534325286746025
Robust Residual PPO,Velocity noise 0.10 m/s,noise,1035,True,0.5008127689361572,0.02787845768034458,0.7175,0.04280233383178711,0.07170605659484863,settling_time,18.3,nan,0.02474810555577278
Robust Residual PPO,Velocity noise 0.10 m/s,noise,1036,True,0.5034467577934265,0.028362125158309937,0.7125,0.049410343170166016,0.0727425217628479,settling_time,18.6,nan,0.015438211150467396
Robust Residual PPO,Velocity noise 0.10 m/s,noise,1037,True,0.47962436079978943,0.028404396027326584,0.71,0.03072071075439453,0.07642574608325958,settling_time,18.05,nan,0.0393189899623394
Robust Residual PPO,Velocity noise 0.10 m/s,noise,1038,True,0.48510417342185974,0.026635421440005302,0.7075,0.0457303524017334,0.07491450011730194,settling_time,18.150000000000002,nan,0.04062299057841301
Robust Residual PPO,Velocity noise 0.10 m/s,noise,1039,True,0.20230531692504883,0.024613041430711746,0.795,0.04554438591003418,0.07438037544488907,settling_time,17.8,nan,0.029787367209792137
Robust Residual PPO,Velocity noise 0.10 m/s,noise,1040,True,0.26475927233695984,0.0258764810860157,0.7475,0.04423999786376953,0.07399652153253555,settling_time,19.200000000000003,nan,0.019601333886384964
Robust Residual PPO,Velocity noise 0.10 m/s,noise,1041,True,0.2094719111919403,0.024141162633895874,0.805,0.051431894302368164,0.07739022374153137,settling_time,18.25,nan,0.009274307638406754
Robust Residual PPO,Velocity noise 0.10 m/s,noise,1042,True,0.45210254192352295,0.025735437870025635,0.7575,0.032866477966308594,0.06970595568418503,settling_time,14.100000000000001,nan,0.012050759047269821
Robust Residual PPO,Velocity noise 0.10 m/s,noise,1043,True,0.5623252391815186,0.034072354435920715,0.705,0.029413223266601562,0.07419613748788834,settling_time,19.900000000000002,nan,0.02012838050723076
Robust Residual PPO,Velocity noise 0.10 m/s,noise,1044,True,0.6026141047477722,0.026569636538624763,0.7225,0.0388331413269043,0.07404706627130508,settling_time,17.35,nan,0.03438938781619072
Robust Residual PPO,Velocity noise 0.10 m/s,noise,1045,True,0.23827522993087769,0.02067715860903263,0.825,0.04206562042236328,0.07784914970397949,settling_time,14.0,nan,0.02353953756392002
Robust Residual PPO,Velocity noise 0.10 m/s,noise,1046,True,0.6365830898284912,0.03283139690756798,0.6875,0.04129624366760254,0.07770140469074249,settling_time,18.25,nan,0.013224868103861809
Robust Residual PPO,Velocity noise 0.10 m/s,noise,1047,True,0.3391420543193817,0.03091120906174183,0.74,0.029623031616210938,0.07966426759958267,settling_time,19.1,nan,0.05556033179163933
Robust Residual PPO,Velocity noise 0.10 m/s,noise,1048,True,0.34040430188179016,0.029190607368946075,0.785,0.04352378845214844,0.079474076628685,settling_time,17.900000000000002,nan,0.035632919520139694
Robust Residual PPO,Velocity noise 0.10 m/s,noise,1049,True,0.5361670255661011,0.03531084954738617,0.7175,0.028268814086914062,0.07240377366542816,settling_time,16.05,nan,0.016093987971544266
Robust Residual PPO,Velocity noise 0.10 m/s,noise,1050,True,0.4353516399860382,0.023517416790127754,0.705,0.03955554962158203,0.07628276944160461,settling_time,19.25,nan,0.02991298772394657
Robust Residual PPO,Velocity noise 0.10 m/s,noise,1051,True,0.25882798433303833,0.029800018295645714,0.785,0.07449007034301758,0.08368932455778122,settling_time,19.450000000000003,nan,0.010718313977122307
Robust Residual PPO,Velocity noise 0.10 m/s,noise,1052,False,0.4736899733543396,0.030286436900496483,0.7125,0.03513073921203613,0.06841815263032913,settling_time,nan,nan,0.016802798956632614
Robust Residual PPO,Velocity noise 0.10 m/s,noise,1053,True,0.24270910024642944,0.028174666687846184,0.785,0.0454859733581543,0.08046762645244598,settling_time,15.450000000000001,nan,0.015491236001253128
Robust Residual PPO,Velocity noise 0.10 m/s,noise,1054,True,0.6436617374420166,0.03342786058783531,0.7275,0.024714946746826172,0.07206333428621292,settling_time,16.95,nan,0.0014482572441920638
Robust Residual PPO,Velocity noise 0.10 m/s,noise,1055,True,0.30278658866882324,0.014844407327473164,0.7775,0.0413966178894043,0.07679200917482376,settling_time,14.05,nan,0.015395484864711761
Robust Residual PPO,Velocity noise 0.10 m/s,noise,1056,True,0.23789535462856293,0.027977144345641136,0.81,0.018796443939208984,0.07545200735330582,settling_time,18.7,nan,0.003326090984046459
Robust Residual PPO,Velocity noise 0.10 m/s,noise,1057,True,0.4049522578716278,0.026399994269013405,0.765,0.039362430572509766,0.07357017695903778,settling_time,17.3,nan,0.006102726794779301
Robust Residual PPO,Velocity noise 0.10 m/s,noise,1058,True,0.6291223764419556,0.03158395737409592,0.695,0.04030251502990723,0.0788201242685318,settling_time,19.75,nan,0.026085956022143364
Robust Residual PPO,Velocity noise 0.10 m/s,noise,1059,True,0.3931792974472046,0.027353283017873764,0.77,0.026291847229003906,0.07838413864374161,settling_time,11.9,nan,0.026716971769928932
Robust Residual PPO,Velocity noise 0.10 m/s,noise,1060,True,0.2585332691669464,0.026922719553112984,0.775,0.04905223846435547,0.07564118504524231,settling_time,18.35,nan,0.018715741112828255
Robust Residual PPO,Velocity noise 0.10 m/s,noise,1061,True,0.30548757314682007,0.028130918741226196,0.775,0.04477834701538086,0.08085780590772629,settling_time,16.2,nan,0.021358488127589226
Robust Residual PPO,Velocity noise 0.10 m/s,noise,1062,True,0.3491697907447815,0.0238366536796093,0.7675,0.04365348815917969,0.07514859735965729,settling_time,17.5,nan,0.009649866260588169
Robust Residual PPO,Velocity noise 0.10 m/s,noise,1063,True,0.19784840941429138,0.0289611779153347,0.82,0.045504093170166016,0.07531289011240005,settling_time,19.650000000000002,nan,0.042487215250730515
Robust Residual PPO,Velocity noise 0.10 m/s,noise,1064,True,0.4620775878429413,0.028388040140271187,0.7175,0.034995079040527344,0.07341305166482925,settling_time,19.8,nan,0.025666657835245132
Robust Residual PPO,Velocity noise 0.10 m/s,noise,1065,True,0.21208137273788452,0.029938623309135437,0.81,0.03769254684448242,0.08052745461463928,settling_time,19.650000000000002,nan,0.01390567421913147
Robust Residual PPO,Velocity noise 0.10 m/s,noise,1066,True,0.3881458342075348,0.026118913665413857,0.7475,0.015386462211608887,0.07351123541593552,settling_time,19.0,nan,0.015305660665035248
Robust Residual PPO,Velocity noise 0.10 m/s,noise,1067,True,0.25095334649086,0.026319198310375214,0.785,0.02838897705078125,0.08665911853313446,settling_time,18.7,nan,0.008989071473479271
Robust Residual PPO,Velocity noise 0.10 m/s,noise,1068,True,0.23866409063339233,0.026292886584997177,0.7575,0.04242992401123047,0.08226149529218674,settling_time,19.8,nan,0.026953620836138725
Robust Residual PPO,Velocity noise 0.10 m/s,noise,1069,True,0.23740893602371216,0.02191494219005108,0.775,0.032932281494140625,0.08959406614303589,settling_time,19.35,nan,0.023145098239183426
Robust Residual PPO,Velocity noise 0.10 m/s,noise,1070,True,0.5290045738220215,0.03274921700358391,0.7375,0.04192209243774414,0.0753914937376976,settling_time,14.05,nan,0.044854991137981415
Robust Residual PPO,Velocity noise 0.10 m/s,noise,1071,True,0.5095916390419006,0.024353815242648125,0.7275,0.027342796325683594,0.07362911105155945,settling_time,19.55,nan,0.03797897323966026
Robust Residual PPO,Velocity noise 0.10 m/s,noise,1072,True,0.4137037992477417,0.02851334773004055,0.7275,0.06291341781616211,0.07603996992111206,settling_time,17.05,nan,0.03154103085398674
Robust Residual PPO,Velocity noise 0.10 m/s,noise,1073,True,0.5218212604522705,0.02953367307782173,0.7275,0.02674579620361328,0.07294699549674988,settling_time,18.0,nan,0.008482486940920353
Robust Residual PPO,Velocity noise 0.10 m/s,noise,1074,True,0.17891663312911987,0.025530802085995674,0.8,0.03272581100463867,0.08144815266132355,settling_time,18.7,nan,0.03239122033119202
Robust Residual PPO,Velocity noise 0.10 m/s,noise,1075,True,0.3135802149772644,0.028544921427965164,0.755,0.03217196464538574,0.08339660614728928,settling_time,19.950000000000003,nan,0.05097556486725807
Robust Residual PPO,Velocity noise 0.10 m/s,noise,1076,True,0.4917050898075104,0.028372880071401596,0.73,0.02604198455810547,0.08028075098991394,settling_time,19.6,nan,0.05848781764507294
Robust Residual PPO,Velocity noise 0.10 m/s,noise,1077,True,0.2608638405799866,0.03242310881614685,0.745,0.04818081855773926,0.06918254494667053,settling_time,19.75,nan,0.04073195159435272
Robust Residual PPO,Velocity noise 0.10 m/s,noise,1078,True,0.22866593301296234,0.024981161579489708,0.8125,0.035239219665527344,0.09289558231830597,settling_time,13.9,nan,0.019276568666100502
Robust Residual PPO,Velocity noise 0.10 m/s,noise,1079,True,0.2815280854701996,0.021666420623660088,0.755,0.03808116912841797,0.08178691565990448,settling_time,19.650000000000002,nan,0.03684431314468384
Robust Residual PPO,Velocity noise 0.10 m/s,noise,1080,True,0.24863514304161072,0.02899341844022274,0.7575,0.04906940460205078,0.07621145248413086,settling_time,18.95,nan,0.006658339407294989
Robust Residual PPO,Velocity noise 0.10 m/s,noise,1081,True,0.44391927123069763,0.032676950097084045,0.7225,0.09076499938964844,0.07465505599975586,settling_time,19.900000000000002,nan,0.039149682968854904
Robust Residual PPO,Velocity noise 0.10 m/s,noise,1082,True,0.2801721692085266,0.029646379873156548,0.7825,0.03996419906616211,0.07310181111097336,settling_time,18.8,nan,0.03240763396024704
Robust Residual PPO,Velocity noise 0.10 m/s,noise,1083,True,0.410914808511734,0.03485798463225365,0.75,0.07079839706420898,0.07481507211923599,settling_time,19.900000000000002,nan,0.020510045811533928
Robust Residual PPO,Velocity noise 0.10 m/s,noise,1084,True,0.3010910749435425,0.025865675881505013,0.7325,0.05182600021362305,0.08090485632419586,settling_time,19.8,nan,0.01719982922077179
Robust Residual PPO,Velocity noise 0.10 m/s,noise,1085,True,0.2228907346725464,0.03204862400889397,0.8,0.040869712829589844,0.0875009149312973,settling_time,19.5,nan,0.04079410433769226
Robust Residual PPO,Velocity noise 0.10 m/s,noise,1086,True,0.2848297357559204,0.024589423090219498,0.795,0.027977943420410156,0.0806552842259407,settling_time,16.8,nan,0.015555379912257195
Robust Residual PPO,Velocity noise 0.10 m/s,noise,1087,True,0.4228808879852295,0.028766315430402756,0.7375,0.03558039665222168,0.0768631100654602,settling_time,16.3,nan,0.032411567866802216
Robust Residual PPO,Velocity noise 0.10 m/s,noise,1088,True,0.43350327014923096,0.027364833280444145,0.7425,0.04281282424926758,0.08218848705291748,settling_time,19.6,nan,0.012746271677315235
Robust Residual PPO,Velocity noise 0.10 m/s,noise,1089,True,0.6190131306648254,0.028686676174402237,0.69,0.017335891723632812,0.06893084943294525,settling_time,19.85,nan,0.02250717766582966
Robust Residual PPO,Velocity noise 0.10 m/s,noise,1090,True,0.31298407912254333,0.027797332033514977,0.7825,0.03785371780395508,0.08004169911146164,settling_time,16.0,nan,0.02849769964814186
Robust Residual PPO,Velocity noise 0.10 m/s,noise,1091,True,0.6173690557479858,0.024655450135469437,0.7225,0.02084970474243164,0.07335247099399567,settling_time,5.95,nan,0.024342462420463562
Robust Residual PPO,Velocity noise 0.10 m/s,noise,1092,True,0.614035964012146,0.030703777447342873,0.6775,0.045536041259765625,0.077751025557518,settling_time,15.700000000000001,nan,0.04541655629873276
Robust Residual PPO,Velocity noise 0.10 m/s,noise,1093,True,0.2768143117427826,0.028531234711408615,0.78,0.059685707092285156,0.07693249732255936,settling_time,19.700000000000003,nan,0.013980194926261902
Robust Residual PPO,Velocity noise 0.10 m/s,noise,1094,True,0.27048271894454956,0.024433337152004242,0.7825,0.03129124641418457,0.08390116691589355,settling_time,11.100000000000001,nan,0.02337026596069336
Robust Residual PPO,Velocity noise 0.10 m/s,noise,1095,True,0.39062443375587463,0.02768976241350174,0.765,0.023122310638427734,0.07495564222335815,settling_time,18.35,nan,0.0232881810516119
Robust Residual PPO,Velocity noise 0.10 m/s,noise,1096,True,0.23048821091651917,0.023208854719996452,0.82,0.03363370895385742,0.08066998422145844,settling_time,18.1,nan,0.04127173870801926
Robust Residual PPO,Velocity noise 0.10 m/s,noise,1097,True,0.3715069591999054,0.0293862484395504,0.7625,0.046512603759765625,0.08025725185871124,settling_time,19.700000000000003,nan,0.0467386431992054
Robust Residual PPO,Velocity noise 0.10 m/s,noise,1098,True,0.4062618613243103,0.027891023084521294,0.76,0.02962636947631836,0.07469148933887482,settling_time,18.35,nan,0.007277968805283308
Robust Residual PPO,Velocity noise 0.10 m/s,noise,1099,True,0.6199747920036316,0.03265754133462906,0.6825,0.026732444763183594,0.08184605836868286,settling_time,19.650000000000002,nan,0.04843379929661751
Nominal Residual PPO,Delay 400 ms,delay,1000,True,0.3511994779109955,0.00652408367022872,0.815,0.005020618438720703,7.664474833291024e-05,settling_time,3.7,nan,0.005022109020501375
Nominal Residual PPO,Delay 400 ms,delay,1001,True,0.3597765862941742,0.006080725695937872,0.81,0.0018796920776367188,8.273794810520485e-05,settling_time,4.0,nan,0.0019462797790765762
Nominal Residual PPO,Delay 400 ms,delay,1002,True,0.45651525259017944,0.012586512602865696,0.7875,0.007996559143066406,7.416962762363255e-05,settling_time,4.25,nan,0.00799969956278801
Nominal Residual PPO,Delay 400 ms,delay,1003,True,0.5358532667160034,0.012187591753900051,0.7775,0.005273342132568359,7.914078014437109e-05,settling_time,4.45,nan,0.005274147726595402
Nominal Residual PPO,Delay 400 ms,delay,1004,True,0.604546308517456,0.010540302842855453,0.7625,0.004314899444580078,8.721173799131066e-05,settling_time,5.15,nan,0.00144737190566957
Nominal Residual PPO,Delay 400 ms,delay,1005,True,0.591485857963562,0.009847164154052734,0.775,0.002986907958984375,8.333933510584757e-05,settling_time,4.5,nan,0.0030095630791038275
Nominal Residual PPO,Delay 400 ms,delay,1006,True,0.4260159730911255,0.007151605561375618,0.8,0.003119945526123047,7.925394311314449e-05,settling_time,4.0,nan,0.0031399184372276068
Nominal Residual PPO,Delay 400 ms,delay,1007,True,0.6329820156097412,0.013781209476292133,0.755,0.006885051727294922,7.619320967933163e-05,settling_time,4.9,nan,0.006885721813887358
Nominal Residual PPO,Delay 400 ms,delay,1008,True,0.5224252343177795,0.008598800748586655,0.785,0.002443075180053711,8.232515392592177e-05,settling_time,4.3,nan,0.0022718231193721294
Nominal Residual PPO,Delay 400 ms,delay,1009,True,0.5465412735939026,0.009104166179895401,0.77,0.008794248104095459,8.459553646389395e-05,settling_time,5.0,nan,0.0007771778618916869
Nominal Residual PPO,Delay 400 ms,delay,1010,True,0.6529281139373779,0.01896364614367485,0.7375,0.009753227233886719,7.044510130072013e-05,settling_time,5.25,nan,0.00976216048002243
Nominal Residual PPO,Delay 400 ms,delay,1011,True,0.4426766335964203,0.007248421665281057,0.795,0.0023363828659057617,8.044762216741219e-05,settling_time,4.55,nan,0.0022200222592800856
Nominal Residual PPO,Delay 400 ms,delay,1012,True,0.4512350559234619,0.006860444322228432,0.8,0.0024518966674804688,8.14542654552497e-05,settling_time,4.0,nan,0.0024901682045310736
Nominal Residual PPO,Delay 400 ms,delay,1013,True,0.3017439842224121,0.007996993139386177,0.825,0.007195472717285156,8.281573536805809e-05,settling_time,3.7,nan,0.007196712773293257
Nominal Residual PPO,Delay 400 ms,delay,1014,True,0.4450359046459198,0.0138096883893013,0.7875,0.009549140930175781,7.092221494531259e-05,settling_time,4.25,nan,0.00955740176141262
Nominal Residual PPO,Delay 400 ms,delay,1015,True,0.4529130458831787,0.011018780991435051,0.79,0.006872653961181641,7.436680607497692e-05,settling_time,4.2,nan,0.006873308215290308
Nominal Residual PPO,Delay 400 ms,delay,1016,True,0.4863132834434509,0.009685568511486053,0.7875,0.003719329833984375,7.874891889514402e-05,settling_time,4.25,nan,0.003729761578142643
Nominal Residual PPO,Delay 400 ms,delay,1017,True,0.24491438269615173,0.009467137046158314,0.85,0.01033782958984375,7.084375829435885e-05,settling_time,3.0,nan,0.010348971001803875
Nominal Residual PPO,Delay 400 ms,delay,1018,True,0.3528805375099182,0.01025956030935049,0.81,0.009313583374023438,7.171515608206391e-05,settling_time,3.8000000000000003,nan,0.009320849552750587
Nominal Residual PPO,Delay 400 ms,delay,1019,True,0.5075075030326843,0.011275791563093662,0.7825,0.004983425140380859,7.761891174595803e-05,settling_time,4.3500000000000005,nan,0.004985067993402481
Nominal Residual PPO,Delay 400 ms,delay,1020,True,0.30704179406166077,0.004681981168687344,0.82,0.006228625774383545,7.84735384513624e-05,settling_time,4.0,nan,0.0009145904914475977
Nominal Residual PPO,Delay 400 ms,delay,1021,True,0.5284044146537781,0.01744936779141426,0.7725,0.010530471801757812,7.683532021474093e-05,settling_time,4.55,nan,0.010542264208197594
Nominal Residual PPO,Delay 400 ms,delay,1022,True,0.6781188249588013,0.013259858824312687,0.75,0.006315708160400391,7.873406866565347e-05,settling_time,5.0,nan,0.0063157775439321995
Nominal Residual PPO,Delay 400 ms,delay,1023,True,0.5351402163505554,0.015534388832747936,0.7725,0.009669303894042969,7.425554940709844e-05,settling_time,4.55,nan,0.009677983820438385
Nominal Residual PPO,Delay 400 ms,delay,1024,True,0.45033857226371765,0.008640007115900517,0.795,0.003902912139892578,8.104035077849403e-05,settling_time,4.55,nan,0.00391131779178977
Nominal Residual PPO,Delay 400 ms,delay,1025,True,0.20014925301074982,0.0035149746108800173,0.855,0.0047490596771240234,7.782384636811912e-05,settling_time,2.9000000000000004,nan,0.0016914814477786422
Nominal Residual PPO,Delay 400 ms,delay,1026,True,0.50006103515625,0.0086457384750247,0.785,0.003062009811401367,8.085260196821764e-05,settling_time,4.75,nan,0.002026529982686043
Nominal Residual PPO,Delay 400 ms,delay,1027,True,0.6290493607521057,0.013517193496227264,0.755,0.006039619445800781,7.530031143687665e-05,settling_time,4.9,nan,0.006039619445800781
Nominal Residual PPO,Delay 400 ms,delay,1028,True,0.23138673603534698,0.0072859120555222034,0.845,0.007232189178466797,7.471028948202729e-05,settling_time,3.1,nan,0.007233015261590481
Nominal Residual PPO,Delay 400 ms,delay,1029,True,0.22682294249534607,0.00306110130622983,0.8575,0.00915294885635376,7.723566523054615e-05,settling_time,2.85,nan,0.0007776133134029806
Nominal Residual PPO,Delay 400 ms,delay,1030,True,0.5867597460746765,0.01642584800720215,0.765,0.00868988037109375,8.074536162894219e-05,settling_time,4.7,nan,0.008695042692124844
Nominal Residual PPO,Delay 400 ms,delay,1031,True,0.347296804189682,0.007221922744065523,0.83,0.007093906402587891,7.878715405240655e-05,settling_time,3.4000000000000004,nan,0.007094940636307001
Nominal Residual PPO,Delay 400 ms,delay,1032,True,0.2496819794178009,0.010049199685454369,0.845,0.010584831237792969,7.381411705864593e-05,settling_time,3.1,nan,0.010596890933811665
Nominal Residual PPO,Delay 400 ms,delay,1033,True,0.29036661982536316,0.009189803153276443,0.84,0.009781837463378906,7.235383964143693e-05,settling_time,3.2,nan,0.009790986776351929
Nominal Residual PPO,Delay 400 ms,delay,1034,True,0.1928655058145523,0.003973307553678751,0.8475,0.0006527900695800781,7.28864106349647e-05,settling_time,3.0500000000000003,nan,0.0009263911633752286
Nominal Residual PPO,Delay 400 ms,delay,1035,True,0.4955241084098816,0.014387207105755806,0.7775,0.008432388305664062,7.32951593818143e-05,settling_time,4.45,nan,0.00843680091202259
Nominal Residual PPO,Delay 400 ms,delay,1036,True,0.4874393045902252,0.00998123362660408,0.79,0.005297660827636719,7.790163363097236e-05,settling_time,4.2,nan,0.005298411939293146
Nominal Residual PPO,Delay 400 ms,delay,1037,True,0.47342291474342346,0.011626115068793297,0.7875,0.006519317626953125,7.665995508432388e-05,settling_time,4.25,nan,0.006519543472677469
Nominal Residual PPO,Delay 400 ms,delay,1038,True,0.47369521856307983,0.009200162254273891,0.79,0.004173755645751953,8.425588748650625e-05,settling_time,4.6000000000000005,nan,0.00417979946359992
Nominal Residual PPO,Delay 400 ms,delay,1039,True,0.1947951763868332,0.006013081409037113,0.855,0.005914211273193359,7.20294556231238e-05,settling_time,2.9000000000000004,nan,0.005914230365306139
Nominal Residual PPO,Delay 400 ms,delay,1040,True,0.2537287771701813,0.007326146587729454,0.845,0.007622718811035156,7.335191912716255e-05,settling_time,3.1,nan,0.00762487668544054
Nominal Residual PPO,Delay 400 ms,delay,1041,True,0.20660629868507385,0.008822599425911903,0.8525,0.009412765502929688,7.194295176304877e-05,settling_time,2.95,nan,0.009420533664524555
Nominal Residual PPO,Delay 400 ms,delay,1042,True,0.44642892479896545,0.01039260346442461,0.795,0.006164073944091797,7.62447016313672e-05,settling_time,4.1000000000000005,nan,0.0061640869826078415
Nominal Residual PPO,Delay 400 ms,delay,1043,True,0.5533671975135803,0.011638586409389973,0.7775,0.004225730895996094,8.414425246883184e-05,settling_time,4.9,nan,0.004231396596878767
Nominal Residual PPO,Delay 400 ms,delay,1044,True,0.5868483185768127,0.008250733837485313,0.77,0.010596632957458496,8.591063669882715e-05,settling_time,5.0,nan,0.0007362556643784046
Nominal Residual PPO,Delay 400 ms,delay,1045,True,0.23082824051380157,0.007658910937607288,0.85,0.007714271545410156,7.47647718526423e-05,settling_time,3.0,nan,0.007716630585491657
Nominal Residual PPO,Delay 400 ms,delay,1046,True,0.6249476075172424,0.013882700353860855,0.7575,0.007009983062744141,7.597156945848837e-05,settling_time,4.8500000000000005,nan,0.007010860368609428
Nominal Residual PPO,Delay 400 ms,delay,1047,True,0.3230445683002472,0.0054873693734407425,0.82,0.0034546852111816406,7.777701830491424e-05,settling_time,4.05,nan,0.003468669019639492
Nominal Residual PPO,Delay 400 ms,delay,1048,True,0.33629751205444336,0.010316019877791405,0.825,0.010033607482910156,7.61330738896504e-05,settling_time,3.5,nan,0.010043504647910595
Nominal Residual PPO,Delay 400 ms,delay,1049,True,0.5276448130607605,0.014761587604880333,0.77,0.008315086364746094,7.250085764098912e-05,settling_time,4.6000000000000005,nan,0.008319122716784477
Nominal Residual PPO,Delay 400 ms,delay,1050,True,0.42992785573005676,0.014497430995106697,0.79,0.010572433471679688,7.196034130174667e-05,settling_time,4.2,nan,0.010584421455860138
Nominal Residual PPO,Delay 400 ms,delay,1051,True,0.25236424803733826,0.004781382158398628,0.835,0.001964092254638672,7.747209747321904e-05,settling_time,3.6,nan,0.002025413094088435
Nominal Residual PPO,Delay 400 ms,delay,1052,True,0.4646739363670349,0.009521150030195713,0.79,0.004425048828125,7.759295840514824e-05,settling_time,4.2,nan,0.0044293212704360485
Nominal Residual PPO,Delay 400 ms,delay,1053,True,0.23874543607234955,0.008592410013079643,0.845,0.008851051330566406,7.493588054785505e-05,settling_time,3.1,nan,0.008856821805238724
Nominal Residual PPO,Delay 400 ms,delay,1054,True,0.6319197416305542,0.012157528661191463,0.76,0.005136013031005859,7.821598410373554e-05,settling_time,4.800000000000001,nan,0.005137184634804726
Nominal Residual PPO,Delay 400 ms,delay,1055,True,0.2923755347728729,0.007301324512809515,0.8275,0.006249904632568359,8.333628647960722e-05,settling_time,3.6500000000000004,nan,0.00624994607642293
Nominal Residual PPO,Delay 400 ms,delay,1056,True,0.2353532314300537,0.005869443994015455,0.835,0.004901885986328125,7.422431372106075e-05,settling_time,3.3000000000000003,nan,0.004903767723590136
Nominal Residual PPO,Delay 400 ms,delay,1057,True,0.39502182602882385,0.0067061446607112885,0.8075,0.0034346580505371094,7.882665522629395e-05,settling_time,3.85,nan,0.003449010197073221
Nominal Residual PPO,Delay 400 ms,delay,1058,True,0.6229822039604187,0.013291926123201847,0.7625,0.005054950714111328,8.144952880684286e-05,settling_time,4.75,nan,0.005056335125118494
Nominal Residual PPO,Delay 400 ms,delay,1059,True,0.3865201473236084,0.007262023631483316,0.81,0.004595279693603516,7.893398287706077e-05,settling_time,3.8000000000000003,nan,0.004598525818437338
Nominal Residual PPO,Delay 400 ms,delay,1060,True,0.24892066419124603,0.009371698834002018,0.835,0.009838104248046875,7.501278014387935e-05,settling_time,3.3000000000000003,nan,0.009847409091889858
Nominal Residual PPO,Delay 400 ms,delay,1061,True,0.29176345467567444,0.004872199613600969,0.83,0.0031108856201171875,7.562648534076288e-05,settling_time,3.4000000000000004,nan,0.003130935365334153
Nominal Residual PPO,Delay 400 ms,delay,1062,True,0.3416465222835541,0.008924894966185093,0.8225,0.008166313171386719,7.731741789029911e-05,settling_time,3.5500000000000003,nan,0.008169963955879211
Nominal Residual PPO,Delay 400 ms,delay,1063,True,0.19133642315864563,0.003438374027609825,0.87,0.0031104087829589844,6.868578202556819e-05,settling_time,2.6,nan,0.0031302999705076218
Nominal Residual PPO,Delay 400 ms,delay,1064,True,0.44866275787353516,0.007294497452676296,0.7925,0.004898428916931152,8.210312807932496e-05,settling_time,4.6000000000000005,nan,0.00149204779881984
Nominal Residual PPO,Delay 400 ms,delay,1065,True,0.20281724631786346,0.008380662649869919,0.85,0.009038925170898438,7.238872785819694e-05,settling_time,3.2,nan,0.009045286104083061
Nominal Residual PPO,Delay 400 ms,delay,1066,True,0.3704523742198944,0.004650982096791267,0.805,0.010755479335784912,8.10136625659652e-05,settling_time,4.3,nan,0.0007343516917899251
Nominal Residual PPO,Delay 400 ms,delay,1067,True,0.24688318371772766,0.0027253550942987204,0.845,0.007252514362335205,7.134366751415655e-05,settling_time,3.1,nan,0.00077156099723652
Nominal Residual PPO,Delay 400 ms,delay,1068,True,0.22645819187164307,0.0034413347020745277,0.8525,0.004288613796234131,7.761413144180551e-05,settling_time,2.95,nan,0.0017482461407780647
Nominal Residual PPO,Delay 400 ms,delay,1069,True,0.22272475063800812,0.0026145430747419596,0.8525,0.001556396484375,6.65599072817713e-05,settling_time,2.95,nan,0.0016489623812958598
Nominal Residual PPO,Delay 400 ms,delay,1070,True,0.5107681751251221,0.0067326826974749565,0.7925,0.007887601852416992,8.759977936279029e-05,settling_time,4.15,nan,0.001075785723514855
Nominal Residual PPO,Delay 400 ms,delay,1071,True,0.4957634210586548,0.007698460482060909,0.7925,0.002379894256591797,8.303398499265313e-05,settling_time,4.15,nan,0.0024208310060203075
Nominal Residual PPO,Delay 400 ms,delay,1072,True,0.4038792848587036,0.011617973446846008,0.8,0.009441375732421875,7.141497917473316e-05,settling_time,4.0,nan,0.0094492482021451
Nominal Residual PPO,Delay 400 ms,delay,1073,True,0.5038877129554749,0.010795175097882748,0.7875,0.006426811218261719,7.886789535405114e-05,settling_time,4.25,nan,0.006426956504583359
Nominal Residual PPO,Delay 400 ms,delay,1074,True,0.17668962478637695,0.009494299069046974,0.8625,0.010504722595214844,7.000331243034452e-05,settling_time,2.75,nan,0.010516433045268059
Nominal Residual PPO,Delay 400 ms,delay,1075,True,0.294375479221344,0.0034471929538995028,0.8475,0.004163980484008789,7.739925786154345e-05,settling_time,3.0500000000000003,nan,0.0013775354018434882
Nominal Residual PPO,Delay 400 ms,delay,1076,True,0.4880763590335846,0.014648391865193844,0.7825,0.008980751037597656,7.528206333518028e-05,settling_time,4.3500000000000005,nan,0.0089870011433959
Nominal Residual PPO,Delay 400 ms,delay,1077,True,0.2516670525074005,0.005356595851480961,0.8375,0.00237274169921875,7.487331458833069e-05,settling_time,3.25,nan,0.0024139878805726767
Nominal Residual PPO,Delay 400 ms,delay,1078,True,0.21916048228740692,0.004405898042023182,0.8375,0.0010790824890136719,8.134388917824253e-05,settling_time,3.3000000000000003,nan,0.0012369615724310279
Nominal Residual PPO,Delay 400 ms,delay,1079,True,0.27066680788993835,0.009422092698514462,0.85,0.01027679443359375,7.10200474713929e-05,settling_time,3.0,nan,0.010287647135555744
Nominal Residual PPO,Delay 400 ms,delay,1080,True,0.23583605885505676,0.005809287540614605,0.8575,0.0059757232666015625,7.124697003746405e-05,settling_time,2.85,nan,0.0059757293201982975
Nominal Residual PPO,Delay 400 ms,delay,1081,True,0.4210703372955322,0.0057748062536120415,0.81,0.0035338401794433594,8.258493471657857e-05,settling_time,3.8000000000000003,nan,0.0035467513371258974
Nominal Residual PPO,Delay 400 ms,delay,1082,True,0.26848292350769043,0.005401534494012594,0.83,0.0039463043212890625,7.635019574081525e-05,settling_time,3.8000000000000003,nan,0.0039543588645756245
Nominal Residual PPO,Delay 400 ms,delay,1083,True,0.39632296562194824,0.004609748721122742,0.81,0.009744346141815186,8.296855230582878e-05,settling_time,3.8000000000000003,nan,0.0007991220918484032
Nominal Residual PPO,Delay 400 ms,delay,1084,True,0.29500213265419006,0.008135038428008556,0.82,0.00738525390625,7.879796612542123e-05,settling_time,3.6,nan,0.007386885583400726
Nominal Residual PPO,Delay 400 ms,delay,1085,True,0.2135556936264038,0.007433450315147638,0.85,0.007630348205566406,7.247271423693746e-05,settling_time,3.0,nan,0.0076325424015522
Nominal Residual PPO,Delay 400 ms,delay,1086,True,0.2740575671195984,0.008628650568425655,0.835,0.00850820541381836,7.812666444806382e-05,settling_time,3.6,nan,0.008512397296726704
Nominal Residual PPO,Delay 400 ms,delay,1087,True,0.409891813993454,0.007479230407625437,0.805,0.004519462585449219,8.446007268503308e-05,settling_time,4.25,nan,0.004523176234215498
Nominal Residual PPO,Delay 400 ms,delay,1088,True,0.4214889109134674,0.01128031499683857,0.8075,0.009263992309570312,7.986171112861484e-05,settling_time,3.85,nan,0.009271159768104553
Nominal Residual PPO,Delay 400 ms,delay,1089,True,0.6080332398414612,0.013196014799177647,0.7625,0.006396770477294922,7.64907817938365e-05,settling_time,4.75,nan,0.00639689015224576
Nominal Residual PPO,Delay 400 ms,delay,1090,True,0.3020942509174347,0.005679747089743614,0.8225,0.0035066604614257812,7.869861292419955e-05,settling_time,3.85,nan,0.0035199220292270184
Nominal Residual PPO,Delay 400 ms,delay,1091,True,0.6141394972801208,0.0137878293171525,0.7625,0.0057353973388671875,8.067894668783993e-05,settling_time,4.75,nan,0.0057355179451406
Nominal Residual PPO,Delay 400 ms,delay,1092,True,0.6048381924629211,0.01188596710562706,0.765,0.003956317901611328,7.889344124123454e-05,settling_time,4.7,nan,0.003964230418205261
Nominal Residual PPO,Delay 400 ms,delay,1093,True,0.2651706337928772,0.008104625158011913,0.835,0.008208274841308594,7.385904609691352e-05,settling_time,3.3000000000000003,nan,0.008212010376155376
Nominal Residual PPO,Delay 400 ms,delay,1094,True,0.2618938088417053,0.004736884031444788,0.8325,0.0017018318176269531,7.630130130564794e-05,settling_time,3.7,nan,0.0017815765459090471
Nominal Residual PPO,Delay 400 ms,delay,1095,True,0.37403422594070435,0.006255538202822208,0.8075,0.003299713134765625,8.06180396466516e-05,settling_time,4.25,nan,0.0033162888139486313
Nominal Residual PPO,Delay 400 ms,delay,1096,True,0.22118519246578217,0.0031420125160366297,0.865,0.0025048255920410156,6.855346873635426e-05,settling_time,2.7,nan,0.002541149500757456
Nominal Residual PPO,Delay 400 ms,delay,1097,True,0.3581100404262543,0.005418285261839628,0.8125,0.0025305747985839844,7.907785766292363e-05,settling_time,4.2,nan,0.0025661643594503403
Nominal Residual PPO,Delay 400 ms,delay,1098,True,0.4023107886314392,0.01237472239881754,0.7975,0.009753227233886719,7.195542275439948e-05,settling_time,4.05,nan,0.009762066416442394
Nominal Residual PPO,Delay 400 ms,delay,1099,True,0.6111688613891602,0.013412769883871078,0.7575,0.006055355072021484,7.523854583268985e-05,settling_time,4.8500000000000005,nan,0.006055355072021484
Robust Residual PPO,Delay 400 ms,delay,1000,True,0.35270264744758606,0.005576597061008215,0.8225,0.009803295135498047,6.637166370637715e-05,settling_time,3.5500000000000003,nan,0.004668509587645531
Robust Residual PPO,Delay 400 ms,delay,1001,True,0.3541390895843506,0.005473502911627293,0.84,0.008776307106018066,7.609633757965639e-05,settling_time,3.2,nan,0.001938634435646236
Robust Residual PPO,Delay 400 ms,delay,1002,True,0.4554763734340668,0.006840906571596861,0.7925,0.009302854537963867,5.6218355894088745e-05,settling_time,4.15,nan,0.0030051330104470253
Robust Residual PPO,Delay 400 ms,delay,1003,True,0.5336076617240906,0.00731732277199626,0.785,0.00916147232055664,6.704833504045382e-05,settling_time,4.3,nan,0.0021633587311953306
Robust Residual PPO,Delay 400 ms,delay,1004,True,0.6011265516281128,0.007648593280464411,0.7825,0.009046316146850586,8.231375977629796e-05,settling_time,4.3500000000000005,nan,0.003372201696038246
Robust Residual PPO,Delay 400 ms,delay,1005,True,0.5931546092033386,0.007649573963135481,0.7825,0.010154485702514648,7.887626270530745e-05,settling_time,4.3500000000000005,nan,0.0022317080292850733
Robust Residual PPO,Delay 400 ms,delay,1006,True,0.4275239408016205,0.005612058099359274,0.81,0.009695172309875488,7.255225500557572e-05,settling_time,3.8000000000000003,nan,0.0006448339554481208
Robust Residual PPO,Delay 400 ms,delay,1007,True,0.6350453495979309,0.011186981573700905,0.76,0.009913921356201172,6.162115460028872e-05,settling_time,4.800000000000001,nan,0.005794877652078867
Robust Residual PPO,Delay 400 ms,delay,1008,True,0.5242757201194763,0.006277797278016806,0.795,0.010057449340820312,7.94917723396793e-05,settling_time,4.1000000000000005,nan,0.003716327017173171
Robust Residual PPO,Delay 400 ms,delay,1009,True,0.5454111099243164,0.006588834337890148,0.79,0.009192824363708496,8.130450441967696e-05,settling_time,4.2,nan,0.004788718651980162
Robust Residual PPO,Delay 400 ms,delay,1010,True,0.6543578505516052,0.015861736610531807,0.7375,0.00967860221862793,4.9243182729696855e-05,settling_time,5.25,nan,0.005061122123152018
Robust Residual PPO,Delay 400 ms,delay,1011,True,0.4440017640590668,0.0056580123491585255,0.8075,0.009585380554199219,7.519964128732681e-05,settling_time,3.85,nan,0.0007807032088749111
Robust Residual PPO,Delay 400 ms,delay,1012,True,0.45302653312683105,0.005701933056116104,0.8075,0.010073184967041016,7.846504013286904e-05,settling_time,3.85,nan,0.0006094220443628728
Robust Residual PPO,Delay 400 ms,delay,1013,True,0.29511114954948425,0.005762736778706312,0.8475,0.008743047714233398,6.098669473431073e-05,settling_time,3.0500000000000003,nan,0.0036187064833939075
Robust Residual PPO,Delay 400 ms,delay,1014,True,0.4465264081954956,0.007683728355914354,0.79,0.009708404541015625,5.015334681957029e-05,settling_time,4.2,nan,0.004148504696786404
Robust Residual PPO,Delay 400 ms,delay,1015,True,0.454475998878479,0.006428058259189129,0.795,0.009781599044799805,5.949992555542849e-05,settling_time,4.1000000000000005,nan,0.002384777646511793
Robust Residual PPO,Delay 400 ms,delay,1016,True,0.4866625964641571,0.0060199471190571785,0.795,0.009432315826416016,6.952413968974724e-05,settling_time,4.1000000000000005,nan,0.002529467921704054
Robust Residual PPO,Delay 400 ms,delay,1017,True,0.24433442950248718,0.006681879051029682,0.85,0.010768890380859375,5.594494359684177e-05,settling_time,3.0,nan,0.005761838983744383
Robust Residual PPO,Delay 400 ms,delay,1018,True,0.35306859016418457,0.006574690341949463,0.8125,0.009407281875610352,5.070022598374635e-05,settling_time,3.75,nan,0.0047044712118804455
Robust Residual PPO,Delay 400 ms,delay,1019,True,0.5073150992393494,0.006723370868712664,0.7875,0.009361743927001953,6.600417691515759e-05,settling_time,4.25,nan,0.0024024415761232376
Robust Residual PPO,Delay 400 ms,delay,1020,True,0.30340397357940674,0.0055039552971720695,0.84,0.009088754653930664,7.480141357518733e-05,settling_time,3.2,nan,0.001872469438239932
Robust Residual PPO,Delay 400 ms,delay,1021,True,0.523745596408844,0.01000350620597601,0.7725,0.009054183959960938,5.570196299231611e-05,settling_time,4.55,nan,0.005915591027587652
Robust Residual PPO,Delay 400 ms,delay,1022,True,0.6800732612609863,0.011827431619167328,0.755,0.009997129440307617,6.566564115928486e-05,settling_time,4.9,nan,0.00589112238958478
Robust Residual PPO,Delay 400 ms,delay,1023,True,0.5366538763046265,0.009557776153087616,0.775,0.01008152961730957,5.52426754438784e-05,settling_time,4.5,nan,0.005484759341925383
Robust Residual PPO,Delay 400 ms,delay,1024,True,0.44752323627471924,0.005529686342924833,0.805,0.009076833724975586,7.08527077222243e-05,settling_time,3.9000000000000004,nan,0.0004122594837099314
Robust Residual PPO,Delay 400 ms,delay,1025,True,0.2016051709651947,0.005214758682996035,0.865,0.010105490684509277,7.108030695235357e-05,settling_time,2.7,nan,0.0037815715186297894
Robust Residual PPO,Delay 400 ms,delay,1026,True,0.5015600323677063,0.0061178989708423615,0.795,0.009671688079833984,7.629039464518428e-05,settling_time,4.1000000000000005,nan,0.003528176574036479
Robust Residual PPO,Delay 400 ms,delay,1027,True,0.6305102705955505,0.011072281748056412,0.76,0.009708166122436523,6.17029145359993e-05,settling_time,4.800000000000001,nan,0.005416335538029671
Robust Residual PPO,Delay 400 ms,delay,1028,True,0.22934862971305847,0.005595864728093147,0.85,0.009187936782836914,5.580558718065731e-05,settling_time,3.0,nan,0.0034069805406033993
Robust Residual PPO,Delay 400 ms,delay,1029,True,0.22667281329631805,0.005524992011487484,0.865,0.010969758033752441,8.052003249758855e-05,settling_time,2.7,nan,0.004733342677354813
Robust Residual PPO,Delay 400 ms,delay,1030,True,0.5822173953056335,0.010268663056194782,0.77,0.008941411972045898,6.234356987988576e-05,settling_time,4.6000000000000005,nan,0.005150797311216593
Robust Residual PPO,Delay 400 ms,delay,1031,True,0.34724995493888855,0.0057358150370419025,0.8325,0.010914802551269531,6.994977593421936e-05,settling_time,3.35,nan,0.005736419465392828
Robust Residual PPO,Delay 400 ms,delay,1032,True,0.2437313348054886,0.006865592673420906,0.85,0.008904695510864258,5.110445272293873e-05,settling_time,3.0,nan,0.0059234085492789745
Robust Residual PPO,Delay 400 ms,delay,1033,True,0.29001086950302124,0.006505958735942841,0.84,0.010737419128417969,5.8778023230843246e-05,settling_time,3.2,nan,0.006298552267253399
Robust Residual PPO,Delay 400 ms,delay,1034,True,0.18560250103473663,0.005248590372502804,0.88,0.0095750093460083,7.640109834028408e-05,settling_time,2.4000000000000004,nan,0.002982965437695384
Robust Residual PPO,Delay 400 ms,delay,1035,True,0.49507758021354675,0.008202626369893551,0.78,0.009424924850463867,5.4718100727768615e-05,settling_time,4.4,nan,0.0037502304185181856
Robust Residual PPO,Delay 400 ms,delay,1036,True,0.48923277854919434,0.006246412638574839,0.795,0.010100603103637695,6.848066550446674e-05,settling_time,4.1000000000000005,nan,0.0022976608015596867
Robust Residual PPO,Delay 400 ms,delay,1037,True,0.4716220498085022,0.0064127035439014435,0.7925,0.009164094924926758,6.175049929879606e-05,settling_time,4.15,nan,0.0023026142735034227
Robust Residual PPO,Delay 400 ms,delay,1038,True,0.469062477350235,0.005708747543394566,0.805,0.008986711502075195,7.367924990830943e-05,settling_time,3.9000000000000004,nan,0.0007124657859094441
Robust Residual PPO,Delay 400 ms,delay,1039,True,0.19498685002326965,0.005202789790928364,0.86,0.009631633758544922,5.802415398648009e-05,settling_time,2.8000000000000003,nan,0.0022040309850126505
Robust Residual PPO,Delay 400 ms,delay,1040,True,0.2540879547595978,0.005853611510246992,0.8475,0.010678291320800781,6.16422767052427e-05,settling_time,3.0500000000000003,nan,0.004248422104865313
Robust Residual PPO,Delay 400 ms,delay,1041,True,0.2047169804573059,0.006254904437810183,0.855,0.009369373321533203,5.0316804845351726e-05,settling_time,2.9000000000000004,nan,0.004601600114256144
Robust Residual PPO,Delay 400 ms,delay,1042,True,0.44561567902565,0.005982091650366783,0.8,0.00925445556640625,6.174347799969837e-05,settling_time,4.0,nan,0.0018188547110185027
Robust Residual PPO,Delay 400 ms,delay,1043,True,0.5493295788764954,0.006886201445013285,0.7875,0.009021759033203125,7.385486242128536e-05,settling_time,4.25,nan,0.002525170799344778
Robust Residual PPO,Delay 400 ms,delay,1044,True,0.5887463688850403,0.007328472100198269,0.7875,0.009951353073120117,8.634827099740505e-05,settling_time,4.25,nan,0.004712236579507589
Robust Residual PPO,Delay 400 ms,delay,1045,True,0.22628901898860931,0.005720874760299921,0.855,0.009200096130371094,5.6690019846428186e-05,settling_time,2.9000000000000004,nan,0.003417704487219453
Robust Residual PPO,Delay 400 ms,delay,1046,True,0.6269998550415039,0.011027753353118896,0.76,0.00996851921081543,6.131233385531232e-05,settling_time,4.800000000000001,nan,0.005726207047700882
Robust Residual PPO,Delay 400 ms,delay,1047,True,0.3226605951786041,0.005309855565428734,0.83,0.00924992561340332,6.829847552580759e-05,settling_time,3.4000000000000004,nan,0.004878706764429808
Robust Residual PPO,Delay 400 ms,delay,1048,True,0.3300135135650635,0.006883508525788784,0.83,0.00875091552734375,5.488046372192912e-05,settling_time,3.4000000000000004,nan,0.006472346838563681
Robust Residual PPO,Delay 400 ms,delay,1049,True,0.5289942026138306,0.009306040592491627,0.775,0.009669780731201172,5.3980445954948664e-05,settling_time,4.5,nan,0.004501632414758205
Robust Residual PPO,Delay 400 ms,delay,1050,True,0.42755770683288574,0.007779110223054886,0.79,0.009264945983886719,4.9882757593877614e-05,settling_time,4.2,nan,0.004803632386028767
Robust Residual PPO,Delay 400 ms,delay,1051,True,0.24629054963588715,0.005106640513986349,0.86,0.009364128112792969,7.307762280106544e-05,settling_time,2.8000000000000003,nan,0.0032136745285242796
Robust Residual PPO,Delay 400 ms,delay,1052,True,0.4654134511947632,0.005881881806999445,0.7975,0.009479999542236328,6.709219451295212e-05,settling_time,4.05,nan,0.0018558987649157643
Robust Residual PPO,Delay 400 ms,delay,1053,True,0.2344169169664383,0.006125921383500099,0.85,0.009087800979614258,5.386286284192465e-05,settling_time,3.0,nan,0.004601395223289728
Robust Residual PPO,Delay 400 ms,delay,1054,True,0.6340019702911377,0.010254786349833012,0.765,0.009987831115722656,6.777124508516863e-05,settling_time,4.7,nan,0.004319497384130955
Robust Residual PPO,Delay 400 ms,delay,1055,True,0.28572291135787964,0.005476468242704868,0.85,0.008864641189575195,6.282977119553834e-05,settling_time,3.0,nan,0.002612871350720525
Robust Residual PPO,Delay 400 ms,delay,1056,True,0.228342667222023,0.004947012290358543,0.8675,0.00906062126159668,6.404946907423437e-05,settling_time,2.6500000000000004,nan,0.001748675131238997
Robust Residual PPO,Delay 400 ms,delay,1057,True,0.3957458436489105,0.005478458479046822,0.815,0.009444713592529297,7.01163153280504e-05,settling_time,3.7,nan,0.002738784998655319
Robust Residual PPO,Delay 400 ms,delay,1058,True,0.6199467778205872,0.009772635996341705,0.7675,0.009131669998168945,7.045109668979421e-05,settling_time,4.65,nan,0.0031479699537158012
Robust Residual PPO,Delay 400 ms,delay,1059,True,0.3844372630119324,0.005433792248368263,0.8175,0.009137392044067383,6.707916327286512e-05,settling_time,3.6500000000000004,nan,0.003695972729474306
Robust Residual PPO,Delay 400 ms,delay,1060,True,0.2417221963405609,0.006419703830033541,0.86,0.008516311645507812,5.214102566242218e-05,settling_time,2.8000000000000003,nan,0.004424785729497671
Robust Residual PPO,Delay 400 ms,delay,1061,True,0.29299211502075195,0.005389656871557236,0.8375,0.009599924087524414,6.865750037832186e-05,settling_time,3.25,nan,0.004019463434815407
Robust Residual PPO,Delay 400 ms,delay,1062,True,0.33614468574523926,0.006164380349218845,0.8275,0.008875846862792969,5.9065470850327983e-05,settling_time,3.45,nan,0.005814181640744209
Robust Residual PPO,Delay 400 ms,delay,1063,True,0.189664825797081,0.005191703327000141,0.8725,0.011513829231262207,7.499498315155506e-05,settling_time,2.5500000000000003,nan,0.0018267526756972075
Robust Residual PPO,Delay 400 ms,delay,1064,True,0.44877007603645325,0.005625006277114153,0.8075,0.009334325790405273,7.685761374887079e-05,settling_time,3.85,nan,0.0011690284591168165
Robust Residual PPO,Delay 400 ms,delay,1065,True,0.19545459747314453,0.00609591556712985,0.87,0.009341955184936523,5.6185781431850046e-05,settling_time,2.6,nan,0.0036648137029260397
Robust Residual PPO,Delay 400 ms,delay,1066,True,0.3721230626106262,0.0058668628334999084,0.825,0.009745359420776367,8.150254870997742e-05,settling_time,3.5,nan,0.004857836291193962
Robust Residual PPO,Delay 400 ms,delay,1067,True,0.2438821941614151,0.005623526405543089,0.86,0.011802434921264648,8.400621300097555e-05,settling_time,2.8000000000000003,nan,0.003834955394268036
Robust Residual PPO,Delay 400 ms,delay,1068,True,0.22705486416816711,0.005354288499802351,0.86,0.010734915733337402,7.59977992856875e-05,settling_time,2.8000000000000003,nan,0.0034686888102442026
Robust Residual PPO,Delay 400 ms,delay,1069,True,0.21813875436782837,0.005334431305527687,0.865,0.012218832969665527,8.083854481810704e-05,settling_time,2.7,nan,0.0011955410009250045
Robust Residual PPO,Delay 400 ms,delay,1070,True,0.5119273662567139,0.005859703756868839,0.8025,0.01033639907836914,8.884802082320675e-05,settling_time,3.95,nan,0.0026966112200170755
Robust Residual PPO,Delay 400 ms,delay,1071,True,0.49731534719467163,0.00584100466221571,0.8,0.01022958755493164,8.079578401520848e-05,settling_time,4.0,nan,0.0025001682806760073
Robust Residual PPO,Delay 400 ms,delay,1072,True,0.40555453300476074,0.006888152100145817,0.8,0.009907722473144531,5.206401692703366e-05,settling_time,4.0,nan,0.003862929530441761
Robust Residual PPO,Delay 400 ms,delay,1073,True,0.5052423477172852,0.006501828785985708,0.7925,0.010291099548339844,6.795305671403185e-05,settling_time,4.15,nan,0.002451539970934391
Robust Residual PPO,Delay 400 ms,delay,1074,True,0.1725422888994217,0.006657528690993786,0.865,0.009645462036132812,4.997142241336405e-05,settling_time,2.7,nan,0.0048482902348041534
Robust Residual PPO,Delay 400 ms,delay,1075,True,0.29331517219543457,0.005552866030484438,0.85,0.011391401290893555,8.408294524997473e-05,settling_time,3.0,nan,0.0026716666761785746
Robust Residual PPO,Delay 400 ms,delay,1076,True,0.48481935262680054,0.007934952154755592,0.785,0.009123086929321289,5.6362798204645514e-05,settling_time,4.3,nan,0.003914847504347563
Robust Residual PPO,Delay 400 ms,delay,1077,True,0.24511034786701202,0.004680202808231115,0.8575,0.008469939231872559,6.61595695419237e-05,settling_time,2.85,nan,0.0011274879798293114
Robust Residual PPO,Delay 400 ms,delay,1078,True,0.2122580111026764,0.005082245450466871,0.8725,0.009342193603515625,7.376038411166519e-05,settling_time,2.5500000000000003,nan,0.002126193605363369
Robust Residual PPO,Delay 400 ms,delay,1079,True,0.2685162425041199,0.006594638340175152,0.8475,0.011303424835205078,6.078872684156522e-05,settling_time,3.0500000000000003,nan,0.005539091303944588
Robust Residual PPO,Delay 400 ms,delay,1080,True,0.23475471138954163,0.005383166018873453,0.8575,0.011349201202392578,6.886215851409361e-05,settling_time,2.85,nan,0.002256681676954031
Robust Residual PPO,Delay 400 ms,delay,1081,True,0.4220094680786133,0.005554663483053446,0.8175,0.010535478591918945,8.012152829905972e-05,settling_time,3.6500000000000004,nan,0.0033014738000929356
Robust Residual PPO,Delay 400 ms,delay,1082,True,0.265787273645401,0.005204521119594574,0.845,0.009181976318359375,6.518961890833452e-05,settling_time,3.1,nan,0.00202645780518651
Robust Residual PPO,Delay 400 ms,delay,1083,True,0.3978036940097809,0.005867060739547014,0.8225,0.01017153263092041,8.532569336239249e-05,settling_time,3.5500000000000003,nan,0.004425402265042067
Robust Residual PPO,Delay 400 ms,delay,1084,True,0.28828713297843933,0.005696235690265894,0.85,0.008517026901245117,5.880984099349007e-05,settling_time,3.0,nan,0.0032411660067737103
Robust Residual PPO,Delay 400 ms,delay,1085,True,0.21328768134117126,0.005673201289027929,0.8525,0.009425640106201172,5.387272176449187e-05,settling_time,2.95,nan,0.003443067194893956
Robust Residual PPO,Delay 400 ms,delay,1086,True,0.26740166544914246,0.00610874081030488,0.85,0.008928060531616211,5.76991806156002e-05,settling_time,3.0,nan,0.004389617592096329
Robust Residual PPO,Delay 400 ms,delay,1087,True,0.4045651853084564,0.005650210659950972,0.8225,0.008999109268188477,7.337289571296424e-05,settling_time,3.5500000000000003,nan,0.004715770483016968
Robust Residual PPO,Delay 400 ms,delay,1088,True,0.4156845510005951,0.006884679663926363,0.8125,0.008771896362304688,5.932911153649911e-05,settling_time,3.75,nan,0.004587365314364433
Robust Residual PPO,Delay 400 ms,delay,1089,True,0.6100878715515137,0.010207976214587688,0.7675,0.009970903396606445,6.314725760603324e-05,settling_time,4.65,nan,0.0047156368382275105
Robust Residual PPO,Delay 400 ms,delay,1090,True,0.2963623106479645,0.005327505990862846,0.845,0.009165287017822266,7.10191743564792e-05,settling_time,3.1,nan,0.001777956378646195
Robust Residual PPO,Delay 400 ms,delay,1091,True,0.6109984517097473,0.009828523732721806,0.7675,0.009124279022216797,6.836590910097584e-05,settling_time,4.65,nan,0.0035690502263605595
Robust Residual PPO,Delay 400 ms,delay,1092,True,0.6047801375389099,0.009236371144652367,0.7725,0.009415149688720703,6.944873166503385e-05,settling_time,4.55,nan,0.00196162355132401
Robust Residual PPO,Delay 400 ms,delay,1093,True,0.26622092723846436,0.006013589445501566,0.8375,0.009612321853637695,5.403436443884857e-05,settling_time,3.25,nan,0.00559367798268795
Robust Residual PPO,Delay 400 ms,delay,1094,True,0.2562320828437805,0.005206204950809479,0.8575,0.00933694839477539,7.358141738222912e-05,settling_time,2.85,nan,0.0026175605598837137
Robust Residual PPO,Delay 400 ms,delay,1095,True,0.37133610248565674,0.0053376490250229836,0.8225,0.009083747863769531,7.130999438231811e-05,settling_time,3.5500000000000003,nan,0.004602321423590183
Robust Residual PPO,Delay 400 ms,delay,1096,True,0.21790367364883423,0.005242940038442612,0.8675,0.011916041374206543,7.904224912635982e-05,settling_time,2.6500000000000004,nan,0.002139515010640025
Robust Residual PPO,Delay 400 ms,delay,1097,True,0.3590904474258423,0.005461352877318859,0.8225,0.009495019912719727,7.265447493409738e-05,settling_time,3.5500000000000003,nan,0.004700749181210995
Robust Residual PPO,Delay 400 ms,delay,1098,True,0.40129178762435913,0.006955921184271574,0.8,0.009293317794799805,5.045354919275269e-05,settling_time,4.0,nan,0.004097416996955872
Robust Residual PPO,Delay 400 ms,delay,1099,True,0.6125410199165344,0.010537984780967236,0.765,0.009678840637207031,6.155735172796994e-05,settling_time,4.7,nan,0.004896966274827719
Nominal Residual PPO,Vision loss 1.0 s,vision,1000,True,0.3604832348959857,0.007800962918619208,0.79,0.022220730781555176,0.00017689909145701677,recovery_time,0.20000000000000018,0.03328115493059158,0.00503683602437377
Nominal Residual PPO,Vision loss 1.0 s,vision,1001,True,0.3757386075964414,0.015790476501939783,0.7925,0.06553041934967041,0.00018666814139578491,recovery_time,0.15000000000000036,0.11760880053043365,0.001964986091479659
Nominal Residual PPO,Vision loss 1.0 s,vision,1002,True,0.46127294987980977,0.010979147508731224,0.785,0.007978439331054688,0.00016163203690666705,recovery_time,0.2999999999999998,0.11120335757732391,0.007981553673744202
Nominal Residual PPO,Vision loss 1.0 s,vision,1003,True,0.5426732642591009,0.015804825071467583,0.7825,0.005248069763183594,0.00015510972298216075,recovery_time,0.35000000000000053,0.15953369438648224,0.005248927511274815
Nominal Residual PPO,Vision loss 1.0 s,vision,1004,True,0.615113724467441,0.01868175736250122,0.7775,0.0013027191162109375,0.000163887525559403,recovery_time,0.4500000000000002,0.1909848153591156,0.0014246340142562985
Nominal Residual PPO,Vision loss 1.0 s,vision,1005,True,0.6014072429466867,0.015531794618414602,0.78,0.0029668807983398438,0.00015548252849839628,recovery_time,0.40000000000000036,0.171873539686203,0.002990111242979765
Nominal Residual PPO,Vision loss 1.0 s,vision,1006,True,0.4355456374432516,0.004352897894319338,0.7875,0.0031175613403320312,0.0001585666905157268,recovery_time,0.25,0.05889308825135231,0.0031375319231301546
Nominal Residual PPO,Vision loss 1.0 s,vision,1007,True,0.6375358536781275,0.022891525813937573,0.77,0.006853580474853516,0.0001696244435152039,recovery_time,0.6000000000000005,0.26244667172431946,0.006854186300188303
Nominal Residual PPO,Vision loss 1.0 s,vision,1008,True,0.5326811141017415,0.010053043586872413,0.785,0.0022096633911132812,0.00015105886268429458,recovery_time,0.2999999999999998,0.11753930896520615,0.0022582211531698704
Nominal Residual PPO,Vision loss 1.0 s,vision,1009,True,0.557011655166606,0.01428530831285859,0.7825,0.0003266334533691406,0.00014630641089752316,recovery_time,0.35000000000000053,0.14714470505714417,0.0007713019149377942
Nominal Residual PPO,Vision loss 1.0 s,vision,1010,True,0.6528525045162834,0.029903204483245575,0.755,0.009710311889648438,0.0001969678996829316,recovery_time,0.9000000000000004,0.36809080839157104,0.009719033725559711
Nominal Residual PPO,Vision loss 1.0 s,vision,1011,True,0.45275234918409285,0.005345886663367597,0.7875,0.0021653175354003906,0.00015236141916830093,recovery_time,0.25,0.07106141000986099,0.002215878339484334
Nominal Residual PPO,Vision loss 1.0 s,vision,1012,True,0.4624915777572266,0.0037097284717927457,0.7875,0.002449512481689453,0.00016143621178343892,recovery_time,0.25,0.06325874477624893,0.0024878480471670628
Nominal Residual PPO,Vision loss 1.0 s,vision,1013,True,0.3152201995141476,0.011093410842500926,0.795,0.00717926025390625,6.680110527668148e-05,recovery_time,0.10000000000000053,0.09206057339906693,0.007180469110608101
Nominal Residual PPO,Vision loss 1.0 s,vision,1014,True,0.44811386383412943,0.011074974200727249,0.785,0.00954437255859375,0.0001654660445638001,recovery_time,0.2999999999999998,0.1073032096028328,0.009552571922540665
Nominal Residual PPO,Vision loss 1.0 s,vision,1015,True,0.45818274753389254,0.008607211103432315,0.7875,0.006860256195068359,0.00016067798424046487,recovery_time,0.25,0.09288037568330765,0.0068608978763222694
Nominal Residual PPO,Vision loss 1.0 s,vision,1016,True,0.49389711433133693,0.010161783670988814,0.785,0.003704547882080078,0.0001489319110987708,recovery_time,0.2999999999999998,0.1120496615767479,0.0037151318974792957
Nominal Residual PPO,Vision loss 1.0 s,vision,1017,True,0.2545929162550142,0.010629865218173756,0.8425,0.010333061218261719,3.9925886085256934e-05,recovery_time,0.0,0.06847957521677017,0.010344104841351509
Nominal Residual PPO,Vision loss 1.0 s,vision,1018,True,0.35752892313382606,0.0102971612408586,0.79,0.009847879409790039,0.00018397248641122133,recovery_time,0.20000000000000018,0.04454828426241875,0.00931615848094225
Nominal Residual PPO,Vision loss 1.0 s,vision,1019,True,0.5137901515459347,0.013048365830742207,0.785,0.004962921142578125,0.0001497714256402105,recovery_time,0.2999999999999998,0.1353168487548828,0.004964628256857395
Nominal Residual PPO,Vision loss 1.0 s,vision,1020,True,0.3190288823917746,0.013235631310361057,0.7925,0.06257617473602295,0.00016929475532379001,recovery_time,0.15000000000000036,0.08808644860982895,0.0009258370264433324
Nominal Residual PPO,Vision loss 1.0 s,vision,1021,True,0.5342917706270656,0.02016520385485339,0.78,0.010498046875,0.00017540095723234117,recovery_time,0.40000000000000036,0.19125090539455414,0.010509729385375977
Nominal Residual PPO,Vision loss 1.0 s,vision,1022,True,0.6836290521435546,0.02284748577570586,0.7625,0.006285667419433594,0.00018777594959829003,recovery_time,0.75,0.29615315794944763,0.006285715848207474
Nominal Residual PPO,Vision loss 1.0 s,vision,1023,True,0.5407747062670274,0.017640246719633077,0.78,0.00965118408203125,0.00016506880638189614,recovery_time,0.40000000000000036,0.17580005526542664,0.009659724310040474
Nominal Residual PPO,Vision loss 1.0 s,vision,1024,True,0.46014982228367396,0.008133485854431709,0.7875,0.0038957595825195312,0.000159943854669109,recovery_time,0.25,0.0924595519900322,0.0039041873533278704
Nominal Residual PPO,Vision loss 1.0 s,vision,1025,True,0.20746522858913985,0.005537448841900802,0.8575,0.0016012191772460938,3.9325801481027156e-05,recovery_time,0.0,0.04026050865650177,0.0016900907503440976
Nominal Residual PPO,Vision loss 1.0 s,vision,1026,True,0.509133313498825,0.009919119783122203,0.785,0.0019512176513671875,0.00014498061500489712,recovery_time,0.2999999999999998,0.11130281537771225,0.002013535238802433
Nominal Residual PPO,Vision loss 1.0 s,vision,1027,True,0.6322737514358626,0.022735057592538577,0.7675,0.006006717681884766,0.0001687585754552856,recovery_time,0.6500000000000004,0.26146164536476135,0.006006721407175064
Nominal Residual PPO,Vision loss 1.0 s,vision,1028,True,0.23958808629307723,0.008850507870268176,0.8475,0.007218360900878906,4.52729691460263e-05,recovery_time,0.0,0.06179499253630638,0.007219632621854544
Nominal Residual PPO,Vision loss 1.0 s,vision,1029,True,0.2369102946765159,0.005674835046655256,0.8575,0.00034046173095703125,4.211720442981459e-05,recovery_time,0.0,0.04787250980734825,0.0007763464818708599
Nominal Residual PPO,Vision loss 1.0 s,vision,1030,True,0.5938551796635877,0.023317642005384113,0.7775,0.0086517333984375,0.00018146693764720112,recovery_time,0.4500000000000002,0.22280097007751465,0.008656785823404789
Nominal Residual PPO,Vision loss 1.0 s,vision,1031,True,0.35983591902666967,0.007948203014270294,0.7975,0.007091522216796875,6.436680268961936e-05,recovery_time,0.04999999999999982,0.06482801586389542,0.007092536427080631
Nominal Residual PPO,Vision loss 1.0 s,vision,1032,True,0.25975267911493394,0.011766218206172258,0.8,0.010575294494628906,4.634563811123371e-05,recovery_time,0.0,0.07960359752178192,0.010587257333099842
Nominal Residual PPO,Vision loss 1.0 s,vision,1033,True,0.30091039538862774,0.010778621661419659,0.8,0.009778022766113281,4.6924200432840735e-05,recovery_time,0.0,0.07571586966514587,0.009787078946828842
Nominal Residual PPO,Vision loss 1.0 s,vision,1034,True,0.20444945792957167,0.007148266406079717,0.8525,0.0006475448608398438,4.880626511294395e-05,recovery_time,0.0,0.059810712933540344,0.000923566403798759
Nominal Residual PPO,Vision loss 1.0 s,vision,1035,True,0.49923680326775643,0.01527155833124736,0.7825,0.008410453796386719,0.00015576508303638548,recovery_time,0.35000000000000053,0.1502046287059784,0.0084147984161973
Nominal Residual PPO,Vision loss 1.0 s,vision,1036,True,0.49537478206602253,0.00849326643058494,0.785,0.005285739898681641,0.00016119606152642518,recovery_time,0.2999999999999998,0.10096445679664612,0.00528651662170887
Nominal Residual PPO,Vision loss 1.0 s,vision,1037,True,0.479641970692492,0.011047023907176785,0.785,0.006502628326416016,0.00015851132047828287,recovery_time,0.2999999999999998,0.11616946011781693,0.006502844393253326
Nominal Residual PPO,Vision loss 1.0 s,vision,1038,True,0.4853750825875019,0.00983195339723636,0.7875,0.0041637420654296875,0.00016892827989067882,recovery_time,0.25,0.1098191887140274,0.00416980218142271
Nominal Residual PPO,Vision loss 1.0 s,vision,1039,True,0.20168668274233476,0.007433916381537579,0.86,0.0059051513671875,3.709663724293932e-05,recovery_time,0.0,0.050682008266448975,0.005905174650251865
Nominal Residual PPO,Vision loss 1.0 s,vision,1040,True,0.26292050271312445,0.008804897128352172,0.845,0.0076084136962890625,4.1801362385740504e-05,recovery_time,0.0,0.06193403899669647,0.0076105305925011635
Nominal Residual PPO,Vision loss 1.0 s,vision,1041,True,0.2140910658350443,0.009965646008073311,0.855,0.009401321411132812,3.808561450568959e-05,recovery_time,0.0,0.06221335381269455,0.009409014135599136
Nominal Residual PPO,Vision loss 1.0 s,vision,1042,True,0.4528384162862314,0.00871327475096454,0.7875,0.006152629852294922,0.00016013729327823967,recovery_time,0.25,0.09358791261911392,0.006152641959488392
Nominal Residual PPO,Vision loss 1.0 s,vision,1043,True,0.5630126534385502,0.015866984300984047,0.7825,0.004200458526611328,0.00016431693802587688,recovery_time,0.35000000000000053,0.16220764815807343,0.00420628534629941
Nominal Residual PPO,Vision loss 1.0 s,vision,1044,True,0.5983194997645528,0.014252437883712393,0.78,0.00013256072998046875,0.0001490648865001276,recovery_time,0.40000000000000036,0.16114960610866547,0.0007361610769294202
Nominal Residual PPO,Vision loss 1.0 s,vision,1045,True,0.24005315592897422,0.0094723267030759,0.8475,0.007691383361816406,4.542706301435828e-05,recovery_time,0.0,0.06732502579689026,0.007693704217672348
Nominal Residual PPO,Vision loss 1.0 s,vision,1046,True,0.6295286551979492,0.022843662756684986,0.77,0.0069789886474609375,0.0001667153846938163,recovery_time,0.6000000000000005,0.2551327347755432,0.006979792844504118
Nominal Residual PPO,Vision loss 1.0 s,vision,1047,True,0.33325556411021995,0.010353138015525018,0.7925,0.04044699668884277,0.00017365181702189147,recovery_time,0.15000000000000036,0.06029558554291725,0.003483125241473317
Nominal Residual PPO,Vision loss 1.0 s,vision,1048,True,0.3462482759716487,0.010806345243563774,0.795,0.010028839111328125,7.399274909403175e-05,recovery_time,0.10000000000000053,0.08006057143211365,0.010038764216005802
Nominal Residual PPO,Vision loss 1.0 s,vision,1049,True,0.5306566884258467,0.01849235887732367,0.78,0.008286476135253906,0.00015119760064408183,recovery_time,0.40000000000000036,0.18016907572746277,0.00829041376709938
Nominal Residual PPO,Vision loss 1.0 s,vision,1050,True,0.4337044563779244,0.011881739426458992,0.7875,0.010564804077148438,0.00017309526447206736,recovery_time,0.25,0.10860014706850052,0.010576773434877396
Nominal Residual PPO,Vision loss 1.0 s,vision,1051,True,0.26391128256924545,0.007988424774464256,0.8425,0.0019540786743164062,4.877279934589751e-05,recovery_time,0.0,0.0676339864730835,0.0020160572603344917
Nominal Residual PPO,Vision loss 1.0 s,vision,1052,True,0.47186691674586106,0.0085112467537901,0.7875,0.004412651062011719,0.00015248943236656487,recovery_time,0.25,0.09698153287172318,0.0044169798493385315
Nominal Residual PPO,Vision loss 1.0 s,vision,1053,True,0.24795030517279001,0.01024670595723288,0.845,0.008848190307617188,4.6452772949123755e-05,recovery_time,0.0,0.07045192271471024,0.00885388720780611
Nominal Residual PPO,Vision loss 1.0 s,vision,1054,True,0.6376297148670572,0.020995950602425286,0.7725,0.0051059722900390625,0.00016347281052730978,recovery_time,0.5499999999999998,0.24050618708133698,0.005107251927256584
Nominal Residual PPO,Vision loss 1.0 s,vision,1055,True,0.30564268825102875,0.01055269076931769,0.7975,0.006233692169189453,6.568153185071424e-05,recovery_time,0.04999999999999982,0.08858402818441391,0.006233727093786001
Nominal Residual PPO,Vision loss 1.0 s,vision,1056,True,0.24793534862793132,0.0088692162416194,0.8,0.0048885345458984375,5.2918065193807706e-05,recovery_time,0.0,0.07439086586236954,0.004890467971563339
Nominal Residual PPO,Vision loss 1.0 s,vision,1057,True,0.4048856459065277,0.005143873192070262,0.79,0.0034322738647460938,0.00016339338617399335,recovery_time,0.20000000000000018,0.0496155321598053,0.003446548944339156
Nominal Residual PPO,Vision loss 1.0 s,vision,1058,True,0.6297100976532203,0.02281230379919504,0.775,0.0050201416015625,0.00017305806977674365,recovery_time,0.5,0.23361444473266602,0.005021640099585056
Nominal Residual PPO,Vision loss 1.0 s,vision,1059,True,0.39644068284390604,0.007483233432629746,0.79,0.005569815635681152,0.0001702412700979039,recovery_time,0.20000000000000018,0.062007199972867966,0.004596091341227293
Nominal Residual PPO,Vision loss 1.0 s,vision,1060,True,0.2622879582815404,0.01157593916186756,0.7975,0.009828567504882812,5.1595990953501314e-05,recovery_time,0.04999999999999982,0.08547654747962952,0.00983778852969408
Nominal Residual PPO,Vision loss 1.0 s,vision,1061,True,0.3011684660276457,0.01270498573614724,0.7925,0.05972433090209961,0.00017358054174110293,recovery_time,0.15000000000000036,0.069098562002182,0.003152307588607073
Nominal Residual PPO,Vision loss 1.0 s,vision,1062,True,0.35196310459645724,0.014173878573575622,0.7925,0.038807034492492676,0.00019097882614005357,recovery_time,0.15000000000000036,0.08119586855173111,0.00819484144449234
Nominal Residual PPO,Vision loss 1.0 s,vision,1063,True,0.19987299875691378,0.005362414988268604,0.87,0.003108501434326172,3.337632733746432e-05,recovery_time,0.0,0.046601202338933945,0.0031285383738577366
Nominal Residual PPO,Vision loss 1.0 s,vision,1064,True,0.45968232282995525,0.006570897688586245,0.7875,0.0013751983642578125,0.0001499457866884768,recovery_time,0.25,0.08054247498512268,0.0014877425273880363
Nominal Residual PPO,Vision loss 1.0 s,vision,1065,True,0.2135635298262096,0.009843128830150922,0.845,0.009028434753417969,4.2346327973064035e-05,recovery_time,0.0,0.0674138069152832,0.009034744463860989
Nominal Residual PPO,Vision loss 1.0 s,vision,1066,True,0.3821968866057275,0.0048352534697965925,0.79,0.02191406488418579,0.00016367009084206074,recovery_time,0.20000000000000018,0.02955474890768528,0.0007333890534937382
Nominal Residual PPO,Vision loss 1.0 s,vision,1067,True,0.2587101374736743,0.006415546654183319,0.82,0.0,4.3125051888637245e-05,recovery_time,0.0,0.0641082301735878,0.0007728232885710895
Nominal Residual PPO,Vision loss 1.0 s,vision,1068,True,0.23557681263540015,0.0057427962725213185,0.855,0.0016636848449707031,4.258071567164734e-05,recovery_time,0.0,0.046322520822286606,0.0017468369333073497
Nominal Residual PPO,Vision loss 1.0 s,vision,1069,True,0.2329378471117667,0.005860677808122668,0.8425,0.0015544891357421875,3.84220365958754e-05,recovery_time,0.0,0.060212600976228714,0.0016475114971399307
Nominal Residual PPO,Vision loss 1.0 s,vision,1070,True,0.5254016783767548,0.006267956788049398,0.785,0.0008692741394042969,0.00016584608238190413,recovery_time,0.2999999999999998,0.09278086572885513,0.0010740874568000436
Nominal Residual PPO,Vision loss 1.0 s,vision,1071,True,0.5073570136721733,0.006607261018960951,0.785,0.0023741722106933594,0.00016043763025663793,recovery_time,0.2999999999999998,0.09150875359773636,0.0024153965059667826
Nominal Residual PPO,Vision loss 1.0 s,vision,1072,True,0.4082044065720978,0.00829250212558425,0.7875,0.009438514709472656,0.000181485345819965,recovery_time,0.25,0.0595361664891243,0.009446385316550732
Nominal Residual PPO,Vision loss 1.0 s,vision,1073,True,0.5126181571294172,0.009366268814228083,0.785,0.006414890289306641,0.00017203322204295546,recovery_time,0.2999999999999998,0.10980761796236038,0.006415025796741247
Nominal Residual PPO,Vision loss 1.0 s,vision,1074,True,0.1841990384864934,0.010205930774446556,0.8625,0.010499000549316406,3.576168819563463e-05,recovery_time,0.0,0.05824633687734604,0.01051062997430563
Nominal Residual PPO,Vision loss 1.0 s,vision,1075,True,0.3077446589196887,0.0072184114125132095,0.8,0.0012459754943847656,5.2410025091376156e-05,recovery_time,0.0,0.07006139308214188,0.001376428408548236
Nominal Residual PPO,Vision loss 1.0 s,vision,1076,True,0.4932662695501414,0.014608598006275175,0.785,0.008970260620117188,0.00016505956591572613,recovery_time,0.2999999999999998,0.14398881793022156,0.008976436220109463
Nominal Residual PPO,Vision loss 1.0 s,vision,1077,True,0.2654990244901755,0.009196728496909994,0.7975,0.0023603439331054688,5.890633838134818e-05,recovery_time,0.04999999999999982,0.08063669502735138,0.0024020837154239416
Nominal Residual PPO,Vision loss 1.0 s,vision,1078,True,0.2310614092134118,0.0077592985150697685,0.845,0.0010700225830078125,5.4350712161976844e-05,recovery_time,0.0,0.06514350324869156,0.0012297529028728604
Nominal Residual PPO,Vision loss 1.0 s,vision,1079,True,0.2823347504047526,0.011061780152182907,0.8,0.010272979736328125,4.492502557695843e-05,recovery_time,0.0,0.07885317504405975,0.010283739306032658
Nominal Residual PPO,Vision loss 1.0 s,vision,1080,True,0.24603412193251883,0.007588813778007296,0.85,0.005972385406494141,3.8559512177016586e-05,recovery_time,0.0,0.06015535816550255,0.0059723942540585995
Nominal Residual PPO,Vision loss 1.0 s,vision,1081,True,0.4344990363716196,0.0046414680871172025,0.79,0.010783553123474121,0.00018652407743502408,recovery_time,0.20000000000000018,0.03602069243788719,0.003561368677765131
Nominal Residual PPO,Vision loss 1.0 s,vision,1082,True,0.2779682465388039,0.006140749725877194,0.8275,0.003940105438232422,4.496267138165422e-05,recovery_time,0.0,0.05318741500377655,0.003948223311454058
Nominal Residual PPO,Vision loss 1.0 s,vision,1083,True,0.40947142903074724,0.003460657623333695,0.79,0.017145097255706787,0.00017037498764693737,recovery_time,0.20000000000000018,0.017645027488470078,0.0008017276995815337
Nominal Residual PPO,Vision loss 1.0 s,vision,1084,True,0.3088960414302163,0.011513483338797065,0.795,0.0073699951171875,6.328260496957228e-05,recovery_time,0.10000000000000053,0.09475782513618469,0.00737158814445138
Nominal Residual PPO,Vision loss 1.0 s,vision,1085,True,0.2208289436992094,0.00876146188571549,0.8525,0.007618904113769531,3.955014835810289e-05,recovery_time,0.0,0.05774015933275223,0.007621058728545904
Nominal Residual PPO,Vision loss 1.0 s,vision,1086,True,0.28617545387230015,0.0111108022838379,0.7975,0.008502006530761719,5.660141687258147e-05,recovery_time,0.04999999999999982,0.08481911569833755,0.008506608195602894
Nominal Residual PPO,Vision loss 1.0 s,vision,1087,True,0.4240066504104616,0.010574487443461244,0.79,0.015450239181518555,0.00018373772036284208,recovery_time,0.20000000000000018,0.09421536326408386,0.004519761074334383
Nominal Residual PPO,Vision loss 1.0 s,vision,1088,True,0.43153496856415285,0.012493591250699656,0.7875,0.009259223937988281,0.0001960707304533571,recovery_time,0.25,0.10189284384250641,0.009266459383070469
Nominal Residual PPO,Vision loss 1.0 s,vision,1089,True,0.6131199534136367,0.021412540933747434,0.775,0.006366252899169922,0.00015916007396299392,recovery_time,0.5,0.22963443398475647,0.006366346031427383
Nominal Residual PPO,Vision loss 1.0 s,vision,1090,True,0.3143380018275735,0.006989648722712552,0.7975,0.0035004615783691406,5.307954779709689e-05,recovery_time,0.04999999999999982,0.06996744126081467,0.003513789502903819
Nominal Residual PPO,Vision loss 1.0 s,vision,1091,True,0.6205860055445321,0.022955635054770045,0.775,0.005700588226318359,0.00017223697795998305,recovery_time,0.5,0.23111306130886078,0.005700740031898022
Nominal Residual PPO,Vision loss 1.0 s,vision,1092,True,0.6104382608181831,0.020494852727373225,0.775,0.003923892974853516,0.0001571873144712299,recovery_time,0.5,0.2156609147787094,0.003932138904929161
Nominal Residual PPO,Vision loss 1.0 s,vision,1093,True,0.2727962553368855,0.008585965728861953,0.8275,0.008185386657714844,4.346759305917658e-05,recovery_time,0.0,0.05521295219659805,0.008189084939658642
Nominal Residual PPO,Vision loss 1.0 s,vision,1094,True,0.2732854316996223,0.0074500892834532114,0.8375,0.0016932487487792969,4.670843554777093e-05,recovery_time,0.0,0.06512027233839035,0.0017737444723024964
Nominal Residual PPO,Vision loss 1.0 s,vision,1095,True,0.38577139052653053,0.007938307232772387,0.79,0.0159529447555542,0.00017007914721034467,recovery_time,0.20000000000000018,0.06211045756936073,0.0033241568598896265
Nominal Residual PPO,Vision loss 1.0 s,vision,1096,True,0.23123193381988458,0.005892504679862831,0.85,0.002502918243408203,3.752922566491179e-05,recovery_time,0.0,0.05727450177073479,0.0025394761469215155
Nominal Residual PPO,Vision loss 1.0 s,vision,1097,True,0.36887813595641294,0.006520471663855387,0.79,0.020673751831054688,0.00016783789033070207,recovery_time,0.20000000000000018,0.039174634963274,0.0025804038159549236
Nominal Residual PPO,Vision loss 1.0 s,vision,1098,True,0.4062911175486207,0.00982189450651656,0.7875,0.009748458862304688,0.00017648223729338497,recovery_time,0.25,0.07940399646759033,0.009757316671311855
Nominal Residual PPO,Vision loss 1.0 s,vision,1099,True,0.6146803575902924,0.022395249167175845,0.7725,0.006021976470947266,0.00016107768169604242,recovery_time,0.5499999999999998,0.24241997301578522,0.006021978799253702
Robust Residual PPO,Vision loss 1.0 s,vision,1000,True,0.36161290967613335,0.003445575412776695,0.7925,0.020208001136779785,0.00031070507247932255,recovery_time,0.15000000000000036,0.027653217315673828,0.002136485418304801
Robust Residual PPO,Vision loss 1.0 s,vision,1001,True,0.3688482983497654,0.0039453826940922055,0.795,0.02373325824737549,0.00024503879831172526,recovery_time,0.10000000000000053,0.06010979041457176,0.0006145412917248905
Robust Residual PPO,Vision loss 1.0 s,vision,1002,True,0.4594921444270107,0.005656071777857223,0.785,0.0018024444580078125,0.00027708057314157486,recovery_time,0.2999999999999998,0.1024119034409523,0.003980229143053293
Robust Residual PPO,Vision loss 1.0 s,vision,1003,True,0.5395488793527925,0.007230680651102236,0.78,0.0012478828430175781,0.00026960158720612526,recovery_time,0.40000000000000036,0.15093034505844116,0.0022904134821146727
Robust Residual PPO,Vision loss 1.0 s,vision,1004,True,0.6108271562085615,0.008617769633347986,0.77,0.0005040168762207031,0.0002831713645718992,recovery_time,0.6000000000000005,0.1778375655412674,0.0006595002487301826
Robust Residual PPO,Vision loss 1.0 s,vision,1005,True,0.6024690819275395,0.007500253929512757,0.7725,0.0008139610290527344,0.00026561995036900043,recovery_time,0.5499999999999998,0.17281517386436462,0.000987956766039133
Robust Residual PPO,Vision loss 1.0 s,vision,1006,True,0.43675487124994233,0.0019560937635534677,0.79,0.0008373260498046875,0.0002987035259138793,recovery_time,0.20000000000000018,0.056943196803331375,0.0010473958682268858
Robust Residual PPO,Vision loss 1.0 s,vision,1007,True,0.6392877206866329,0.013094573108059795,0.75,0.0015730857849121094,0.0002140406722901389,recovery_time,1.0,0.2674696445465088,0.003280604723840952
Robust Residual PPO,Vision loss 1.0 s,vision,1008,True,0.5340856506768558,0.004708122004938506,0.785,0.0006680488586425781,0.00028195808408781886,recovery_time,0.2999999999999998,0.11939023435115814,0.0006752385525032878
Robust Residual PPO,Vision loss 1.0 s,vision,1009,True,0.5550958890785841,0.006436912851448242,0.7825,0.00032329559326171875,0.00027685181703418493,recovery_time,0.35000000000000053,0.14107123017311096,0.0010657787788659334
Robust Residual PPO,Vision loss 1.0 s,vision,1010,True,0.65387901679641,0.020052934104358492,0.7325,0.0021772384643554688,0.00018274849571753293,recovery_time,1.3500000000000005,0.37542685866355896,0.005110029596835375
Robust Residual PPO,Vision loss 1.0 s,vision,1011,True,0.45374281977941766,0.0022808124436073047,0.7875,0.0006580352783203125,0.00029588534380309284,recovery_time,0.25,0.06861751526594162,0.0006613631267100573
Robust Residual PPO,Vision loss 1.0 s,vision,1012,True,0.4638433742761345,0.001790393073416323,0.7875,0.0007107257843017578,0.0003013495006598532,recovery_time,0.25,0.06415822356939316,0.0007491377764381468
Robust Residual PPO,Vision loss 1.0 s,vision,1013,True,0.3079165446633842,0.005542967287328959,0.7975,0.02052474021911621,0.00016991714073810726,recovery_time,0.04999999999999982,0.053634531795978546,0.0034778742119669914
Robust Residual PPO,Vision loss 1.0 s,vision,1014,True,0.44932982211481853,0.006366167172723065,0.785,0.002132415771484375,0.0002675428695511073,recovery_time,0.2999999999999998,0.10772736370563507,0.004979310091584921
Robust Residual PPO,Vision loss 1.0 s,vision,1015,True,0.45947178174751785,0.004671745028877926,0.7875,0.0015687942504882812,0.0002788410347420722,recovery_time,0.25,0.09314820915460587,0.0032694749534130096
Robust Residual PPO,Vision loss 1.0 s,vision,1016,True,0.49365524562185037,0.004589921898384447,0.785,0.0009505748748779297,0.00027927415794692934,recovery_time,0.2999999999999998,0.10807084292173386,0.0013776804553344846
Robust Residual PPO,Vision loss 1.0 s,vision,1017,True,0.25250369425249813,0.00612707908694061,0.7975,0.024424076080322266,0.00012060732842655852,recovery_time,0.04999999999999982,0.026826515793800354,0.0054741911590099335
Robust Residual PPO,Vision loss 1.0 s,vision,1018,True,0.3571412433880396,0.005441232905623268,0.79,0.008275508880615234,0.0003009034553542733,recovery_time,0.20000000000000018,0.02662072889506817,0.00480541680008173
Robust Residual PPO,Vision loss 1.0 s,vision,1019,True,0.5128787240769147,0.006040752646523735,0.7825,0.001194000244140625,0.0002690772817004472,recovery_time,0.35000000000000053,0.1313530057668686,0.0021089010406285524
Robust Residual PPO,Vision loss 1.0 s,vision,1020,True,0.31449015149483733,0.0031828801342352374,0.795,0.029516160488128662,0.00024169651442207396,recovery_time,0.10000000000000053,0.04395366460084915,0.0009235888137482107
Robust Residual PPO,Vision loss 1.0 s,vision,1021,True,0.5286000263498231,0.009957575979844991,0.7725,0.0023441314697265625,0.00027402627165429294,recovery_time,0.5499999999999998,0.17422273755073547,0.005596855655312538
Robust Residual PPO,Vision loss 1.0 s,vision,1022,True,0.6853198200206853,0.01470884859286425,0.745,0.0014591217041015625,0.00021208047110121697,recovery_time,1.1000000000000005,0.30053871870040894,0.0029260083101689816
Robust Residual PPO,Vision loss 1.0 s,vision,1023,True,0.5417944592613042,0.008855887540849561,0.77,0.002159595489501953,0.00024877069517970085,recovery_time,0.6000000000000005,0.17766299843788147,0.00505650183185935
Robust Residual PPO,Vision loss 1.0 s,vision,1024,True,0.456612554109459,0.003027403247237295,0.7875,0.0009860992431640625,0.0003029863000847399,recovery_time,0.25,0.07141874730587006,0.0014824558747932315
Robust Residual PPO,Vision loss 1.0 s,vision,1025,True,0.20810315730554396,0.0017572986446474006,0.8,0.017586588859558105,7.409093814203516e-05,recovery_time,0.0,0.021697791293263435,0.0006180721102282405
Robust Residual PPO,Vision loss 1.0 s,vision,1026,True,0.5103202326480364,0.004562143492105909,0.785,0.0006203651428222656,0.0002792801824398339,recovery_time,0.2999999999999998,0.11228306591510773,0.000622637802734971
Robust Residual PPO,Vision loss 1.0 s,vision,1027,True,0.6333745165048842,0.01328104584787681,0.75,0.0014014244079589844,0.0002135310205630958,recovery_time,1.0,0.26660096645355225,0.002760020550340414
Robust Residual PPO,Vision loss 1.0 s,vision,1028,True,0.23659961020889272,0.004890747115850406,0.7975,0.023139119148254395,0.00013842280895914882,recovery_time,0.04999999999999982,0.036235976964235306,0.0034966785460710526
Robust Residual PPO,Vision loss 1.0 s,vision,1029,True,0.23532738357067945,0.0016749837008953332,0.8,0.01679706573486328,6.825463060522452e-05,recovery_time,0.0,0.016826286911964417,0.0010710491333156824
Robust Residual PPO,Vision loss 1.0 s,vision,1030,True,0.58812771846687,0.011087554492500123,0.7625,0.00194549560546875,0.00027989374939352274,recovery_time,0.75,0.2053181529045105,0.004414967726916075
Robust Residual PPO,Vision loss 1.0 s,vision,1031,True,0.3586937411023408,0.00479765585238919,0.7925,0.037393927574157715,0.000276021019089967,recovery_time,0.15000000000000036,0.038026370108127594,0.003411018056795001
Robust Residual PPO,Vision loss 1.0 s,vision,1032,True,0.2529294011038774,0.0070245901263192995,0.7975,0.02248978614807129,0.00015031767543405294,recovery_time,0.04999999999999982,0.04291070997714996,0.005630979780107737
Robust Residual PPO,Vision loss 1.0 s,vision,1033,True,0.2992467765840284,0.006014551530961779,0.795,0.030237674713134766,0.000190259626833722,recovery_time,0.10000000000000053,0.03224463760852814,0.0051297377794981
Robust Residual PPO,Vision loss 1.0 s,vision,1034,True,0.19741374693600455,0.0017086741171014183,0.855,0.00633162260055542,4.165271820966154e-05,recovery_time,0.0,0.031020665541291237,0.0009118775487877429
Robust Residual PPO,Vision loss 1.0 s,vision,1035,True,0.4980077551914633,0.007657920611697978,0.78,0.0018892288208007812,0.00025663329870440066,recovery_time,0.40000000000000036,0.14674188196659088,0.0042575085535645485
Robust Residual PPO,Vision loss 1.0 s,vision,1036,True,0.49675588239992047,0.0042599945757773785,0.785,0.0012526512145996094,0.00028330631903372705,recovery_time,0.2999999999999998,0.10247493535280228,0.002303831512108445
Robust Residual PPO,Vision loss 1.0 s,vision,1037,True,0.47705945405840045,0.0052383648315354695,0.785,0.0014963150024414062,0.0002814030449371785,recovery_time,0.2999999999999998,0.10505954176187515,0.003052978776395321
Robust Residual PPO,Vision loss 1.0 s,vision,1038,True,0.4799969143262966,0.0034998542829399906,0.7875,0.0010356903076171875,0.0003194554301444441,recovery_time,0.25,0.07602280378341675,0.0016314445529133081
Robust Residual PPO,Vision loss 1.0 s,vision,1039,True,0.20087070266944745,0.0037608741430520025,0.8,0.018899083137512207,8.555423119105399e-05,recovery_time,0.0,0.02806517668068409,0.00268573104403913
Robust Residual PPO,Vision loss 1.0 s,vision,1040,True,0.26216282384331874,0.004706093273169372,0.7975,0.02571690082550049,0.0001406643132213503,recovery_time,0.04999999999999982,0.029088063165545464,0.00374005944468081
Robust Residual PPO,Vision loss 1.0 s,vision,1041,True,0.21102089948495667,0.005976937305767959,0.8,0.021117329597473145,0.00010882563219638541,recovery_time,0.0,0.03395130857825279,0.004886665381491184
Robust Residual PPO,Vision loss 1.0 s,vision,1042,True,0.4513195424326182,0.0041899738083978205,0.7875,0.0014252662658691406,0.0002874753263313323,recovery_time,0.25,0.0829484760761261,0.0028324571903795004
Robust Residual PPO,Vision loss 1.0 s,vision,1043,True,0.5580961797126144,0.006828991874067467,0.7825,0.0010466575622558594,0.0002944361767731607,recovery_time,0.35000000000000053,0.14298343658447266,0.001660942449234426
Robust Residual PPO,Vision loss 1.0 s,vision,1044,True,0.5997324320856614,0.007240003493409152,0.775,0.0002856254577636719,0.000269166543148458,recovery_time,0.5,0.1633230745792389,0.0011693600099533796
Robust Residual PPO,Vision loss 1.0 s,vision,1045,True,0.23469129730116206,0.005150309167552596,0.7975,0.021151185035705566,0.00012416210665833205,recovery_time,0.04999999999999982,0.03738805279135704,0.003791950875893235
Robust Residual PPO,Vision loss 1.0 s,vision,1046,True,0.6312454826115912,0.012710006193655674,0.75,0.0015974044799804688,0.0002159658761229366,recovery_time,1.0,0.2600419521331787,0.0033605711068958044
Robust Residual PPO,Vision loss 1.0 s,vision,1047,True,0.3321237217186493,0.003952277756422255,0.7925,0.03523516654968262,0.00030902682919986546,recovery_time,0.15000000000000036,0.04526488482952118,0.0012300967937335372
Robust Residual PPO,Vision loss 1.0 s,vision,1048,True,0.3396289921809866,0.007155795820878191,0.7925,0.02963733673095703,0.0002841042005456984,recovery_time,0.15000000000000036,0.052566368132829666,0.005268306005746126
Robust Residual PPO,Vision loss 1.0 s,vision,1049,True,0.531530868849187,0.00921734624485285,0.7675,0.0018663406372070312,0.00023726468498352915,recovery_time,0.6500000000000004,0.18291249871253967,0.004180367104709148
Robust Residual PPO,Vision loss 1.0 s,vision,1050,True,0.43058326919555934,0.006668902598934119,0.7875,0.0023517608642578125,0.0002784562238957733,recovery_time,0.25,0.09507986903190613,0.005626237019896507
Robust Residual PPO,Vision loss 1.0 s,vision,1051,True,0.2576191556078695,0.002657920553584395,0.8,0.017807722091674805,0.0001141192697104998,recovery_time,0.0,0.03869839757680893,0.0006210236460901797
Robust Residual PPO,Vision loss 1.0 s,vision,1052,True,0.47211158385131746,0.0039653780983079185,0.7875,0.0010848045349121094,0.00028326077153906226,recovery_time,0.25,0.0933060348033905,0.00177788978908211
Robust Residual PPO,Vision loss 1.0 s,vision,1053,True,0.24269522279270392,0.005895605372359601,0.7975,0.022809743881225586,0.000143759636557661,recovery_time,0.04999999999999982,0.03933238610625267,0.0045198192819952965
Robust Residual PPO,Vision loss 1.0 s,vision,1054,True,0.6393960340058782,0.011736997406802641,0.7525,0.0012249946594238281,0.0002244091301690787,recovery_time,0.9500000000000002,0.24511933326721191,0.0022032528650015593
Robust Residual PPO,Vision loss 1.0 s,vision,1055,True,0.29842766226172474,0.0049453409603482466,0.7975,0.019432783126831055,0.0001527572312625125,recovery_time,0.04999999999999982,0.05150824412703514,0.0028824282344430685
Robust Residual PPO,Vision loss 1.0 s,vision,1056,True,0.24048888389402007,0.003644127799116001,0.8,0.01187741756439209,7.322901365114376e-05,recovery_time,0.0,0.0417296439409256,0.0020654848776757717
Robust Residual PPO,Vision loss 1.0 s,vision,1057,True,0.4051192345848099,0.0019383727945501037,0.79,0.0008962154388427734,0.00030545805930159986,recovery_time,0.20000000000000018,0.03802138939499855,0.0012152775889262557
Robust Residual PPO,Vision loss 1.0 s,vision,1058,True,0.6256928558846632,0.011376456579729154,0.7575,0.0012054443359375,0.0002577481500338763,recovery_time,0.8500000000000005,0.22589299082756042,0.0021594457793980837
Robust Residual PPO,Vision loss 1.0 s,vision,1059,True,0.3936427788586472,0.0028199326595117697,0.79,0.0034770965576171875,0.0003102413029409945,recovery_time,0.20000000000000018,0.03429431840777397,0.0018855382222682238
Robust Residual PPO,Vision loss 1.0 s,vision,1060,True,0.25412239770156575,0.006619798461916981,0.8,0.013653993606567383,8.67898779688403e-05,recovery_time,0.0,0.04900805279612541,0.005157562904059887
Robust Residual PPO,Vision loss 1.0 s,vision,1061,True,0.3016818396215778,0.003551410967618442,0.795,0.0329442024230957,0.00024827243760228157,recovery_time,0.10000000000000053,0.041449908167123795,0.001047232304699719
Robust Residual PPO,Vision loss 1.0 s,vision,1062,True,0.3458914782730896,0.006091636870383625,0.7925,0.0319974422454834,0.00031032031984068453,recovery_time,0.15000000000000036,0.05004710331559181,0.004092095419764519
Robust Residual PPO,Vision loss 1.0 s,vision,1063,True,0.19707968794856764,0.0015398054942405428,0.8525,0.012591004371643066,4.120721132494509e-05,recovery_time,0.0,0.012593033723533154,0.0010508504929021
Robust Residual PPO,Vision loss 1.0 s,vision,1064,True,0.4591973658927236,0.0025035559123954697,0.7875,0.0005102157592773438,0.0002978853299282491,recovery_time,0.25,0.07180673629045486,0.0006467102793976665
Robust Residual PPO,Vision loss 1.0 s,vision,1065,True,0.20574735888475412,0.005691784516435349,0.8425,0.013298749923706055,6.50766960461624e-05,recovery_time,0.0,0.03684759512543678,0.004634495358914137
Robust Residual PPO,Vision loss 1.0 s,vision,1066,True,0.38345496591847966,0.0022113559479194785,0.79,0.019174039363861084,0.00031596439657732844,recovery_time,0.20000000000000018,0.0247248075902462,0.0012010824866592884
Robust Residual PPO,Vision loss 1.0 s,vision,1067,True,0.25461956376931505,0.00220501503207316,0.8,0.01338052749633789,5.429908924270421e-05,recovery_time,0.0,0.02525203675031662,0.001336407964117825
Robust Residual PPO,Vision loss 1.0 s,vision,1068,True,0.2349708974434814,0.0017324843083743858,0.8,0.019059419631958008,8.29686105134897e-05,recovery_time,0.0,0.020305000245571136,0.0006110415561124682
Robust Residual PPO,Vision loss 1.0 s,vision,1069,True,0.22804038862485215,0.0015342931675208582,0.84,0.011062979698181152,4.174014975433238e-05,recovery_time,0.0,0.022134726867079735,0.0006212246953509748
Robust Residual PPO,Vision loss 1.0 s,vision,1070,True,0.5256271312094053,0.002894526927677796,0.7875,0.0004210472106933594,0.0003084929776377976,recovery_time,0.25,0.08838814496994019,0.0008161073783412576
Robust Residual PPO,Vision loss 1.0 s,vision,1071,True,0.508315485774521,0.0030600796144147546,0.7875,0.0006957054138183594,0.0002965602616313845,recovery_time,0.25,0.09134966880083084,0.0007235075463540852
Robust Residual PPO,Vision loss 1.0 s,vision,1072,True,0.40967560584844065,0.005139413506751149,0.7875,0.0021114349365234375,0.0002888979797717184,recovery_time,0.25,0.059790197759866714,0.004908136557787657
Robust Residual PPO,Vision loss 1.0 s,vision,1073,True,0.5133087618405795,0.004637192119473643,0.785,0.0014786720275878906,0.0002876633370760828,recovery_time,0.2999999999999998,0.10863690823316574,0.0029934383928775787
Robust Residual PPO,Vision loss 1.0 s,vision,1074,True,0.1789739479725917,0.006418420938227128,0.8475,0.016315937042236328,6.777634553145617e-05,recovery_time,0.0,0.03043435886502266,0.005571895278990269
Robust Residual PPO,Vision loss 1.0 s,vision,1075,True,0.30483835938707576,0.0020986164909352245,0.7975,0.022554636001586914,0.00011200051085324958,recovery_time,0.04999999999999982,0.0253794863820076,0.0006863177986815572
Robust Residual PPO,Vision loss 1.0 s,vision,1076,True,0.48918863468227125,0.007291228823058613,0.7825,0.0020122528076171875,0.00027436637901701033,recovery_time,0.35000000000000053,0.13081228733062744,0.004613990429788828
Robust Residual PPO,Vision loss 1.0 s,vision,1077,True,0.2584776393275445,0.002826214096946956,0.8,0.008707761764526367,6.907320494065061e-05,recovery_time,0.0,0.045884907245635986,0.000721471500582993
Robust Residual PPO,Vision loss 1.0 s,vision,1078,True,0.2241469777228606,0.002037773744173468,0.835,0.010095715522766113,6.113018025644124e-05,recovery_time,0.0,0.03525358811020851,0.0007371373358182609
Robust Residual PPO,Vision loss 1.0 s,vision,1079,True,0.27849990731301927,0.005821808866941382,0.7975,0.023993492126464844,0.00011455316416686401,recovery_time,0.04999999999999982,0.024005580693483353,0.005426669493317604
Robust Residual PPO,Vision loss 1.0 s,vision,1080,True,0.24337876481623513,0.0032565249268922615,0.8,0.0192258358001709,7.913874287623912e-05,recovery_time,0.0,0.01940382644534111,0.0027184353675693274
Robust Residual PPO,Vision loss 1.0 s,vision,1081,True,0.43453123419053374,0.001598305763001379,0.79,0.008762717247009277,0.0003213292802684009,recovery_time,0.20000000000000018,0.026029232889413834,0.001268561463803053
Robust Residual PPO,Vision loss 1.0 s,vision,1082,True,0.2747346058101916,0.003611694293780504,0.7975,0.026088833808898926,0.00018801285477820784,recovery_time,0.04999999999999982,0.039910152554512024,0.0014983660075813532
Robust Residual PPO,Vision loss 1.0 s,vision,1083,True,0.4102702665065939,0.0017069843020974579,0.79,0.014499962329864502,0.0003194873279426247,recovery_time,0.20000000000000018,0.016692163422703743,0.0010387056972831488
Robust Residual PPO,Vision loss 1.0 s,vision,1084,True,0.30142642747196347,0.005631914482600023,0.7975,0.017792463302612305,0.00014104042202234268,recovery_time,0.04999999999999982,0.05513043701648712,0.003596107242628932
Robust Residual PPO,Vision loss 1.0 s,vision,1085,True,0.21950787422800108,0.004937078833215851,0.7975,0.022080063819885254,0.00011690973042277619,recovery_time,0.04999999999999982,0.03301175311207771,0.0037489826790988445
Robust Residual PPO,Vision loss 1.0 s,vision,1086,True,0.27881994365593366,0.005990307713133719,0.7975,0.021053314208984375,0.0001545486884424463,recovery_time,0.04999999999999982,0.04740995168685913,0.004302750341594219
Robust Residual PPO,Vision loss 1.0 s,vision,1087,True,0.4178762899847279,0.003785463513709293,0.79,0.012997150421142578,0.00033546166378073394,recovery_time,0.20000000000000018,0.04789101332426071,0.0018325798446312547
Robust Residual PPO,Vision loss 1.0 s,vision,1088,True,0.42496573445695734,0.005969336560162938,0.79,0.002067089080810547,0.0003278984222561121,recovery_time,0.20000000000000018,0.055244967341423035,0.00478435168042779
Robust Residual PPO,Vision loss 1.0 s,vision,1089,True,0.6148104670268959,0.011268107418069185,0.755,0.0014748573303222656,0.0002252667909488082,recovery_time,0.9000000000000004,0.23417097330093384,0.0029751784168183804
Robust Residual PPO,Vision loss 1.0 s,vision,1090,True,0.3083759035581144,0.0037402197856876,0.7975,0.024502158164978027,0.00020298550953157246,recovery_time,0.04999999999999982,0.04626380279660225,0.0012557642767205834
Robust Residual PPO,Vision loss 1.0 s,vision,1091,True,0.6164425323554308,0.0112889085157114,0.7575,0.001338958740234375,0.0002578615676611662,recovery_time,0.8500000000000005,0.22300007939338684,0.0025746338069438934
Robust Residual PPO,Vision loss 1.0 s,vision,1092,True,0.6096160373548689,0.010518388763981888,0.76,0.0009913444519042969,0.00023835264437366277,recovery_time,0.8000000000000007,0.21622158586978912,0.001510068541392684
Robust Residual PPO,Vision loss 1.0 s,vision,1093,True,0.2732133631952164,0.005655618485513977,0.795,0.031040430068969727,0.0002181916788686067,recovery_time,0.10000000000000053,0.04069499671459198,0.004108506720513105
Robust Residual PPO,Vision loss 1.0 s,vision,1094,True,0.2674273893621241,0.0027309923381495633,0.7975,0.01994907855987549,0.0001349391386611387,recovery_time,0.04999999999999982,0.03911181911826134,0.0006074921693652868
Robust Residual PPO,Vision loss 1.0 s,vision,1095,True,0.38235907917948075,0.00270394358714492,0.79,0.013458728790283203,0.0003167379181832075,recovery_time,0.20000000000000018,0.0294626634567976,0.0011414870386943221
Robust Residual PPO,Vision loss 1.0 s,vision,1096,True,0.22722056471597316,0.0014552055593864343,0.84,0.012919902801513672,4.6862005547154695e-05,recovery_time,0.0,0.01802310161292553,0.000769317033700645
Robust Residual PPO,Vision loss 1.0 s,vision,1097,True,0.36936559808007496,0.002484784862849375,0.7925,0.018241167068481445,0.0003128972020931542,recovery_time,0.15000000000000036,0.02706308476626873,0.0007780178566463292
Robust Residual PPO,Vision loss 1.0 s,vision,1098,True,0.4045864474119445,0.005587512140168408,0.7875,0.00217437744140625,0.00028782564913854003,recovery_time,0.25,0.06565667688846588,0.005087689496576786
Robust Residual PPO,Vision loss 1.0 s,vision,1099,True,0.6156174053926845,0.012215809466426742,0.7525,0.0014052391052246094,0.00021893109078519046,recovery_time,0.9500000000000002,0.24695932865142822,0.0027671828866004944
Nominal Residual PPO,Speed step,trajectory,1000,True,0.36140835482531963,0.016598176242911527,0.9893238434163701,0.011932373046875,0.00023261149181053042,reacquisition_time,0.10000000000000053,0.040243715047836304,0.011949564330279827
Nominal Residual PPO,Speed step,trajectory,1001,True,0.37626019457076537,0.016803256341532846,0.9893238434163701,0.009070873260498047,0.00024405513249803334,reacquisition_time,0.10000000000000053,0.04436304047703743,0.00907734502106905
Nominal Residual PPO,Speed step,trajectory,1002,True,0.46266762051267035,0.021238891318917725,0.9928825622775801,0.014581680297851562,0.0002296994352946058,reacquisition_time,0.05000000000000071,0.05309803783893585,0.014608520083129406
Nominal Residual PPO,Speed step,trajectory,1003,True,0.5440174089923495,0.02178659124707887,0.9928825622775801,0.012158393859863281,0.00023506538127548993,reacquisition_time,0.05000000000000071,0.05698047950863838,0.012176431715488434
Nominal Residual PPO,Speed step,trajectory,1004,True,0.6164518893511433,0.021379481735740405,0.9928825622775801,0.008540630340576172,0.00024397870583925396,reacquisition_time,0.05000000000000071,0.057840634137392044,0.008545351214706898
Nominal Residual PPO,Speed step,trajectory,1005,True,0.6025966515727378,0.01994534161732816,0.9928825622775801,0.010090827941894531,0.00023688856163062155,reacquisition_time,0.05000000000000071,0.052984584122896194,0.010100850835442543
Nominal Residual PPO,Speed step,trajectory,1006,True,0.4364961707473766,0.017218460269461337,0.9928825622775801,0.01020050048828125,0.00023525860160589218,reacquisition_time,0.05000000000000071,0.04390439763665199,0.010211000218987465
Nominal Residual PPO,Speed step,trajectory,1007,True,0.6394506022225716,0.024988381772671556,0.9928825622775801,0.01357269287109375,0.00022879228345118463,reacquisition_time,0.05000000000000071,0.06705450266599655,0.013595947995781898
Nominal Residual PPO,Speed step,trajectory,1008,True,0.5336797581579884,0.01817890974395029,0.9928825622775801,0.009370803833007812,0.00023716055147815496,reacquisition_time,0.05000000000000071,0.048543401062488556,0.009378251619637012
Nominal Residual PPO,Speed step,trajectory,1009,True,0.5580645604330483,0.019040006614843796,0.9928825622775801,0.0076141357421875,0.00024178459716495126,reacquisition_time,0.05000000000000071,0.05193400755524635,0.0076162489131093025
Nominal Residual PPO,Speed step,trajectory,1010,True,0.6559377777348653,0.030815357226605895,0.9928825622775801,0.01608562469482422,0.00022312779037747532,reacquisition_time,0.05000000000000071,0.08240001648664474,0.016117075458168983
Nominal Residual PPO,Speed step,trajectory,1011,True,0.4536725459830025,0.017207036920410607,0.9893238434163701,0.009321212768554688,0.00023685055202804506,reacquisition_time,0.10000000000000053,0.04457828029990196,0.009328518994152546
Nominal Residual PPO,Speed step,trajectory,1012,True,0.4634319440081855,0.016929697028297296,0.9928825622775801,0.009587287902832031,0.0002365749387536198,reacquisition_time,0.05000000000000071,0.0434805192053318,0.009595529176294804
Nominal Residual PPO,Speed step,trajectory,1013,True,0.31609736084460416,0.017423704524975055,0.9893238434163701,0.013864517211914062,0.00024724070681259036,reacquisition_time,0.10000000000000053,0.040402818471193314,0.013889075256884098
Nominal Residual PPO,Speed step,trajectory,1014,True,0.449591909033675,0.02162311431380259,0.9928825622775801,0.01594066619873047,0.00022544580860994756,reacquisition_time,0.05000000000000071,0.05261993035674095,0.015971796587109566
Nominal Residual PPO,Speed step,trajectory,1015,True,0.4594210010716391,0.019862563713992604,0.9928825622775801,0.013588905334472656,0.00022933697619009763,reacquisition_time,0.05000000000000071,0.04991227015852928,0.01361223217099905
Nominal Residual PPO,Speed step,trajectory,1016,True,0.4949913556385718,0.019221215187410483,0.9928825622775801,0.010748863220214844,0.00023497779329773039,reacquisition_time,0.05000000000000071,0.050682082772254944,0.010761509649455547
Nominal Residual PPO,Speed step,trajectory,1017,True,0.255237074387471,0.016541934333220758,0.9893238434163701,0.01660919189453125,0.0002272204146720469,reacquisition_time,0.10000000000000053,0.030388785526156425,0.016642296686768532
Nominal Residual PPO,Speed step,trajectory,1018,True,0.358830342769645,0.019167383434837724,0.9928825622775801,0.015712738037109375,0.00022745743626728654,reacquisition_time,0.05000000000000071,0.044653840363025665,0.015743248164653778
Nominal Residual PPO,Speed step,trajectory,1019,True,0.5150060220036513,0.020561585850177925,0.9928825622775801,0.011881828308105469,0.0002336239704163745,reacquisition_time,0.05000000000000071,0.05368197336792946,0.011898815631866455
Nominal Residual PPO,Speed step,trajectory,1020,True,0.31929963392949406,0.014806685348861578,0.9893238434163701,0.007898807525634766,0.0002384310937486589,reacquisition_time,0.10000000000000053,0.03887752443552017,0.00790165551006794
Nominal Residual PPO,Speed step,trajectory,1021,True,0.5361795229500381,0.025849024955767706,0.9928825622775801,0.016732215881347656,0.00023130512272473425,reacquisition_time,0.05000000000000071,0.06681907922029495,0.016765646636486053
Nominal Residual PPO,Speed step,trajectory,1022,True,0.6858298251207045,0.025639092690664153,0.9928825622775801,0.013087272644042969,0.00023063417756929994,reacquisition_time,0.05000000000000071,0.06924493610858917,0.013108625076711178
Nominal Residual PPO,Speed step,trajectory,1023,True,0.5423841628032691,0.02369733716848787,0.9928825622775801,0.016042709350585938,0.00022630859166383743,reacquisition_time,0.05000000000000071,0.06069903075695038,0.0160740427672863
Nominal Residual PPO,Speed step,trajectory,1024,True,0.46127371779865456,0.018879756364741426,0.9928825622775801,0.010927200317382812,0.00023795980087015778,reacquisition_time,0.05000000000000071,0.049519132822752,0.010940512642264366
Nominal Residual PPO,Speed step,trajectory,1025,True,0.2078495027832479,0.012434183812931328,0.9893238434163701,0.008810043334960938,0.00023690637317486107,reacquisition_time,0.10000000000000053,0.029998479411005974,0.008815629407763481
Nominal Residual PPO,Speed step,trajectory,1026,True,0.5101023036806236,0.018166848009856764,0.9928825622775801,0.009127616882324219,0.00023697299184277654,reacquisition_time,0.05000000000000071,0.048141635954380035,0.009134256280958652
Nominal Residual PPO,Speed step,trajectory,1027,True,0.6341773956623676,0.024790807767376664,0.9928825622775801,0.012821197509765625,0.00022948837431613356,reacquisition_time,0.05000000000000071,0.06672447919845581,0.012841741554439068
Nominal Residual PPO,Speed step,trajectory,1028,True,0.24022829537267887,0.01579526901153399,0.9893238434163701,0.013922691345214844,0.0002354516473133117,reacquisition_time,0.10000000000000053,0.03450891003012657,0.013947304338216782
Nominal Residual PPO,Speed step,trajectory,1029,True,0.23732544379006576,0.011826364248168849,0.9893238434163701,0.007622241973876953,0.0002373475581407547,reacquisition_time,0.10000000000000053,0.030073193833231926,0.007624381687492132
Nominal Residual PPO,Speed step,trajectory,1030,True,0.5957307538403022,0.02629606795409687,0.9928825622775801,0.015149116516113281,0.00023520087415818125,reacquisition_time,0.05000000000000071,0.06959831714630127,0.01517790649086237
Nominal Residual PPO,Speed step,trajectory,1031,True,0.36087919595761125,0.016460347704625424,0.9893238434163701,0.013805389404296875,0.00023496284848079085,reacquisition_time,0.10000000000000053,0.037612032145261765,0.013829473406076431
Nominal Residual PPO,Speed step,trajectory,1032,True,0.2605334270339803,0.0179079127855473,0.9893238434163701,0.01681041717529297,0.00023168185725808144,reacquisition_time,0.10000000000000053,0.03636854141950607,0.016844112426042557
Nominal Residual PPO,Speed step,trajectory,1033,True,0.30164649202701527,0.01695602942414594,0.9893238434163701,0.016167640686035156,0.0002278211322845891,reacquisition_time,0.10000000000000053,0.033845700323581696,0.016199443489313126
Nominal Residual PPO,Speed step,trajectory,1034,True,0.20507086550899986,0.013166294719330255,0.9893238434163701,0.007929801940917969,0.00024231495626736432,reacquisition_time,0.10000000000000053,0.033897627145051956,0.007932727225124836
Nominal Residual PPO,Speed step,trajectory,1035,True,0.5007271220305528,0.02275139330823953,0.9928825622775801,0.014932632446289062,0.0002282818459207192,reacquisition_time,0.05000000000000071,0.05736326798796654,0.014960739761590958
Nominal Residual PPO,Speed step,trajectory,1036,True,0.49652987504906154,0.019211742960645657,0.9928825622775801,0.012175559997558594,0.00023210354265756905,reacquisition_time,0.05000000000000071,0.04925328493118286,0.012193662114441395
Nominal Residual PPO,Speed step,trajectory,1037,True,0.48095363720430195,0.02078967047537163,0.9928825622775801,0.013255119323730469,0.0002326202520634979,reacquisition_time,0.05000000000000071,0.05309642106294632,0.013277365826070309
Nominal Residual PPO,Speed step,trajectory,1038,True,0.4866276480561697,0.01981293763954599,0.9928825622775801,0.011166572570800781,0.00024122164177242666,reacquisition_time,0.05000000000000071,0.051963239908218384,0.011180787347257137
Nominal Residual PPO,Speed step,trajectory,1039,True,0.20220538706010166,0.014411343659670247,0.9893238434163701,0.012742042541503906,0.00023226995836012065,reacquisition_time,0.10000000000000053,0.03163349628448486,0.012762421742081642
Nominal Residual PPO,Speed step,trajectory,1040,True,0.2635136475107825,0.015419644281107456,0.9893238434163701,0.014260292053222656,0.00023016835621092469,reacquisition_time,0.10000000000000053,0.03190862387418747,0.014286082237958908
Nominal Residual PPO,Speed step,trajectory,1041,True,0.21472978338821358,0.016427033900151673,0.9893238434163701,0.01584148406982422,0.000229608325753361,reacquisition_time,0.10000000000000053,0.03271438553929329,0.015872398391366005
Nominal Residual PPO,Speed step,trajectory,1042,True,0.4540664651412405,0.01977413442555565,0.9928825622775801,0.012958526611328125,0.0002323220978723839,reacquisition_time,0.05000000000000071,0.05035264790058136,0.012979580089449883
Nominal Residual PPO,Speed step,trajectory,1043,True,0.5643915209213344,0.021819317574975867,0.9928825622775801,0.011194229125976562,0.0002403602993581444,reacquisition_time,0.05000000000000071,0.057675160467624664,0.011208596639335155
Nominal Residual PPO,Speed step,trajectory,1044,True,0.5993499569176876,0.0182483123094073,0.9928825622775801,0.007416725158691406,0.0002406840940238908,reacquisition_time,0.05000000000000071,0.049749668687582016,0.007418381050229073
Nominal Residual PPO,Speed step,trajectory,1045,True,0.24071457865178086,0.016102606796522385,0.9893238434163701,0.014333724975585938,0.00023544258147012442,reacquisition_time,0.10000000000000053,0.034794215112924576,0.014359804801642895
Nominal Residual PPO,Speed step,trajectory,1046,True,0.6313794241941441,0.024816523293992396,0.9928825622775801,0.013702392578125,0.00022872333647683263,reacquisition_time,0.05000000000000071,0.06645931303501129,0.013726052828133106
Nominal Residual PPO,Speed step,trajectory,1047,True,0.3339307603987639,0.015791688020064205,0.9893238434163701,0.010519981384277344,0.0002355436299694702,reacquisition_time,0.10000000000000053,0.03944544866681099,0.010531744919717312
Nominal Residual PPO,Speed step,trajectory,1048,True,0.34771765710491165,0.019436125544066016,0.9928825622775801,0.01632976531982422,0.00023328440147452056,reacquisition_time,0.05000000000000071,0.04443041980266571,0.0163621436804533
Nominal Residual PPO,Speed step,trajectory,1049,True,0.5321678461268464,0.02342711856937906,0.9928825622775801,0.014828681945800781,0.0002267079835291952,reacquisition_time,0.05000000000000071,0.05952354893088341,0.014856385998427868
Nominal Residual PPO,Speed step,trajectory,1050,True,0.43533605636157413,0.02239210833773933,0.9928825622775801,0.016777992248535156,0.00022722739959135652,reacquisition_time,0.05000000000000071,0.05400099977850914,0.016811557114124298
Nominal Residual PPO,Speed step,trajectory,1051,True,0.26453428951580643,0.014394990023326719,0.9893238434163701,0.009157657623291016,0.0002393284667050466,reacquisition_time,0.10000000000000053,0.036629728972911835,0.009164399467408657
Nominal Residual PPO,Speed step,trajectory,1052,True,0.47296626696719224,0.019007006426469988,0.9928825622775801,0.0113983154296875,0.00023365276865661144,reacquisition_time,0.05000000000000071,0.049542732536792755,0.011413367465138435
Nominal Residual PPO,Speed step,trajectory,1053,True,0.2486577134543278,0.01679681957005887,0.9893238434163701,0.015323638916015625,0.0002345047250855714,reacquisition_time,0.10000000000000053,0.03537221625447273,0.015353032387793064
Nominal Residual PPO,Speed step,trajectory,1054,True,0.6392890345933662,0.023236935691205586,0.9928825622775801,0.012033462524414062,0.00023159728152677417,reacquisition_time,0.05000000000000071,0.06120256334543228,0.012050872668623924
Nominal Residual PPO,Speed step,trajectory,1055,True,0.3064657083840668,0.01682164732702118,0.9893238434163701,0.013030052185058594,0.0002481600968167186,reacquisition_time,0.10000000000000053,0.03937820345163345,0.013051490299403667
Nominal Residual PPO,Speed step,trajectory,1056,True,0.24865155117698137,0.01516939302415294,0.9893238434163701,0.01183319091796875,0.00024176381703000516,reacquisition_time,0.10000000000000053,0.03571150824427605,0.011850090697407722
Nominal Residual PPO,Speed step,trajectory,1057,True,0.40582084434371923,0.017017786299531937,0.9893238434163701,0.010489463806152344,0.0002355378383072093,reacquisition_time,0.10000000000000053,0.04310312867164612,0.010501096025109291
Nominal Residual PPO,Speed step,trajectory,1058,True,0.6314039755031693,0.024380688813516016,0.9928825622775801,0.011940956115722656,0.00023694909759797156,reacquisition_time,0.05000000000000071,0.06632289290428162,0.01195822935551405
Nominal Residual PPO,Speed step,trajectory,1059,True,0.3974609011267093,0.01772421042784369,0.9893238434163701,0.011561393737792969,0.00023594444792252034,reacquisition_time,0.10000000000000053,0.04443953558802605,0.011577137745916843
Nominal Residual PPO,Speed step,trajectory,1060,True,0.26312414858199196,0.017542193015479077,0.9893238434163701,0.01616954803466797,0.00023588704061694443,reacquisition_time,0.10000000000000053,0.03616439551115036,0.01620158739387989
Nominal Residual PPO,Speed step,trajectory,1061,True,0.3015961577815295,0.014778360063138407,0.9893238434163701,0.010201454162597656,0.0002332734438823536,reacquisition_time,0.10000000000000053,0.0366978794336319,0.010211989283561707
Nominal Residual PPO,Speed step,trajectory,1062,True,0.3530118843896097,0.018618312216884262,0.9928825622775801,0.014719009399414062,0.00023447744024451822,reacquisition_time,0.05000000000000071,0.04417715221643448,0.014746480621397495
Nominal Residual PPO,Speed step,trajectory,1063,True,0.20036062945238858,0.01214582660373233,0.9893238434163701,0.010220527648925781,0.000228399527259171,reacquisition_time,0.10000000000000053,0.02755862846970558,0.01023115124553442
Nominal Residual PPO,Speed step,trajectory,1064,True,0.4606001721801285,0.01731304444773239,0.9893238434163701,0.008601665496826172,0.00023923112894408405,reacquisition_time,0.10000000000000053,0.045368071645498276,0.008606542833149433
Nominal Residual PPO,Speed step,trajectory,1065,True,0.2142895949885273,0.01626566050594107,0.9893238434163701,0.015489578247070312,0.00023244698240887374,reacquisition_time,0.10000000000000053,0.032774507999420166,0.015519496984779835
Nominal Residual PPO,Speed step,trajectory,1066,True,0.38284440795994124,0.01474509093504398,0.9893238434163701,0.007375240325927734,0.00023831702128518373,reacquisition_time,0.10000000000000053,0.038976117968559265,0.007376813795417547
Nominal Residual PPO,Speed step,trajectory,1067,True,0.2592740449565669,0.011567029590837188,0.9893238434163701,0.007167816162109375,0.00023324649373535067,reacquisition_time,0.10000000000000053,0.029254013672471046,0.0071689472533762455
Nominal Residual PPO,Speed step,trajectory,1068,True,0.2359930815619778,0.012433650494208772,0.9893238434163701,0.008889198303222656,0.00023785742814652622,reacquisition_time,0.10000000000000053,0.030657755210995674,0.008894993923604488
Nominal Residual PPO,Speed step,trajectory,1069,True,0.23351945233376017,0.011649076999029485,0.9893238434163701,0.008792877197265625,0.00022940107737667859,reacquisition_time,0.10000000000000053,0.02763482928276062,0.008798344992101192
Nominal Residual PPO,Speed step,trajectory,1070,True,0.5263639844487914,0.016866620236464725,0.9893238434163701,0.008128643035888672,0.00024155961000360548,reacquisition_time,0.10000000000000053,0.045371733605861664,0.00813206471502781
Nominal Residual PPO,Speed step,trajectory,1071,True,0.5083479736453427,0.01753443272737881,0.9928825622775801,0.009537696838378906,0.00023758535098750144,reacquisition_time,0.05000000000000071,0.04650263488292694,0.0095457062125206
Nominal Residual PPO,Speed step,trajectory,1072,True,0.4096171065454826,0.02003685191594036,0.9928825622775801,0.01585674285888672,0.0002258010790683329,reacquisition_time,0.05000000000000071,0.04738975688815117,0.015887606889009476
Nominal Residual PPO,Speed step,trajectory,1073,True,0.5138935995166714,0.019924785455470675,0.9928825622775801,0.013197898864746094,0.00023194844834506512,reacquisition_time,0.05000000000000071,0.050225596874952316,0.013219739310443401
Nominal Residual PPO,Speed step,trajectory,1074,True,0.1848776255176475,0.016531975430930088,0.9893238434163701,0.01675128936767578,0.00022800258011557162,reacquisition_time,0.10000000000000053,0.030606888234615326,0.016784794628620148
Nominal Residual PPO,Speed step,trajectory,1075,True,0.3083264351153641,0.012842366500789818,0.9893238434163701,0.008479595184326172,0.00023900500673335046,reacquisition_time,0.10000000000000053,0.031807515770196915,0.00848410464823246
Nominal Residual PPO,Speed step,trajectory,1076,True,0.49484835428275226,0.023063178241782223,0.9928825622775801,0.015444755554199219,0.00023056294594425708,reacquisition_time,0.05000000000000071,0.057743482291698456,0.015474415384232998
Nominal Residual PPO,Speed step,trajectory,1077,True,0.26624980590645086,0.014882944779257726,0.9893238434163701,0.009519577026367188,0.00024577006115578115,reacquisition_time,0.10000000000000053,0.03762578219175339,0.009527653455734253
Nominal Residual PPO,Speed step,trajectory,1078,True,0.23167833097439444,0.013673260542877692,0.9893238434163701,0.008310317993164062,0.00024653010768815875,reacquisition_time,0.10000000000000053,0.03528377413749695,0.00831436924636364
Nominal Residual PPO,Speed step,trajectory,1079,True,0.28305315110204027,0.016589267361506878,0.9893238434163701,0.016561508178710938,0.00022833248658571392,reacquisition_time,0.10000000000000053,0.03136305883526802,0.016594428569078445
Nominal Residual PPO,Speed step,trajectory,1080,True,0.24659525644682626,0.013993446477162783,0.9893238434163701,0.012801170349121094,0.00022930379782337695,reacquisition_time,0.10000000000000053,0.029218211770057678,0.012821684591472149
Nominal Residual PPO,Speed step,trajectory,1081,True,0.4355201796717082,0.016418294220238307,0.9893238434163701,0.010587692260742188,0.00023667437199037522,reacquisition_time,0.10000000000000053,0.04190687835216522,0.010599633678793907
Nominal Residual PPO,Speed step,trajectory,1082,True,0.2787569800420353,0.015110293095481796,0.9893238434163701,0.010965347290039062,0.00023559304827358574,reacquisition_time,0.10000000000000053,0.036847617477178574,0.010978803969919682
Nominal Residual PPO,Speed step,trajectory,1083,True,0.41021370660892353,0.014917388898372044,0.9893238434163701,0.00768280029296875,0.0002389993896940723,reacquisition_time,0.10000000000000053,0.03910934180021286,0.007685054559260607
Nominal Residual PPO,Speed step,trajectory,1084,True,0.30974727724251666,0.017389936508536125,0.9893238434163701,0.014031410217285156,0.00024447025498375297,reacquisition_time,0.10000000000000053,0.0400618240237236,0.014056566171348095
Nominal Residual PPO,Speed step,trajectory,1085,True,0.2214148336025471,0.015561960201251173,0.9893238434163701,0.014256477355957031,0.000231882106163539,reacquisition_time,0.10000000000000053,0.03288404271006584,0.014282350428402424
Nominal Residual PPO,Speed step,trajectory,1086,True,0.2869836177825664,0.017396227817979785,0.9893238434163701,0.015025138854980469,0.0002401626989012584,reacquisition_time,0.10000000000000053,0.03809631988406181,0.01505359448492527
Nominal Residual PPO,Speed step,trajectory,1087,True,0.4251241661500031,0.018625898382992927,0.9893238434163701,0.011485099792480469,0.0002421782264718786,reacquisition_time,0.10000000000000053,0.04817504808306694,0.011500540189445019
Nominal Residual PPO,Speed step,trajectory,1088,True,0.43302993112046384,0.021153243196291593,0.9928825622775801,0.01566028594970703,0.00023617364058736712,reacquisition_time,0.05000000000000071,0.051268599927425385,0.0156907569617033
Nominal Residual PPO,Speed step,trajectory,1089,True,0.6147433900971825,0.023658940196860965,0.9928825622775801,0.01316070556640625,0.0002296293096151203,reacquisition_time,0.05000000000000071,0.06226968765258789,0.013182379305362701
Nominal Residual PPO,Speed step,trajectory,1090,True,0.31527277851599456,0.01586000574187093,0.9893238434163701,0.010569572448730469,0.00023864684044383466,reacquisition_time,0.10000000000000053,0.03954639285802841,0.010581505484879017
Nominal Residual PPO,Speed step,trajectory,1091,True,0.6222932478951974,0.02468413605954666,0.9928825622775801,0.012549400329589844,0.00023588287876918912,reacquisition_time,0.05000000000000071,0.06682561337947845,0.01256901491433382
Nominal Residual PPO,Speed step,trajectory,1092,True,0.6119178696905965,0.022583975015099737,0.9928825622775801,0.010952949523925781,0.0002345586399314925,reacquisition_time,0.05000000000000071,0.060072749853134155,0.010966378264129162
Nominal Residual PPO,Speed step,trajectory,1093,True,0.27363158738702476,0.016617388949208403,0.9893238434163701,0.014744758605957031,0.00022995129984337837,reacquisition_time,0.10000000000000053,0.03585514798760414,0.014772298745810986
Nominal Residual PPO,Speed step,trajectory,1094,True,0.27394150917933724,0.014455496389803287,0.9893238434163701,0.00891256332397461,0.00023752420383971184,reacquisition_time,0.10000000000000053,0.037047065794467926,0.008918472565710545
Nominal Residual PPO,Speed step,trajectory,1095,True,0.38667398353341786,0.01697438517540941,0.9893238434163701,0.010375022888183594,0.00023825003881938756,reacquisition_time,0.10000000000000053,0.043079424649477005,0.010386183857917786
Nominal Residual PPO,Speed step,trajectory,1096,True,0.2317827660904081,0.012069980227256976,0.9893238434163701,0.009661674499511719,0.00022940599592402577,reacquisition_time,0.10000000000000053,0.027910595759749413,0.009670162573456764
Nominal Residual PPO,Speed step,trajectory,1097,True,0.36965268880844065,0.015849276944400012,0.9893238434163701,0.009663581848144531,0.00023632386000826955,reacquisition_time,0.10000000000000053,0.040448147803545,0.009672099724411964
Nominal Residual PPO,Speed step,trajectory,1098,True,0.40776412104958343,0.020862147347452453,0.9928825622775801,0.016084671020507812,0.00022744567831978202,reacquisition_time,0.05000000000000071,0.0499318391084671,0.016116276383399963
Nominal Residual PPO,Speed step,trajectory,1099,True,0.6164094746452349,0.024214453561278767,0.9928825622775801,0.012853622436523438,0.00022963578521739691,reacquisition_time,0.05000000000000071,0.06431064009666443,0.01287420466542244
Robust Residual PPO,Speed step,trajectory,1000,True,0.36215677400892743,0.008851658785318633,0.9893238434163701,0.0026683807373046875,0.0003011818917002529,reacquisition_time,0.10000000000000053,0.01639535278081894,0.0065503548830747604
Robust Residual PPO,Speed step,trajectory,1001,True,0.3694119301559389,0.008896339108438104,0.9893238434163701,0.002037525177001953,0.00031411039526574314,reacquisition_time,0.10000000000000053,0.02099553868174553,0.004691009875386953
Robust Residual PPO,Speed step,trajectory,1002,True,0.4604015514272595,0.011533071550597337,0.9893238434163701,0.0033111572265625,0.00029558478854596615,reacquisition_time,0.10000000000000053,0.022498033940792084,0.008321281522512436
Robust Residual PPO,Speed step,trajectory,1003,True,0.5405932111264093,0.011296823869494089,0.9928825622775801,0.0027284622192382812,0.00030122659518383443,reacquisition_time,0.05000000000000071,0.024983111768960953,0.006705672945827246
Robust Residual PPO,Speed step,trajectory,1004,True,0.6119541897634424,0.010885290201013424,0.9928825622775801,0.0019273757934570312,0.0003111744299530983,reacquisition_time,0.05000000000000071,0.02776995301246643,0.004363557789474726
Robust Residual PPO,Speed step,trajectory,1005,True,0.6035189571972429,0.009374991213511529,0.9928825622775801,0.0022592544555664062,0.00030389451421797276,reacquisition_time,0.05000000000000071,0.020907647907733917,0.005349833983927965
Robust Residual PPO,Speed step,trajectory,1006,True,0.4374331240908261,0.008568667287682118,0.9893238434163701,0.00228118896484375,0.00030371331376954913,reacquisition_time,0.10000000000000053,0.01836865022778511,0.005418982822448015
Robust Residual PPO,Speed step,trajectory,1007,True,0.6409938867693599,0.012554113248327354,0.9928825622775801,0.003063201904296875,0.00029085861751809716,reacquisition_time,0.05000000000000071,0.027517663314938545,0.007656921166926622
Robust Residual PPO,Speed step,trajectory,1008,True,0.5349158975285252,0.008601118667229773,0.9928825622775801,0.0021047592163085938,0.00030527173657901585,reacquisition_time,0.05000000000000071,0.019003791734576225,0.004889305680990219
Robust Residual PPO,Speed step,trajectory,1009,True,0.5560150973127173,0.009330881096709959,0.9928825622775801,0.0017328262329101562,0.0003092870465479791,reacquisition_time,0.05000000000000071,0.02283337339758873,0.0037724727299064398
Robust Residual PPO,Speed step,trajectory,1010,True,0.6566216579934576,0.016432360347153657,0.99644128113879,0.003704071044921875,0.0002784315147437155,reacquisition_time,0.0,0.03650769963860512,0.009379629977047443
Robust Residual PPO,Speed step,trajectory,1011,True,0.4544458279344277,0.008419926309850693,0.9893238434163701,0.0020923614501953125,0.0003052675165235996,reacquisition_time,0.10000000000000053,0.018847418949007988,0.0048566353507339954
Robust Residual PPO,Speed step,trajectory,1012,True,0.46452022187513015,0.008073690486158417,0.9893238434163701,0.0021448135375976562,0.0003059432783629745,reacquisition_time,0.10000000000000053,0.017310742288827896,0.005025933030992746
Robust Residual PPO,Speed step,trajectory,1013,True,0.30841072041509743,0.010693714789937385,0.9893238434163701,0.0031337738037109375,0.00030566559871658683,reacquisition_time,0.10000000000000053,0.020618002861738205,0.007846497930586338
Robust Residual PPO,Speed step,trajectory,1014,True,0.45025753855934875,0.011836476766007801,0.9893238434163701,0.0036573410034179688,0.0002902609412558377,reacquisition_time,0.10000000000000053,0.021270914003252983,0.009257808327674866
Robust Residual PPO,Speed step,trajectory,1015,True,0.4602943260309012,0.010456307969593234,0.9893238434163701,0.0030651092529296875,0.0002957612741738558,reacquisition_time,0.10000000000000053,0.020135097205638885,0.007647800259292126
Robust Residual PPO,Speed step,trajectory,1016,True,0.4944968083390853,0.009687877227086876,0.9893238434163701,0.002406597137451172,0.00030204260838218033,reacquisition_time,0.10000000000000053,0.021242767572402954,0.005785643123090267
Robust Residual PPO,Speed step,trajectory,1017,True,0.25273342977637375,0.010444852023314419,0.9893238434163701,0.0038242340087890625,0.00029607940814457834,reacquisition_time,0.10000000000000053,0.013457071036100388,0.009714307263493538
Robust Residual PPO,Speed step,trajectory,1018,True,0.35781450251550695,0.01120355345623512,0.9893238434163701,0.0035943984985351562,0.00029383430955931544,reacquisition_time,0.10000000000000053,0.018834451213479042,0.009093942120671272
Robust Residual PPO,Speed step,trajectory,1019,True,0.5138204857698453,0.010552125805359237,0.9928825622775801,0.0026617050170898438,0.0002997062401846051,reacquisition_time,0.05000000000000071,0.02266005426645279,0.00652466481551528
Robust Residual PPO,Speed step,trajectory,1020,True,0.31484052826866216,0.00731420247630701,0.9893238434163701,0.0017886161804199219,0.0003095247084274888,reacquisition_time,0.10000000000000053,0.016472196206450462,0.003944733180105686
Robust Residual PPO,Speed step,trajectory,1021,True,0.5299520862974789,0.014416655094650363,0.9928825622775801,0.00386810302734375,0.00029515899950638413,reacquisition_time,0.05000000000000071,0.030146822333335876,0.009829712100327015
Robust Residual PPO,Speed step,trajectory,1022,True,0.6872583515768853,0.012827417389943705,0.9928825622775801,0.002948760986328125,0.00029196590185165405,reacquisition_time,0.05000000000000071,0.02869926206767559,0.007319154683500528
Robust Residual PPO,Speed step,trajectory,1023,True,0.542998702863038,0.011991968106188028,0.9928825622775801,0.0036859512329101562,0.0002910330658778548,reacquisition_time,0.05000000000000071,0.021212106570601463,0.009329862892627716
Robust Residual PPO,Speed step,trajectory,1024,True,0.45739672858768854,0.009752488849814793,0.9893238434163701,0.0024437904357910156,0.0003065385390073061,reacquisition_time,0.10000000000000053,0.021456556394696236,0.00589493615552783
Robust Residual PPO,Speed step,trajectory,1025,True,0.2082452489116425,0.006573387152061586,0.9893238434163701,0.001975536346435547,0.00030108497594483197,reacquisition_time,0.10000000000000053,0.012940546497702599,0.0045198313891887665
Robust Residual PPO,Speed step,trajectory,1026,True,0.5111365688130188,0.008843013342184057,0.9928825622775801,0.0020475387573242188,0.0003045396297238767,reacquisition_time,0.05000000000000071,0.020173419266939163,0.004735286347568035
Robust Residual PPO,Speed step,trajectory,1027,True,0.6350601125057043,0.012788471959888454,0.9928825622775801,0.0028810501098632812,0.0002910116745624691,reacquisition_time,0.05000000000000071,0.029204873368144035,0.007158483378589153
Robust Residual PPO,Speed step,trajectory,1028,True,0.23687304384254082,0.00967641034183063,0.9893238434163701,0.0031414031982421875,0.00029850166174583137,reacquisition_time,0.10000000000000053,0.016432467848062515,0.007863624021410942
Robust Residual PPO,Speed step,trajectory,1029,True,0.23549343627404767,0.0058013202694602445,0.9893238434163701,0.0017261505126953125,0.0003057028807234019,reacquisition_time,0.10000000000000053,0.01145758293569088,0.003766487119719386
Robust Residual PPO,Speed step,trajectory,1030,True,0.5896069811841744,0.014365725816475996,0.9928825622775801,0.0034542083740234375,0.0002987501211464405,reacquisition_time,0.05000000000000071,0.03203620761632919,0.008728367276489735
Robust Residual PPO,Speed step,trajectory,1031,True,0.3590966433919045,0.008849964617977539,0.9893238434163701,0.0031118392944335938,0.00030385967693291605,reacquisition_time,0.10000000000000053,0.012667710892856121,0.007780106272548437
Robust Residual PPO,Speed step,trajectory,1032,True,0.2533160297565332,0.01176253024845881,0.9893238434163701,0.0038814544677734375,0.00029791021370328963,reacquisition_time,0.10000000000000053,0.019112076610326767,0.009860536083579063
Robust Residual PPO,Speed step,trajectory,1033,True,0.29954800968665996,0.010191378842937337,0.9893238434163701,0.0037107467651367188,0.00029782362980768085,reacquisition_time,0.10000000000000053,0.013351865112781525,0.009397671557962894
Robust Residual PPO,Speed step,trajectory,1034,True,0.19772118661599788,0.006915401954739488,0.9893238434163701,0.0017952919006347656,0.00030626534135080874,reacquisition_time,0.10000000000000053,0.015418071299791336,0.003957978915423155
Robust Residual PPO,Speed step,trajectory,1035,True,0.49908311692207835,0.012173247588932847,0.9928825622775801,0.0034036636352539062,0.00029287865618243814,reacquisition_time,0.05000000000000071,0.023998592048883438,0.008582630194723606
Robust Residual PPO,Speed step,trajectory,1036,True,0.49756714598603197,0.009528137953656193,0.9893238434163701,0.0027332305908203125,0.0002997911360580474,reacquisition_time,0.10000000000000053,0.018761644139885902,0.00671857176348567
Robust Residual PPO,Speed step,trajectory,1037,True,0.47795855192017594,0.011051643781504325,0.9893238434163701,0.00299072265625,0.0002992444788105786,reacquisition_time,0.10000000000000053,0.022706350311636925,0.007441704161465168
Robust Residual PPO,Speed step,trajectory,1038,True,0.4808752120578438,0.010494482162666706,0.9893238434163701,0.0024995803833007812,0.0003098453162238002,reacquisition_time,0.10000000000000053,0.0235892366617918,0.0060492269694805145
Robust Residual PPO,Speed step,trajectory,1039,True,0.20107266171046656,0.008743453349427915,0.9893238434163701,0.00286102294921875,0.0002973145747091621,reacquisition_time,0.10000000000000053,0.014878778718411922,0.007087135687470436
Robust Residual PPO,Speed step,trajectory,1040,True,0.2623908862369758,0.009192909359709464,0.9893238434163701,0.003222942352294922,0.0002983167942147702,reacquisition_time,0.10000000000000053,0.013477838598191738,0.008093182928860188
Robust Residual PPO,Speed step,trajectory,1041,True,0.21128809377582866,0.01067889861714491,0.9893238434163701,0.0036258697509765625,0.00029532297048717737,reacquisition_time,0.10000000000000053,0.016686635091900826,0.009170898236334324
Robust Residual PPO,Speed step,trajectory,1042,True,0.45213603025557175,0.010501895521307932,0.9893238434163701,0.0029134750366210938,0.0002992625522892922,reacquisition_time,0.10000000000000053,0.021321283653378487,0.007229787763208151
Robust Residual PPO,Speed step,trajectory,1043,True,0.5591560376428947,0.011394061901854073,0.9928825622775801,0.0025053024291992188,0.0003076006250921637,reacquisition_time,0.05000000000000071,0.027156442403793335,0.00607735849916935
Robust Residual PPO,Speed step,trajectory,1044,True,0.6007039194392872,0.008599519718852602,0.9928825622775801,0.0016880035400390625,0.00030829585739411414,reacquisition_time,0.05000000000000071,0.02059839479625225,0.0036518932320177555
Robust Residual PPO,Speed step,trajectory,1045,True,0.2349916465864934,0.010053762202137358,0.9893238434163701,0.0032439231872558594,0.000299622246529907,reacquisition_time,0.10000000000000053,0.01717745140194893,0.008142983540892601
Robust Residual PPO,Speed step,trajectory,1046,True,0.6329005382585512,0.012460089111675192,0.9928825622775801,0.0030956268310546875,0.00029100128449499607,reacquisition_time,0.05000000000000071,0.0271158367395401,0.007734647020697594
Robust Residual PPO,Speed step,trajectory,1047,True,0.3325607208877701,0.008310409175513624,0.9893238434163701,0.0023546218872070312,0.00030470555066131055,reacquisition_time,0.10000000000000053,0.01663544401526451,0.005626190919429064
Robust Residual PPO,Speed step,trajectory,1048,True,0.3402365353639091,0.012192560992173604,0.9893238434163701,0.003757476806640625,0.00030066975159570575,reacquisition_time,0.10000000000000053,0.022269783541560173,0.009525518864393234
Robust Residual PPO,Speed step,trajectory,1049,True,0.5327571568803702,0.012246240040300298,0.9928825622775801,0.0033712387084960938,0.0002902889682445675,reacquisition_time,0.05000000000000071,0.024693790823221207,0.008508238010108471
Robust Residual PPO,Speed step,trajectory,1050,True,0.4315458480427717,0.012774495134488082,0.9893238434163701,0.0038766860961914062,0.00029237772105261683,reacquisition_time,0.10000000000000053,0.023393206298351288,0.009857002645730972
Robust Residual PPO,Speed step,trajectory,1051,True,0.25792049650914445,0.007693344151206333,0.9893238434163701,0.0020551681518554688,0.0003075036802329123,reacquisition_time,0.10000000000000053,0.016500968486070633,0.004738845396786928
Robust Residual PPO,Speed step,trajectory,1052,True,0.4729142973005948,0.009692623632655438,0.9893238434163701,0.002552032470703125,0.00030078968848101795,reacquisition_time,0.10000000000000053,0.020568419247865677,0.006197207607328892
Robust Residual PPO,Speed step,trajectory,1053,True,0.24301850426279206,0.010666607304568464,0.9893238434163701,0.0034923553466796875,0.0002986398176290095,reacquisition_time,0.10000000000000053,0.01768054999411106,0.008825684897601604
Robust Residual PPO,Speed step,trajectory,1054,True,0.6408942609807816,0.01157716842760746,0.9928825622775801,0.0027008056640625,0.00029497648938558996,reacquisition_time,0.05000000000000071,0.026244034990668297,0.0066188364289700985
Robust Residual PPO,Speed step,trajectory,1055,True,0.2988892012455865,0.010137226773252905,0.9893238434163701,0.0029268264770507812,0.00030613335547968745,reacquisition_time,0.10000000000000053,0.01963626965880394,0.007276152726262808
Robust Residual PPO,Speed step,trajectory,1056,True,0.24087963514839444,0.009091449238502403,0.9893238434163701,0.002650737762451172,0.00030470421188510954,reacquisition_time,0.10000000000000053,0.017780324444174767,0.0064842589199543
Robust Residual PPO,Speed step,trajectory,1057,True,0.40576360014247187,0.008675259801837615,0.9893238434163701,0.00234222412109375,0.0003039610746782273,reacquisition_time,0.10000000000000053,0.018467767164111137,0.005609127227216959
Robust Residual PPO,Speed step,trajectory,1058,True,0.627120284069065,0.012763083729555619,0.9928825622775801,0.0026836395263671875,0.00030126344063319266,reacquisition_time,0.05000000000000071,0.03033958189189434,0.006577462889254093
Robust Residual PPO,Speed step,trajectory,1059,True,0.3943069863136905,0.009398761582618312,0.9893238434163701,0.002586841583251953,0.00030462705763056874,reacquisition_time,0.10000000000000053,0.019610121846199036,0.006303912959992886
Robust Residual PPO,Speed step,trajectory,1060,True,0.25460963601050973,0.011728824500161626,0.9893238434163701,0.0037126541137695312,0.00030081887962296605,reacquisition_time,0.10000000000000053,0.02025303803384304,0.009423074312508106
Robust Residual PPO,Speed step,trajectory,1061,True,0.302001599898327,0.007770457441165987,0.9893238434163701,0.002277374267578125,0.00030279537895694375,reacquisition_time,0.10000000000000053,0.015206211246550083,0.005416424013674259
Robust Residual PPO,Speed step,trajectory,1062,True,0.3464741774131566,0.011132846403442647,0.9893238434163701,0.0033483505249023438,0.00030266703106462955,reacquisition_time,0.10000000000000053,0.020814135670661926,0.00842578336596489
Robust Residual PPO,Speed step,trajectory,1063,True,0.19724461268815324,0.006790634120722174,0.9893238434163701,0.0022840499877929688,0.00030209546093828976,reacquisition_time,0.10000000000000053,0.011355954222381115,0.00542358448728919
Robust Residual PPO,Speed step,trajectory,1064,True,0.4599173443512133,0.008430188071849707,0.9893238434163701,0.0019388198852539062,0.0003077751607634127,reacquisition_time,0.10000000000000053,0.0196397602558136,0.004391592461615801
Robust Residual PPO,Speed step,trajectory,1065,True,0.2061140566640921,0.010810880090628723,0.9893238434163701,0.0035343170166015625,0.00029892430757172406,reacquisition_time,0.10000000000000053,0.018009796738624573,0.00893444288522005
Robust Residual PPO,Speed step,trajectory,1066,True,0.38396473836362044,0.006887666402083032,0.9893238434163701,0.001678466796875,0.0003087674849666655,reacquisition_time,0.10000000000000053,0.015535556711256504,0.003617561887949705
Robust Residual PPO,Speed step,trajectory,1067,True,0.2548878379479754,0.005494609951577156,0.9893238434163701,0.0016355514526367188,0.00030985946068540215,reacquisition_time,0.10000000000000053,0.011240635998547077,0.00347306695766747
Robust Residual PPO,Speed step,trajectory,1068,True,0.2351310682586793,0.0064149706992496554,0.9893238434163701,0.001995563507080078,0.0003032923850696534,reacquisition_time,0.10000000000000053,0.012115085497498512,0.0045620775781571865
Robust Residual PPO,Speed step,trajectory,1069,True,0.22829176087950065,0.006006594281545032,0.9893238434163701,0.0019745826721191406,0.0003071042010560632,reacquisition_time,0.10000000000000053,0.01099734753370285,0.004496544133871794
Robust Residual PPO,Speed step,trajectory,1070,True,0.5263668932264868,0.007463399520215593,0.9893238434163701,0.0018372535705566406,0.0003121011541225016,reacquisition_time,0.10000000000000053,0.01655479334294796,0.0040895892307162285
Robust Residual PPO,Speed step,trajectory,1071,True,0.5090631552030179,0.00817474150122144,0.9893238434163701,0.0021376609802246094,0.00030679628252983093,reacquisition_time,0.10000000000000053,0.01752322167158127,0.004987729713320732
Robust Residual PPO,Speed step,trajectory,1072,True,0.41043217317384556,0.011177032311793171,0.9893238434163701,0.003635406494140625,0.0002921424456872046,reacquisition_time,0.10000000000000053,0.01874355971813202,0.009191411547362804
Robust Residual PPO,Speed step,trajectory,1073,True,0.5141542816489217,0.009767976133467663,0.9893238434163701,0.0029697418212890625,0.0002999055723194033,reacquisition_time,0.10000000000000053,0.017970969900488853,0.007384029682725668
Robust Residual PPO,Speed step,trajectory,1074,True,0.17925900813475412,0.011208635229592387,0.9893238434163701,0.0038652420043945312,0.0002941772690974176,reacquisition_time,0.10000000000000053,0.016953369602560997,0.009807347320020199
Robust Residual PPO,Speed step,trajectory,1075,True,0.30512945246548884,0.006073586070027847,0.9893238434163701,0.0019044876098632812,0.0003100152825936675,reacquisition_time,0.10000000000000053,0.011636492796242237,0.004308672156184912
Robust Residual PPO,Speed step,trajectory,1076,True,0.4902533401082654,0.012677451756159837,0.9928825622775801,0.0035314559936523438,0.00029619381530210376,reacquisition_time,0.05000000000000071,0.025141816586256027,0.008916614577174187
Robust Residual PPO,Speed step,trajectory,1077,True,0.2589159075668064,0.008213904999809608,0.9893238434163701,0.0021352767944335938,0.0003079956804867834,reacquisition_time,0.10000000000000053,0.01781936176121235,0.00498215900734067
Robust Residual PPO,Speed step,trajectory,1078,True,0.22445889562018526,0.007237466109220267,0.9893238434163701,0.0018706321716308594,0.00030715297907590866,reacquisition_time,0.10000000000000053,0.016008147969841957,0.004207681864500046
Robust Residual PPO,Speed step,trajectory,1079,True,0.278775721924153,0.01015604741175655,0.9893238434163701,0.0038127899169921875,0.0002993341186083853,reacquisition_time,0.10000000000000053,0.011931081302464008,0.009671982377767563
Robust Residual PPO,Speed step,trajectory,1080,True,0.24358419456576083,0.008112644907634551,0.9893238434163701,0.0028676986694335938,0.000301218155073002,reacquisition_time,0.10000000000000053,0.011777045205235481,0.007115790620446205
Robust Residual PPO,Speed step,trajectory,1081,True,0.43512596987379837,0.007789111149518229,0.9893238434163701,0.0023632049560546875,0.00030791788594797254,reacquisition_time,0.10000000000000053,0.0149504654109478,0.005666627082973719
Robust Residual PPO,Speed step,trajectory,1082,True,0.2750365996315574,0.008344900031899406,0.9893238434163701,0.0024480819702148438,0.0003036712878383696,reacquisition_time,0.10000000000000053,0.01628376543521881,0.00591015350073576
Robust Residual PPO,Speed step,trajectory,1083,True,0.4108045402265952,0.006808046601152049,0.9893238434163701,0.0017442703247070312,0.0003103032649960369,reacquisition_time,0.10000000000000053,0.015367765910923481,0.003805444110184908
Robust Residual PPO,Speed step,trajectory,1084,True,0.30193654688076593,0.010828003008673783,0.9893238434163701,0.0031747817993164062,0.0003054184198845178,reacquisition_time,0.10000000000000053,0.020992550998926163,0.007958684116601944
Robust Residual PPO,Speed step,trajectory,1085,True,0.21974852710624332,0.009696510653282614,0.9893238434163701,0.0032291412353515625,0.00029650170472450554,reacquisition_time,0.10000000000000053,0.015815887600183487,0.008101952262222767
Robust Residual PPO,Speed step,trajectory,1086,True,0.27925096785057774,0.011000534770312688,0.9893238434163701,0.00341796875,0.0003025907790288329,reacquisition_time,0.10000000000000053,0.019548708572983742,0.008623129688203335
Robust Residual PPO,Speed step,trajectory,1087,True,0.4186472456217568,0.01020058077459148,0.9893238434163701,0.0025720596313476562,0.00031113982549868524,reacquisition_time,0.10000000000000053,0.022436954081058502,0.006251833401620388
Robust Residual PPO,Speed step,trajectory,1088,True,0.4258887421959821,0.012637184229314728,0.9893238434163701,0.0035791397094726562,0.0003026852791663259,reacquisition_time,0.10000000000000053,0.02491552196443081,0.00907396711409092
Robust Residual PPO,Speed step,trajectory,1089,True,0.6162699867719061,0.011817213108052244,0.9928825622775801,0.0029659271240234375,0.00029300255118869245,reacquisition_time,0.05000000000000071,0.025804447010159492,0.007366451434791088
Robust Residual PPO,Speed step,trajectory,1090,True,0.30877526345080286,0.008708438040506873,0.9893238434163701,0.0023632049560546875,0.00030841463012620807,reacquisition_time,0.10000000000000053,0.01808256283402443,0.005654210224747658
Robust Residual PPO,Speed step,trajectory,1091,True,0.6178720560134346,0.01295687855011267,0.9928825622775801,0.0028247833251953125,0.00030025868909433484,reacquisition_time,0.05000000000000071,0.030350184068083763,0.006982023827731609
Robust Residual PPO,Speed step,trajectory,1092,True,0.6109251857806849,0.011539772453383538,0.9928825622775801,0.0024557113647460938,0.0002984935126733035,reacquisition_time,0.05000000000000071,0.02748817764222622,0.005926443263888359
Robust Residual PPO,Speed step,trajectory,1093,True,0.273536170286574,0.010059461698503327,0.9893238434163701,0.0033502578735351562,0.0002961725986097008,reacquisition_time,0.10000000000000053,0.016228169202804565,0.00844036415219307
Robust Residual PPO,Speed step,trajectory,1094,True,0.2677256230180099,0.007596998074759894,0.9893238434163701,0.002003192901611328,0.00030791651806794107,reacquisition_time,0.10000000000000053,0.016441822052001953,0.004583161789923906
Robust Residual PPO,Speed step,trajectory,1095,True,0.3829772883709561,0.008804635879774004,0.9893238434163701,0.002323150634765625,0.00030772745958529413,reacquisition_time,0.10000000000000053,0.019026458263397217,0.005529675167053938
Robust Residual PPO,Speed step,trajectory,1096,True,0.2274411847401064,0.006416471348748787,0.9893238434163701,0.002162933349609375,0.0003054716798942536,reacquisition_time,0.10000000000000053,0.010598442517220974,0.005057757254689932
Robust Residual PPO,Speed step,trajectory,1097,True,0.3699102436155192,0.007990011223267882,0.9893238434163701,0.002162933349609375,0.000305439141811803,reacquisition_time,0.10000000000000053,0.016517236828804016,0.005069092381745577
Robust Residual PPO,Speed step,trajectory,1098,True,0.4054199162896811,0.011926989082492637,0.9893238434163701,0.0036935806274414062,0.0002931201015599072,reacquisition_time,0.10000000000000053,0.021529488265514374,0.009357058443129063
Robust Residual PPO,Speed step,trajectory,1099,True,0.6171649799880358,0.012443428801470806,0.9928825622775801,0.0028924942016601562,0.0002918825193773955,reacquisition_time,0.05000000000000071,0.02821063995361328,0.0071669272147119045
Nominal Residual PPO,Lateral sine,trajectory,1000,True,0.36286151557316243,0.042115227689719884,0.9786476868327402,0.010017146522800445,0.0004107656714040786,reacquisition_time,0.25,0.061102647334337234,0.03154786303639412
Nominal Residual PPO,Lateral sine,trajectory,1001,True,0.37776947269098415,0.043615775475865766,0.9822064056939501,0.007876324363336192,0.000419843738200143,reacquisition_time,0.20000000000000018,0.06383844465017319,0.03069198690354824
Nominal Residual PPO,Lateral sine,trajectory,1002,True,0.4637882100970148,0.04391949661531509,0.9786476868327402,0.012422416988812066,0.00040875960257835686,reacquisition_time,0.25,0.06360477954149246,0.03261260315775871
Nominal Residual PPO,Lateral sine,trajectory,1003,True,0.544993391719407,0.04458270351755318,0.9786476868327402,0.01018947594262149,0.0004133146721869707,reacquisition_time,0.25,0.06893130391836166,0.03162464126944542
Nominal Residual PPO,Lateral sine,trajectory,1004,True,0.61735543846954,0.04521055204553684,0.9822064056939501,0.007557148332653618,0.0004207738966215402,reacquisition_time,0.20000000000000018,0.07317200303077698,0.03056933358311653
Nominal Residual PPO,Lateral sine,trajectory,1005,True,0.6034262280195215,0.0426848814924111,0.9786476868327402,0.008549973394939115,0.000416498223785311,reacquisition_time,0.25,0.06063582003116608,0.030956227332353592
Nominal Residual PPO,Lateral sine,trajectory,1006,True,0.4377072259676123,0.04246803340257579,0.9786476868327402,0.008649319626345311,0.00041321577737107873,reacquisition_time,0.25,0.061239659786224365,0.030991913750767708
Nominal Residual PPO,Lateral sine,trajectory,1007,True,0.6402002699975133,0.04460929680916879,0.9786476868327402,0.011477383292402044,0.00040994342998601496,reacquisition_time,0.25,0.06623121351003647,0.03218098729848862
Nominal Residual PPO,Lateral sine,trajectory,1008,True,0.5346467256249176,0.042438048922093706,0.9786476868327402,0.008076600341847352,0.0004158235969953239,reacquisition_time,0.25,0.060641705989837646,0.030767012387514114
Nominal Residual PPO,Lateral sine,trajectory,1009,True,0.5590545759677676,0.04400965439414248,0.9786476868327402,0.00711307792643753,0.0004186711157672107,reacquisition_time,0.25,0.06459493190050125,0.03038039803504944
Nominal Residual PPO,Lateral sine,trajectory,1010,True,0.6566578574960159,0.0479064611398655,0.9786476868327402,0.013921199962195522,0.0004052626609336585,reacquisition_time,0.25,0.08636735379695892,0.03333737701177597
Nominal Residual PPO,Lateral sine,trajectory,1011,True,0.45484984566474523,0.042645619259915224,0.9786476868327402,0.008045163264366816,0.00041451744618825614,reacquisition_time,0.25,0.061371512711048126,0.030755165964365005
Nominal Residual PPO,Lateral sine,trajectory,1012,True,0.4645558068943379,0.042085792357992154,0.9786476868327402,0.008218805778037706,0.000414884474594146,reacquisition_time,0.25,0.06061447039246559,0.03082353249192238
Nominal Residual PPO,Lateral sine,trajectory,1013,True,0.3178358304735741,0.04327093160471251,0.9786476868327402,0.011756560293417432,0.00042438998934812844,reacquisition_time,0.25,0.061792612075805664,0.03230743482708931
Nominal Residual PPO,Lateral sine,trajectory,1014,True,0.45070446553276605,0.043512845588154526,0.9786476868327402,0.01377848851010706,0.0004056142643094063,reacquisition_time,0.25,0.0620393231511116,0.033263299614191055
Nominal Residual PPO,Lateral sine,trajectory,1015,True,0.46053107076165234,0.042990725158885114,0.9786476868327402,0.01148034335603677,0.00040861935121938586,reacquisition_time,0.25,0.06138957291841507,0.032181061804294586
Nominal Residual PPO,Lateral sine,trajectory,1016,True,0.4960638569117556,0.04338768696112893,0.9786476868327402,0.009047369585317665,0.0004129957524128258,reacquisition_time,0.25,0.06149905174970627,0.031155547127127647
Nominal Residual PPO,Lateral sine,trajectory,1017,True,0.2572379246659899,0.041632432395909594,0.9786476868327402,0.014511551632577939,0.0004066682595293969,reacquisition_time,0.25,0.06126082316040993,0.03362273424863815
Nominal Residual PPO,Lateral sine,trajectory,1018,True,0.36027367724811676,0.042951567669248,0.9786476868327402,0.01357726031439077,0.0004065858374815434,reacquisition_time,0.25,0.061957575380802155,0.033159635961055756
Nominal Residual PPO,Lateral sine,trajectory,1019,True,0.5160278775746565,0.04384654330216453,0.9786476868327402,0.009972556641113552,0.00041202196734957397,reacquisition_time,0.25,0.06374538689851761,0.03153083845973015
Nominal Residual PPO,Lateral sine,trajectory,1020,True,0.3210519644058835,0.04262093562567286,0.9786476868327402,0.007245745074075379,0.00041452058940194547,reacquisition_time,0.25,0.06170947849750519,0.030435005202889442
Nominal Residual PPO,Lateral sine,trajectory,1021,True,0.5371464202554078,0.046319129063155884,0.9786476868327402,0.014634438413570545,0.0004109348519705236,reacquisition_time,0.25,0.07853402942419052,0.03369178995490074
Nominal Residual PPO,Lateral sine,trajectory,1022,True,0.6865173499362249,0.04472645682361653,0.9786476868327402,0.01101106095713451,0.00041219417471438646,reacquisition_time,0.25,0.06763122230768204,0.031974319368600845
Nominal Residual PPO,Lateral sine,trajectory,1023,True,0.5432527954835917,0.043634168312219335,0.9786476868327402,0.013881225940814606,0.0004079687059856951,reacquisition_time,0.25,0.06158046796917915,0.03331327438354492
Nominal Residual PPO,Lateral sine,trajectory,1024,True,0.46244885915567324,0.04360788325131347,0.9786476868327402,0.009176486974726547,0.00041536553180776536,reacquisition_time,0.25,0.06243627890944481,0.031208142638206482
Nominal Residual PPO,Lateral sine,trajectory,1025,True,0.21046397616675344,0.041369478803281345,0.9786476868327402,0.007739919466651878,0.000413561676396057,reacquisition_time,0.25,0.06035250797867775,0.030631719157099724
Nominal Residual PPO,Lateral sine,trajectory,1026,True,0.511142804548109,0.042925998784351466,0.9786476868327402,0.007921695254488279,0.00041490173316560686,reacquisition_time,0.25,0.061530910432338715,0.03070783242583275
Nominal Residual PPO,Lateral sine,trajectory,1027,True,0.6349667660552923,0.04517376794970913,0.9786476868327402,0.01078579257030978,0.00040957017336040735,reacquisition_time,0.25,0.07050913572311401,0.03187898173928261
Nominal Residual PPO,Lateral sine,trajectory,1028,True,0.24245970842928402,0.04222197580068715,0.9786476868327402,0.011797464758871907,0.0004131566092837602,reacquisition_time,0.25,0.0613824725151062,0.03232231363654137
Nominal Residual PPO,Lateral sine,trajectory,1029,True,0.23959707505514433,0.04101290112082379,0.9786476868327402,0.007140594458558842,0.0004141710523981601,reacquisition_time,0.25,0.060272470116615295,0.030382756143808365
Nominal Residual PPO,Lateral sine,trajectory,1030,True,0.5966136900066032,0.04679828711510441,0.9822064056939501,0.012998867308899407,0.0004142303660046309,reacquisition_time,0.20000000000000018,0.0822562649846077,0.03288675472140312
Nominal Residual PPO,Lateral sine,trajectory,1031,True,0.3622722410726037,0.04129091421968832,0.9786476868327402,0.011685315207895945,0.00041433298611082137,reacquisition_time,0.25,0.06084731966257095,0.032269809395074844
Nominal Residual PPO,Lateral sine,trajectory,1032,True,0.262590264465298,0.04303879672394201,0.9786476868327402,0.014723926764924577,0.0004100560618098825,reacquisition_time,0.25,0.06251052767038345,0.0337320975959301
Nominal Residual PPO,Lateral sine,trajectory,1033,True,0.30332019008632083,0.041579237612639076,0.9786476868327402,0.014012456408341457,0.00040748922037892044,reacquisition_time,0.25,0.06122184917330742,0.033375490456819534
Nominal Residual PPO,Lateral sine,trajectory,1034,True,0.2078305824364516,0.04237219284230299,0.9786476868327402,0.007260811706846355,0.00041780798346735537,reacquisition_time,0.25,0.06165618821978569,0.030440140515565872
Nominal Residual PPO,Lateral sine,trajectory,1035,True,0.5017482762551982,0.04443899702947913,0.9786476868327402,0.012790489794678617,0.000407836603699252,reacquisition_time,0.25,0.06604195386171341,0.032786935567855835
Nominal Residual PPO,Lateral sine,trajectory,1036,True,0.49754476648817986,0.04248783486801884,0.9786476868327402,0.010220792231769677,0.0004115182673558593,reacquisition_time,0.25,0.061004817485809326,0.031634557992219925
Nominal Residual PPO,Lateral sine,trajectory,1037,True,0.4820479773393256,0.043958555729256096,0.9786476868327402,0.011184967580567872,0.000411118206102401,reacquisition_time,0.25,0.06486839056015015,0.03205205872654915
Nominal Residual PPO,Lateral sine,trajectory,1038,True,0.4877570354169148,0.04426104825460111,0.9822064056939501,0.009372384601442928,0.0004182970733381808,reacquisition_time,0.20000000000000018,0.06904812902212143,0.031285278499126434
Nominal Residual PPO,Lateral sine,trajectory,1039,True,0.2048597041354685,0.041782010426176894,0.9786476868327402,0.010723430553692317,0.0004096600750926882,reacquisition_time,0.25,0.06111521273851395,0.03184857964515686
Nominal Residual PPO,Lateral sine,trajectory,1040,True,0.2654752610953486,0.04141108974530069,0.9786476868327402,0.012124352003691885,0.00040883762994781137,reacquisition_time,0.25,0.060935329645872116,0.032471802085638046
Nominal Residual PPO,Lateral sine,trajectory,1041,True,0.21720643339667703,0.042339462986297635,0.9786476868327402,0.013679949492995072,0.00040785022429190576,reacquisition_time,0.25,0.061666447669267654,0.03321194276213646
Nominal Residual PPO,Lateral sine,trajectory,1042,True,0.4552254655615666,0.04348777789538376,0.9786476868327402,0.0109005725012607,0.0004107320564799011,reacquisition_time,0.25,0.06143029034137726,0.0319267176091671
Nominal Residual PPO,Lateral sine,trajectory,1043,True,0.5653576923584512,0.04505401204787407,0.9822064056939501,0.00940237791659657,0.0004178104572929442,reacquisition_time,0.20000000000000018,0.07252861559391022,0.03129826858639717
Nominal Residual PPO,Lateral sine,trajectory,1044,True,0.6002195763611082,0.0426372954820063,0.9786476868327402,0.007042385561324537,0.000419153890106827,reacquisition_time,0.25,0.0608491450548172,0.030345411971211433
Nominal Residual PPO,Lateral sine,trajectory,1045,True,0.24295416049522184,0.04244099480703584,0.9786476868327402,0.012193939741459721,0.00041306877392344177,reacquisition_time,0.25,0.06165741756558418,0.03250452131032944
Nominal Residual PPO,Lateral sine,trajectory,1046,True,0.6321392224294992,0.04452454667058019,0.9786476868327402,0.011581313780719946,0.00040984692168422043,reacquisition_time,0.25,0.06547076255083084,0.03222815319895744
Nominal Residual PPO,Lateral sine,trajectory,1047,True,0.3355515376416026,0.04235537341348711,0.9786476868327402,0.008876824563736596,0.0004127322172280401,reacquisition_time,0.25,0.06124994531273842,0.031084727495908737
Nominal Residual PPO,Lateral sine,trajectory,1048,True,0.34926377784430246,0.04372342617131111,0.9786476868327402,0.014214653422841724,0.00041156765655614436,reacquisition_time,0.25,0.06247972324490547,0.03347627446055412
Nominal Residual PPO,Lateral sine,trajectory,1049,True,0.5331048649752511,0.04438161272995637,0.9786476868327402,0.01268751495596958,0.00040691785397939384,reacquisition_time,0.25,0.06408464908599854,0.03273704648017883
Nominal Residual PPO,Lateral sine,trajectory,1050,True,0.4365173879992686,0.04435678918473387,0.9786476868327402,0.014689082554387238,0.0004069117712788284,reacquisition_time,0.25,0.06528759002685547,0.03371751680970192
Nominal Residual PPO,Lateral sine,trajectory,1051,True,0.2666512826867062,0.04252000215293774,0.9786476868327402,0.007932250229703158,0.0004153313348069787,reacquisition_time,0.25,0.06155594065785408,0.030711589381098747
Nominal Residual PPO,Lateral sine,trajectory,1052,True,0.47408000763491515,0.043159119996045124,0.9786476868327402,0.009559579654953132,0.0004118864017073065,reacquisition_time,0.25,0.0614527091383934,0.03135993704199791
Nominal Residual PPO,Lateral sine,trajectory,1053,True,0.25081288663923645,0.04259624530609613,0.9786476868327402,0.01318769055864141,0.0004125079431105405,reacquisition_time,0.25,0.061943985521793365,0.03297145292162895
Nominal Residual PPO,Lateral sine,trajectory,1054,True,0.6400577170773523,0.04404349117373594,0.9786476868327402,0.010085159793847923,0.0004119621589779854,reacquisition_time,0.25,0.06143312156200409,0.03157748654484749
Nominal Residual PPO,Lateral sine,trajectory,1055,True,0.3082662486508984,0.043110955657775035,0.9786476868327402,0.010984495083040006,0.0004250461352057755,reacquisition_time,0.25,0.061571329832077026,0.031961239874362946
Nominal Residual PPO,Lateral sine,trajectory,1056,True,0.2508863189442034,0.04265234359888314,0.9786476868327402,0.009930495638372958,0.00041818481986410916,reacquisition_time,0.25,0.06133335083723068,0.031513113528490067
Nominal Residual PPO,Lateral sine,trajectory,1057,True,0.4071383190879149,0.042593848049360304,0.9786476868327402,0.008860105288832399,0.00041317634168080986,reacquisition_time,0.25,0.06125469505786896,0.031077329069375992
Nominal Residual PPO,Lateral sine,trajectory,1058,True,0.632248246832738,0.04596833162957269,0.9822064056939501,0.010013193738285311,0.00041527056600898504,reacquisition_time,0.20000000000000018,0.0770866796374321,0.03155242279171944
Nominal Residual PPO,Lateral sine,trajectory,1059,True,0.3988162359940026,0.043016356762565405,0.9786476868327402,0.009688047080973207,0.0004134695918764919,reacquisition_time,0.25,0.061439841985702515,0.031414423137903214
Nominal Residual PPO,Lateral sine,trajectory,1060,True,0.26520297903172885,0.043256773961108975,0.9786476868327402,0.01405272617282477,0.0004135522758588195,reacquisition_time,0.25,0.06242791563272476,0.033396974205970764
Nominal Residual PPO,Lateral sine,trajectory,1061,True,0.3033804302208322,0.041892405829950685,0.9786476868327402,0.008651551911549125,0.0004105207626707852,reacquisition_time,0.25,0.06083247810602188,0.030992664396762848
Nominal Residual PPO,Lateral sine,trajectory,1062,True,0.3545362849752453,0.043381983443832865,0.9786476868327402,0.012582977759513954,0.0004124111437704414,reacquisition_time,0.25,0.061983928084373474,0.03268752619624138
Nominal Residual PPO,Lateral sine,trajectory,1063,True,0.20301901135563813,0.04091429655108241,0.9786476868327402,0.008662275603453737,0.0004055923782289028,reacquisition_time,0.25,0.060568444430828094,0.030996602028608322
Nominal Residual PPO,Lateral sine,trajectory,1064,True,0.4617824310508538,0.04303542237555137,0.9786476868327402,0.00759671336731966,0.00041636134847067297,reacquisition_time,0.25,0.06162653863430023,0.030580975115299225
Nominal Residual PPO,Lateral sine,trajectory,1065,True,0.21682652812123007,0.0426785452734121,0.9786476868327402,0.013347143674837495,0.00041002308716997504,reacquisition_time,0.25,0.06203889846801758,0.03304874524474144
Nominal Residual PPO,Lateral sine,trajectory,1066,True,0.3842594193114867,0.041982822488784606,0.9786476868327402,0.00702939329922206,0.0004153774934820831,reacquisition_time,0.25,0.06074490398168564,0.03033752739429474
Nominal Residual PPO,Lateral sine,trajectory,1067,True,0.26133296049584676,0.040738339864995705,0.9786476868327402,0.011084699919746336,0.0004102815582882613,reacquisition_time,0.25,0.06016609072685242,0.030299726873636246
Nominal Residual PPO,Lateral sine,trajectory,1068,True,0.23826797593128332,0.04111432309952518,0.9786476868327402,0.007773713377029132,0.0004148698353674263,reacquisition_time,0.25,0.06034623831510544,0.03064601868391037
Nominal Residual PPO,Lateral sine,trajectory,1069,True,0.23579413874378,0.0406857796312005,0.9786476868327402,0.00885845777126801,0.00040657544741407037,reacquisition_time,0.25,0.06035930663347244,0.030623096972703934
Nominal Residual PPO,Lateral sine,trajectory,1070,True,0.527339311916954,0.04180202433715308,0.9786476868327402,0.007352280949412988,0.00042021487024612725,reacquisition_time,0.25,0.0602656826376915,0.030478885397315025
Nominal Residual PPO,Lateral sine,trajectory,1071,True,0.5093577249080306,0.042074627593943426,0.9786476868327402,0.008172614848851137,0.0004163133562542498,reacquisition_time,0.25,0.06035975366830826,0.030806198716163635
Nominal Residual PPO,Lateral sine,trajectory,1072,True,0.4108394797714669,0.04276794384519611,0.9786476868327402,0.013692592577175321,0.00040583196096122265,reacquisition_time,0.25,0.06152282655239105,0.033219434320926666
Nominal Residual PPO,Lateral sine,trajectory,1073,True,0.5148480793496413,0.04236435134894235,0.9786476868327402,0.01111921107456906,0.0004121184756513685,reacquisition_time,0.25,0.06083207204937935,0.03201962634921074
Nominal Residual PPO,Lateral sine,trajectory,1074,True,0.18776621824113673,0.042492015732630235,0.9786476868327402,0.014656221602787262,0.0004062843800056726,reacquisition_time,0.25,0.06198824569582939,0.033696237951517105
Nominal Residual PPO,Lateral sine,trajectory,1075,True,0.3100297207965972,0.040794563282125086,0.9786476868327402,0.007555051528328863,0.00041662706644274294,reacquisition_time,0.25,0.06028991937637329,0.03055652230978012
Nominal Residual PPO,Lateral sine,trajectory,1076,True,0.49589866675384126,0.04486850476661372,0.9786476868327402,0.013275792203623304,0.00040977573371492326,reacquisition_time,0.25,0.06922785937786102,0.033018603920936584
Nominal Residual PPO,Lateral sine,trajectory,1077,True,0.26837335531239304,0.04286706893303839,0.9786476868327402,0.008177552596024002,0.00042152428068220615,reacquisition_time,0.25,0.061596646904945374,0.03080768883228302
Nominal Residual PPO,Lateral sine,trajectory,1078,True,0.23411809398732314,0.04248124429389324,0.9786476868327402,0.007460655238202937,0.0004221474227961153,reacquisition_time,0.25,0.061652034521102905,0.03052208200097084
Nominal Residual PPO,Lateral sine,trajectory,1079,True,0.2848355736585367,0.04142563265460888,0.9786476868327402,0.01445869981595957,0.00040804935269989073,reacquisition_time,0.25,0.06125844642519951,0.03359410911798477
Nominal Residual PPO,Lateral sine,trajectory,1080,True,0.24870491200097594,0.04102726935722381,0.9786476868327402,0.010781131956655227,0.0004075068864040077,reacquisition_time,0.25,0.06083744764328003,0.031869638711214066
Nominal Residual PPO,Lateral sine,trajectory,1081,True,0.4366909078698591,0.041510420343510025,0.9786476868327402,0.00893655394691912,0.0004154728085268289,reacquisition_time,0.25,0.06055153161287308,0.03110506571829319
Nominal Residual PPO,Lateral sine,trajectory,1082,True,0.2807149077484826,0.04228022063795649,0.9786476868327402,0.009227195159806072,0.00041249411879107356,reacquisition_time,0.25,0.061212439090013504,0.031222673133015633
Nominal Residual PPO,Lateral sine,trajectory,1083,True,0.41150903115527093,0.041685552219115254,0.9786476868327402,0.007152550660605295,0.00041659080306999385,reacquisition_time,0.25,0.060262281447649,0.030391814187169075
Nominal Residual PPO,Lateral sine,trajectory,1084,True,0.3115268811146128,0.04331568875434041,0.9786476868327402,0.011916190645912117,0.000421550270402804,reacquisition_time,0.25,0.06184839829802513,0.03237976133823395
Nominal Residual PPO,Lateral sine,trajectory,1085,True,0.22382066777648996,0.0420352410174872,0.9786476868327402,0.012132527141921545,0.0004097702039871365,reacquisition_time,0.25,0.06136214733123779,0.03247612342238426
Nominal Residual PPO,Lateral sine,trajectory,1086,True,0.2888777775281265,0.043073555650949155,0.9786476868327402,0.012887789004575784,0.00041778211016207933,reacquisition_time,0.25,0.06204083934426308,0.03282853588461876
Nominal Residual PPO,Lateral sine,trajectory,1087,True,0.4264248664933215,0.043858788164670925,0.9786476868327402,0.009631359373812962,0.00041900231735780835,reacquisition_time,0.25,0.06578581780195236,0.03138943389058113
Nominal Residual PPO,Lateral sine,trajectory,1088,True,0.4342733174912077,0.04452570893611016,0.9786476868327402,0.013527071387842123,0.00041438546031713486,reacquisition_time,0.25,0.06923718005418777,0.03313949704170227
Nominal Residual PPO,Lateral sine,trajectory,1089,True,0.6155349879763968,0.044114166580891505,0.9786476868327402,0.011081450481443909,0.0004102956736460328,reacquisition_time,0.25,0.06226968765258789,0.03200465440750122
Nominal Residual PPO,Lateral sine,trajectory,1090,True,0.31703277722337075,0.042844810707690445,0.9786476868327402,0.008914105976290984,0.0004151140747126192,reacquisition_time,0.25,0.06150676682591438,0.031099041923880577
Nominal Residual PPO,Lateral sine,trajectory,1091,True,0.6231447287081063,0.04603115776406284,0.9786476868327402,0.010542018605925421,0.00041441500070504844,reacquisition_time,0.25,0.07761962711811066,0.031776223331689835
Nominal Residual PPO,Lateral sine,trajectory,1092,True,0.6127774956538297,0.04481802147948267,0.9786476868327402,0.009202914114852379,0.00041310887900181115,reacquisition_time,0.25,0.06909331679344177,0.031219813972711563
Nominal Residual PPO,Lateral sine,trajectory,1093,True,0.2755471055292538,0.04211403641694913,0.9786476868327402,0.012622122529829466,0.00040844891918823123,reacquisition_time,0.25,0.06131591647863388,0.032702166587114334
Nominal Residual PPO,Lateral sine,trajectory,1094,True,0.2759848571689132,0.04252671426091299,0.9786476868327402,0.007782785968208802,0.00041354881250299513,reacquisition_time,0.25,0.06158379837870598,0.030652664601802826
Nominal Residual PPO,Lateral sine,trajectory,1095,True,0.38808570816635457,0.042954225279344616,0.9786476868327402,0.008768731212759562,0.000415289425291121,reacquisition_time,0.25,0.061517708003520966,0.031040795147418976
Nominal Residual PPO,Lateral sine,trajectory,1096,True,0.23406762405124146,0.04075349522219068,0.9786476868327402,0.008276947922440778,0.0004067380214110017,reacquisition_time,0.25,0.06044274568557739,0.03084097057580948
Nominal Residual PPO,Lateral sine,trajectory,1097,True,0.3711102818936749,0.04228691507577048,0.9786476868327402,0.008272568816241728,0.0004136266652494669,reacquisition_time,0.25,0.061281125992536545,0.030843142420053482
Nominal Residual PPO,Lateral sine,trajectory,1098,True,0.4090292461366841,0.04365986759764677,0.9786476868327402,0.013958296327088053,0.00040683598490431905,reacquisition_time,0.25,0.06226865202188492,0.033348411321640015
Nominal Residual PPO,Lateral sine,trajectory,1099,True,0.6172256293567722,0.04493951308071856,0.9786476868327402,0.01080095405542264,0.0004095387412235141,reacquisition_time,0.25,0.06852710247039795,0.03188472241163254
Robust Residual PPO,Lateral sine,trajectory,1000,True,0.3634366391726852,0.03742045259778311,0.9786476868327402,0.013858878355591442,0.00043248155270703137,reacquisition_time,0.25,0.05379801243543625,0.016240078955888748
Robust Residual PPO,Lateral sine,trajectory,1001,True,0.37074251342021164,0.038484389262840486,0.9786476868327402,0.013065458084513896,0.0004422451020218432,reacquisition_time,0.25,0.05799027532339096,0.014750771224498749
Robust Residual PPO,Lateral sine,trajectory,1002,True,0.4614023698900215,0.03802975292272741,0.9786476868327402,0.014632348122496173,0.00043256147182546556,reacquisition_time,0.25,0.05874152109026909,0.017754238098859787
Robust Residual PPO,Lateral sine,trajectory,1003,True,0.5414655056885768,0.03835636868941395,0.9786476868327402,0.013913084465414538,0.00043761622509919107,reacquisition_time,0.25,0.05928322672843933,0.01636609248816967
Robust Residual PPO,Lateral sine,trajectory,1004,True,0.6127525196491249,0.0388620861281721,0.9786476868327402,0.012925717279996033,0.0004453929723240435,reacquisition_time,0.25,0.06058483570814133,0.014501098543405533
Robust Residual PPO,Lateral sine,trajectory,1005,True,0.6042773732074872,0.037307133879756246,0.9786476868327402,0.013318836089320624,0.000438305753050372,reacquisition_time,0.25,0.05132458731532097,0.015264288522303104
Robust Residual PPO,Lateral sine,trajectory,1006,True,0.4385065918435265,0.03757549051396048,0.9786476868327402,0.01335749566892355,0.0004346879431977868,reacquisition_time,0.25,0.05361220985651016,0.015324791893362999
Robust Residual PPO,Lateral sine,trajectory,1007,True,0.6416901785883417,0.03780151321721682,0.9786476868327402,0.014327045801502371,0.0004334730328992009,reacquisition_time,0.25,0.056588925421237946,0.0171796977519989
Robust Residual PPO,Lateral sine,trajectory,1008,True,0.5357864713561478,0.0374279070194582,0.9786476868327402,0.013129156327218826,0.00043719742097891867,reacquisition_time,0.25,0.05144782364368439,0.014908662997186184
Robust Residual PPO,Lateral sine,trajectory,1009,True,0.5568868362086782,0.03831547833307579,0.9786476868327402,0.012703279893412793,0.00044092597090639174,reacquisition_time,0.25,0.05601254105567932,0.014061173424124718
Robust Residual PPO,Lateral sine,trajectory,1010,True,0.6572898723148797,0.03898471795497203,0.9750889679715302,0.01511304693573425,0.00043056870345026255,reacquisition_time,0.3000000000000007,0.06491321325302124,0.018702862784266472
Robust Residual PPO,Lateral sine,trajectory,1011,True,0.4554874498425146,0.03768402601576687,0.9786476868327402,0.013119296526125585,0.0004357903089839965,reacquisition_time,0.25,0.05362173542380333,0.014883418567478657
Robust Residual PPO,Lateral sine,trajectory,1012,True,0.4655244613838741,0.03734573892556892,0.9786476868327402,0.013188442206318074,0.0004363625484984368,reacquisition_time,0.25,0.05132575333118439,0.015013736672699451
Robust Residual PPO,Lateral sine,trajectory,1013,True,0.3099414542254215,0.03823261532605344,0.9786476868327402,0.014425319970117317,0.0004379396850708872,reacquisition_time,0.25,0.05924777686595917,0.017338450998067856
Robust Residual PPO,Lateral sine,trajectory,1014,True,0.45125764274956864,0.03772971668118914,0.9786476868327402,0.015080509370740125,0.0004287003248464316,reacquisition_time,0.25,0.05768002197146416,0.018591640517115593
Robust Residual PPO,Lateral sine,trajectory,1015,True,0.46128929925223694,0.03761120503457896,0.9786476868327402,0.014334637206357663,0.00043119367910549045,reacquisition_time,0.25,0.055969979614019394,0.01716991513967514
Robust Residual PPO,Lateral sine,trajectory,1016,True,0.4954500172475749,0.037909036023834004,0.9786476868327402,0.013517188224041049,0.00043529723188839853,reacquisition_time,0.25,0.05600689724087715,0.015611403621733189
Robust Residual PPO,Lateral sine,trajectory,1017,True,0.2544751369142296,0.036967774212295586,0.9786476868327402,0.015320200038161414,0.0004302202141843736,reacquisition_time,0.25,0.05533728376030922,0.01901944726705551
Robust Residual PPO,Lateral sine,trajectory,1018,True,0.35908516719189715,0.03771246549761311,0.9786476868327402,0.015006132369377752,0.0004295379912946373,reacquisition_time,0.25,0.0573975034058094,0.018455233424901962
Robust Residual PPO,Lateral sine,trajectory,1019,True,0.5147323213823308,0.03803150218087965,0.9786476868327402,0.01383806176781346,0.0004349372466094792,reacquisition_time,0.25,0.05739445239305496,0.016221007332205772
Robust Residual PPO,Lateral sine,trajectory,1020,True,0.31637674387895365,0.03786599073843028,0.9786476868327402,0.012779145059249413,0.0004362514882814139,reacquisition_time,0.25,0.05341970548033714,0.01418798603117466
Robust Residual PPO,Lateral sine,trajectory,1021,True,0.5308252848145486,0.03906881943641523,0.9786476868327402,0.015355959410081221,0.00043750437907874584,reacquisition_time,0.25,0.0655396357178688,0.01912713795900345
Robust Residual PPO,Lateral sine,trajectory,1022,True,0.6879019563384967,0.03774141130781375,0.9750889679715302,0.014176992934455922,0.0004357110592536628,reacquisition_time,0.3000000000000007,0.05564595013856888,0.016888625919818878
Robust Residual PPO,Lateral sine,trajectory,1023,True,0.5438059812308166,0.03731902549827522,0.9786476868327402,0.015108894296925331,0.0004318009305279702,reacquisition_time,0.25,0.05504876747727394,0.018657201901078224
Robust Residual PPO,Lateral sine,trajectory,1024,True,0.45843794869779503,0.03811204661469594,0.9786476868327402,0.01356802992591072,0.0004388880333863199,reacquisition_time,0.25,0.057225748896598816,0.015699252486228943
Robust Residual PPO,Lateral sine,trajectory,1025,True,0.21049978404701467,0.0372436434409232,0.9786476868327402,0.013003432569704763,0.0004272445512469858,reacquisition_time,0.25,0.051769476383924484,0.014624552801251411
Robust Residual PPO,Lateral sine,trajectory,1026,True,0.5120618594717524,0.03776101407827291,0.9786476868327402,0.013073925342067125,0.00043626577826216817,reacquisition_time,0.25,0.05396038666367531,0.014788839966058731
Robust Residual PPO,Lateral sine,trajectory,1027,True,0.6357793557152053,0.03827105111822067,0.9786476868327402,0.014103048271992182,0.00043317413656041026,reacquisition_time,0.25,0.05881022289395332,0.016750846058130264
Robust Residual PPO,Lateral sine,trajectory,1028,True,0.23881554483298872,0.037536272922712534,0.9786476868327402,0.014437781256483909,0.00043030595406889915,reacquisition_time,0.25,0.055460862815380096,0.017354877665638924
Robust Residual PPO,Lateral sine,trajectory,1029,True,0.23747868702135155,0.037017089855767786,0.9786476868327402,0.012712025465512233,0.0004304524336475879,reacquisition_time,0.25,0.05221232399344444,0.014061091467738152
Robust Residual PPO,Lateral sine,trajectory,1030,True,0.5904047599114466,0.03932465572580089,0.9786476868327402,0.014809110808380228,0.0004408498352859169,reacquisition_time,0.25,0.06769760698080063,0.018124276772141457
Robust Residual PPO,Lateral sine,trajectory,1031,True,0.36033691401520945,0.03672177635035818,0.9786476868327402,0.014400987889624843,0.000435710622696206,reacquisition_time,0.25,0.05341969430446625,0.01728343963623047
Robust Residual PPO,Lateral sine,trajectory,1032,True,0.25511531031915485,0.03795495556357411,0.9786476868327402,0.015393124674995626,0.0004330918600317091,reacquisition_time,0.25,0.05890268832445145,0.019156048074364662
Robust Residual PPO,Lateral sine,trajectory,1033,True,0.30101855657032767,0.0368921848402203,0.9786476868327402,0.015160819851564632,0.0004318320716265589,reacquisition_time,0.25,0.05498196557164192,0.018719464540481567
Robust Residual PPO,Lateral sine,trajectory,1034,True,0.20016637889080582,0.03785168861094662,0.9786476868327402,0.012784935430221358,0.00043160642962902784,reacquisition_time,0.25,0.05320025235414505,0.014198897406458855
Robust Residual PPO,Lateral sine,trajectory,1035,True,0.500001142861981,0.0381285950422242,0.9786476868327402,0.014744586284030171,0.0004318532010074705,reacquisition_time,0.25,0.05942637100815773,0.017987636849284172
Robust Residual PPO,Lateral sine,trajectory,1036,True,0.49848554991476796,0.037322399591783,0.9786476868327402,0.013923042460016098,0.0004338876169640571,reacquisition_time,0.25,0.05265718325972557,0.016377443447709084
Robust Residual PPO,Lateral sine,trajectory,1037,True,0.4789347969904369,0.03810390258277603,0.9786476868327402,0.014241018753025256,0.0004349998489487916,reacquisition_time,0.25,0.05853036418557167,0.01699041575193405
Robust Residual PPO,Lateral sine,trajectory,1038,True,0.481877700759171,0.038522871364516244,0.9786476868327402,0.013636961251130559,0.00044265706674195826,reacquisition_time,0.25,0.05955270677804947,0.015828143805265427
Robust Residual PPO,Lateral sine,trajectory,1039,True,0.20336236749841582,0.03734501888020146,0.9786476868327402,0.014095591156556009,0.0004274910024832934,reacquisition_time,0.25,0.05366619676351547,0.016686899587512016
Robust Residual PPO,Lateral sine,trajectory,1040,True,0.2641034843292395,0.03698689267349578,0.9786476868327402,0.01453675706336827,0.00043010871740989387,reacquisition_time,0.25,0.053832974284887314,0.01755704917013645
Robust Residual PPO,Lateral sine,trajectory,1041,True,0.21343192833408953,0.03755217999360997,0.9786476868327402,0.015050713789132062,0.0004289476200938225,reacquisition_time,0.25,0.05637024715542793,0.018513651564717293
Robust Residual PPO,Lateral sine,trajectory,1042,True,0.4531666419877447,0.03792658475464332,0.9786476868327402,0.014149947945618453,0.0004339076695032418,reacquisition_time,0.25,0.05739612132310867,0.016810141503810883
Robust Residual PPO,Lateral sine,trajectory,1043,True,0.5600169570258992,0.03874764671166205,0.9786476868327402,0.013641007136182834,0.00044291422818787396,reacquisition_time,0.25,0.06136810779571533,0.0158527884632349
Robust Residual PPO,Lateral sine,trajectory,1044,True,0.6014857208983819,0.037574594124606245,0.9786476868327402,0.012653073411758043,0.00044001347851008177,reacquisition_time,0.25,0.05253661796450615,0.013975946232676506
Robust Residual PPO,Lateral sine,trajectory,1045,True,0.23695319438657506,0.03766776950901845,0.9786476868327402,0.014560059035496278,0.00043182523222640157,reacquisition_time,0.25,0.05639364942908287,0.017603030428290367
Robust Residual PPO,Lateral sine,trajectory,1046,True,0.6336058600413937,0.037773634817601716,0.9786476868327402,0.014359020780061148,0.0004333393007982522,reacquisition_time,0.25,0.05654538795351982,0.017244229093194008
Robust Residual PPO,Lateral sine,trajectory,1047,True,0.3339796759509159,0.037621595195533014,0.9786476868327402,0.013451605287352064,0.0004342489701230079,reacquisition_time,0.25,0.05401874706149101,0.015484891831874847
Robust Residual PPO,Lateral sine,trajectory,1048,True,0.3415983607810243,0.03834610539344313,0.9786476868327402,0.015219208367680122,0.000436318019637838,reacquisition_time,0.25,0.06083507835865021,0.018848057836294174
Robust Residual PPO,Lateral sine,trajectory,1049,True,0.5336081216433595,0.03796971033069029,0.9786476868327402,0.01470828848946193,0.00043047528015449643,reacquisition_time,0.25,0.05849706381559372,0.017923859879374504
Robust Residual PPO,Lateral sine,trajectory,1050,True,0.43260041757067785,0.03821537945413376,0.9786476868327402,0.015376631350697695,0.000431555206887424,reacquisition_time,0.25,0.06049812585115433,0.01915127784013748
Robust Residual PPO,Lateral sine,trajectory,1051,True,0.25978556936284103,0.03786356438776189,0.9786476868327402,0.013083093807087142,0.0004346198111306876,reacquisition_time,0.25,0.05432894453406334,0.01478864997625351
Robust Residual PPO,Lateral sine,trajectory,1052,True,0.4739047546755799,0.03780040571450839,0.9786476868327402,0.013699962732686533,0.00043412833474576473,reacquisition_time,0.25,0.05578673258423805,0.01594896800816059
Robust Residual PPO,Lateral sine,trajectory,1053,True,0.2449029625680725,0.037717731555052224,0.9786476868327402,0.014884823968776703,0.00043203693348914385,reacquisition_time,0.25,0.057112935930490494,0.01821032352745533
Robust Residual PPO,Lateral sine,trajectory,1054,True,0.6416014322553203,0.03774989375600291,0.9786476868327402,0.013867853353136832,0.00043485898640938103,reacquisition_time,0.25,0.055557139217853546,0.01629810407757759
Robust Residual PPO,Lateral sine,trajectory,1055,True,0.30047528706720555,0.03815747072588417,0.9786476868327402,0.01418200810977685,0.00043740562978200614,reacquisition_time,0.25,0.058434125036001205,0.0168526079505682
Robust Residual PPO,Lateral sine,trajectory,1056,True,0.24285022742607928,0.0379416874607581,0.9786476868327402,0.013832736857635832,0.00043411951628513634,reacquisition_time,0.25,0.05655347928404808,0.016182687133550644
Robust Residual PPO,Lateral sine,trajectory,1057,True,0.4069247957883502,0.03766419276110636,0.9786476868327402,0.01344424821033635,0.0004347347712609917,reacquisition_time,0.25,0.05433626472949982,0.015474587678909302
Robust Residual PPO,Lateral sine,trajectory,1058,True,0.6278766834739418,0.03891250546025004,0.9786476868327402,0.013850870794134367,0.00044091668678447604,reacquisition_time,0.25,0.06310608237981796,0.01625961810350418
Robust Residual PPO,Lateral sine,trajectory,1059,True,0.39550344379106367,0.03786154097296251,0.9786476868327402,0.013751009618548849,0.00043631839798763394,reacquisition_time,0.25,0.056167375296354294,0.016033798456192017
Robust Residual PPO,Lateral sine,trajectory,1060,True,0.2564283193792409,0.03821750582610911,0.9786476868327402,0.015170878164694349,0.0004349153605289757,reacquisition_time,0.25,0.060012053698301315,0.018747683614492416
Robust Residual PPO,Lateral sine,trajectory,1061,True,0.30355655316237506,0.03742668435244322,0.9786476868327402,0.013362851933137052,0.0004314674297347665,reacquisition_time,0.25,0.052549321204423904,0.015320980921387672
Robust Residual PPO,Lateral sine,trajectory,1062,True,0.3478197214150625,0.038128291214442014,0.9786476868327402,0.014683117090730767,0.00043673624168150127,reacquisition_time,0.25,0.05916612595319748,0.017849136143922806
Robust Residual PPO,Lateral sine,trajectory,1063,True,0.1995699055761047,0.036872467661031985,0.9786476868327402,0.013366827042805332,0.00042898618266917765,reacquisition_time,0.25,0.05122706666588783,0.015322414226830006
Robust Residual PPO,Lateral sine,trajectory,1064,True,0.46095866485579823,0.03789576245371463,0.9786476868327402,0.0129421982358279,0.00043781942804344,reacquisition_time,0.25,0.054331377148628235,0.01452338881790638
Robust Residual PPO,Lateral sine,trajectory,1065,True,0.2083423765208409,0.03783549854497,0.9786476868327402,0.014932238377604672,0.0004319584695622325,reacquisition_time,0.25,0.05774976313114166,0.018306635320186615
Robust Residual PPO,Lateral sine,trajectory,1066,True,0.3852064711464855,0.03751026754397174,0.9786476868327402,0.012647228205673577,0.00043577144970186055,reacquisition_time,0.25,0.05256716534495354,0.013950598426163197
Robust Residual PPO,Lateral sine,trajectory,1067,True,0.25670206844830773,0.03676124769231111,0.9786476868327402,0.012596880216184572,0.00043369404738768935,reacquisition_time,0.25,0.05194997787475586,0.013844839297235012
Robust Residual PPO,Lateral sine,trajectory,1068,True,0.23711260035979434,0.03705675483424971,0.9786476868327402,0.013015969771941641,0.00042939872946590185,reacquisition_time,0.25,0.05165480077266693,0.014653033576905727
Robust Residual PPO,Lateral sine,trajectory,1069,True,0.23029842963886887,0.03668824569603089,0.9786476868327402,0.012992256604910013,0.00043230870505794883,reacquisition_time,0.25,0.0513295941054821,0.01460338570177555
Robust Residual PPO,Lateral sine,trajectory,1070,True,0.5272473420204544,0.03709724205804893,0.9786476868327402,0.012828279172084955,0.00044149011955596507,reacquisition_time,0.25,0.05207233503460884,0.014295452274382114
Robust Residual PPO,Lateral sine,trajectory,1071,True,0.509973239627397,0.037242204196733505,0.9786476868327402,0.013169332675330325,0.0004378270241431892,reacquisition_time,0.25,0.0513564832508564,0.014981483109295368
Robust Residual PPO,Lateral sine,trajectory,1072,True,0.4115252005719122,0.03746756567619978,0.9786476868327402,0.015053764689246593,0.0004288915661163628,reacquisition_time,0.25,0.05599786713719368,0.018532728776335716
Robust Residual PPO,Lateral sine,trajectory,1073,True,0.515027311154309,0.03707324251604138,0.9786476868327402,0.014217407699284883,0.0004349967057351023,reacquisition_time,0.25,0.05316758528351784,0.016941655427217484
Robust Residual PPO,Lateral sine,trajectory,1074,True,0.1817690722124157,0.03762450083589118,0.9786476868327402,0.015363850068337737,0.0004285923205316067,reacquisition_time,0.25,0.05704551190137863,0.019108623266220093
Robust Residual PPO,Lateral sine,trajectory,1075,True,0.3066344657128054,0.03670846839826826,0.9786476868327402,0.012920977199235916,0.0004355351848062128,reacquisition_time,0.25,0.05149591341614723,0.014464062638580799
Robust Residual PPO,Lateral sine,trajectory,1076,True,0.4911958199708836,0.038437457860040575,0.9786476868327402,0.0149135190726153,0.0004352341638877988,reacquisition_time,0.25,0.06118985638022423,0.018282296136021614
Robust Residual PPO,Lateral sine,trajectory,1077,True,0.26078931588479476,0.03812354002985789,0.9786476868327402,0.01317822876398086,0.00043519228347577155,reacquisition_time,0.25,0.056056540459394455,0.014977891929447651
Robust Residual PPO,Lateral sine,trajectory,1078,True,0.2266140667854634,0.037897352188372875,0.9786476868327402,0.0128829177129974,0.0004330933152232319,reacquisition_time,0.25,0.05383020266890526,0.014388293027877808
Robust Residual PPO,Lateral sine,trajectory,1079,True,0.2803385884740744,0.03670175315316178,0.9786476868327402,0.015295612371620299,0.00043313566129654646,reacquisition_time,0.25,0.055242620408535004,0.018983423709869385
Robust Residual PPO,Lateral sine,trajectory,1080,True,0.24543266236361716,0.036777042106538094,0.9786476868327402,0.014111783850813084,0.0004309219657443464,reacquisition_time,0.25,0.052788861095905304,0.01671564020216465
Robust Residual PPO,Lateral sine,trajectory,1081,True,0.43617747350256125,0.03694373108773533,0.9786476868327402,0.013466189208034421,0.0004379567108117044,reacquisition_time,0.25,0.051568403840065,0.015521162189543247
Robust Residual PPO,Lateral sine,trajectory,1082,True,0.27675049465718926,0.037627607776980716,0.9786476868327402,0.013579349118977672,0.0004328640934545547,reacquisition_time,0.25,0.05428647622466087,0.015717554837465286
Robust Residual PPO,Lateral sine,trajectory,1083,True,0.4119519864472663,0.0372856510191894,0.9786476868327402,0.012723250443388515,0.00043757553794421256,reacquisition_time,0.25,0.052330367267131805,0.014085902832448483
Robust Residual PPO,Lateral sine,trajectory,1084,True,0.3035015973148569,0.038289147137263405,0.9786476868327402,0.01447643121627908,0.00043769157491624355,reacquisition_time,0.25,0.05959336832165718,0.017436420544981956
Robust Residual PPO,Lateral sine,trajectory,1085,True,0.2218274821063954,0.037427364174182784,0.9786476868327402,0.01454307579180603,0.00042847785516642034,reacquisition_time,0.25,0.05499233677983284,0.017562728375196457
Robust Residual PPO,Lateral sine,trajectory,1086,True,0.2809160803046416,0.03806254252555399,0.9786476868327402,0.014785591579565258,0.0004358877195045352,reacquisition_time,0.25,0.05884333327412605,0.018028875812888145
Robust Residual PPO,Lateral sine,trajectory,1087,True,0.4197987265600464,0.03844950430883553,0.9786476868327402,0.013726140053263457,0.00044275217805989087,reacquisition_time,0.25,0.05927225202322006,0.015994379296898842
Robust Residual PPO,Lateral sine,trajectory,1088,True,0.42699229302776126,0.03872313844896743,0.9786476868327402,0.014998196670949007,0.00043910639942623675,reacquisition_time,0.25,0.06291081756353378,0.018432794138789177
Robust Residual PPO,Lateral sine,trajectory,1089,True,0.6170004668133237,0.037709908574068036,0.9786476868327402,0.014197438762425104,0.0004334893310442567,reacquisition_time,0.25,0.05604910850524902,0.016928836703300476
Robust Residual PPO,Lateral sine,trajectory,1090,True,0.310326272491149,0.037983092259221016,0.9786476868327402,0.013468752685963774,0.0004374915442895144,reacquisition_time,0.25,0.056081172078847885,0.01550885196775198
Robust Residual PPO,Lateral sine,trajectory,1091,True,0.6186367476102369,0.03890830692833974,0.9786476868327402,0.014027279416312396,0.00044038071064278483,reacquisition_time,0.25,0.06332721561193466,0.01659809611737728
Robust Residual PPO,Lateral sine,trajectory,1092,True,0.6116946521713137,0.038370997230289694,0.9786476868327402,0.01357024053092927,0.00043642721720971167,reacquisition_time,0.25,0.05854244902729988,0.01572468690574169
Robust Residual PPO,Lateral sine,trajectory,1093,True,0.2751987904907489,0.037415161507405245,0.9786476868327402,0.014697720701812661,0.00042926313471980393,reacquisition_time,0.25,0.055217232555150986,0.01785995624959469
Robust Residual PPO,Lateral sine,trajectory,1094,True,0.2695239904221988,0.037855626555603004,0.9786476868327402,0.013023558987789959,0.00043493651901371777,reacquisition_time,0.25,0.05410895124077797,0.014669559895992279
Robust Residual PPO,Lateral sine,trajectory,1095,True,0.3842210806975865,0.03789279460077035,0.9786476868327402,0.013406837100492138,0.00043795251986011863,reacquisition_time,0.25,0.055551327764987946,0.015410791151225567
Robust Residual PPO,Lateral sine,trajectory,1096,True,0.22945130281496937,0.036722108276172886,0.9786476868327402,0.013206596057496849,0.00043165936949662864,reacquisition_time,0.25,0.05107656121253967,0.015038213692605495
Robust Residual PPO,Lateral sine,trajectory,1097,True,0.3711887903170543,0.03758506407345024,0.9786476868327402,0.01320663594408112,0.00043466314673423767,reacquisition_time,0.25,0.05319784954190254,0.015049734152853489
Robust Residual PPO,Lateral sine,trajectory,1098,True,0.4065433495582479,0.03795707120728064,0.9786476868327402,0.01513170884035171,0.00043051032116636634,reacquisition_time,0.25,0.05890555679798126,0.018694132566452026
Robust Residual PPO,Lateral sine,trajectory,1099,True,0.6179071265020851,0.038204894321703944,0.9786476868327402,0.014107909210813048,0.0004330310330260545,reacquisition_time,0.25,0.058581262826919556,0.016757508739829063
Nominal Residual PPO,Constant turn,trajectory,1000,True,0.36163386821020704,0.022530140065345955,1.0,0.013609249456442958,4.7538793296553195e-05,reacquisition_time,0.0,0.03459755331277847,0.03473283722996712
Nominal Residual PPO,Constant turn,trajectory,1001,True,0.37635786674130295,0.01967205542884337,1.0,0.011905281376396194,5.072016210760921e-05,reacquisition_time,0.0,0.029105108231306076,0.027523288503289223
Nominal Residual PPO,Constant turn,trajectory,1002,True,0.4629735179742701,0.029225892921802006,1.0,0.015370149375398419,5.3287843911675736e-05,reacquisition_time,0.0,0.04169393330812454,0.041588958352804184
Nominal Residual PPO,Constant turn,trajectory,1003,True,0.5441511374719636,0.026111304457864158,1.0,0.013854644888098866,5.084935401100665e-05,reacquisition_time,0.0,0.03955218940973282,0.03533371910452843
Nominal Residual PPO,Constant turn,trajectory,1004,True,0.6164603457984943,0.02172380266304694,1.0,0.011693079344381253,5.083043288323097e-05,reacquisition_time,0.0,0.040842123329639435,0.026264885440468788
Nominal Residual PPO,Constant turn,trajectory,1005,True,0.6026220725816126,0.021010218631431554,1.0,0.012551642114955627,4.898746919934638e-05,reacquisition_time,0.0,0.032063160091638565,0.030079374089837074
Nominal Residual PPO,Constant turn,trajectory,1006,True,0.43658551178104943,0.02018688381010264,1.0,0.012578253288144887,4.6039811422815546e-05,reacquisition_time,0.0,0.0302935391664505,0.030345287173986435
Nominal Residual PPO,Constant turn,trajectory,1007,True,0.6395632589732719,0.02880154331308731,1.0,0.014810621579197542,5.1326922402950004e-05,reacquisition_time,0.0,0.044626399874687195,0.03902532160282135
Nominal Residual PPO,Constant turn,trajectory,1008,True,0.5337061274790992,0.01924937877450905,1.0,0.012107991992190554,4.694606104749255e-05,reacquisition_time,0.0,0.028289776295423508,0.028289776295423508
Nominal Residual PPO,Constant turn,trajectory,1009,True,0.5580548925948517,0.018632277457108364,1.0,0.011139231289770185,4.713370799436234e-05,reacquisition_time,0.0,0.03346525505185127,0.02398020029067993
Nominal Residual PPO,Constant turn,trajectory,1010,True,0.6561427271986064,0.03650173359459802,1.0,0.016565507841995425,5.539004268939607e-05,reacquisition_time,0.0,0.06131494417786598,0.04568709805607796
Nominal Residual PPO,Constant turn,trajectory,1011,True,0.45372433229259546,0.0190518462754021,1.0,0.012068363405703237,4.5647480874322355e-05,reacquisition_time,0.0,0.02814614400267601,0.028164999559521675
Nominal Residual PPO,Constant turn,trajectory,1012,True,0.4634855891180312,0.018904945916153514,1.0,0.012212451826551106,4.641858322429471e-05,reacquisition_time,0.0,0.028789697214961052,0.028827404603362083
Nominal Residual PPO,Constant turn,trajectory,1013,True,0.3165843656009821,0.027243146888749344,1.0,0.014832516219043378,6.669096910627559e-05,reacquisition_time,0.0,0.03975030779838562,0.03975030779838562
Nominal Residual PPO,Constant turn,trajectory,1014,True,0.44998631254071514,0.031186662309433906,1.0,0.016258811909049178,5.495670484378934e-05,reacquisition_time,0.0,0.04538530856370926,0.04521194100379944
Nominal Residual PPO,Constant turn,trajectory,1015,True,0.4596554055605589,0.026480018521264272,1.0,0.01470412340247251,4.9952042900258675e-05,reacquisition_time,0.0,0.03901873156428337,0.038981419056653976
Nominal Residual PPO,Constant turn,trajectory,1016,True,0.4950830625482342,0.022331659931879102,1.0,0.01295376260995804,4.710825305664912e-05,reacquisition_time,0.0,0.031771715730428696,0.03176809847354889
Nominal Residual PPO,Constant turn,trajectory,1017,True,0.25615336340702305,0.030670106601787653,1.0,0.01653938250689476,5.8515161072136834e-05,reacquisition_time,0.0,0.04715613275766373,0.04697747156023979
Nominal Residual PPO,Constant turn,trajectory,1018,True,0.3593602178863127,0.030151262551618072,1.0,0.016051590061625213,5.5022519518388435e-05,reacquisition_time,0.0,0.044678494334220886,0.044578563421964645
Nominal Residual PPO,Constant turn,trajectory,1019,True,0.5151350199176242,0.02473743000570832,1.0,0.013665305213852121,4.8808193241711706e-05,reacquisition_time,0.0,0.035239119082689285,0.034634947776794434
Nominal Residual PPO,Constant turn,trajectory,1020,True,0.3193541820037216,0.01639598867264835,1.0,0.011220200833274255,4.331667150836438e-05,reacquisition_time,0.0,0.024527989327907562,0.024639995768666267
Nominal Residual PPO,Constant turn,trajectory,1021,True,0.536578833057496,0.0357483125243206,1.0,0.016882726429133493,6.361497798934579e-05,reacquisition_time,0.0,0.04957062751054764,0.04742766544222832
Nominal Residual PPO,Constant turn,trajectory,1022,True,0.6859044522518758,0.02833872778181499,1.0,0.01449557708245933,5.206533751334064e-05,reacquisition_time,0.0,0.046502597630023956,0.03771250322461128
Nominal Residual PPO,Constant turn,trajectory,1023,True,0.5426677257305632,0.03161555208687254,1.0,0.016358933979340316,5.770253483206034e-05,reacquisition_time,0.0,0.045711737126111984,0.04549230635166168
Nominal Residual PPO,Constant turn,trajectory,1024,True,0.4613969633480886,0.02276657999938377,1.0,0.013045862006486622,4.990669549442828e-05,reacquisition_time,0.0,0.032197706401348114,0.032192349433898926
Nominal Residual PPO,Constant turn,trajectory,1025,True,0.20802936666308575,0.016158219409872644,1.0,0.011679989706698554,4.3662712414516136e-05,reacquisition_time,0.0,0.026564715430140495,0.026862535625696182
Nominal Residual PPO,Constant turn,trajectory,1026,True,0.5101316551441305,0.019304435068635446,1.0,0.011977952915403671,4.5691049308516085e-05,reacquisition_time,0.0,0.02885524183511734,0.02770322933793068
Nominal Residual PPO,Constant turn,trajectory,1027,True,0.6342774556467107,0.02820027353461582,1.0,0.014340792586084252,4.8874455387704074e-05,reacquisition_time,0.0,0.045957051217556,0.03709837794303894
Nominal Residual PPO,Constant turn,trajectory,1028,True,0.2408579589637489,0.02609016915878031,1.0,0.014817919694696789,5.5458171118516475e-05,reacquisition_time,0.0,0.0398138090968132,0.0398138090968132
Nominal Residual PPO,Constant turn,trajectory,1029,True,0.2374082360316449,0.013993284951098445,1.0,0.011004541027127007,4.225812153890729e-05,reacquisition_time,0.0,0.023613985627889633,0.023952443152666092
Nominal Residual PPO,Constant turn,trajectory,1030,True,0.5959901352189554,0.033637742487145836,1.0,0.015851171193595495,6.091386603657156e-05,reacquisition_time,0.0,0.05238039419054985,0.043172549456357956
Nominal Residual PPO,Constant turn,trajectory,1031,True,0.36122681349239016,0.025065159243763388,1.0,0.014732345431186667,5.614829569822177e-05,reacquisition_time,0.0,0.03949080407619476,0.03949080407619476
Nominal Residual PPO,Constant turn,trajectory,1032,True,0.26151787817231054,0.032438742121249704,1.0,0.01672695791829534,6.279494118643925e-05,reacquisition_time,0.0,0.047739170491695404,0.047541067004203796
Nominal Residual PPO,Constant turn,trajectory,1033,True,0.3023383223281716,0.02970384345588853,1.0,0.01625637735977341,5.752361175836995e-05,reacquisition_time,0.0,0.04589036852121353,0.0457489937543869
Nominal Residual PPO,Constant turn,trajectory,1034,True,0.20520573699888595,0.01587826987458388,1.0,0.011200882313137617,4.664306834456511e-05,reacquisition_time,0.0,0.024356812238693237,0.024685822427272797
Nominal Residual PPO,Constant turn,trajectory,1035,True,0.5010168685314835,0.030508945285595376,1.0,0.015649668519289173,5.3675023082178086e-05,reacquisition_time,0.0,0.04274976998567581,0.04260430485010147
Nominal Residual PPO,Constant turn,trajectory,1036,True,0.4966654480932009,0.023680464443196905,1.0,0.013811999664555152,4.890458512818441e-05,reacquisition_time,0.0,0.035392917692661285,0.035381756722927094
Nominal Residual PPO,Constant turn,trajectory,1037,True,0.4811730158560925,0.027067803435380386,1.0,0.014529955888169068,5.162826710147783e-05,reacquisition_time,0.0,0.038242157548666,0.038184624165296555
Nominal Residual PPO,Constant turn,trajectory,1038,True,0.48675983605821443,0.023994016944655795,1.0,0.013199829813175218,5.3437877795659006e-05,reacquisition_time,0.0,0.035750243812799454,0.03278670087456703
Nominal Residual PPO,Constant turn,trajectory,1039,True,0.20280407462836178,0.02351267168193519,1.0,0.014060252573015406,4.856122541241348e-05,reacquisition_time,0.0,0.036725543439388275,0.03680659830570221
Nominal Residual PPO,Constant turn,trajectory,1040,True,0.2640934125508486,0.025945970215410428,1.0,0.015012456433457074,5.2138893806841224e-05,reacquisition_time,0.0,0.04072042182087898,0.04070543125271797
Nominal Residual PPO,Constant turn,trajectory,1041,True,0.21574074316655154,0.029821681587912804,1.0,0.01605006154359822,5.666559445671737e-05,reacquisition_time,0.0,0.04497336596250534,0.044870950281620026
Nominal Residual PPO,Constant turn,trajectory,1042,True,0.45428493274847803,0.025951895603514893,1.0,0.014310097142760391,5.031541513744742e-05,reacquisition_time,0.0,0.0373966284096241,0.037363916635513306
Nominal Residual PPO,Constant turn,trajectory,1043,True,0.5644912611996287,0.025226183172353686,1.0,0.013263372669260734,5.30889919900801e-05,reacquisition_time,0.0,0.04129039868712425,0.03290243819355965
Nominal Residual PPO,Constant turn,trajectory,1044,True,0.5993240602072969,0.016994511145726726,1.0,0.011017589667974477,4.7034816816449165e-05,reacquisition_time,0.0,0.02911635860800743,0.023520488291978836
Nominal Residual PPO,Constant turn,trajectory,1045,True,0.2414066127067494,0.02709672354440907,1.0,0.015086450819045165,5.66859234822914e-05,reacquisition_time,0.0,0.04091670736670494,0.04089616611599922
Nominal Residual PPO,Constant turn,trajectory,1046,True,0.6315001743158412,0.028860553055146603,1.0,0.014878872479183316,5.157482883078046e-05,reacquisition_time,0.0,0.04402463138103485,0.03932284563779831
Nominal Residual PPO,Constant turn,trajectory,1047,True,0.3341034619604475,0.02033730455033074,1.0,0.012740351192657633,4.626822556019761e-05,reacquisition_time,0.0,0.030925391241908073,0.0311434306204319
Nominal Residual PPO,Constant turn,trajectory,1048,True,0.34838299793953825,0.032203151446478825,1.0,0.01645261949893382,6.240293441805989e-05,reacquisition_time,0.0,0.04639238864183426,0.046244245022535324
Nominal Residual PPO,Constant turn,trajectory,1049,True,0.5324119971399552,0.030312048298244326,1.0,0.015593584405226318,5.237213190412149e-05,reacquisition_time,0.0,0.04246547073125839,0.04232214391231537
Nominal Residual PPO,Constant turn,trajectory,1050,True,0.4358455790449159,0.03366413303869974,1.0,0.016840770105485098,5.969663834548555e-05,reacquisition_time,0.0,0.04778412729501724,0.0475328154861927
Nominal Residual PPO,Constant turn,trajectory,1051,True,0.2646962110408678,0.01814386421364551,1.0,0.011910436712958012,4.621878542820923e-05,reacquisition_time,0.0,0.02742030657827854,0.027704231441020966
Nominal Residual PPO,Constant turn,trajectory,1052,True,0.47309143077339316,0.02301791823698942,1.0,0.013328202951905555,4.741172233480029e-05,reacquisition_time,0.0,0.03336396440863609,0.03335876762866974
Nominal Residual PPO,Constant turn,trajectory,1053,True,0.24945601026955566,0.029123400125780245,1.0,0.015741952836115576,5.951701677986421e-05,reacquisition_time,0.0,0.04361133649945259,0.04354144260287285
Nominal Residual PPO,Constant turn,trajectory,1054,True,0.6393548535710402,0.02568568699296028,1.0,0.013795626561484189,4.899694977211766e-05,reacquisition_time,0.0,0.04074555262923241,0.03499597683548927
Nominal Residual PPO,Constant turn,trajectory,1055,True,0.30688886235615165,0.02554260457652899,1.0,0.014284877116453768,6.484967889264226e-05,reacquisition_time,0.0,0.037482548505067825,0.037542641162872314
Nominal Residual PPO,Constant turn,trajectory,1056,True,0.24906586222852603,0.022883347701882065,1.0,0.013512200653776079,5.481133484863676e-05,reacquisition_time,0.0,0.03432662412524223,0.03446955978870392
Nominal Residual PPO,Constant turn,trajectory,1057,True,0.4059418430040088,0.02072252700497582,1.0,0.012750205177419647,4.665714732254855e-05,reacquisition_time,0.0,0.031006822362542152,0.031086266040802002
Nominal Residual PPO,Constant turn,trajectory,1058,True,0.6315000392566572,0.027696831938144224,1.0,0.013779006857883464,5.238744051894173e-05,reacquisition_time,0.0,0.047694407403469086,0.03483922407031059
Nominal Residual PPO,Constant turn,trajectory,1059,True,0.39764907865126475,0.02295936504929878,1.0,0.013403147397934157,4.9414593377150595e-05,reacquisition_time,0.0,0.033739734441041946,0.033774517476558685
Nominal Residual PPO,Constant turn,trajectory,1060,True,0.264038849338917,0.031529812805307054,1.0,0.016308414119753124,6.379593833116814e-05,reacquisition_time,0.0,0.04599574953317642,0.04585317522287369
Nominal Residual PPO,Constant turn,trajectory,1061,True,0.3017718835013009,0.019217919850176922,1.0,0.012530451924137152,4.3327570892870426e-05,reacquisition_time,0.0,0.030100682750344276,0.030335700139403343
Nominal Residual PPO,Constant turn,trajectory,1062,True,0.3534962768246613,0.02887555572838426,1.0,0.015407553845592456,5.744262307416648e-05,reacquisition_time,0.0,0.042027272284030914,0.04199184849858284
Nominal Residual PPO,Constant turn,trajectory,1063,True,0.20068317952922865,0.018211501073932906,1.0,0.012469954295753566,3.8297024730127305e-05,reacquisition_time,0.0,0.030120549723505974,0.03035600110888481
Nominal Residual PPO,Constant turn,trajectory,1064,True,0.4606303347406004,0.018419975242663228,1.0,0.01165576549315644,4.626807276508771e-05,reacquisition_time,0.0,0.02758057788014412,0.026366939768195152
Nominal Residual PPO,Constant turn,trajectory,1065,True,0.21528734861431703,0.029575251279700045,1.0,0.015823162712358077,5.759755367762409e-05,reacquisition_time,0.0,0.04404711723327637,0.04395902901887894
Nominal Residual PPO,Constant turn,trajectory,1066,True,0.3828524455410416,0.015039226976373945,1.0,0.010935271480870685,4.323921530158259e-05,reacquisition_time,0.0,0.023282386362552643,0.023381996899843216
Nominal Residual PPO,Constant turn,trajectory,1067,True,0.2593321469550612,0.013292433194094764,1.0,0.010733533404308394,3.760082836379297e-05,reacquisition_time,0.0,0.022535759955644608,0.022813694551587105
Nominal Residual PPO,Constant turn,trajectory,1068,True,0.23614840292005956,0.016093017471569892,1.0,0.011710149948508455,4.50238621851895e-05,reacquisition_time,0.0,0.026724327355623245,0.027019374072551727
Nominal Residual PPO,Constant turn,trajectory,1069,True,0.2336871062634136,0.01572263886494899,1.0,0.011620130712080349,3.645646938821301e-05,reacquisition_time,0.0,0.026462895795702934,0.026762569323182106
Nominal Residual PPO,Constant turn,trajectory,1070,True,0.526361730520241,0.016766194312721375,1.0,0.011364621451995635,4.9051534006139264e-05,reacquisition_time,0.0,0.025200018659234047,0.025200018659234047
Nominal Residual PPO,Constant turn,trajectory,1071,True,0.5083850787719748,0.019004179395675683,1.0,0.012183165497221607,4.769184306496754e-05,reacquisition_time,0.0,0.02865731529891491,0.028673483058810234
Nominal Residual PPO,Constant turn,trajectory,1072,True,0.410055771393311,0.030220969626942193,1.0,0.016158235581700445,5.477936065290123e-05,reacquisition_time,0.0,0.045058250427246094,0.04495258256793022
Nominal Residual PPO,Constant turn,trajectory,1073,True,0.514060190416811,0.02531335834217777,1.0,0.014442244011386983,5.221484389039688e-05,reacquisition_time,0.0,0.03799447789788246,0.03796051815152168
Nominal Residual PPO,Constant turn,trajectory,1074,True,0.18627405114832332,0.03179747584708988,1.0,0.01663650082466605,5.8681944210547954e-05,reacquisition_time,0.0,0.047525182366371155,0.047330718487501144
Nominal Residual PPO,Constant turn,trajectory,1075,True,0.30841279451251474,0.015515897399181227,1.0,0.011478674156638469,4.599133535521105e-05,reacquisition_time,0.0,0.025773275643587112,0.026046382263302803
Nominal Residual PPO,Constant turn,trajectory,1076,True,0.49518957452399154,0.03182442692639791,1.0,0.01596822406738754,5.7346267567481846e-05,reacquisition_time,0.0,0.04407205805182457,0.04389197379350662
Nominal Residual PPO,Constant turn,trajectory,1077,True,0.2664456058403999,0.019234714808148312,1.0,0.012132243799837484,5.316237002261914e-05,reacquisition_time,0.0,0.028444495052099228,0.02864307165145874
Nominal Residual PPO,Constant turn,trajectory,1078,True,0.2318175945463082,0.016698546871446375,1.0,0.011429535852866214,5.162084198673256e-05,reacquisition_time,0.0,0.025343062356114388,0.02565860003232956
Nominal Residual PPO,Constant turn,trajectory,1079,True,0.28385800969912894,0.030409166653868853,1.0,0.0164885473659751,5.963722651358694e-05,reacquisition_time,0.0,0.046979062259197235,0.046809397637844086
Nominal Residual PPO,Constant turn,trajectory,1080,True,0.24706739121661922,0.02296946519865037,1.0,0.014060103914920423,4.64343793282751e-05,reacquisition_time,0.0,0.03684317693114281,0.036920323967933655
Nominal Residual PPO,Constant turn,trajectory,1081,True,0.4356213915576046,0.01987634556303953,1.0,0.012774270187372106,4.896337486570701e-05,reacquisition_time,0.0,0.031230168417096138,0.03130592033267021
Nominal Residual PPO,Constant turn,trajectory,1082,True,0.27902064393106163,0.020920499920679153,1.0,0.01298853082641321,4.700259887613356e-05,reacquisition_time,0.0,0.03205231949687004,0.03224732354283333
Nominal Residual PPO,Constant turn,trajectory,1083,True,0.4102239433821722,0.015312865267548097,1.0,0.011093950915541481,4.480754796531983e-05,reacquisition_time,0.0,0.024007214233279228,0.0241013765335083
Nominal Residual PPO,Constant turn,trajectory,1084,True,0.3102678793730497,0.027602263058129163,1.0,0.014936825300818822,6.436745024984702e-05,reacquisition_time,0.0,0.040184859186410904,0.040184859186410904
Nominal Residual PPO,Constant turn,trajectory,1085,True,0.22214783143839362,0.026551719053911974,1.0,0.01503328887243666,5.316326132742688e-05,reacquisition_time,0.0,0.04075194150209427,0.04073621332645416
Nominal Residual PPO,Constant turn,trajectory,1086,True,0.28764868975763935,0.02909717514945331,1.0,0.015562085314711767,6.378284888342023e-05,reacquisition_time,0.0,0.042815130203962326,0.04275655746459961
Nominal Residual PPO,Constant turn,trajectory,1087,True,0.42530905682034403,0.023890358760651858,1.0,0.013364347246636306,5.484787470777519e-05,reacquisition_time,0.0,0.03357979282736778,0.033568527549505234
Nominal Residual PPO,Constant turn,trajectory,1088,True,0.43349095583227065,0.031876719376278846,1.0,0.01607088795915196,6.279265653574839e-05,reacquisition_time,0.0,0.04465647041797638,0.044508855789899826
Nominal Residual PPO,Constant turn,trajectory,1089,True,0.614854260321959,0.027455481853674524,1.0,0.014508417091147292,5.0389480747981e-05,reacquisition_time,0.0,0.041114263236522675,0.037893783301115036
Nominal Residual PPO,Constant turn,trajectory,1090,True,0.3154825667367544,0.02097386065308263,1.0,0.012764153475509837,4.882345092482865e-05,reacquisition_time,0.0,0.03106873854994774,0.031251586973667145
Nominal Residual PPO,Constant turn,trajectory,1091,True,0.6224137678239233,0.028685306128671817,1.0,0.014165332059024248,5.311506902216934e-05,reacquisition_time,0.0,0.04826654866337776,0.03640861064195633
Nominal Residual PPO,Constant turn,trajectory,1092,True,0.6119774502542624,0.024775737531520035,1.0,0.013143918420511788,4.777028880198486e-05,reacquisition_time,0.0,0.04171701893210411,0.03231776878237724
Nominal Residual PPO,Constant turn,trajectory,1093,True,0.2742496514255971,0.027534833739080403,1.0,0.01537560141447777,5.348066770238802e-05,reacquisition_time,0.0,0.04208750277757645,0.04205012694001198
Nominal Residual PPO,Constant turn,trajectory,1094,True,0.2740783686411406,0.0177686625698517,1.0,0.011773387419364833,4.39995747001376e-05,reacquisition_time,0.0,0.026845786720514297,0.027102576568722725
Nominal Residual PPO,Constant turn,trajectory,1095,True,0.3868090181634885,0.02089996992415513,1.0,0.012672844346594762,4.856748637394048e-05,reacquisition_time,0.0,0.0307211484760046,0.030768005177378654
Nominal Residual PPO,Constant turn,trajectory,1096,True,0.23200998212109872,0.01719573125249503,1.0,0.012128656555572787,3.825296516879462e-05,reacquisition_time,0.0,0.028667887672781944,0.028930405154824257
Nominal Residual PPO,Constant turn,trajectory,1097,True,0.36975375334044613,0.01890961723150295,1.0,0.012236113161751489,4.538277426036075e-05,reacquisition_time,0.0,0.028826173394918442,0.02898837998509407
Nominal Residual PPO,Constant turn,trajectory,1098,True,0.40824916333696476,0.031601375197226916,1.0,0.01633585471960875,5.67345559829846e-05,reacquisition_time,0.0,0.045735668390989304,0.04559609666466713
Nominal Residual PPO,Constant turn,trajectory,1099,True,0.6165183461321022,0.02788217117666847,1.0,0.014336110995514724,4.8867899749893695e-05,reacquisition_time,0.0,0.044341787695884705,0.03712303191423416
Robust Residual PPO,Constant turn,trajectory,1000,True,0.3627047771277515,0.025373188266522507,1.0,0.012221500392628346,2.899308492487762e-05,reacquisition_time,0.0,0.03545887768268585,0.03407049551606178
Robust Residual PPO,Constant turn,trajectory,1001,True,0.3697092586303412,0.01979830799976751,1.0,0.01001275925786218,3.333125278004445e-05,reacquisition_time,0.0,0.02607012912631035,0.027031362056732178
Robust Residual PPO,Constant turn,trajectory,1002,True,0.46107860614241736,0.03195488885522496,1.0,0.014268761104971248,3.580882548703812e-05,reacquisition_time,0.0,0.044819653034210205,0.04097433760762215
Robust Residual PPO,Constant turn,trajectory,1003,True,0.5409778364861392,0.026828875385776097,1.0,0.012400911581667624,3.399659908609465e-05,reacquisition_time,0.0,0.03658149763941765,0.034661393612623215
Robust Residual PPO,Constant turn,trajectory,1004,True,0.6121009669228407,0.019345233723237234,1.0,0.009617705156958232,3.471052332315594e-05,reacquisition_time,0.0,0.024561807513237,0.02581128105521202
Robust Residual PPO,Constant turn,trajectory,1005,True,0.60373314748574,0.02135364737257413,1.0,0.010799673175559622,3.0250395866460167e-05,reacquisition_time,0.0,0.02923080325126648,0.02950426936149597
Robust Residual PPO,Constant turn,trajectory,1006,True,0.4377487672019812,0.021602165816779345,1.0,0.010881772440244953,2.7395850338507444e-05,reacquisition_time,0.0,0.02963334321975708,0.029765354469418526
Robust Residual PPO,Constant turn,trajectory,1007,True,0.641394758122677,0.02982250977147003,1.0,0.013509035541744319,3.286769424448721e-05,reacquisition_time,0.0,0.0413471944630146,0.03835821524262428
Robust Residual PPO,Constant turn,trajectory,1008,True,0.5351226127288052,0.019719154215525326,1.0,0.010249542216800973,2.8180393201182596e-05,reacquisition_time,0.0,0.026875760406255722,0.027769500389695168
Robust Residual PPO,Constant turn,trajectory,1009,True,0.5561350475587591,0.016642187368914024,1.0,0.008905584991709622,2.918685640906915e-05,reacquisition_time,0.0,0.02126079797744751,0.023615432903170586
Robust Residual PPO,Constant turn,trajectory,1010,True,0.6571980286037669,0.03671449600497512,1.0,0.015466900987061804,3.748484959942289e-05,reacquisition_time,0.0,0.05059996247291565,0.04523172602057457
Robust Residual PPO,Constant turn,trajectory,1011,True,0.4546918432818813,0.019730052562169368,1.0,0.010210991757242278,2.691646477614995e-05,reacquisition_time,0.0,0.026758896186947823,0.02764997072517872
Robust Residual PPO,Constant turn,trajectory,1012,True,0.46477508015124397,0.02005794788440065,1.0,0.010415955578911758,2.798210334731266e-05,reacquisition_time,0.0,0.027547044679522514,0.028291236609220505
Robust Residual PPO,Constant turn,trajectory,1013,True,0.30933414104596096,0.030436284623429313,1.0,0.013726779351079098,3.9640890463488176e-05,reacquisition_time,0.0,0.042384710162878036,0.039100922644138336
Robust Residual PPO,Constant turn,trajectory,1014,True,0.45109531181981494,0.03485712779977045,1.0,0.015329148029171753,3.655137697933242e-05,reacquisition_time,0.0,0.04955287277698517,0.04473806172609329
Robust Residual PPO,Constant turn,trajectory,1015,True,0.4608674282383758,0.029339762877317717,1.0,0.013497011273525088,3.1541145290248096e-05,reacquisition_time,0.0,0.041221313178539276,0.03831872716546059
Robust Residual PPO,Constant turn,trajectory,1016,True,0.49481305558921884,0.023221037125055723,1.0,0.011318808182999573,2.883773049688898e-05,reacquisition_time,0.0,0.03165406361222267,0.031151313334703445
Robust Residual PPO,Constant turn,trajectory,1017,True,0.2543507338879571,0.035728284474053594,1.0,0.01584301904567799,4.1235864046029747e-05,reacquisition_time,0.0,0.05157698690891266,0.04661009833216667
Robust Residual PPO,Constant turn,trajectory,1018,True,0.3588407768454896,0.03424139640932519,1.0,0.015145359599798534,3.687430580612272e-05,reacquisition_time,0.0,0.048693180084228516,0.04407566413283348
Robust Residual PPO,Constant turn,trajectory,1019,True,0.5142029338090868,0.02590393039107697,1.0,0.012189710714643087,3.0783514375798404e-05,reacquisition_time,0.0,0.035536278039216995,0.03396949544548988
Robust Residual PPO,Constant turn,trajectory,1020,True,0.3150866861660905,0.01655976313882875,1.0,0.009114735996503042,2.5682622435851954e-05,reacquisition_time,0.0,0.021993571892380714,0.02425571344792843
Robust Residual PPO,Constant turn,trajectory,1021,True,0.5307650654074004,0.037886296391378645,1.0,0.0159714661736665,4.8182129830820486e-05,reacquisition_time,0.0,0.0529964342713356,0.04708366468548775
Robust Residual PPO,Constant turn,trajectory,1022,True,0.6875966398624079,0.02875070267600047,1.0,0.013115854085038426,3.347043093526736e-05,reacquisition_time,0.0,0.03958426043391228,0.03703297674655914
Robust Residual PPO,Constant turn,trajectory,1023,True,0.5436911533544477,0.034856156934029325,1.0,0.015411180924113392,3.972461854573339e-05,reacquisition_time,0.0,0.049828700721263885,0.04503082111477852
Robust Residual PPO,Constant turn,trajectory,1024,True,0.4577560304872344,0.023731344182667834,1.0,0.011448455336929217,3.2939242373686284e-05,reacquisition_time,0.0,0.03226397559046745,0.031566593796014786
Robust Residual PPO,Constant turn,trajectory,1025,True,0.2087232673182869,0.018081399276283893,1.0,0.009808436086995765,1.817949305404909e-05,reacquisition_time,0.0,0.02483634278178215,0.026398304849863052
Robust Residual PPO,Constant turn,trajectory,1026,True,0.5113425744332134,0.01944317998725821,1.0,0.010067399137401034,2.6873050956055522e-05,reacquisition_time,0.0,0.026160620152950287,0.027202876284718513
Robust Residual PPO,Constant turn,trajectory,1027,True,0.6354199653540112,0.028536702915162106,1.0,0.012931994016399129,3.054383341805078e-05,reacquisition_time,0.0,0.03893259912729263,0.03641783446073532
Robust Residual PPO,Constant turn,trajectory,1028,True,0.23805893201676964,0.029922636618557603,1.0,0.013746011681363808,3.214223761460744e-05,reacquisition_time,0.0,0.04225829988718033,0.03916642814874649
Robust Residual PPO,Constant turn,trajectory,1029,True,0.23579148860097804,0.015284277903825673,1.0,0.008900749064798189,1.9823566617560573e-05,reacquisition_time,0.0,0.02080872841179371,0.023599503561854362
Robust Residual PPO,Constant turn,trajectory,1030,True,0.5901935022702033,0.03451660389170821,1.0,0.014731393692043005,4.555318446364254e-05,reacquisition_time,0.0,0.04737676680088043,0.04260465130209923
Robust Residual PPO,Constant turn,trajectory,1031,True,0.3598452088771592,0.029058688260806768,1.0,0.013650671177606537,3.717985964613035e-05,reacquisition_time,0.0,0.04154914617538452,0.03883833810687065
Robust Residual PPO,Constant turn,trajectory,1032,True,0.2550123256067648,0.03695666703718777,1.0,0.01600537258239415,4.4802833144785836e-05,reacquisition_time,0.0,0.052688565105199814,0.04721038416028023
Robust Residual PPO,Constant turn,trajectory,1033,True,0.3008287450765901,0.034618168548230376,1.0,0.01548748343103548,4.106690903427079e-05,reacquisition_time,0.0,0.049930501729249954,0.04530823603272438
Robust Residual PPO,Constant turn,trajectory,1034,True,0.19812266477434498,0.016554371382850225,1.0,0.009129586190782182,2.1298010324244387e-05,reacquisition_time,0.0,0.02203269489109516,0.024302449077367783
Robust Residual PPO,Constant turn,trajectory,1035,True,0.49974283167127626,0.03295726230432551,1.0,0.014565940333691412,3.6123910831520334e-05,reacquisition_time,0.0,0.04622974619269371,0.042018990963697433
Robust Residual PPO,Constant turn,trajectory,1036,True,0.49797850811776506,0.025956616831971386,1.0,0.012416304302952803,3.060347444261424e-05,reacquisition_time,0.0,0.036315567791461945,0.03471237048506737
Robust Residual PPO,Constant turn,trajectory,1037,True,0.4784888319246013,0.02905357552566194,1.0,0.013258205490614893,3.442954766796902e-05,reacquisition_time,0.0,0.04030253738164902,0.03751195967197418
Robust Residual PPO,Constant turn,trajectory,1038,True,0.48123793950917554,0.02463553825245086,1.0,0.01163083395816554,3.71822934539523e-05,reacquisition_time,0.0,0.03317973017692566,0.03214925155043602
Robust Residual PPO,Constant turn,trajectory,1039,True,0.20222063864551365,0.027119771525623393,1.0,0.012847503492648932,2.6255756893078797e-05,reacquisition_time,0.0,0.038163747638463974,0.03613705933094025
Robust Residual PPO,Constant turn,trajectory,1040,True,0.26350380791908545,0.030292702322531073,1.0,0.014010481126443281,3.301255128462799e-05,reacquisition_time,0.0,0.043234676122665405,0.040075335651636124
Robust Residual PPO,Constant turn,trajectory,1041,True,0.2130511381594125,0.03433643903961364,1.0,0.015231344960067356,3.698014552355744e-05,reacquisition_time,0.0,0.04898306727409363,0.044385138899087906
Robust Residual PPO,Constant turn,trajectory,1042,True,0.452666325528828,0.02816552506927952,1.0,0.013012982359601185,3.259900040575303e-05,reacquisition_time,0.0,0.039157941937446594,0.036689020693302155
Robust Residual PPO,Constant turn,trajectory,1043,True,0.5594680763308985,0.025033950332456742,1.0,0.011664473306321359,3.719323649420403e-05,reacquisition_time,0.0,0.03342472389340401,0.03226061165332794
Robust Residual PPO,Constant turn,trajectory,1044,True,0.6008038394115741,0.0156476195768723,1.0,0.008761511115443293,2.7952024538535625e-05,reacquisition_time,0.0,0.020429611206054688,0.02317483350634575
Robust Residual PPO,Constant turn,trajectory,1045,True,0.23627083662674928,0.030971038343690672,1.0,0.014066473681105179,3.488906077109277e-05,reacquisition_time,0.0,0.043717145919799805,0.04026886820793152
Robust Residual PPO,Constant turn,trajectory,1046,True,0.6333149395208092,0.03003644527171012,1.0,0.013597725237708476,3.311200998723507e-05,reacquisition_time,0.0,0.041738785803318024,0.03865857422351837
Robust Residual PPO,Constant turn,trajectory,1047,True,0.33301288502653975,0.022303797101773874,1.0,0.011128528300237573,2.7833211788674816e-05,reacquisition_time,0.0,0.03069281578063965,0.0305451862514019
Robust Residual PPO,Constant turn,trajectory,1048,True,0.34143114064659963,0.03616404761232678,1.0,0.015630633499166793,4.603622801369056e-05,reacquisition_time,0.0,0.05108592286705971,0.045829709619283676
Robust Residual PPO,Constant turn,trajectory,1049,True,0.5333599205969791,0.03263015862676731,1.0,0.01448350287755925,3.421105066081509e-05,reacquisition_time,0.0,0.04581686481833458,0.041726768016815186
Robust Residual PPO,Constant turn,trajectory,1050,True,0.4325396956102385,0.037224120544931245,1.0,0.01600269477268245,4.273273953003809e-05,reacquisition_time,0.0,0.05282284691929817,0.047198403626680374
Robust Residual PPO,Constant turn,trajectory,1051,True,0.25834971087777525,0.019355076611674665,1.0,0.010069946034531327,2.5975890821428038e-05,reacquisition_time,0.0,0.02614220418035984,0.02720893919467926
Robust Residual PPO,Constant turn,trajectory,1052,True,0.47329125289627894,0.0245290215566622,1.0,0.011804763113618614,2.9052049285382964e-05,reacquisition_time,0.0,0.033742453902959824,0.03271149471402168
Robust Residual PPO,Constant turn,trajectory,1053,True,0.24445388914098234,0.03331374634846628,1.0,0.014842058947053616,3.828963963314891e-05,reacquisition_time,0.0,0.04725508391857147,0.04299581050872803
Robust Residual PPO,Constant turn,trajectory,1054,True,0.6411977587572985,0.026228362972521492,1.0,0.012298143112151976,3.0357399737113155e-05,reacquisition_time,0.0,0.03596736863255501,0.034323856234550476
Robust Residual PPO,Constant turn,trajectory,1055,True,0.2997175494292458,0.02843600744084463,1.0,0.013067890323532635,3.678757275338285e-05,reacquisition_time,0.0,0.0394052192568779,0.03687209263443947
Robust Residual PPO,Constant turn,trajectory,1056,True,0.24170759073103185,0.025523014201307374,1.0,0.012142985204545922,3.0677099857712165e-05,reacquisition_time,0.0,0.03522324562072754,0.03381197527050972
Robust Residual PPO,Constant turn,trajectory,1057,True,0.4061296487002696,0.022322852532575616,1.0,0.011110441063763805,2.8077420211047865e-05,reacquisition_time,0.0,0.03063555806875229,0.030487222597002983
Robust Residual PPO,Constant turn,trajectory,1058,True,0.6274383989316834,0.02703703584209721,1.0,0.012250960532458239,3.640164140961133e-05,reacquisition_time,0.0,0.03609747439622879,0.03416799008846283
Robust Residual PPO,Constant turn,trajectory,1059,True,0.3947799325194917,0.024891285605348156,1.0,0.011931191023791162,3.187537731719203e-05,reacquisition_time,0.0,0.034301985055208206,0.033123284578323364
Robust Residual PPO,Constant turn,trajectory,1060,True,0.2561737040598353,0.035704192812811564,1.0,0.015517664467515412,4.4273921957938e-05,reacquisition_time,0.0,0.050518766045570374,0.04541836306452751
Robust Residual PPO,Constant turn,trajectory,1061,True,0.3024639365772259,0.02140554173287005,1.0,0.010880059719362437,2.453421984682791e-05,reacquisition_time,0.0,0.029558902606368065,0.029758375138044357
Robust Residual PPO,Constant turn,trajectory,1062,True,0.3474060215380854,0.03231641222906512,1.0,0.014387567120657625,4.089320282218978e-05,reacquisition_time,0.0,0.04534980282187462,0.04139109328389168
Robust Residual PPO,Constant turn,trajectory,1063,True,0.197947234519197,0.021008881338720135,1.0,0.01088757330037571,2.2374395484803244e-05,reacquisition_time,0.0,0.029418740421533585,0.029782122001051903
Robust Residual PPO,Constant turn,trajectory,1064,True,0.4601182173380048,0.01827958474874269,1.0,0.009651020412148511,2.7790361855295487e-05,reacquisition_time,0.0,0.024386288598179817,0.025913935154676437
Robust Residual PPO,Constant turn,trajectory,1065,True,0.2078499943140711,0.03376115731191327,1.0,0.014965482820728989,3.882359669660218e-05,reacquisition_time,0.0,0.04785729572176933,0.043432362377643585
Robust Residual PPO,Constant turn,trajectory,1066,True,0.38413100821876933,0.015140515385972669,1.0,0.00871917730662896,2.4422477508778684e-05,reacquisition_time,0.0,0.020183317363262177,0.02304626815021038
Robust Residual PPO,Constant turn,trajectory,1067,True,0.2551229702243649,0.01417375631725965,1.0,0.008543402181515388,2.260998371639289e-05,reacquisition_time,0.0,0.01926458440721035,0.022507119923830032
Robust Residual PPO,Constant turn,trajectory,1068,True,0.2355587970114927,0.018103567726363224,1.0,0.009857549397899299,2.0452955141081475e-05,reacquisition_time,0.0,0.025005076080560684,0.026550669223070145
Robust Residual PPO,Constant turn,trajectory,1069,True,0.22871665154729226,0.017677386881321696,1.0,0.009778628518689606,2.33642385865096e-05,reacquisition_time,0.0,0.024537120014429092,0.02630530297756195
Robust Residual PPO,Constant turn,trajectory,1070,True,0.526514483783136,0.01664048303040813,1.0,0.009289428523418498,3.0803828849457204e-05,reacquisition_time,0.0,0.022586097940802574,0.02479289472103119
Robust Residual PPO,Constant turn,trajectory,1071,True,0.5092897390563222,0.019881781135247103,1.0,0.010368597399348138,2.9232734959805384e-05,reacquisition_time,0.0,0.027323978021740913,0.028143420815467834
Robust Residual PPO,Constant turn,trajectory,1072,True,0.41133690079530405,0.03439849642327095,1.0,0.015254666032267964,3.660068614408374e-05,reacquisition_time,0.0,0.04912087321281433,0.044466547667980194
Robust Residual PPO,Constant turn,trajectory,1073,True,0.5146264976814054,0.028052687128439058,1.0,0.013192124392578242,3.424587339395657e-05,reacquisition_time,0.0,0.039689790457487106,0.0372886061668396
Robust Residual PPO,Constant turn,trajectory,1074,True,0.1816098261251358,0.03651343016415114,1.0,0.015945258550455133,4.0095907024806365e-05,reacquisition_time,0.0,0.0522741936147213,0.04698772355914116
Robust Residual PPO,Constant turn,trajectory,1075,True,0.30542156038438445,0.017051770460987648,1.0,0.009554677359836698,2.6062107281177305e-05,reacquisition_time,0.0,0.02358093485236168,0.02561335079371929
Robust Residual PPO,Constant turn,trajectory,1076,True,0.4909806935464683,0.034302572258402726,1.0,0.014943834521420302,4.121435267734341e-05,reacquisition_time,0.0,0.04805266484618187,0.04335556551814079
Robust Residual PPO,Constant turn,trajectory,1077,True,0.25939072601681606,0.02043992979068794,1.0,0.01036006203253605,2.7214011424803175e-05,reacquisition_time,0.0,0.027464652433991432,0.028116850182414055
Robust Residual PPO,Constant turn,trajectory,1078,True,0.22485569217966256,0.017497699933388077,1.0,0.009433029880115225,2.3282176698558033e-05,reacquisition_time,0.0,0.02337907999753952,0.025237126275897026
Robust Residual PPO,Constant turn,trajectory,1079,True,0.2802206683158207,0.03539667213183365,1.0,0.015795663772210554,4.396337317302823e-05,reacquisition_time,0.0,0.051257021725177765,0.046431224793195724
Robust Residual PPO,Constant turn,trajectory,1080,True,0.244524186692134,0.02681299620870451,1.0,0.01288210025234673,2.9894970793975517e-05,reacquisition_time,0.0,0.03812900558114052,0.03625241294503212
Robust Residual PPO,Constant turn,trajectory,1081,True,0.4354666727445807,0.02197488909855542,1.0,0.01117849611060516,3.1594860047334805e-05,reacquisition_time,0.0,0.03071601875126362,0.030703715980052948
Robust Residual PPO,Constant turn,trajectory,1082,True,0.27563941814573145,0.02328465172853778,1.0,0.01146759300705541,2.7437288736109622e-05,reacquisition_time,0.0,0.032153643667697906,0.03162526711821556
Robust Residual PPO,Constant turn,trajectory,1083,True,0.4109743188048668,0.015651042012892507,1.0,0.008946059275897748,2.6588577384245582e-05,reacquisition_time,0.0,0.02111666277050972,0.023737791925668716
Robust Residual PPO,Constant turn,trajectory,1084,True,0.30290643831632696,0.03085950483671066,1.0,0.013855572060213033,3.990216282545589e-05,reacquisition_time,0.0,0.04296529293060303,0.03954237326979637
Robust Residual PPO,Constant turn,trajectory,1085,True,0.2210950928742585,0.030643759716209473,1.0,0.014019359492106236,3.138304964522831e-05,reacquisition_time,0.0,0.0434403158724308,0.040106482803821564
Robust Residual PPO,Constant turn,trajectory,1086,True,0.2804583946167702,0.032909210397377646,1.0,0.01461194335668449,4.112867100047879e-05,reacquisition_time,0.0,0.04633580893278122,0.042181581258773804
Robust Residual PPO,Constant turn,trajectory,1087,True,0.4190933572759145,0.02521995113265531,1.0,0.011868570697050523,3.815496529568918e-05,reacquisition_time,0.0,0.03418905287981033,0.032919347286224365
Robust Residual PPO,Constant turn,trajectory,1088,True,0.42676665426439175,0.035003703037096774,1.0,0.015124735537454859,4.6280034439405426e-05,reacquisition_time,0.0,0.048899367451667786,0.04400084540247917
Robust Residual PPO,Constant turn,trajectory,1089,True,0.6166593049330779,0.028686635547302403,1.0,0.01317145111082926,3.190656207152642e-05,reacquisition_time,0.0,0.03983326256275177,0.03721681609749794
Robust Residual PPO,Constant turn,trajectory,1090,True,0.3092743801231127,0.022692570117708845,1.0,0.011161391007734531,3.124599243164994e-05,reacquisition_time,0.0,0.030927911400794983,0.0306503064930439
Robust Residual PPO,Constant turn,trajectory,1091,True,0.6182345215443152,0.02838430271034023,1.0,0.012723926298196185,3.7372570659499615e-05,reacquisition_time,0.0,0.03819696232676506,0.03572864830493927
Robust Residual PPO,Constant turn,trajectory,1092,True,0.6111887352613261,0.024323936304609762,1.0,0.011485634168285965,2.9774728318443522e-05,reacquisition_time,0.0,0.03253939002752304,0.03168512508273125
Robust Residual PPO,Constant turn,trajectory,1093,True,0.27470153639016875,0.03179081003228155,1.0,0.01440529290069515,3.362683128216304e-05,reacquisition_time,0.0,0.0451858825981617,0.041452620178461075
Robust Residual PPO,Constant turn,trajectory,1094,True,0.2681132911891258,0.01879925960745153,1.0,0.009882171479067545,2.589170981082134e-05,reacquisition_time,0.0,0.025326315313577652,0.026626992970705032
Robust Residual PPO,Constant turn,trajectory,1095,True,0.38335851454538006,0.02221237510826564,1.0,0.011012515214247745,3.112730701104738e-05,reacquisition_time,0.0,0.030261177569627762,0.03017750009894371
Robust Residual PPO,Constant turn,trajectory,1096,True,0.2279727942631267,0.019641814250905488,1.0,0.010450297553938958,2.4075654437183402e-05,reacquisition_time,0.0,0.02747327834367752,0.028398804366588593
Robust Residual PPO,Constant turn,trajectory,1097,True,0.370242186927081,0.020336543728319147,1.0,0.010466029994679384,2.660123755049426e-05,reacquisition_time,0.0,0.027823427692055702,0.02844882756471634
Robust Residual PPO,Constant turn,trajectory,1098,True,0.40637725747304654,0.03533469150437642,1.0,0.01544157180401836,3.9052432839525864e-05,reacquisition_time,0.0,0.05013667419552803,0.045143451541662216
Robust Residual PPO,Constant turn,trajectory,1099,True,0.6175373851262832,0.028449464379918514,1.0,0.012938710332276237,3.05618486891035e-05,reacquisition_time,0.0,0.03894145414233208,0.03644321486353874
