method,seed,position_noise_std,velocity_noise_std,initial_uav_x,initial_uav_y,ugv_vx,success,rmse,steady_rmse,final_error,final_relative_speed,stable_ratio,capture_time,settling_time,forward_overshoot,meaningful_ahead_ratio,command_smoothness,mean_command_change,max_command_change
PD+FF,1000,0.0,0.0,-1.2179213762283325,0.20768369734287262,0.34128254652023315,True,0.39136919379234314,0.0498858317732811,0.00018216944590676576,8.522508869646117e-05,0.7275,5.45,5.45,0.0,0.0,9.253983989765402e-06,0.001520100049674511,0.011309412308037281
PD+FF,1001,0.0,0.0,-1.0811076164245605,-0.9685990810394287,0.25630688667297363,True,0.4113299548625946,0.05017565190792084,0.0001892554573714733,8.807434642221779e-05,0.7275,5.45,5.45,0.0,0.0,1.2107148904760834e-05,0.0017172207590192556,0.012563809752464294
PD+FF,1002,0.0,0.0,-1.428768277168274,-0.28562131524086,0.4242836833000183,True,0.4867212176322937,0.06424155831336975,0.0002367127890465781,0.00010997827484970912,0.7,6.0,6.0,0.0,0.0,9.875688192551024e-06,0.0015813339268788695,0.012706439010798931
PD+FF,1003,0.0,0.0,-1.7183640003204346,-0.48658838868141174,0.34840381145477295,True,0.5702425241470337,0.07443037629127502,0.00027939255232922733,0.0001302628224948421,0.6825,6.3500000000000005,6.3500000000000005,0.0,0.0,1.3503862646757625e-05,0.0018862043507397175,0.01448912639170885
PD+FF,1004,0.0,0.0,-1.998679280281067,-0.7396973967552185,0.24154320359230042,True,0.6472413539886475,0.08279843628406525,0.0003115232684649527,0.0001450748968636617,0.6725,6.550000000000001,6.550000000000001,0.0,0.0,1.9440163669059984e-05,0.002270542783662677,0.017156504094600677
PD+FF,1005,0.0,0.0,-1.8766711950302124,0.8611240983009338,0.28618520498275757,True,0.631523847579956,0.08100856095552444,0.0003047782520297915,0.00014202846796251833,0.675,6.5,6.5,0.0,0.0,1.8657719920156524e-05,0.002244742354378104,0.016464684158563614
PD+FF,1006,0.0,0.0,-1.4946178197860718,0.20171388983726501,0.28934937715530396,True,0.4673650860786438,0.059480901807546616,0.0002086157473968342,9.824447624851018e-05,0.7075,5.8500000000000005,5.8500000000000005,0.0,0.0,1.291574244532967e-05,0.0017976233502849936,0.013271658681333065
PD+FF,1007,0.0,0.0,-1.8931626081466675,0.6319606900215149,0.39287856221199036,True,0.6590248942375183,0.08976595848798752,0.00032426786492578685,0.00015194929437711835,0.6625,6.75,6.75,0.0,0.0,1.2814587535103783e-05,0.0019380656303837895,0.013735984452068806
PD+FF,1008,0.0,0.0,-1.749120831489563,0.6261014938354492,0.26522985100746155,True,0.5649934411048889,0.07190040498971939,0.00025792987435124815,0.00012115007848478854,0.6875,6.25,6.25,0.0,0.0,1.7375461538904347e-05,0.0021078025456517935,0.015731336548924446
PD+FF,1009,0.0,0.0,-1.9152493476867676,-0.3461688160896301,0.2149554342031479,True,0.5897302031517029,0.07501934468746185,0.0002777756890282035,0.00012928456999361515,0.6825,6.3500000000000005,6.3500000000000005,0.0,0.0,1.7958480384550057e-05,0.0020973056089133024,0.016424525529146194
PD+FF,1010,0.0,0.0,-1.8575115203857422,0.07161146402359009,0.4753030240535736,True,0.669784665107727,0.09935972094535828,0.0003825050953309983,0.00017739208124112338,0.6525,6.95,6.95,0.0,0.0,7.943538548715878e-06,0.001366750686429441,0.011787151917815208
PD+FF,1011,0.0,0.0,-1.57381272315979,0.12664707005023956,0.26378002762794495,True,0.4848319888114929,0.061548374593257904,0.00022026598162483424,0.00010332273814128712,0.705,5.9,5.9,0.0,0.0,1.3891313756175805e-05,0.0018589613027870655,0.013753852806985378
PD+FF,1012,0.0,0.0,-1.5405192375183105,0.561293363571167,0.2715309262275696,True,0.49596548080444336,0.06263516843318939,0.00022886469378136098,0.00010705483873607591,0.7025,5.95,5.95,0.0,0.0,1.5104847989277914e-05,0.001963128335773945,0.014041231945157051
PD+FF,1013,0.0,0.0,-0.8082606196403503,-0.8420410752296448,0.401797890663147,True,0.3475196063518524,0.043153293430805206,0.0001675401726970449,7.779265433782712e-05,0.7425,5.15,5.15,0.0,0.0,8.645255547889974e-06,0.0014647375792264938,0.010300816036760807
PD+FF,1014,0.0,0.0,-1.3467140197753906,0.1714046150445938,0.4693894386291504,True,0.4703527092933655,0.06307174265384674,0.0002477251982782036,0.00011487104347907007,0.7025,5.95,5.95,0.0,0.0,8.174680260708556e-06,0.0014172138180583715,0.011730053462088108
PD+FF,1015,0.0,0.0,-1.4601455926895142,0.21413566172122955,0.39239153265953064,True,0.48490071296691895,0.0634407326579094,0.0002286761737195775,0.00010717355326050892,0.7,6.0,6.0,0.0,0.0,1.0737347110989504e-05,0.0016144018154591322,0.01325275469571352
PD+FF,1016,0.0,0.0,-1.6580126285552979,-0.11461202055215836,0.3060871958732605,True,0.5239441990852356,0.06754075735807419,0.0002592314558569342,0.0001204273576149717,0.695,6.1000000000000005,6.1000000000000005,0.0,0.0,1.3606318134407047e-05,0.0017798200715333223,0.014452640898525715
PD+FF,1017,0.0,0.0,-0.62247234582901,0.6426637768745422,0.4917738139629364,True,0.28519752621650696,0.03620951995253563,0.0001299832365475595,6.0997186665190384e-05,0.7625,4.75,4.75,0.0,0.0,5.959328973403899e-06,0.0012201081262901425,0.008361628279089928
PD+FF,1018,0.0,0.0,-1.1090368032455444,-0.0900818482041359,0.4614541530609131,True,0.3848990499973297,0.05073089897632599,0.0001719491119729355,8.170118235284463e-05,0.725,5.5,5.5,0.0,0.0,8.032200639718212e-06,0.0013786191120743752,0.010755002498626709
PD+FF,1019,0.0,0.0,-1.674609661102295,-0.20800989866256714,0.34006524085998535,True,0.5413253307342529,0.07049151510000229,0.0002499657275620848,0.0001174947974504903,0.69,6.2,6.2,0.0,0.0,1.2651531505980529e-05,0.001745411311276257,0.014506306499242783
PD+FF,1020,0.0,0.0,-1.1319496631622314,-0.4326494336128235,0.2227078378200531,True,0.3516785204410553,0.043212275952100754,0.00016398723528254777,7.610748434672132e-05,0.7425,5.15,5.15,0.0,0.0,8.466949111607391e-06,0.0014409160939976573,0.010744811035692692
PD+FF,1021,0.0,0.0,-1.4384177923202515,-0.8382971882820129,0.49743902683258057,True,0.5578306913375854,0.0757247656583786,0.00027326575946062803,0.0001280457800021395,0.6825,6.3500000000000005,6.3500000000000005,0.0,0.0,1.1136644388898276e-05,0.0018288372084498405,0.011856011115014553
PD+FF,1022,0.0,0.0,-1.999210000038147,0.8368335366249084,0.37694433331489563,True,0.7060253024101257,0.0961732417345047,0.0003435486287344247,0.00016127314302138984,0.655,6.9,6.9,0.0,0.0,1.4988871043897234e-05,0.002129973378032446,0.014383488334715366
PD+FF,1023,0.0,0.0,-1.4916963577270508,0.8117974996566772,0.4728805720806122,True,0.5634070634841919,0.07583523541688919,0.000292059441562742,0.00013524768291972578,0.6825,6.3500000000000005,6.3500000000000005,0.0,0.0,1.1616323718044441e-05,0.001853868830949068,0.0124141164124012
PD+FF,1024,0.0,0.0,-1.51630699634552,-0.48329436779022217,0.3110935389995575,True,0.49306005239486694,0.062924824655056,0.00024198778555728495,0.00011246983922319487,0.7025,5.95,5.95,0.0,0.0,1.4109899893810507e-05,0.0018929069628939033,0.013781343586742878
PD+FF,1025,0.0,0.0,-0.7683239579200745,0.258014976978302,0.24864348769187927,True,0.2379724681377411,0.02911241166293621,0.00010410708637209609,4.877444007433951e-05,0.785,4.3,4.3,0.0,0.0,4.064035238116048e-06,0.0009878510609269142,0.007569118402898312
PD+FF,1026,0.0,0.0,-1.7438942193984985,0.19023452699184418,0.2583710551261902,True,0.5404785871505737,0.06903725117444992,0.0002507434692233801,0.00011735523003153503,0.6925,6.15,6.15,0.0,0.0,1.5523391994065605e-05,0.0019217288354411721,0.015091853216290474
PD+FF,1027,0.0,0.0,-1.9580382108688354,0.12429128587245941,0.36954861879348755,True,0.6535987257957458,0.0890684649348259,0.0003293035551905632,0.00015373490168713033,0.665,6.7,6.7,0.0,0.0,1.1462567272246815e-05,0.0016547916457057,0.013933063484728336
PD+FF,1028,0.0,0.0,-0.7757433652877808,-0.22796711325645447,0.4025936424732208,True,0.2674235999584198,0.03408209979534149,0.00012557105219457299,5.8620447816792876e-05,0.7675,4.65,4.65,0.0,0.0,4.667063876695465e-06,0.0010792531538754702,0.00797688215970993
PD+FF,1029,0.0,0.0,-0.7448340058326721,0.6458722352981567,0.214758962392807,True,0.2721712589263916,0.03273220360279083,0.00011888256267411634,5.567484186030924e-05,0.7725,4.55,4.55,0.0,0.0,5.7732477216632105e-06,0.0011676131980493665,0.00884232483804226
PD+FF,1030,0.0,0.0,-1.6447029113769531,-0.9496257901191711,0.4438457489013672,True,0.6191850900650024,0.08324293792247772,0.00030121952295303345,0.00014150234346743673,0.6725,6.550000000000001,6.550000000000001,0.0,0.0,1.3882283383281901e-05,0.002034495584666729,0.013323070481419563
PD+FF,1031,0.0,0.0,-0.9611496329307556,0.9009804725646973,0.39864641427993774,True,0.395412415266037,0.04941524192690849,0.0001802272308850661,8.437269571004435e-05,0.7275,5.45,5.45,0.0,0.0,1.0768076208478305e-05,0.0016454384895041585,0.011537126265466213
PD+FF,1032,0.0,0.0,-0.6833899617195129,-0.5306191444396973,0.49894750118255615,True,0.28817546367645264,0.037116989493370056,0.0001285581529373303,6.0355283494573087e-05,0.76,4.800000000000001,4.800000000000001,0.0,0.0,5.8058112699654885e-06,0.0012139761820435524,0.008362779393792152
PD+FF,1033,0.0,0.0,-0.7577928304672241,0.7459949851036072,0.4761985242366791,True,0.3333680033683777,0.04225906729698181,0.0001713000820018351,7.865240331739187e-05,0.745,5.1000000000000005,5.1000000000000005,0.0,0.0,7.841154001653194e-06,0.001407257397659123,0.00961918756365776
PD+FF,1034,0.0,0.0,-0.5296080112457275,-0.6777904629707336,0.22327283024787903,True,0.23305276036262512,0.027834761887788773,0.00010485007805982605,4.883089422946796e-05,0.79,4.2,4.2,0.0,0.0,4.443073976290179e-06,0.0010142256505787373,0.007794696372002363
PD+FF,1035,0.0,0.0,-1.5201642513275146,-0.23973245918750763,0.436818927526474,True,0.5220298767089844,0.06999964267015457,0.00026359205367043614,0.0001227246248163283,0.69,6.2,6.2,0.0,0.0,9.358631359646097e-06,0.0015419472474604845,0.012494298629462719
PD+FF,1036,0.0,0.0,-1.558912754058838,0.6018440127372742,0.34900519251823425,True,0.5252459645271301,0.06770697981119156,0.00025260401889681816,0.00011793676094384864,0.695,6.1000000000000005,6.1000000000000005,0.0,0.0,1.4114476471149828e-05,0.0019164391560479999,0.01447001937776804
PD+FF,1037,0.0,0.0,-1.5164998769760132,-0.3818822205066681,0.38270920515060425,True,0.5074259638786316,0.0662277415394783,0.00024446434690617025,0.00011430310405557975,0.695,6.1000000000000005,6.1000000000000005,0.0,0.0,1.1634341717581265e-05,0.00172640650998801,0.013623314909636974
PD+FF,1038,0.0,0.0,-1.5098652839660645,-0.8029577136039734,0.31811848282814026,True,0.5201565027236938,0.06598910689353943,0.00024105171905830503,0.00011273635027464479,0.6975,6.050000000000001,6.050000000000001,0.0,0.0,1.6223546481342055e-05,0.00204478413797915,0.0144917918369174
PD+FF,1039,0.0,0.0,-0.6960156559944153,-0.0387578122317791,0.3661683201789856,True,0.22868050634860992,0.028877440840005875,0.00011737993190763518,5.412814425653778e-05,0.785,4.3,4.3,0.0,0.0,3.4817796858988004e-06,0.000918391568120569,0.006991086062043905
PD+FF,1040,0.0,0.0,-0.7547146081924438,0.5635512471199036,0.4134989380836487,True,0.2943013608455658,0.03702843561768532,0.0001421621855115518,6.683987157884985e-05,0.76,4.800000000000001,4.800000000000001,0.0,0.0,6.050549018254969e-06,0.0012316314969211817,0.008748949505388737
PD+FF,1041,0.0,0.0,-0.6478168964385986,-0.19675222039222717,0.46515655517578125,True,0.24016302824020386,0.03113195300102234,0.00012586548109538853,5.8172099670628086e-05,0.7775,4.45,4.45,0.0,0.0,3.854061560559785e-06,0.0009833989897742867,0.007169817108660936
PD+FF,1042,0.0,0.0,-1.463887333869934,-0.25558269023895264,0.3728010952472687,True,0.481768935918808,0.06264185160398483,0.00023061392130330205,0.00010768110951175913,0.7025,5.95,5.95,0.0,0.0,1.1459576853667386e-05,0.0016747985500842333,0.013338420540094376
PD+FF,1043,0.0,0.0,-1.7490100860595703,-0.7958716750144958,0.31946444511413574,True,0.5941879749298096,0.07644546777009964,0.00027608638629317284,0.00012926045747008175,0.68,6.4,6.4,0.0,0.0,1.6782942111603916e-05,0.0021224499214440584,0.015799790620803833
PD+FF,1044,0.0,0.0,-1.981444239616394,0.7169352173805237,0.20961801707744598,True,0.6310648322105408,0.08005426079034805,0.0002942763385362923,0.00013759471767116338,0.675,6.5,6.5,0.0,0.0,2.0554389266180806e-05,0.0023016806226223707,0.017258545383810997
PD+FF,1045,0.0,0.0,-0.7272861003875732,-0.39523494243621826,0.4158290922641754,True,0.26832669973373413,0.034033339470624924,0.000123366029583849,5.847505235578865e-05,0.7675,4.65,4.65,0.0,0.0,4.897060989605961e-06,0.0011093238135799766,0.007996262982487679
PD+FF,1046,0.0,0.0,-1.868130087852478,0.6265861392021179,0.39649125933647156,True,0.6510306000709534,0.08856672048568726,0.0003236715856473893,0.00015148089732974768,0.665,6.7,6.7,0.0,0.0,1.268201413040515e-05,0.0019224617863073945,0.013842117041349411
PD+FF,1047,0.0,0.0,-1.1699552536010742,-0.14992530643939972,0.29876548051834106,True,0.3641320466995239,0.04581631347537041,0.00017340652993880212,8.07183314464055e-05,0.735,5.300000000000001,5.300000000000001,0.0,0.0,8.29235250421334e-06,0.001426803763024509,0.010809860192239285
PD+FF,1048,0.0,0.0,-0.9076822996139526,-0.7630760073661804,0.4824531674385071,True,0.3781713843345642,0.04847816750407219,0.00016570357547607273,7.830094546079636e-05,0.73,5.4,5.4,0.0,0.0,9.578472599969245e-06,0.001570045598782599,0.010756651870906353
PD+FF,1049,0.0,0.0,-1.6127384901046753,0.09402617067098618,0.43331217765808105,True,0.5516440868377686,0.07478052377700806,0.0002739012415986508,0.00012818216055165976,0.6825,6.3500000000000005,6.3500000000000005,0.0,0.0,9.226735528500285e-06,0.001473122276365757,0.012505079619586468
PD+FF,1050,0.0,0.0,-1.2507070302963257,-0.40418457984924316,0.49881017208099365,True,0.4567083716392517,0.06132746487855911,0.00022570573491975665,0.00010558211943134665,0.705,5.9,5.9,0.0,0.0,8.130743481160607e-06,0.0014829611172899604,0.011183705180883408
PD+FF,1051,0.0,0.0,-0.8433747291564941,-0.6024307608604431,0.2584548592567444,True,0.2959114611148834,0.03602907061576843,0.00013327223132364452,6.231918086996302e-05,0.7625,4.75,4.75,0.0,0.0,6.45936643195455e-06,0.0012494651600718498,0.00931263342499733
PD+FF,1052,0.0,0.0,-1.577463150024414,-0.03658809885382652,0.32490968704223633,True,0.5016737580299377,0.06477614492177963,0.00023368510301224887,0.00010956959158647805,0.6975,6.050000000000001,6.050000000000001,0.0,0.0,1.2792404959327541e-05,0.0017036354402080178,0.013857802376151085
PD+FF,1053,0.0,0.0,-0.7320424914360046,-0.38764455914497375,0.44851720333099365,True,0.2760452330112457,0.035383179783821106,0.00012128568050684407,5.699795292457566e-05,0.765,4.7,4.7,0.0,0.0,5.115535714139696e-06,0.0011384733952581882,0.008126680739223957
PD+FF,1054,0.0,0.0,-1.9604523181915283,0.6108824014663696,0.3443475067615509,True,0.6611873507499695,0.0881199836730957,0.0003149077820125967,0.00014781007484998554,0.665,6.7,6.7,0.0,0.0,1.4456090866588056e-05,0.002017607446759939,0.014762049540877342
PD+FF,1055,0.0,0.0,-0.8035520911216736,-0.8197364807128906,0.37500709295272827,True,0.3379405438899994,0.04173753410577774,0.0001475450408179313,6.924118497408926e-05,0.745,5.1000000000000005,5.1000000000000005,0.0,0.0,8.249693564721383e-06,0.0014259465970098972,0.010167498141527176
PD+FF,1056,0.0,0.0,-0.6173267960548401,-0.7547652125358582,0.33817118406295776,True,0.2779201567173004,0.03379954770207405,0.00012761447578668594,5.948036050540395e-05,0.77,4.6000000000000005,4.6000000000000005,0.0,0.0,5.943630640103947e-06,0.0011931360932067037,0.008749747648835182
PD+FF,1057,0.0,0.0,-1.4013786315917969,-0.020997419953346252,0.2980625629425049,True,0.43635666370391846,0.055471427738666534,0.00020171543292235583,9.43007689784281e-05,0.715,5.7,5.7,0.0,0.0,1.1329720109642949e-05,0.001669405261054635,0.012582065537571907
PD+FF,1058,0.0,0.0,-1.9344123601913452,-0.6835842132568359,0.34246277809143066,True,0.6558837890625,0.08690709620714188,0.0003242169041186571,0.00015129866369534284,0.6675,6.65,6.65,0.0,0.0,1.5057858945510816e-05,0.002063375897705555,0.014890632592141628
PD+FF,1059,0.0,0.0,-1.3239208459854126,-0.34795770049095154,0.3298633396625519,True,0.42855536937713623,0.05459374561905861,0.0002090749330818653,9.724652773002163e-05,0.7175,5.65,5.65,0.0,0.0,1.1081616321462207e-05,0.0016748777125030756,0.012188461609184742
PD+FF,1060,0.0,0.0,-0.5232435464859009,-0.8263487219810486,0.4775193929672241,True,0.2911730408668518,0.03610130399465561,0.0001407265808666125,6.524972559418529e-05,0.7625,4.75,4.75,0.0,0.0,6.566031515831128e-06,0.0012626153184100986,0.00866315234452486
PD+FF,1061,0.0,0.0,-1.0766786336898804,0.09924349933862686,0.28927016258239746,True,0.3315750062465668,0.04148436710238457,0.00014822487719357014,6.950894749024883e-05,0.7475,5.050000000000001,5.050000000000001,0.0,0.0,7.038037438178435e-06,0.001307438244111836,0.009985548444092274
PD+FF,1062,0.0,0.0,-1.020176649093628,-0.6513675451278687,0.4292861223220825,True,0.3840239346027374,0.04907643049955368,0.0001836131705204025,8.545170567231253e-05,0.7275,5.45,5.45,0.0,0.0,9.545206012262497e-06,0.001567458501085639,0.010929525829851627
PD+FF,1063,0.0,0.0,-0.5567145943641663,0.6067063212394714,0.2895512878894806,True,0.232075035572052,0.028053754940629005,0.00010898220352828503,5.0532697059679776e-05,0.79,4.2,4.2,0.0,0.0,4.247417109581875e-06,0.0010023497743532062,0.007513337302953005
PD+FF,1064,0.0,0.0,-1.6129041910171509,-0.13716638088226318,0.24278511106967926,True,0.4923093616962433,0.062271635979413986,0.00023318857711274177,0.0001086960473912768,0.7025,5.95,5.95,0.0,0.0,1.4441817256738432e-05,0.0018956678686663508,0.01395441871136427
PD+FF,1065,0.0,0.0,-0.5033138990402222,-0.5932050347328186,0.453745573759079,True,0.2405141144990921,0.030054522678256035,0.00010430141992401332,4.934263415634632e-05,0.7825,4.3500000000000005,4.3500000000000005,0.0,0.0,4.4524058466777205e-06,0.001041972078382969,0.007251631002873182
PD+FF,1066,0.0,0.0,-1.3762075901031494,0.32575497031211853,0.20805609226226807,True,0.415297269821167,0.051476724445819855,0.00019222057017032057,9.019601566251367e-05,0.7225,5.550000000000001,5.550000000000001,0.0,0.0,1.117567444453016e-05,0.001662080641835928,0.012309524230659008
PD+FF,1067,0.0,0.0,-0.6176835894584656,0.9055254459381104,0.20151829719543457,True,0.2944870889186859,0.03511269763112068,0.00012674846220761538,5.9195386711508036e-05,0.765,4.7,4.7,0.0,0.0,6.961503004276892e-06,0.0012707604328170419,0.009821220301091671
PD+FF,1068,0.0,0.0,-0.7787961959838867,0.5352519750595093,0.25048118829727173,True,0.26916739344596863,0.03269658237695694,0.0001233189832419157,5.733281432185322e-05,0.7725,4.55,4.55,0.0,0.0,5.418373348220484e-06,0.0011409333674237132,0.00858324021100998
PD+FF,1069,0.0,0.0,-0.5076419115066528,0.8446078896522522,0.24751581251621246,True,0.26616591215133667,0.03177677467465401,0.00011855122284032404,5.5316580983344465e-05,0.775,4.5,4.5,0.0,0.0,5.739279458794044e-06,0.0011535093653947115,0.008807997219264507
PD+FF,1070,0.0,0.0,-1.6644020080566406,0.9533751606941223,0.22921264171600342,True,0.5619850158691406,0.07016897946596146,0.0002622129686642438,0.00012211395369376987,0.69,6.2,6.2,0.0,0.0,2.0166144167887978e-05,0.002261087764054537,0.015840740874409676
PD+FF,1071,0.0,0.0,-1.6379417181015015,0.7469041347503662,0.26974478363990784,True,0.5414777994155884,0.06842929869890213,0.0002566158364061266,0.00011975569213973358,0.6925,6.15,6.15,0.0,0.0,1.7520471374155022e-05,0.0021184554789215326,0.015084301121532917
PD+FF,1072,0.0,0.0,-1.22187077999115,0.3675197660923004,0.4661308228969574,True,0.4337089955806732,0.057268183678388596,0.00021931495575699955,0.00010147508874069899,0.7125,5.75,5.75,0.0,0.0,8.856300155457575e-06,0.0015130192041397095,0.011734899133443832
PD+FF,1073,0.0,0.0,-1.5133368968963623,0.8512749075889587,0.3800120949745178,True,0.5426552295684814,0.06990370899438858,0.00025470092077739537,0.00011921399709535763,0.69,6.2,6.2,0.0,0.0,1.5028509551484603e-05,0.0020089815370738506,0.01445464976131916
PD+FF,1074,0.0,0.0,-0.5001789927482605,-0.2884053587913513,0.4962819218635559,True,0.2087370604276657,0.027106409892439842,8.266921940958127e-05,3.983652641181834e-05,0.7925,4.15,4.15,0.0,0.0,3.1749229947308777e-06,0.0008895934442989528,0.006803547032177448
PD+FF,1075,0.0,0.0,-0.8189709782600403,0.9466501474380493,0.23914383351802826,True,0.3452018201351166,0.04156418517231941,0.00015272514428943396,7.1341433795169e-05,0.7475,5.050000000000001,5.050000000000001,0.0,0.0,9.090457751881331e-06,0.0014684268971905112,0.011009875684976578
PD+FF,1076,0.0,0.0,-1.445397138595581,-0.562984049320221,0.45283621549606323,True,0.517841100692749,0.06897054612636566,0.00026212248485535383,0.00012157461605966091,0.6925,6.15,6.15,0.0,0.0,1.0391700016043615e-05,0.001700479188002646,0.012574740685522556
PD+FF,1077,0.0,0.0,-0.6151338219642639,-0.8893533945083618,0.2694230377674103,True,0.29659128189086914,0.0356009341776371,0.0001307942293351516,6.108212255639955e-05,0.7625,4.75,4.75,0.0,0.0,6.922120974195423e-06,0.001275080954656005,0.009648658335208893
PD+FF,1078,0.0,0.0,-0.6580581068992615,-0.6858707666397095,0.23459486663341522,True,0.261771559715271,0.0314437635242939,0.00011515850201249123,5.3772448154632e-05,0.7775,4.45,4.45,0.0,0.0,5.4144825298863e-06,0.0011281282640993595,0.008513720706105232
PD+FF,1079,0.0,0.0,-0.5874135494232178,0.8651593327522278,0.4896434247493744,True,0.314788818359375,0.039261702448129654,0.0001343217008979991,6.362538260873407e-05,0.7525,4.95,4.95,0.0,0.0,7.494308192690369e-06,0.0013566960114985704,0.009227906353771687
PD+FF,1080,0.0,0.0,-0.6397119164466858,0.7102972865104675,0.367546945810318,True,0.27899789810180664,0.03422284126281738,0.00012424630403984338,5.8178178733214736e-05,0.7675,4.65,4.65,0.0,0.0,5.8750952121044975e-06,0.001193505129776895,0.008645283058285713
PD+FF,1081,0.0,0.0,-1.3320256471633911,0.8601993322372437,0.3006768822669983,True,0.4704139530658722,0.05877021327614784,0.00021218891197349876,9.953153494279832e-05,0.71,5.800000000000001,5.800000000000001,0.0,0.0,1.44744271892705e-05,0.0019134527537971735,0.013501483015716076
PD+FF,1082,0.0,0.0,-0.9581221342086792,-0.30673766136169434,0.3117980659008026,True,0.30847403407096863,0.03852140158414841,0.00013312364171724766,6.27639310550876e-05,0.755,4.9,4.9,0.0,0.0,6.280664820224047e-06,0.0012455666437745094,0.009299513883888721
PD+FF,1083,0.0,0.0,-1.3940625190734863,0.6289385557174683,0.21643398702144623,True,0.4444563388824463,0.05496184527873993,0.00020306059741415083,9.446385956835002e-05,0.7175,5.65,5.65,0.0,0.0,1.3103777746437117e-05,0.0018078421708196402,0.013155719265341759
PD+FF,1084,0.0,0.0,-0.7371216416358948,-0.8951173424720764,0.4071005880832672,True,0.3408970534801483,0.04209991171956062,0.00016214975039474666,7.533330790465698e-05,0.745,5.1000000000000005,5.1000000000000005,0.0,0.0,8.508725841238629e-06,0.0014462436083704233,0.010180558077991009
PD+FF,1085,0.0,0.0,-0.7224554419517517,-0.08529454469680786,0.4138740301132202,True,0.24773134291172028,0.031737565994262695,0.0001205312364618294,5.611169399344362e-05,0.775,4.5,4.5,0.0,0.0,3.9918222682899795e-06,0.0009919918375089765,0.007403410039842129
PD+FF,1086,0.0,0.0,-0.7490203976631165,-0.7008727788925171,0.4387705326080322,True,0.31671342253685,0.03980909287929535,0.00013926900282967836,6.539145397255197e-05,0.7525,4.95,4.95,0.0,0.0,7.126707714633085e-06,0.0013361951569095254,0.009272490628063679
PD+FF,1087,0.0,0.0,-1.2718281745910645,-0.8616007566452026,0.3274095356464386,True,0.4593591094017029,0.05755477398633957,0.0002050886396318674,9.61863697739318e-05,0.7125,5.75,5.75,0.0,0.0,1.3800278793496545e-05,0.0018711313605308533,0.01319077517837286
PD+FF,1088,0.0,0.0,-1.148199200630188,-0.9221230149269104,0.4605681300163269,True,0.4635917842388153,0.05956573411822319,0.00021822054986841977,0.00010216540977125987,0.7075,5.8500000000000005,5.8500000000000005,0.0,0.0,1.2867847544839606e-05,0.0018383797723799944,0.012763573788106441
PD+FF,1089,0.0,0.0,-1.8535881042480469,0.5890284776687622,0.37915652990341187,True,0.6356735229492188,0.08534636348485947,0.0003050636441912502,0.00014305097283795476,0.67,6.6000000000000005,6.6000000000000005,0.0,0.0,1.3038928045716602e-05,0.0019239109242334962,0.01397843100130558
PD+FF,1090,0.0,0.0,-0.9845758080482483,-0.6573527455329895,0.30003631114959717,True,0.34752190113067627,0.042881857603788376,0.00015634199371561408,7.318266580114141e-05,0.7425,5.15,5.15,0.0,0.0,8.43202360556461e-06,0.0014439901569858193,0.010463055223226547
PD+FF,1091,0.0,0.0,-1.8845704793930054,-0.6914018392562866,0.36124923825263977,True,0.6462498903274536,0.08598387241363525,0.0003230402653571218,0.00015058780263643712,0.6675,6.65,6.65,0.0,0.0,1.437987248209538e-05,0.0020256105344742537,0.014707434922456741
PD+FF,1092,0.0,0.0,-1.9696727991104126,-0.2278679758310318,0.31251582503318787,True,0.6357013583183289,0.08385485410690308,0.00031666667200624943,0.00014748392277397215,0.67,6.6000000000000005,6.6000000000000005,0.0,0.0,1.3772720194538124e-05,0.0018425118178129196,0.015308795496821404
PD+FF,1093,0.0,0.0,-0.8791002631187439,0.07968070358037949,0.43002596497535706,True,0.30111825466156006,0.0389493964612484,0.00014332127466332167,6.590200064238161e-05,0.7525,4.95,4.95,0.0,0.0,5.609120762528619e-06,0.0011815131874755025,0.0087656918913126
PD+FF,1094,0.0,0.0,-0.9031349420547485,-0.5643354058265686,0.2514164447784424,True,0.30558618903160095,0.0372929610311985,0.00013920907804276794,6.490687519544736e-05,0.7575,4.8500000000000005,4.8500000000000005,0.0,0.0,6.771007065253798e-06,0.001282185665331781,0.009487378410995007
PD+FF,1095,0.0,0.0,-1.3096781969070435,-0.4019305408000946,0.2943161725997925,True,0.4184468388557434,0.05271773785352707,0.0001884035737020895,8.844371768645942e-05,0.72,5.6000000000000005,5.6000000000000005,0.0,0.0,1.09184311440913e-05,0.0016577324131503701,0.012138254940509796
PD+FF,1096,0.0,0.0,-0.5565752387046814,0.7886120080947876,0.27283963561058044,True,0.26499274373054504,0.03180014714598656,0.00011330512643326074,5.322689321474172e-05,0.775,4.5,4.5,0.0,0.0,5.604987563856412e-06,0.001145572168752551,0.00862413365393877
PD+FF,1097,0.0,0.0,-1.3080552816390991,0.037033263593912125,0.27344202995300293,True,0.40036290884017944,0.050373587757349014,0.000175523673533462,8.263412019005045e-05,0.725,5.5,5.5,0.0,0.0,9.877560842141975e-06,0.0015530158998444676,0.011713707819581032
PD+FF,1098,0.0,0.0,-1.2224541902542114,-0.25077617168426514,0.4742331802845001,True,0.4310409426689148,0.05725039169192314,0.00019462080672383308,9.196031896863133e-05,0.7125,5.75,5.75,0.0,0.0,8.197649549401831e-06,0.0014352664584293962,0.011510597541928291
PD+FF,1099,0.0,0.0,-1.9130916595458984,0.09447009861469269,0.36984628438949585,True,0.6363836526870728,0.08618996292352676,0.0003134555008728057,0.00014679772721137851,0.6675,6.65,6.65,0.0,0.0,1.1412694220780395e-05,0.0016335556283593178,0.01408309955149889
Direct PPO,1000,0.0,0.0,-1.2179213762283325,0.20768369734287262,0.34128254652023315,True,0.34486833214759827,0.0052655828185379505,0.0053647044114768505,3.814704086835263e-06,0.8475,3.0500000000000003,3.0500000000000003,0.005285739898681641,0.0,0.0027040981221944094,0.009908687323331833,0.5646498799324036
Direct PPO,1001,0.0,0.0,-1.0811076164245605,-0.9685990810394287,0.25630688667297363,True,0.34045088291168213,0.0033165619242936373,0.0023882382083684206,1.4928392033652926e-07,0.8675,2.6500000000000004,2.6500000000000004,0.006179869174957275,0.0,0.003050529630854726,0.011656650342047215,0.555042564868927
Direct PPO,1002,0.0,0.0,-1.428768277168274,-0.28562131524086,0.4242836833000183,True,0.45265331864356995,0.009009947068989277,0.008449619635939598,2.35713582696917e-06,0.815,3.7,3.7,0.008435249328613281,0.0,0.0019621283281594515,0.010284572839736938,0.3480825424194336
Direct PPO,1003,0.0,0.0,-1.7183640003204346,-0.48658838868141174,0.34840381145477295,True,0.5297473669052124,0.005713071208447218,0.005642169155180454,3.606158088587108e-06,0.8075,3.85,3.85,0.005583763122558594,0.0,0.002838145475834608,0.011779037304222584,0.561067521572113
Direct PPO,1004,0.0,0.0,-1.998679280281067,-0.7396973967552185,0.24154320359230042,True,0.5953494310379028,0.0024159937165677547,0.0022820874582976103,1.222009473167418e-06,0.8075,3.85,3.85,0.013925671577453613,0.0,0.003220556303858757,0.011840608902275562,0.6542999744415283
Direct PPO,1005,0.0,0.0,-1.8766711950302124,0.8611240983009338,0.28618520498275757,True,0.5781915783882141,0.003782586194574833,0.0032004753593355417,1.6987509070531814e-06,0.8075,3.85,3.85,0.002863168716430664,0.0,0.002974259201437235,0.011794154532253742,0.5970212817192078
Direct PPO,1006,0.0,0.0,-1.4946178197860718,0.20171388983726501,0.28934937715530396,True,0.4190289378166199,0.003303237957879901,0.003313864581286907,2.47359480454179e-06,0.835,3.3000000000000003,3.3000000000000003,0.0029168128967285156,0.0,0.0027123880572617054,0.010093485936522484,0.5753740668296814
Direct PPO,1007,0.0,0.0,-1.8931626081466675,0.6319606900215149,0.39287856221199036,True,0.6249327659606934,0.010108619928359985,0.0073570930399000645,2.028345079452265e-06,0.785,4.3,4.3,0.0073566436767578125,0.0,0.0023158991243690252,0.01159131620079279,0.423511803150177
Direct PPO,1008,0.0,0.0,-1.749120831489563,0.6261014938354492,0.26522985100746155,True,0.5105019807815552,0.0028684965800493956,0.002566478680819273,1.0132921488548163e-06,0.82,3.6,3.6,0.0026149749755859375,0.0,0.002862662309780717,0.011816390790045261,0.610139787197113
Direct PPO,1009,0.0,0.0,-1.9152493476867676,-0.3461688160896301,0.2149554342031479,True,0.5383998155593872,0.003029011655598879,0.0027452539652585983,1.8063374227494933e-06,0.8175,3.6500000000000004,3.6500000000000004,0.035452306270599365,0.0,0.00320445466786623,0.012078842148184776,0.6570936441421509
Direct PPO,1010,0.0,0.0,-1.8575115203857422,0.07161146402359009,0.4753030240535736,True,0.6519129872322083,0.019162612035870552,0.009961697272956371,1.0694039929148857e-06,0.7625,4.75,4.75,0.009840965270996094,0.0,0.0011233451077714562,0.006910867989063263,0.23625533282756805
Direct PPO,1011,0.0,0.0,-1.57381272315979,0.12664707005023956,0.26378002762794495,True,0.43572816252708435,0.00257285893894732,0.00253269262611866,8.046762332014623e-07,0.8325,3.35,3.35,0.0031076669692993164,0.0,0.0027951663359999657,0.010059604421257973,0.5955573916435242
Direct PPO,1012,0.0,0.0,-1.5405192375183105,0.561293363571167,0.2715309262275696,True,0.4392140209674835,0.0029012488666921854,0.002732533263042569,2.980237695737742e-06,0.835,3.3000000000000003,3.3000000000000003,0.0023932456970214844,0.0,0.0028374434914439917,0.011670919135212898,0.6276106238365173
Direct PPO,1013,0.0,0.0,-0.8082606196403503,-0.8420410752296448,0.401797890663147,True,0.28581202030181885,0.007098378147929907,0.007666989229619503,8.016833817237057e-06,0.8725,2.5500000000000003,2.5500000000000003,0.007666587829589844,0.0,0.002357827266678214,0.01104985736310482,0.4113115668296814
Direct PPO,1014,0.0,0.0,-1.3467140197753906,0.1714046150445938,0.4693894386291504,True,0.4432498812675476,0.011238468810915947,0.009802624583244324,1.998735797315021e-06,0.8125,3.75,3.75,0.009700298309326172,0.0,0.0010669127805158496,0.006487458478659391,0.2390282303094864
Direct PPO,1015,0.0,0.0,-1.4601455926895142,0.21413566172122955,0.39239153265953064,True,0.4490751028060913,0.0077215032652020454,0.007338595576584339,1.4013361351317144e-06,0.82,3.6,3.6,0.007338047027587891,0.0,0.00222547585144639,0.009617351926863194,0.40645912289619446
Direct PPO,1016,0.0,0.0,-1.6580126285552979,-0.11461202055215836,0.3060871958732605,True,0.48126259446144104,0.003878160612657666,0.003946490585803986,6.259941756070475e-07,0.82,3.6,3.6,0.0036859512329101562,0.0,0.0028771492652595043,0.010980932042002678,0.5338375568389893
Direct PPO,1017,0.0,0.0,-0.62247234582901,0.6426637768745422,0.4917738139629364,True,0.23559726774692535,0.010523567907512188,0.010379733517765999,2.5631868538766867e-06,0.865,2.7,2.7,0.01020050048828125,0.0,0.0007823366322554648,0.006585409399122,0.1877453476190567
Direct PPO,1018,0.0,0.0,-1.1090368032455444,-0.0900818482041359,0.4614541530609131,True,0.35064294934272766,0.00973979476839304,0.009585409425199032,1.0979366038554872e-07,0.835,3.3000000000000003,3.3000000000000003,0.009504318237304688,0.0,0.0012830812484025955,0.007807910908013582,0.25392669439315796
Direct PPO,1019,0.0,0.0,-1.674609661102295,-0.20800989866256714,0.34006524085998535,True,0.503002405166626,0.00538934301584959,0.005314324051141739,2.622758074721787e-06,0.8125,3.75,3.75,0.005230903625488281,0.0,0.002858889987692237,0.011560846120119095,0.49960950016975403
Direct PPO,1020,0.0,0.0,-1.1319496631622314,-0.4326494336128235,0.2227078378200531,True,0.29060494899749756,0.002655528951436281,0.0025317477993667126,8.64706805714377e-07,0.8675,2.6500000000000004,2.6500000000000004,0.021298885345458984,0.0,0.0032992723863571882,0.011769784614443779,0.6589163541793823
Direct PPO,1021,0.0,0.0,-1.4384177923202515,-0.8382971882820129,0.49743902683258057,True,0.5215913653373718,0.013534264639019966,0.010510132648050785,2.589890755189117e-07,0.795,4.1000000000000005,4.1000000000000005,0.01030731201171875,0.0,0.000852803757879883,0.007170915137976408,0.19937513768672943
Direct PPO,1022,0.0,0.0,-1.999210000038147,0.8368335366249084,0.37694433331489563,True,0.6676454544067383,0.009607710875570774,0.006766033824533224,4.262386937625706e-06,0.78,4.4,4.4,0.006756782531738281,0.0,0.002468637190759182,0.011728083714842796,0.4704638123512268
Direct PPO,1023,0.0,0.0,-1.4916963577270508,0.8117974996566772,0.4728805720806122,True,0.525661826133728,0.01297710370272398,0.009897854179143906,7.547077984781936e-07,0.7975,4.05,4.05,0.009784698486328125,0.0,0.001095248619094491,0.008178680203855038,0.22961804270744324
Direct PPO,1024,0.0,0.0,-1.51630699634552,-0.48329436779022217,0.3110935389995575,True,0.44180670380592346,0.0038865115493535995,0.004143766593188047,3.0252479632508766e-08,0.83,3.4000000000000004,3.4000000000000004,0.003915309906005859,0.0,0.0030176250729709864,0.011653457768261433,0.6307569742202759
Direct PPO,1025,0.0,0.0,-0.7683239579200745,0.258014976978302,0.24864348769187927,True,0.18845577538013458,0.002171052386984229,0.0023024901747703552,3.5166765428584768e-06,0.89,2.2,2.2,0.0010230541229248047,0.0,0.002927289344370365,0.010708375833928585,0.5958549380302429
Direct PPO,1026,0.0,0.0,-1.7438942193984985,0.19023452699184418,0.2583710551261902,True,0.493155300617218,0.0025710007175803185,0.00242538726888597,3.7252905258355895e-06,0.8225,3.5500000000000003,3.5500000000000003,0.007594048976898193,0.0,0.002859322354197502,0.010273633524775505,0.5742406249046326
Direct PPO,1027,0.0,0.0,-1.9580382108688354,0.12429128587245941,0.36954861879348755,True,0.6261717677116394,0.008390210568904877,0.006477138493210077,7.770664751660661e-07,0.785,4.3,4.3,0.006459712982177734,0.0,0.0025381590239703655,0.010134974494576454,0.4955086410045624
Direct PPO,1028,0.0,0.0,-0.7757433652877808,-0.22796711325645447,0.4025936424732208,True,0.22244837880134583,0.007359260693192482,0.0077014644630253315,2.5034448754013283e-06,0.875,2.5,2.5,0.007700920104980469,0.0,0.002275546081364155,0.01083886157721281,0.38387927412986755
Direct PPO,1029,0.0,0.0,-0.7448340058326721,0.6458722352981567,0.214758962392807,True,0.21180370450019836,0.0026194509118795395,0.0027509378269314766,3.1143551950663095e-06,0.8875,2.25,2.25,0.0007873177528381348,0.0,0.00279085710644722,0.011201612651348114,0.5023524165153503
Direct PPO,1030,0.0,0.0,-1.6447029113769531,-0.9496257901191711,0.4438457489013672,True,0.579450249671936,0.011297174729406834,0.009064474143087864,3.4343984225415625e-06,0.7925,4.15,4.15,0.009021759033203125,0.0,0.0015662329969927669,0.009423297829926014,0.30459171533584595
Direct PPO,1031,0.0,0.0,-0.9611496329307556,0.9009804725646973,0.39864641427993774,True,0.3340567350387573,0.007954222150146961,0.007569815032184124,5.5731020438543055e-06,0.855,2.9000000000000004,2.9000000000000004,0.007580280303955078,0.0,0.001959135290235281,0.010440725833177567,0.3437858819961548
Direct PPO,1032,0.0,0.0,-0.6833899617195129,-0.5306191444396973,0.49894750118255615,True,0.23976048827171326,0.010039741173386574,0.010546116158366203,8.653819350001868e-07,0.87,2.6,2.6,0.010336875915527344,0.0,0.0009333427879028022,0.007110437378287315,0.2014022320508957
Direct PPO,1033,0.0,0.0,-0.7577928304672241,0.7459949851036072,0.4761985242366791,True,0.2801743149757385,0.010231370106339455,0.009986399672925472,1.220239340682383e-07,0.8575,2.85,2.85,0.009863853454589844,0.0,0.0009489235235378146,0.00734208757057786,0.20003849267959595
Direct PPO,1034,0.0,0.0,-0.5296080112457275,-0.6777904629707336,0.22327283024787903,True,0.17629677057266235,0.0032526860013604164,0.002518657362088561,3.308074383312487e-06,0.89,2.2,2.2,0.0,0.0,0.0028213132172822952,0.011204289272427559,0.5150842070579529
Direct PPO,1035,0.0,0.0,-1.5201642513275146,-0.23973245918750763,0.436818927526474,True,0.49262547492980957,0.01024632714688778,0.008846601471304893,3.5777757148025557e-06,0.805,3.9000000000000004,3.9000000000000004,0.008815765380859375,0.0,0.0017877222271636128,0.00968282949179411,0.30444473028182983
Direct PPO,1036,0.0,0.0,-1.558912754058838,0.6018440127372742,0.34900519251823425,True,0.4776363670825958,0.005982618313282728,0.0056721484288573265,1.7288045910390792e-06,0.82,3.6,3.6,0.005615234375,0.0,0.002630661940202117,0.011691615916788578,0.5417180061340332
Direct PPO,1037,0.0,0.0,-1.5164998769760132,-0.3818822205066681,0.38270920515060425,True,0.46802353858947754,0.007075279485434294,0.006976516451686621,1.967394609891926e-06,0.8175,3.6500000000000004,3.6500000000000004,0.006971836090087891,0.0,0.002578945364803076,0.011676587164402008,0.45891714096069336
Direct PPO,1038,0.0,0.0,-1.5098652839660645,-0.8029577136039734,0.31811848282814026,True,0.46283090114593506,0.0040942090563476086,0.004422654397785664,2.1159921743674204e-06,0.83,3.4000000000000004,3.4000000000000004,0.0042400360107421875,0.0,0.0027768644504249096,0.011693121865391731,0.5511147379875183
Direct PPO,1039,0.0,0.0,-0.6960156559944153,-0.0387578122317791,0.3661683201789856,True,0.1871076226234436,0.006119713652879,0.006343554705381393,3.1590857361152302e-06,0.8875,2.25,2.25,0.006321430206298828,0.0,0.0024618892930448055,0.010157627053558826,0.44575685262680054
Direct PPO,1040,0.0,0.0,-0.7547146081924438,0.5635512471199036,0.4134989380836487,True,0.24260595440864563,0.008130177855491638,0.008084730245172977,2.755046750735346e-07,0.875,2.5,2.5,0.008080482482910156,0.0,0.0017647483618929982,0.009845340624451637,0.3149908483028412
Direct PPO,1041,0.0,0.0,-0.6478168964385986,-0.19675222039222717,0.46515655517578125,True,0.20007899403572083,0.009332232177257538,0.009688615798950195,2.7050401740780217e-07,0.88,2.4000000000000004,2.4000000000000004,0.0095977783203125,0.0,0.0012876370456069708,0.008170131593942642,0.24033086001873016
Direct PPO,1042,0.0,0.0,-1.463887333869934,-0.25558269023895264,0.3728010952472687,True,0.4416196942329407,0.006605504546314478,0.006601439323276281,1.490379759161442e-06,0.825,3.5,3.5,0.006587982177734375,0.0,0.00272208359092474,0.011632566340267658,0.463742196559906
Direct PPO,1043,0.0,0.0,-1.7490100860595703,-0.7958716750144958,0.31946444511413574,True,0.5444912910461426,0.004198110196739435,0.004478228744119406,8.347084303750307e-07,0.8125,3.75,3.75,0.004303455352783203,0.0,0.0028208522126078606,0.011772598139941692,0.5265517830848694
Direct PPO,1044,0.0,0.0,-1.981444239616394,0.7169352173805237,0.20961801707744598,True,0.5732439160346985,0.0032657270785421133,0.002921165432780981,2.2501380954054184e-06,0.8125,3.75,3.75,0.03359717130661011,0.0,0.003008495084941387,0.012170174159109592,0.5890440344810486
Direct PPO,1045,0.0,0.0,-0.7272861003875732,-0.39523494243621826,0.4158290922641754,True,0.21918712556362152,0.007722504436969757,0.008162655867636204,1.224515358444478e-06,0.8775,2.45,2.45,0.00815582275390625,0.0,0.0020956224761903286,0.010365605354309082,0.36642932891845703
Direct PPO,1046,0.0,0.0,-1.868130087852478,0.6265861392021179,0.39649125933647156,True,0.6169769763946533,0.010220391675829887,0.007485887035727501,9.113399812576972e-08,0.785,4.3,4.3,0.007485866546630859,0.0,0.002242798451334238,0.011345213279128075,0.4014210104942322
Direct PPO,1047,0.0,0.0,-1.1699552536010742,-0.14992530643939972,0.29876548051834106,True,0.31385305523872375,0.003507265355437994,0.0036627596709877253,8.940732527662476e-07,0.8575,2.85,2.85,0.0033316612243652344,0.0,0.0031381139997392893,0.011329789645969868,0.638089656829834
Direct PPO,1048,0.0,0.0,-0.9076822996139526,-0.7630760073661804,0.4824531674385071,True,0.32545265555381775,0.009654447436332703,0.010146694257855415,4.861333309236215e-07,0.85,3.0,3.0,0.01000213623046875,0.0,0.0011140743736177683,0.00788766611367464,0.22764509916305542
Direct PPO,1049,0.0,0.0,-1.6127384901046753,0.09402617067098618,0.43331217765808105,True,0.5257978439331055,0.01084069162607193,0.008738357573747635,1.1661379630822921e-06,0.7975,4.05,4.05,0.008713245391845703,0.0,0.0016809921944513917,0.008435818366706371,0.31354498863220215
Direct PPO,1050,0.0,0.0,-1.2507070302963257,-0.40418457984924316,0.49881017208099365,True,0.4258343577384949,0.011972814798355103,0.010539095848798752,2.5356125661346596e-06,0.8125,3.75,3.75,0.0103302001953125,0.0,0.0008873805054463446,0.007166434545069933,0.1959177851676941
Direct PPO,1051,0.0,0.0,-0.8433747291564941,-0.6024307608604431,0.2584548592567444,True,0.23391787707805634,0.0026578770484775305,0.0024222834035754204,2.741813887041644e-06,0.885,2.3000000000000003,2.3000000000000003,0.0013036727905273438,0.0,0.0030003204010427,0.011514161713421345,0.6061887145042419
Direct PPO,1052,0.0,0.0,-1.577463150024414,-0.03658809885382652,0.32490968704223633,True,0.46017327904701233,0.004656359553337097,0.004704299382865429,4.9174232117366046e-06,0.8225,3.5500000000000003,3.5500000000000003,0.0045588016510009766,0.0,0.00287538836710155,0.010738835670053959,0.58651202917099
Direct PPO,1053,0.0,0.0,-0.7320424914360046,-0.38764455914497375,0.44851720333099365,True,0.2289840430021286,0.008760273456573486,0.009211561642587185,1.8183003476224258e-06,0.8725,2.5500000000000003,2.5500000000000003,0.009160041809082031,0.0,0.001574783236719668,0.00915637705475092,0.2837497293949127
Direct PPO,1054,0.0,0.0,-1.9604523181915283,0.6108824014663696,0.3443475067615509,True,0.6232014298439026,0.006724710110574961,0.005488718394190073,4.530146725301165e-06,0.79,4.2,4.2,0.0054187774658203125,0.0,0.002759466180577874,0.011933062225580215,0.5469380617141724
Direct PPO,1055,0.0,0.0,-0.8035520911216736,-0.8197364807128906,0.37500709295272827,True,0.2754996418952942,0.006226127967238426,0.006686813198029995,5.962905333944946e-07,0.875,2.5,2.5,0.00667572021484375,0.0,0.002624370390549302,0.011344687081873417,0.4740158021450043
Direct PPO,1056,0.0,0.0,-0.6173267960548401,-0.7547652125358582,0.33817118406295776,True,0.21783724427223206,0.0049777948297560215,0.005228648893535137,5.781653271696996e-06,0.89,2.3000000000000003,2.3000000000000003,0.005138874053955078,0.0,0.002733757020905614,0.011462453752756119,0.4664081037044525
Direct PPO,1057,0.0,0.0,-1.4013786315917969,-0.020997419953346252,0.2980625629425049,True,0.3888503909111023,0.0035381705965846777,0.0036388032604008913,3.6358912893774686e-06,0.84,3.2,3.2,0.0033102035522460938,0.0,0.002813378581777215,0.010595782659947872,0.5523059368133545
Direct PPO,1058,0.0,0.0,-1.9344123601913452,-0.6835842132568359,0.34246277809143066,True,0.6165701746940613,0.005831089802086353,0.005404214840382338,3.367821818756056e-06,0.7925,4.15,4.15,0.005328655242919922,0.0,0.002839915221557021,0.011867815628647804,0.5282652974128723
Direct PPO,1059,0.0,0.0,-1.3239208459854126,-0.34795770049095154,0.3298633396625519,True,0.37845155596733093,0.0046362061984837055,0.004900946281850338,1.5199684639810584e-06,0.8425,3.1500000000000004,3.1500000000000004,0.004778385162353516,0.0,0.0029313224367797375,0.011672706343233585,0.5959351062774658
Direct PPO,1060,0.0,0.0,-0.5232435464859009,-0.8263487219810486,0.4775193929672241,True,0.23356948792934418,0.009279887191951275,0.010012062266469002,7.59968725105864e-06,0.87,2.6,2.6,0.009883880615234375,0.0,0.0010766451014205813,0.007484476547688246,0.2157813012599945
Direct PPO,1061,0.0,0.0,-1.0766786336898804,0.09924349933862686,0.28927016258239746,True,0.2822975814342499,0.003237680299207568,0.003312448738142848,3.904112872987753e-06,0.865,2.7,2.7,0.002913236618041992,0.0,0.002774105640128255,0.009868988767266273,0.5322882533073425
Direct PPO,1062,0.0,0.0,-1.020176649093628,-0.6513675451278687,0.4292861223220825,True,0.33127447962760925,0.008118035271763802,0.00860618893057108,3.6959377212042455e-06,0.85,3.0,3.0,0.008585929870605469,0.0,0.0019091342110186815,0.010108601301908493,0.34616386890411377
Direct PPO,1063,0.0,0.0,-0.5567145943641663,0.6067063212394714,0.2895512878894806,True,0.17892932891845703,0.003503759391605854,0.0033198746386915445,1.221923298544425e-06,0.8875,2.25,2.25,0.0030922889709472656,0.0,0.0023829785641282797,0.011031021364033222,0.4093274176120758
Direct PPO,1064,0.0,0.0,-1.6129041910171509,-0.13716638088226318,0.24278511106967926,True,0.4410572052001953,0.0022803156170994043,0.0022807165514677763,7.748631674076023e-07,0.8325,3.35,3.35,0.01271665096282959,0.0,0.0031658150255680084,0.011133907362818718,0.5950151681900024
Direct PPO,1065,0.0,0.0,-0.5033138990402222,-0.5932050347328186,0.453745573759079,True,0.1881934255361557,0.008772943168878555,0.009361086413264275,2.6855170744966017e-06,0.8925,2.15,2.15,0.009298324584960938,0.0,0.0013739338610321283,0.00841579306870699,0.25754883885383606
Direct PPO,1066,0.0,0.0,-1.3762075901031494,0.32575497031211853,0.20805609226226807,True,0.35669949650764465,0.002844957634806633,0.002977400552481413,1.7890502590489632e-07,0.8525,2.95,2.95,0.032720088958740234,0.0,0.0030962862074375153,0.011085549369454384,0.6935980916023254
Direct PPO,1067,0.0,0.0,-0.6176835894584656,0.9055254459381104,0.20151829719543457,True,0.23316748440265656,0.0033372389152646065,0.0032250997610390186,3.4147817586926976e-06,0.8625,2.75,2.75,0.0013904571533203125,0.0,0.002393927425146103,0.010672025382518768,0.43427279591560364
Direct PPO,1068,0.0,0.0,-0.7787961959838867,0.5352519750595093,0.25048118829727173,True,0.21175961196422577,0.0023066368885338306,0.0023161950521171093,1.0728946335802902e-06,0.8875,2.25,2.25,0.0015627145767211914,0.0,0.0027299472130835056,0.0113121522590518,0.5778514742851257
Direct PPO,1069,0.0,0.0,-0.5076419115066528,0.8446078896522522,0.24751581251621246,True,0.20967206358909607,0.0028261446859687567,0.0022940936032682657,1.2517127743194578e-06,0.8675,2.6500000000000004,2.6500000000000004,0.0022513866424560547,0.0,0.0020339370239526033,0.010167833417654037,0.33307594060897827
Direct PPO,1070,0.0,0.0,-1.6644020080566406,0.9533751606941223,0.22921264171600342,True,0.4940354526042938,0.002787831239402294,0.0023985416628420353,1.4462542594628758e-06,0.83,3.4000000000000004,3.4000000000000004,0.016781508922576904,0.0,0.0031175888143479824,0.011767767369747162,0.6858643889427185
Direct PPO,1071,0.0,0.0,-1.6379417181015015,0.7469041347503662,0.26974478363990784,True,0.48209357261657715,0.003050208557397127,0.002680671401321888,1.4925456071068766e-07,0.8275,3.45,3.45,0.0029233694076538086,0.0,0.0029105041176080704,0.011799274943768978,0.5387889742851257
Direct PPO,1072,0.0,0.0,-1.22187077999115,0.3675197660923004,0.4661308228969574,True,0.3994886577129364,0.010484409518539906,0.009717900305986404,1.8196276414528256e-06,0.825,3.5,3.5,0.009624481201171875,0.0,0.0011315281735733151,0.007430605590343475,0.24316014349460602
Direct PPO,1073,0.0,0.0,-1.5133368968963623,0.8512749075889587,0.3800120949745178,True,0.49200889468193054,0.007597074843943119,0.006880718749016523,2.980556246257038e-06,0.8175,3.6500000000000004,3.6500000000000004,0.00687408447265625,0.0,0.0024311274755746126,0.011497434228658676,0.45179641246795654
Direct PPO,1074,0.0,0.0,-0.5001789927482605,-0.2884053587913513,0.4962819218635559,True,0.1680462807416916,0.01005837507545948,0.010483259335160255,1.604209955985425e-07,0.89,2.2,2.2,0.010285377502441406,0.0,0.0009629816049709916,0.007144648116081953,0.19830627739429474
Direct PPO,1075,0.0,0.0,-0.8189709782600403,0.9466501474380493,0.23914383351802826,True,0.2779608964920044,0.002829368691891432,0.0022901829797774553,2.23517508857185e-06,0.8625,2.75,2.75,0.0032126903533935547,0.0,0.0027047039475291967,0.011005744338035583,0.5635643601417542
Direct PPO,1076,0.0,0.0,-1.445397138595581,-0.562984049320221,0.45283621549606323,True,0.482519268989563,0.010561151430010796,0.009338918142020702,1.2558811022245209e-06,0.8075,3.85,3.85,0.009278297424316406,0.0,0.0014609822537750006,0.009022092446684837,0.27851247787475586
Direct PPO,1077,0.0,0.0,-0.6151338219642639,-0.8893533945083618,0.2694230377674103,True,0.23373445868492126,0.0034130075946450233,0.0026702163740992546,1.9371520920685725e-06,0.8725,2.5500000000000003,2.5500000000000003,0.0018699169158935547,0.0,0.002856373554095626,0.011241249740123749,0.5508671998977661
Direct PPO,1078,0.0,0.0,-0.6580581068992615,-0.6858707666397095,0.23459486663341522,True,0.20069463551044464,0.002960540819913149,0.0023241061717271805,1.4752150718777557e-06,0.8975,2.0500000000000003,2.0500000000000003,4.0531158447265625e-05,0.0,0.00293084979057312,0.01130563486367464,0.5779286026954651
Direct PPO,1079,0.0,0.0,-0.5874135494232178,0.8651593327522278,0.4896434247493744,True,0.25884202122688293,0.010725553147494793,0.010328455828130245,2.6526522560743615e-06,0.8575,2.85,2.85,0.010159969329833984,0.0,0.0007104668766260147,0.006295394152402878,0.17918331921100616
Direct PPO,1080,0.0,0.0,-0.6397119164466858,0.7102972865104675,0.367546945810318,True,0.22259771823883057,0.006663092412054539,0.0064065055921673775,5.275013336358825e-06,0.8775,2.45,2.45,0.006455183029174805,0.0,0.0019989004358649254,0.010283974930644035,0.3554557263851166
Direct PPO,1081,0.0,0.0,-1.3320256471633911,0.8601993322372437,0.3006768822669983,True,0.40605250000953674,0.004137745592743158,0.0037380538415163755,2.71204294222116e-06,0.845,3.1,3.1,0.0036017894744873047,0.0,0.0028498717583715916,0.011595831252634525,0.5500191450119019
Direct PPO,1082,0.0,0.0,-0.9581221342086792,-0.30673766136169434,0.3117980659008026,True,0.2557496726512909,0.00396738713607192,0.004171203356236219,5.960496878287813e-07,0.8725,2.5500000000000003,2.5500000000000003,0.003947734832763672,0.0,0.003028673119843006,0.011662395671010017,0.5723758339881897
Direct PPO,1083,0.0,0.0,-1.3940625190734863,0.6289385557174683,0.21643398702144623,True,0.3795934319496155,0.0026389982085675,0.002700375858694315,2.014920028159395e-06,0.85,3.0,3.0,0.025307059288024902,0.0,0.003102412912994623,0.011932887136936188,0.6765255928039551
Direct PPO,1084,0.0,0.0,-0.7371216416358948,-0.8951173424720764,0.4071005880832672,True,0.2783544957637787,0.00727701373398304,0.00785448495298624,7.54030361349578e-06,0.875,2.5,2.5,0.007852554321289062,0.0,0.0022339788265526295,0.010686633177101612,0.3882583975791931
Direct PPO,1085,0.0,0.0,-0.7224554419517517,-0.08529454469680786,0.4138740301132202,True,0.20704805850982666,0.0078074256889522076,0.00809453520923853,2.44598822973785e-06,0.88,2.4000000000000004,2.4000000000000004,0.008089065551757812,0.0,0.0018995805876329541,0.009312434121966362,0.3434196412563324
Direct PPO,1086,0.0,0.0,-0.7490203976631165,-0.7008727788925171,0.4387705326080322,True,0.2601057291030884,0.008298937231302261,0.00891253910958767,7.157122468015586e-07,0.8725,2.5500000000000003,2.5500000000000003,0.008878707885742188,0.0,0.0017667756183072925,0.0096543924883008,0.31488877534866333
Direct PPO,1087,0.0,0.0,-1.2718281745910645,-0.8616007566452026,0.3274095356464386,True,0.396633118391037,0.004480504896491766,0.004799469839781523,5.06825415413914e-07,0.845,3.1,3.1,0.004665851593017578,0.0,0.0027412131894379854,0.011521782726049423,0.5633153319358826
Direct PPO,1088,0.0,0.0,-1.148199200630188,-0.9221230149269104,0.4605681300163269,True,0.41101083159446716,0.009294750168919563,0.009557505138218403,2.5637871203798568e-06,0.8325,3.35,3.35,0.009479045867919922,0.0,0.0013987181009724736,0.0088161276653409,0.27051860094070435
Direct PPO,1089,0.0,0.0,-1.8535881042480469,0.5890284776687622,0.37915652990341187,True,0.6000851392745972,0.008701340295374393,0.006848977878689766,3.4874851735366974e-06,0.79,4.2,4.2,0.0068416595458984375,0.0,0.0024244249798357487,0.011455880478024483,0.45929399132728577
Direct PPO,1090,0.0,0.0,-0.9845758080482483,-0.6573527455329895,0.30003631114959717,True,0.285110205411911,0.003610818414017558,0.0037094384897500277,1.043084921548143e-06,0.87,2.6,2.6,0.0033888816833496094,0.0,0.003070172620937228,0.011661757715046406,0.5585477352142334
Direct PPO,1091,0.0,0.0,-1.8845704793930054,-0.6914018392562866,0.36124923825263977,True,0.6078864336013794,0.006973045878112316,0.006150347180664539,4.202330728730885e-06,0.7925,4.15,4.15,0.006120204925537109,0.0,0.0026359420735388994,0.011750781908631325,0.47765791416168213
Direct PPO,1092,0.0,0.0,-1.9696727991104126,-0.2278679758310318,0.31251582503318787,True,0.6005237698554993,0.004491937346756458,0.004201981239020824,1.4009166307005216e-06,0.7975,4.05,4.05,0.003986358642578125,0.0,0.0028646234422922134,0.011349906213581562,0.5697594881057739
Direct PPO,1093,0.0,0.0,-0.8791002631187439,0.07968070358037949,0.43002596497535706,True,0.2618025839328766,0.0084428321570158,0.008638469502329826,3.695835403050296e-06,0.8625,2.75,2.75,0.008617401123046875,0.0,0.0016109684947878122,0.00809652078896761,0.3192249536514282
Direct PPO,1094,0.0,0.0,-0.9031349420547485,-0.5643354058265686,0.2514164447784424,True,0.24369221925735474,0.002558635314926505,0.0023231511004269123,2.7120170216221595e-06,0.88,2.4000000000000004,2.4000000000000004,0.0022569894790649414,0.0,0.0030137847643345594,0.011582293547689915,0.5768418908119202
Direct PPO,1095,0.0,0.0,-1.3096781969070435,-0.4019305408000946,0.2943161725997925,True,0.3636862635612488,0.003314817789942026,0.003491864074021578,1.788139684322232e-06,0.8475,3.0500000000000003,3.0500000000000003,0.0031113624572753906,0.0,0.0029191584326326847,0.011650819331407547,0.5470459461212158
Direct PPO,1096,0.0,0.0,-0.5565752387046814,0.7886120080947876,0.27283963561058044,True,0.2076905369758606,0.0032431792933493853,0.0027678096666932106,5.364723278944439e-07,0.8725,2.5500000000000003,2.5500000000000003,0.0028423070907592773,0.0,0.0022568446584045887,0.010847593657672405,0.37312740087509155
Direct PPO,1097,0.0,0.0,-1.3080552816390991,0.037033263593912125,0.27344202995300293,True,0.3500734865665436,0.002716905204579234,0.0027870116755366325,2.32459683502384e-06,0.85,3.0,3.0,0.002191781997680664,0.0,0.00312935677357018,0.010316700674593449,0.6725095510482788
Direct PPO,1098,0.0,0.0,-1.2224541902542114,-0.25077617168426514,0.4742331802845001,True,0.39918264746665955,0.010606539435684681,0.00993442814797163,1.8820119862539286e-07,0.8225,3.5500000000000003,3.5500000000000003,0.009817123413085938,0.0,0.001211517839692533,0.008179165422916412,0.23272117972373962
Direct PPO,1099,0.0,0.0,-1.9130916595458984,0.09447009861469269,0.36984628438949585,True,0.6083875298500061,0.00821524579077959,0.006490601692348719,9.852947187027894e-07,0.79,4.2,4.2,0.006473541259765625,0.0,0.0026268495712429285,0.010343896225094795,0.4574924409389496
Residual PPO,1000,0.0,0.0,-1.2179213762283325,0.20768369734287262,0.34128254652023315,True,0.36120957136154175,0.013683193363249302,0.005001693498343229,1.3944091733719688e-05,0.8125,3.75,3.75,0.005000114440917969,0.0,3.3793032343965024e-05,0.0019561045337468386,0.05571926385164261
Residual PPO,1001,0.0,0.0,-1.0811076164245605,-0.9685990810394287,0.25630688667297363,True,0.3760833442211151,0.016620410606265068,0.0019275072263553739,1.6550966392969713e-05,0.81,3.8000000000000003,3.8000000000000003,0.0018596649169921875,0.0,4.318963328842074e-05,0.0025740042328834534,0.05437629297375679
Residual PPO,1002,0.0,0.0,-1.428768277168274,-0.28562131524086,0.4242836833000183,True,0.46245697140693665,0.021434780210256577,0.007963348180055618,2.4469538402627222e-05,0.7875,4.25,4.25,0.007960319519042969,0.0,3.219581412849948e-05,0.0019805445335805416,0.05298702046275139
Residual PPO,1003,0.0,0.0,-1.7183640003204346,-0.48658838868141174,0.34840381145477295,True,0.543838620185852,0.023328004404902458,0.005236085969954729,2.6381725547253154e-05,0.7725,4.55,4.55,0.005235195159912109,0.0,3.670249861897901e-05,0.0023248742800205946,0.05634022131562233
Residual PPO,1004,0.0,0.0,-1.998679280281067,-0.7396973967552185,0.24154320359230042,True,0.6163114905357361,0.024074099957942963,0.0014178375713527203,2.4515633413102478e-05,0.7625,4.75,4.75,0.0012950897216796875,0.0,4.413809801917523e-05,0.0027701815124601126,0.055192913860082626
Residual PPO,1005,0.0,0.0,-1.8766711950302124,0.8611240983009338,0.28618520498275757,True,0.602458119392395,0.02085922658443451,0.0029817847535014153,2.1567355361185037e-05,0.7675,4.65,4.65,0.0029582977294921875,0.0,3.913275577360764e-05,0.00249710981734097,0.055166564881801605
Residual PPO,1006,0.0,0.0,-1.4946178197860718,0.20171388983726501,0.28934937715530396,True,0.43632838129997253,0.015342536382377148,0.0031171035952866077,1.1388018720026594e-05,0.795,4.1000000000000005,4.1000000000000005,0.0030965805053710938,0.0,3.6151803215034306e-05,0.002092739101499319,0.053231265395879745
Residual PPO,1007,0.0,0.0,-1.8931626081466675,0.6319606900215149,0.39287856221199036,True,0.6392723321914673,0.02845231257379055,0.00684319855645299,2.6273884941474535e-05,0.755,4.9,4.9,0.006842613220214844,0.0,3.290406311862171e-05,0.002142814453691244,0.05471135675907135
Residual PPO,1008,0.0,0.0,-1.749120831489563,0.6261014938354492,0.26522985100746155,True,0.533538818359375,0.017587458714842796,0.002247939119115472,1.3434510037768632e-05,0.7775,4.45,4.45,0.0021986961364746094,0.0,3.853837915812619e-05,0.002355073345825076,0.05558688938617706
Residual PPO,1009,0.0,0.0,-1.9152493476867676,-0.3461688160896301,0.2149554342031479,True,0.5579289197921753,0.019593173637986183,0.0007689861813560128,1.8362397895543836e-05,0.77,4.6000000000000005,4.6000000000000005,0.0003190040588378906,0.0,4.177825394435786e-05,0.002525720279663801,0.05725100636482239
Residual PPO,1010,0.0,0.0,-1.8575115203857422,0.07161146402359009,0.4753030240535736,True,0.6557148098945618,0.03814190253615379,0.00969989225268364,4.745781552628614e-05,0.74,5.2,5.2,0.009691238403320312,0.0,2.8691438274108805e-05,0.0016017148736864328,0.05450551584362984
Residual PPO,1011,0.0,0.0,-1.57381272315979,0.12664707005023956,0.26378002762794495,True,0.4535141885280609,0.015551380813121796,0.0021974556148052216,1.2921393135911785e-05,0.79,4.2,4.2,0.0021457672119140625,0.0,3.744530840776861e-05,0.0021516012493520975,0.05368965491652489
Residual PPO,1012,0.0,0.0,-1.5405192375183105,0.561293363571167,0.2715309262275696,True,0.46328115463256836,0.015351935289800167,0.0024710961151868105,1.3396152098721359e-05,0.7925,4.15,4.15,0.0024318695068359375,0.0,3.762917185667902e-05,0.0022737891413271427,0.05304685980081558
Residual PPO,1013,0.0,0.0,-0.8082606196403503,-0.8420410752296448,0.401797890663147,True,0.3158614933490753,0.0154860345646739,0.0071718767285346985,2.0352317733340897e-05,0.8175,3.6500000000000004,3.6500000000000004,0.007170677185058594,0.0,4.7975743655115366e-05,0.002410098910331726,0.06542210280895233
Residual PPO,1014,0.0,0.0,-1.3467140197753906,0.1714046150445938,0.4693894386291504,True,0.44937044382095337,0.021657641977071762,0.009526695124804974,3.117717642453499e-05,0.79,4.2,4.2,0.009518623352050781,0.0,2.895778561651241e-05,0.0016169575974345207,0.054989203810691833
Residual PPO,1015,0.0,0.0,-1.4601455926895142,0.21413566172122955,0.39239153265953064,True,0.45922550559043884,0.01915055699646473,0.006839871406555176,1.858260111475829e-05,0.79,4.2,4.2,0.006839275360107422,0.0,3.1763906008563936e-05,0.0018272976158186793,0.05576050654053688
Residual PPO,1016,0.0,0.0,-1.6580126285552979,-0.11461202055215836,0.3060871958732605,True,0.494822233915329,0.01882169023156166,0.0036991529632359743,2.37389267567778e-05,0.7825,4.3500000000000005,4.3500000000000005,0.003688335418701172,0.0,3.6118104617344216e-05,0.0021480745635926723,0.05453181639313698
Residual PPO,1017,0.0,0.0,-0.62247234582901,0.6426637768745422,0.4917738139629364,True,0.25498971343040466,0.012844742275774479,0.010344062931835651,7.2557045314169955e-06,0.8425,3.1500000000000004,3.1500000000000004,0.010333061218261719,0.0,2.990682696690783e-05,0.0018267848063260317,0.050358716398477554
Residual PPO,1018,0.0,0.0,-1.1090368032455444,-0.0900818482041359,0.4614541530609131,True,0.35859066247940063,0.017075959593057632,0.009289258159697056,1.357173914584564e-05,0.8125,3.75,3.75,0.009282112121582031,0.0,3.0020570193300955e-05,0.0017329611582681537,0.05410560593008995
Residual PPO,1019,0.0,0.0,-1.674609661102295,-0.20800989866256714,0.34006524085998535,True,0.514828085899353,0.020960848778486252,0.004948955029249191,1.822301965148654e-05,0.7775,4.45,4.45,0.004947185516357422,0.0,3.52579663740471e-05,0.0021341415122151375,0.05667103826999664
Residual PPO,1020,0.0,0.0,-1.1319496631622314,-0.4326494336128235,0.2227078378200531,True,0.31911933422088623,0.012227031402289867,0.000903709908016026,1.3788575415674131e-05,0.825,3.5,3.5,0.0006151199340820312,0.0,3.7560319469776005e-05,0.002220743102952838,0.05772735923528671
Residual PPO,1021,0.0,0.0,-1.4384177923202515,-0.8382971882820129,0.49743902683258057,True,0.5359554290771484,0.029659701511263847,0.010492485947906971,3.0480723580694757e-05,0.7675,4.65,4.65,0.010480880737304688,0.0,3.4828677598852664e-05,0.002346588531509042,0.05463282763957977
Residual PPO,1022,0.0,0.0,-1.999210000038147,0.8368335366249084,0.37694433331489563,True,0.6856614947319031,0.029940199106931686,0.006273310631513596,2.497606328688562e-05,0.7475,5.050000000000001,5.050000000000001,0.0062732696533203125,0.0,3.501401442917995e-05,0.002356025157496333,0.05289324373006821
Residual PPO,1023,0.0,0.0,-1.4916963577270508,0.8117974996566772,0.4728805720806122,True,0.5421852469444275,0.0260738767683506,0.00964532233774662,3.221473525627516e-05,0.7725,4.55,4.55,0.009636878967285156,0.0,3.101288893958554e-05,0.0020907872822135687,0.05355868861079216
Residual PPO,1024,0.0,0.0,-1.51630699634552,-0.48329436779022217,0.3110935389995575,True,0.4610966444015503,0.018551960587501526,0.003881096839904785,2.3821952709113248e-05,0.7925,4.15,4.15,0.003872394561767578,0.0,3.8642498111585155e-05,0.0023586826864629984,0.056165050715208054
Residual PPO,1025,0.0,0.0,-0.7683239579200745,0.258014976978302,0.24864348769187927,True,0.20762118697166443,0.007234308402985334,0.001686630304902792,5.382567451306386e-06,0.8575,2.85,2.85,0.0015974044799804688,0.0,3.6361616366775706e-05,0.0017345943488180637,0.05492113158106804
Residual PPO,1026,0.0,0.0,-1.7438942193984985,0.19023452699184418,0.2583710551261902,True,0.509953498840332,0.017274774610996246,0.0020020385272800922,1.5804791473783553e-05,0.78,4.4,4.4,0.0019388198852539062,0.0,3.780873157666065e-05,0.0021751970052719116,0.0565347783267498
Residual PPO,1027,0.0,0.0,-1.9580382108688354,0.12429128587245941,0.36954861879348755,True,0.6339989900588989,0.028007719665765762,0.005995755549520254,2.9756920412182808e-05,0.7525,4.95,4.95,0.005995750427246094,0.0,3.274477057857439e-05,0.0018681245855987072,0.05602428689599037
Residual PPO,1028,0.0,0.0,-0.7757433652877808,-0.22796711325645447,0.4025936424732208,True,0.23994915187358856,0.011350352317094803,0.007213898003101349,1.2916766536363866e-05,0.8475,3.0500000000000003,3.0500000000000003,0.007212638854980469,0.0,3.6491335777100176e-05,0.001887945574708283,0.05677872151136398
Residual PPO,1029,0.0,0.0,-0.7448340058326721,0.6458722352981567,0.214758962392807,True,0.2371533215045929,0.008169654756784439,0.0007768401992507279,3.2304915293934755e-06,0.8575,2.85,2.85,0.00034046173095703125,0.0,3.6743782402481884e-05,0.001916992012411356,0.05146240442991257
Residual PPO,1030,0.0,0.0,-1.6447029113769531,-0.9496257901191711,0.4438457489013672,True,0.5955281257629395,0.031078556552529335,0.008641497232019901,3.102056143688969e-05,0.7625,4.75,4.75,0.008636474609375,0.0,3.807864777627401e-05,0.0025685231667011976,0.05486126244068146
Residual PPO,1031,0.0,0.0,-0.9611496329307556,0.9009804725646973,0.39864641427993774,True,0.36069607734680176,0.014625695534050465,0.0070791481994092464,1.0611074685584754e-05,0.8225,3.5500000000000003,3.5500000000000003,0.0070781707763671875,0.0,3.718184962053783e-05,0.002242713002488017,0.05111182481050491
Residual PPO,1032,0.0,0.0,-0.6833899617195129,-0.5306191444396973,0.49894750118255615,True,0.2602449357509613,0.014496737159788609,0.010577704757452011,1.2755440366163384e-05,0.8325,3.35,3.35,0.010565757751464844,0.0,3.37668061547447e-05,0.0019697309471666813,0.05468523129820824
Residual PPO,1033,0.0,0.0,-0.7577928304672241,0.7459949851036072,0.4761985242366791,True,0.3014245629310608,0.014047013595700264,0.009787026792764664,1.764213084243238e-05,0.8325,3.35,3.35,0.009778022766113281,0.0,3.062750329263508e-05,0.0019202418625354767,0.05158557370305061
Residual PPO,1034,0.0,0.0,-0.5296080112457275,-0.6777904629707336,0.22327283024787903,True,0.20482997596263885,0.009737574495375156,0.0009202964720316231,1.0575606211205013e-05,0.8525,2.95,2.95,0.0006427764892578125,0.0,4.088414425496012e-05,0.0020200470462441444,0.05516786500811577
Residual PPO,1035,0.0,0.0,-1.5201642513275146,-0.23973245918750763,0.436818927526474,True,0.5005165338516235,0.024039169773459435,0.008398514240980148,2.8070231564925052e-05,0.7775,4.45,4.45,0.008394241333007812,0.0,3.129054312012158e-05,0.0019297287799417973,0.054543595761060715
Residual PPO,1036,0.0,0.0,-1.558912754058838,0.6018440127372742,0.34900519251823425,True,0.49636030197143555,0.018744464963674545,0.005269885063171387,2.006366958084982e-05,0.785,4.3,4.3,0.005269050598144531,0.0,3.439545616856776e-05,0.0021418447140604258,0.05180274695158005
Residual PPO,1037,0.0,0.0,-1.5164998769760132,-0.3818822205066681,0.38270920515060425,True,0.4807579517364502,0.021110840141773224,0.006482794415205717,2.308582406840287e-05,0.785,4.3,4.3,0.006482601165771484,0.0,3.4506556403357536e-05,0.0021452864166349173,0.05553215369582176
Residual PPO,1038,0.0,0.0,-1.5098652839660645,-0.8029577136039734,0.31811848282814026,True,0.4864528477191925,0.02071700245141983,0.004146654158830643,1.9305562091176398e-05,0.79,4.2,4.2,0.004140377044677734,0.0,4.174105197307654e-05,0.0025852497201412916,0.05634520575404167
Residual PPO,1039,0.0,0.0,-0.6960156559944153,-0.0387578122317791,0.3661683201789856,True,0.20191071927547455,0.009069062769412994,0.005900407675653696,1.5028687812446151e-05,0.86,2.8000000000000003,2.8000000000000003,0.005900382995605469,0.0,3.283248224761337e-05,0.0017022843239828944,0.05457356944680214
Residual PPO,1040,0.0,0.0,-0.7547146081924438,0.5635512471199036,0.4134989380836487,True,0.2632780075073242,0.011347396299242973,0.007605741731822491,1.2641932698898017e-05,0.845,3.1,3.1,0.007603645324707031,0.0,3.1894462154014036e-05,0.0018828596221283078,0.0505857914686203
Residual PPO,1041,0.0,0.0,-0.6478168964385986,-0.19675222039222717,0.46515655517578125,True,0.21441344916820526,0.011732560582458973,0.009408990852534771,1.696733852440957e-05,0.855,2.9000000000000004,2.9000000000000004,0.009401321411132812,0.0,3.134053622488864e-05,0.00176392518915236,0.05626041814684868
Residual PPO,1042,0.0,0.0,-1.463887333869934,-0.25558269023895264,0.3728010952472687,True,0.4538705050945282,0.01926535926759243,0.00613022455945611,2.076398959616199e-05,0.7925,4.15,4.15,0.006130218505859375,0.0,3.403717710170895e-05,0.0020664376206696033,0.05474351346492767
Residual PPO,1043,0.0,0.0,-1.7490100860595703,-0.7958716750144958,0.31946444511413574,True,0.5642242431640625,0.02418181486427784,0.004192560911178589,2.1603709683404304e-05,0.7725,4.55,4.55,0.0041866302490234375,0.0,4.1297098505310714e-05,0.002629309892654419,0.05651281028985977
Residual PPO,1044,0.0,0.0,-1.981444239616394,0.7169352173805237,0.20961801707744598,True,0.5992311835289001,0.018117617815732956,0.0007362143369391561,1.5542596884188242e-05,0.7675,4.65,4.65,0.00012683868408203125,0.0,4.175200228928588e-05,0.0025637918151915073,0.05522153526544571
Residual PPO,1045,0.0,0.0,-0.7272861003875732,-0.39523494243621826,0.4158290922641754,True,0.24043115973472595,0.011921352706849575,0.00768606411293149,1.370856352878036e-05,0.8475,3.0500000000000003,3.0500000000000003,0.007683753967285156,0.0,3.649918653536588e-05,0.0019570868462324142,0.05597039312124252
Residual PPO,1046,0.0,0.0,-1.868130087852478,0.6265861392021179,0.39649125933647156,True,0.631199836730957,0.02813066728413105,0.006969756912440062,2.7617479645414278e-05,0.755,4.9,4.9,0.006968975067138672,0.0,3.281731915194541e-05,0.002126633422449231,0.05283579230308533
Residual PPO,1047,0.0,0.0,-1.1699552536010742,-0.14992530643939972,0.29876548051834106,True,0.3337308168411255,0.012694326229393482,0.0034499196335673332,1.4883230505802203e-05,0.82,3.6,3.6,0.0034356117248535156,0.0,3.581165583455004e-05,0.0021226240787655115,0.05663987994194031
Residual PPO,1048,0.0,0.0,-0.9076822996139526,-0.7630760073661804,0.4824531674385071,True,0.3474729061126709,0.0179937444627285,0.010012884624302387,1.3787170246359892e-05,0.81,3.8000000000000003,3.8000000000000003,0.010003089904785156,0.0,3.533685230650008e-05,0.0021839668042957783,0.056852154433727264
Residual PPO,1049,0.0,0.0,-1.6127384901046753,0.09402617067098618,0.43331217765808105,True,0.5319633483886719,0.025200750678777695,0.008279870264232159,2.606411544547882e-05,0.77,4.6000000000000005,4.6000000000000005,0.008275985717773438,0.0,3.021694465132896e-05,0.0017084799474105239,0.054495058953762054
Residual PPO,1050,0.0,0.0,-1.2507070302963257,-0.40418457984924316,0.49881017208099365,True,0.435098797082901,0.022915424779057503,0.010547056794166565,2.5346645998070017e-05,0.7925,4.15,4.15,0.010535240173339844,0.0,3.057906360481866e-05,0.001916469307616353,0.05565796419978142
Residual PPO,1051,0.0,0.0,-0.8433747291564941,-0.6024307608604431,0.2584548592567444,True,0.26431789994239807,0.011323736049234867,0.0020110695622861385,1.1554316188266966e-05,0.8425,3.1500000000000004,3.1500000000000004,0.0019488334655761719,0.0,3.8478916394524276e-05,0.002121545607224107,0.05782900005578995
Residual PPO,1052,0.0,0.0,-1.577463150024414,-0.03658809885382652,0.32490968704223633,True,0.47278934717178345,0.018222589045763016,0.004399011377245188,1.7068179658963345e-05,0.7875,4.25,4.25,0.00439453125,0.0,3.500355524010956e-05,0.0020509231835603714,0.05524266138672829
Residual PPO,1053,0.0,0.0,-0.7320424914360046,-0.38764455914497375,0.44851720333099365,True,0.24837136268615723,0.012827897444367409,0.00884433463215828,1.0709512025641743e-05,0.845,3.1,3.1,0.008838653564453125,0.0,3.602297874749638e-05,0.001971150515601039,0.05578303709626198
Residual PPO,1054,0.0,0.0,-1.9604523181915283,0.6108824014663696,0.3443475067615509,True,0.6391269564628601,0.025665367022156715,0.005099654197692871,2.1521114831557497e-05,0.755,4.9,4.9,0.0050983428955078125,0.0,3.484204353298992e-05,0.0022281112615019083,0.054321855306625366
Residual PPO,1055,0.0,0.0,-0.8035520911216736,-0.8197364807128906,0.37500709295272827,True,0.3062325417995453,0.0146825285628438,0.006228003650903702,1.1947429811698385e-05,0.8225,3.5500000000000003,3.5500000000000003,0.006227970123291016,0.0,4.855276711168699e-05,0.0023839951027184725,0.0686565712094307
Residual PPO,1056,0.0,0.0,-0.6173267960548401,-0.7547652125358582,0.33817118406295776,True,0.24839964509010315,0.011969815008342266,0.004886659327894449,1.3843806300428696e-05,0.835,3.3000000000000003,3.3000000000000003,0.0048847198486328125,0.0,4.1557195800123736e-05,0.0021719196811318398,0.05485446751117706
Residual PPO,1057,0.0,0.0,-1.4013786315917969,-0.020997419953346252,0.2980625629425049,True,0.40564143657684326,0.01490121427923441,0.003426517592743039,1.451965727028437e-05,0.8025,3.95,3.95,0.0034117698669433594,0.0,3.6218527384335175e-05,0.00209822878241539,0.0564812608063221
Residual PPO,1058,0.0,0.0,-1.9344123601913452,-0.6835842132568359,0.34246277809143066,True,0.6312327980995178,0.028171991929411888,0.0050116428174078465,3.0444767617154866e-05,0.7575,4.8500000000000005,4.8500000000000005,0.005010128021240234,0.0,3.878829738823697e-05,0.0025391168892383575,0.05684269219636917
Residual PPO,1059,0.0,0.0,-1.3239208459854126,-0.34795770049095154,0.3298633396625519,True,0.39726656675338745,0.016073452308773994,0.0045724413357675076,2.0310902982600965e-05,0.805,3.9000000000000004,3.9000000000000004,0.004569053649902344,0.0,3.670670776045881e-05,0.0021998900920152664,0.054955821484327316
Residual PPO,1060,0.0,0.0,-0.5232435464859009,-0.8263487219810486,0.4775193929672241,True,0.26284900307655334,0.01466824859380722,0.009829203598201275,2.043063796008937e-05,0.825,3.5,3.5,0.009819984436035156,0.0,3.732413097168319e-05,0.0021799649111926556,0.052358414977788925
Residual PPO,1061,0.0,0.0,-1.0766786336898804,0.09924349933862686,0.28927016258239746,True,0.3013931214809418,0.010866858996450901,0.0031151194125413895,9.97618099063402e-06,0.8275,3.45,3.45,0.0030946731567382812,0.0,3.347654273966327e-05,0.0019645956344902515,0.055966950953006744
Residual PPO,1062,0.0,0.0,-1.020176649093628,-0.6513675451278687,0.4292861223220825,True,0.3527791202068329,0.016931327059864998,0.00814889743924141,2.018787563429214e-05,0.815,3.7,3.7,0.008145332336425781,0.0,3.599182309699245e-05,0.00219410820864141,0.05415168032050133
Residual PPO,1063,0.0,0.0,-0.5567145943641663,0.6067063212394714,0.2895512878894806,True,0.2001395970582962,0.007652668748050928,0.003128601238131523,7.544506388512673e-06,0.87,2.6,2.6,0.003108501434326172,0.0,2.833274265867658e-05,0.0016585856210440397,0.049730684608221054
Residual PPO,1064,0.0,0.0,-1.6129041910171509,-0.13716638088226318,0.24278511106967926,True,0.4604463279247284,0.016068242490291595,0.0014716737205162644,1.713128949631937e-05,0.79,4.2,4.2,0.0013566017150878906,0.0,3.937203291570768e-05,0.0023101053666323423,0.055054496973752975
Residual PPO,1065,0.0,0.0,-0.5033138990402222,-0.5932050347328186,0.453745573759079,True,0.21397964656352997,0.012054307386279106,0.009028063155710697,1.0082629160024226e-05,0.845,3.1,3.1,0.009021759033203125,0.0,3.362805728102103e-05,0.0019155337940901518,0.056316182017326355
Residual PPO,1066,0.0,0.0,-1.3762075901031494,0.32575497031211853,0.20805609226226807,True,0.38269710540771484,0.011865431442856789,0.000734869041480124,1.1166843250975944e-05,0.8075,3.85,3.85,7.677078247070312e-05,0.0,3.8107777072582394e-05,0.0022899594623595476,0.05479497089982033
Residual PPO,1067,0.0,0.0,-0.6176835894584656,0.9055254459381104,0.20151829719543457,True,0.25913769006729126,0.010138627141714096,0.0007733528036624193,1.1462875590950716e-06,0.84,3.2,3.2,0.0,0.0,3.2689484214643016e-05,0.0019912796560674906,0.04732120409607887
Residual PPO,1068,0.0,0.0,-0.7787961959838867,0.5352519750595093,0.25048118829727173,True,0.23579704761505127,0.008046532981097698,0.0017451985040679574,7.235290468088351e-06,0.855,2.9000000000000004,2.9000000000000004,0.0016617774963378906,0.0,3.756290607270785e-05,0.0018646173411980271,0.05689382180571556
Residual PPO,1069,0.0,0.0,-0.5076419115066528,0.8446078896522522,0.24751581251621246,True,0.233356773853302,0.009373721666634083,0.0016481367638334632,4.902690307062585e-06,0.845,3.1,3.1,0.0015549659729003906,0.0,2.91042906610528e-05,0.0018140068277716637,0.04623532295227051
Residual PPO,1070,0.0,0.0,-1.6644020080566406,0.9533751606941223,0.22921264171600342,True,0.5262418985366821,0.016609590500593185,0.001065391581505537,1.434242949471809e-05,0.785,4.3,4.3,0.0008563995361328125,0.0,4.268900374881923e-05,0.002622287953272462,0.05445069819688797
Residual PPO,1071,0.0,0.0,-1.6379417181015015,0.7469041347503662,0.26974478363990784,True,0.5082069039344788,0.016755225136876106,0.0024014052469283342,1.6636220607324503e-05,0.785,4.3,4.3,0.0023593902587890625,0.0,3.896854832419194e-05,0.0024017952382564545,0.05516229197382927
Residual PPO,1072,0.0,0.0,-1.22187077999115,0.3675197660923004,0.4661308228969574,True,0.4093969762325287,0.018889451399445534,0.009428090415894985,2.451166983519215e-05,0.8,4.0,4.0,0.009420394897460938,0.0,2.908472015406005e-05,0.0017163208685815334,0.05442333593964577
Residual PPO,1073,0.0,0.0,-1.5133368968963623,0.8512749075889587,0.3800120949745178,True,0.5137246251106262,0.02030070498585701,0.006397361401468515,1.7574249795870855e-05,0.785,4.3,4.3,0.006397247314453125,0.0,3.4934513678308576e-05,0.002264054724946618,0.05418814718723297
Residual PPO,1074,0.0,0.0,-0.5001789927482605,-0.2884053587913513,0.4962819218635559,True,0.18452243506908417,0.011624987237155437,0.01050298847258091,5.358542694011703e-06,0.8625,2.75,2.75,0.010491371154785156,0.0,2.989883068948984e-05,0.0016782879829406738,0.054845720529556274
Residual PPO,1075,0.0,0.0,-0.8189709782600403,0.9466501474380493,0.23914383351802826,True,0.30818530917167664,0.011324567720293999,0.001376754604279995,4.068169346282957e-06,0.835,3.3000000000000003,3.3000000000000003,0.0012459754943847656,0.0,3.9092174120014533e-05,0.0022361644078046083,0.04984830319881439
Residual PPO,1076,0.0,0.0,-1.445397138595581,-0.562984049320221,0.45283621549606323,True,0.4946329891681671,0.02471805550158024,0.008953460492193699,3.052285319427028e-05,0.7825,4.3500000000000005,4.3500000000000005,0.008947372436523438,0.0,3.34107389790006e-05,0.0021592318080365658,0.05530257523059845
Residual PPO,1077,0.0,0.0,-0.6151338219642639,-0.8893533945083618,0.2694230377674103,True,0.2660285532474518,0.012759940698742867,0.0023983505088835955,1.127683117374545e-05,0.8275,3.45,3.45,0.0023565292358398438,0.0,4.4798282033298165e-05,0.002282185247167945,0.061846207827329636
Residual PPO,1078,0.0,0.0,-0.6580581068992615,-0.6858707666397095,0.23459486663341522,True,0.2314525544643402,0.010550661943852901,0.0012264832621440291,9.470153599977493e-06,0.845,3.1,3.1,0.0010662078857421875,0.0,4.526311386143789e-05,0.002122973557561636,0.0681757777929306
Residual PPO,1079,0.0,0.0,-0.5874135494232178,0.8651593327522278,0.4896434247493744,True,0.2828395366668701,0.014003831893205643,0.01028369553387165,2.725627382460516e-06,0.83,3.4000000000000004,3.4000000000000004,0.010272979736328125,0.0,3.117424785159528e-05,0.0019661320839077234,0.048200059682130814
Residual PPO,1080,0.0,0.0,-0.6397119164466858,0.7102972865104675,0.367546945810318,True,0.24638023972511292,0.01018393225967884,0.005969057325273752,6.328351446427405e-06,0.85,3.0,3.0,0.005969047546386719,0.0,3.0383576813619584e-05,0.0018432583892717957,0.05107704922556877
Residual PPO,1081,0.0,0.0,-1.3320256471633911,0.8601993322372437,0.3006768822669983,True,0.43536776304244995,0.015148978680372238,0.003529487643390894,1.018291095533641e-05,0.805,3.9000000000000004,3.9000000000000004,0.0035161972045898438,0.0,3.811847636825405e-05,0.0023692846298217773,0.05115561932325363
Residual PPO,1082,0.0,0.0,-0.9581221342086792,-0.30673766136169434,0.3117980659008026,True,0.2785293757915497,0.011386706493794918,0.003936902619898319,8.711430382390972e-06,0.835,3.3000000000000003,3.3000000000000003,0.003928661346435547,0.0,3.5648656194098294e-05,0.0020265495404601097,0.05695311352610588
Residual PPO,1083,0.0,0.0,-1.3940625190734863,0.6289385557174683,0.21643398702144623,True,0.41007572412490845,0.012609317898750305,0.000793584855273366,1.0664884030120447e-05,0.805,3.9000000000000004,3.9000000000000004,0.0003886222839355469,0.0,3.9200651372084394e-05,0.0023789142724126577,0.05405750125646591
Residual PPO,1084,0.0,0.0,-0.7371216416358948,-0.8951173424720764,0.4071005880832672,True,0.30950862169265747,0.01549598015844822,0.007363000884652138,1.9573710233089514e-05,0.8175,3.6500000000000004,3.6500000000000004,0.007361412048339844,0.0,4.517088018474169e-05,0.0024119929876178503,0.055608294904232025
Residual PPO,1085,0.0,0.0,-0.7224554419517517,-0.08529454469680786,0.4138740301132202,True,0.22112040221691132,0.010674087330698967,0.007619136944413185,1.2533023436844815e-05,0.8525,2.95,2.95,0.007616996765136719,0.0,3.308123996248469e-05,0.0017669774824753404,0.05637222155928612
Residual PPO,1086,0.0,0.0,-0.7490203976631165,-0.7008727788925171,0.4387705326080322,True,0.2867248058319092,0.014609170146286488,0.008498967625200748,1.2496888302848674e-05,0.825,3.5,3.5,0.008494377136230469,0.0,4.1397881432203576e-05,0.0022462059278041124,0.05526653304696083
Residual PPO,1087,0.0,0.0,-1.2718281745910645,-0.8616007566452026,0.3274095356464386,True,0.42493703961372375,0.01865224726498127,0.004493757151067257,1.5187599274213426e-05,0.8025,3.95,3.95,0.004489898681640625,0.0,4.246379103278741e-05,0.0025697764940559864,0.05723519250750542
Residual PPO,1088,0.0,0.0,-1.148199200630188,-0.9221230149269104,0.4605681300163269,True,0.43281158804893494,0.02176523581147194,0.009238620288670063,2.279863110743463e-05,0.7925,4.15,4.15,0.0092315673828125,0.0,3.8189857150428e-05,0.0024174940772354603,0.05627141147851944
Residual PPO,1089,0.0,0.0,-1.8535881042480469,0.5890284776687622,0.37915652990341187,True,0.6145689487457275,0.026189425960183144,0.0063577559776604176,2.2602975150221027e-05,0.76,4.800000000000001,4.800000000000001,0.006357669830322266,0.0,3.324971839901991e-05,0.002127031795680523,0.05512060597538948
Residual PPO,1090,0.0,0.0,-0.9845758080482483,-0.6573527455329895,0.30003631114959717,True,0.3150636851787567,0.013553103432059288,0.0035006410907953978,1.2649662494368386e-05,0.83,3.4000000000000004,3.4000000000000004,0.003487110137939453,0.0,3.8386588130379096e-05,0.0022574583999812603,0.05768938735127449
Residual PPO,1091,0.0,0.0,-1.8845704793930054,-0.6914018392562866,0.36124923825263977,True,0.6221154928207397,0.028546929359436035,0.005690254736691713,3.2085401471704245e-05,0.76,4.800000000000001,4.800000000000001,0.005690097808837891,0.0,3.7966987292747945e-05,0.00250461813993752,0.05347930267453194
Residual PPO,1092,0.0,0.0,-1.9696727991104126,-0.2278679758310318,0.31251582503318787,True,0.6117554306983948,0.02473466284573078,0.003925046883523464,2.8546592147904448e-05,0.76,4.800000000000001,4.800000000000001,0.003916740417480469,0.0,3.634329550550319e-05,0.0022382312454283237,0.056606680154800415
Residual PPO,1093,0.0,0.0,-0.8791002631187439,0.07968070358037949,0.43002596497535706,True,0.2733713686466217,0.01256620604544878,0.008186180144548416,1.3415681678452529e-05,0.835,3.3000000000000003,3.3000000000000003,0.008182525634765625,0.0,3.1737450626678765e-05,0.0017536744708195329,0.05455237254500389
Residual PPO,1094,0.0,0.0,-0.9031349420547485,-0.5643354058265686,0.2514164447784424,True,0.2737323045730591,0.011451330035924911,0.001767573761753738,1.1913247362826951e-05,0.8425,3.1500000000000004,3.1500000000000004,0.0016865730285644531,0.0,3.667227065307088e-05,0.0021134186536073685,0.05702207610011101
Residual PPO,1095,0.0,0.0,-1.3096781969070435,-0.4019305408000946,0.2943161725997925,True,0.3864879012107849,0.015200190246105194,0.0032928581349551678,1.3300422324391548e-05,0.8075,3.85,3.85,0.0032758712768554688,0.0,3.847349944408052e-05,0.00230157608166337,0.05379455164074898
Residual PPO,1096,0.0,0.0,-0.5565752387046814,0.7886120080947876,0.27283963561058044,True,0.23160295188426971,0.009051751345396042,0.0025395737029612064,1.7456519572078832e-06,0.85,3.0,3.0,0.002502918243408203,0.0,2.9352713681873865e-05,0.0018053718376904726,0.046985700726509094
Residual PPO,1097,0.0,0.0,-1.3080552816390991,0.037033263593912125,0.27344202995300293,True,0.3694742023944855,0.013029132038354874,0.0025473684072494507,9.136680091614835e-06,0.81,3.8000000000000003,3.8000000000000003,0.0025110244750976562,0.0,3.658982677734457e-05,0.002127721207216382,0.056673675775527954
Residual PPO,1098,0.0,0.0,-1.2224541902542114,-0.25077617168426514,0.4742331802845001,True,0.40753012895584106,0.02020401693880558,0.009726636111736298,1.5817760868230835e-05,0.8,4.0,4.0,0.009717941284179688,0.0,3.0371804314199835e-05,0.0018319077789783478,0.05321934074163437
Residual PPO,1099,0.0,0.0,-1.9130916595458984,0.09447009861469269,0.36984628438949585,True,0.6162301898002625,0.026998097077012062,0.006012442987412214,2.6932717446470633e-05,0.7575,4.8500000000000005,4.8500000000000005,0.006012439727783203,0.0,3.2723961339797825e-05,0.0018719559302553535,0.054744407534599304
PD+FF,1000,0.01,0.0,-1.2179213762283325,0.20768369734287262,0.34128254652023315,True,0.39155787229537964,0.05078819766640663,0.0017924705753102899,0.0007659559487365186,0.725,5.5,5.5,0.0002918243408203125,0.0,8.243733464041725e-05,0.008094370365142822,0.024825364351272583
PD+FF,1001,0.01,0.0,-1.0811076164245605,-0.9685990810394287,0.25630688667297363,True,0.4115712344646454,0.050822652876377106,0.0012378456303849816,0.001642154878936708,0.725,5.5,5.5,0.0003452301025390625,0.0,9.395092638442293e-05,0.008418185636401176,0.03256180137395859
PD+FF,1002,0.01,0.0,-1.428768277168274,-0.28562131524086,0.4242836833000183,True,0.4866925776004791,0.06421021372079849,0.0014629490906372666,0.0015343782724812627,0.7,6.0,6.0,4.9114227294921875e-05,0.0,9.102954209083691e-05,0.008390611037611961,0.02463158220052719
PD+FF,1003,0.01,0.0,-1.7183640003204346,-0.48658838868141174,0.34840381145477295,True,0.5701539516448975,0.07440827786922455,0.0013848025118932128,0.0032318911980837584,0.6825,6.3500000000000005,6.3500000000000005,0.0,0.0,9.229496936313808e-05,0.008409935049712658,0.0240912027657032
PD+FF,1004,0.01,0.0,-1.998679280281067,-0.7396973967552185,0.24154320359230042,True,0.6473379731178284,0.08259497582912445,0.003091648919507861,0.0007727509364485741,0.6725,6.550000000000001,6.550000000000001,0.0,0.0,0.0001135291822720319,0.009410817176103592,0.031122997403144836
PD+FF,1005,0.01,0.0,-1.8766711950302124,0.8611240983009338,0.28618520498275757,True,0.6318565011024475,0.08145906776189804,0.0016625135904178023,0.0013784761540591717,0.6725,6.550000000000001,6.550000000000001,0.0,0.0,0.00010314714745618403,0.008946581743657589,0.025967326015233994
PD+FF,1006,0.01,0.0,-1.4946178197860718,0.20171388983726501,0.28934937715530396,True,0.46751493215560913,0.0594027116894722,0.0016116589540615678,0.0016252476489171386,0.7075,5.8500000000000005,5.8500000000000005,0.0,0.0,8.968117617769167e-05,0.008265376091003418,0.025654535740613937
PD+FF,1007,0.01,0.0,-1.8931626081466675,0.6319606900215149,0.39287856221199036,True,0.6588574051856995,0.08916882425546646,0.0006694315234199166,0.0008123311563394964,0.665,6.7,6.7,0.0,0.0,8.743062062421814e-05,0.008156068623065948,0.026648610830307007
PD+FF,1008,0.01,0.0,-1.749120831489563,0.6261014938354492,0.26522985100746155,True,0.5649896860122681,0.07193798571825027,0.0010711448267102242,0.0014045905554667115,0.6875,6.25,6.25,0.0,0.0,0.00010159044904867187,0.00887737050652504,0.025566956028342247
PD+FF,1009,0.01,0.0,-1.9152493476867676,-0.3461688160896301,0.2149554342031479,True,0.59001624584198,0.07534680515527725,0.0013926898827776313,0.0011455075582489371,0.6825,6.3500000000000005,6.3500000000000005,0.0010356903076171875,0.0,9.945833880919963e-05,0.008674939163029194,0.030877258628606796
PD+FF,1010,0.01,0.0,-1.8575115203857422,0.07161146402359009,0.4753030240535736,True,0.669788122177124,0.09945335984230042,0.0011983017902821302,0.0012081586755812168,0.6525,6.95,6.95,0.0008821487426757812,0.0,8.411462476942688e-05,0.007912343367934227,0.024977538734674454
PD+FF,1011,0.01,0.0,-1.57381272315979,0.12664707005023956,0.26378002762794495,True,0.4847254157066345,0.06204966455698013,0.003470823634415865,0.0030499889981001616,0.7025,5.95,5.95,8.678436279296875e-05,0.0,8.964999142335728e-05,0.008262424729764462,0.025400906801223755
PD+FF,1012,0.01,0.0,-1.5405192375183105,0.561293363571167,0.2715309262275696,True,0.4960332214832306,0.06284669041633606,0.0015425757737830281,0.00220527034252882,0.7025,5.95,5.95,0.0,0.0,9.80655022431165e-05,0.008708556182682514,0.028691504150629044
PD+FF,1013,0.01,0.0,-0.8082606196403503,-0.8420410752296448,0.401797890663147,True,0.34729480743408203,0.042672883719205856,0.0011295094154775143,0.0009905348997563124,0.7425,5.15,5.15,0.00017786026000976562,0.0,9.729517478263006e-05,0.008701378479599953,0.02514025755226612
PD+FF,1014,0.01,0.0,-1.3467140197753906,0.1714046150445938,0.4693894386291504,True,0.47018009424209595,0.06263389438390732,0.0009471832308918238,0.0012870257487520576,0.7025,5.95,5.95,0.0017871856689453125,0.0,8.878539665602148e-05,0.008164985105395317,0.03058786503970623
PD+FF,1015,0.01,0.0,-1.4601455926895142,0.21413566172122955,0.39239153265953064,True,0.48470601439476013,0.0625438541173935,0.0016307526966556907,0.0033081411384046078,0.7025,5.95,5.95,0.0,0.0,8.382882515434176e-05,0.008021005429327488,0.02682942897081375
PD+FF,1016,0.01,0.0,-1.6580126285552979,-0.11461202055215836,0.3060871958732605,True,0.524149477481842,0.06737174093723297,0.0013652112102136016,0.0011617320124059916,0.695,6.1000000000000005,6.1000000000000005,0.0,0.0,0.00010152745380764827,0.008814333938062191,0.02787316031754017
PD+FF,1017,0.01,0.0,-0.62247234582901,0.6426637768745422,0.4917738139629364,True,0.2849258780479431,0.03519921004772186,0.001000905060209334,0.0005373870953917503,0.7625,4.75,4.75,8.20159912109375e-05,0.0,8.476740185869858e-05,0.008186636492609978,0.02280486188828945
PD+FF,1018,0.01,0.0,-1.1090368032455444,-0.0900818482041359,0.4614541530609131,True,0.385027140378952,0.051319319754838943,0.0001239768898813054,0.002685010200366378,0.725,5.5,5.5,0.00010776519775390625,0.0,9.051660890690982e-05,0.008344026282429695,0.021102149039506912
PD+FF,1019,0.01,0.0,-1.674609661102295,-0.20800989866256714,0.34006524085998535,True,0.5412226915359497,0.0703120231628418,0.0008191531524062157,0.0015841390704736114,0.69,6.2,6.2,0.0005993843078613281,0.0,9.555271390127018e-05,0.008488450199365616,0.022370846942067146
PD+FF,1020,0.01,0.0,-1.1319496631622314,-0.4326494336128235,0.2227078378200531,True,0.35136985778808594,0.04311065748333931,0.0015220878412947059,0.0018479479476809502,0.7425,5.15,5.15,0.001522064208984375,0.0,9.364586003357545e-05,0.008560044690966606,0.027750397101044655
PD+FF,1021,0.01,0.0,-1.4384177923202515,-0.8382971882820129,0.49743902683258057,True,0.5577383637428284,0.075911745429039,0.0014063791604712605,0.0009236748446710408,0.68,6.4,6.4,0.00017547607421875,0.0,9.13162948563695e-05,0.008344176225364208,0.025733500719070435
PD+FF,1022,0.01,0.0,-1.999210000038147,0.8368335366249084,0.37694433331489563,True,0.7058283686637878,0.09541533142328262,0.0014395526377484202,0.0011078123934566975,0.6575,6.8500000000000005,6.8500000000000005,0.0015850067138671875,0.0,9.611150017008185e-05,0.008660126477479935,0.025145841762423515
PD+FF,1023,0.01,0.0,-1.4916963577270508,0.8117974996566772,0.4728805720806122,True,0.563453197479248,0.07596652209758759,0.0011567639885470271,0.0016619579400867224,0.6825,6.3500000000000005,6.3500000000000005,0.0017137527465820312,0.0,9.00642407941632e-05,0.008408434689044952,0.0233339611440897
PD+FF,1024,0.01,0.0,-1.51630699634552,-0.48329436779022217,0.3110935389995575,True,0.49326005578041077,0.06358605623245239,0.0009387329337187111,0.00111571594607085,0.7,6.0,6.0,0.0,0.0,9.388560283696279e-05,0.008420704863965511,0.02418244443833828
PD+FF,1025,0.01,0.0,-0.7683239579200745,0.258014976978302,0.24864348769187927,True,0.23773328959941864,0.028707336634397507,0.00066397461341694,0.0017659444129094481,0.7875,4.25,4.25,0.0,0.0,8.501560660079122e-05,0.008141388185322285,0.021965831518173218
PD+FF,1026,0.01,0.0,-1.7438942193984985,0.19023452699184418,0.2583710551261902,True,0.5406399369239807,0.06908803433179855,0.0009925717022269964,0.0010024715447798371,0.6925,6.15,6.15,0.002437114715576172,0.0,9.604141814634204e-05,0.008492963388562202,0.025060411542654037
PD+FF,1027,0.01,0.0,-1.9580382108688354,0.12429128587245941,0.36954861879348755,True,0.6534935832023621,0.08884479105472565,0.001944708521477878,0.001224325504153967,0.665,6.7,6.7,0.0017042160034179688,0.0,8.306118979817256e-05,0.007918588817119598,0.026871386915445328
PD+FF,1028,0.01,0.0,-0.7757433652877808,-0.22796711325645447,0.4025936424732208,True,0.2673088312149048,0.03402644023299217,0.002796855289489031,0.002415638417005539,0.7675,4.65,4.65,0.0,0.0,9.321232209913433e-05,0.008435363881289959,0.026156805455684662
PD+FF,1029,0.01,0.0,-0.7448340058326721,0.6458722352981567,0.214758962392807,True,0.2724672257900238,0.03285803273320198,0.0005891350447200239,0.0011658337898552418,0.7725,4.55,4.55,0.0004315376281738281,0.0,7.674180233152583e-05,0.007779743056744337,0.018776994198560715
PD+FF,1030,0.01,0.0,-1.6447029113769531,-0.9496257901191711,0.4438457489013672,True,0.6190089583396912,0.08283067494630814,0.002463072771206498,0.0014933106722310185,0.6725,6.550000000000001,6.550000000000001,0.0,0.0,9.470102668274194e-05,0.008463183417916298,0.026761949062347412
PD+FF,1031,0.01,0.0,-0.9611496329307556,0.9009804725646973,0.39864641427993774,True,0.39542442560195923,0.04960058629512787,0.0008945379522629082,0.00010341785673517734,0.7275,5.45,5.45,0.00025272369384765625,0.0,9.912319364957511e-05,0.008717291057109833,0.02668202854692936
PD+FF,1032,0.01,0.0,-0.6833899617195129,-0.5306191444396973,0.49894750118255615,True,0.28843650221824646,0.037112921476364136,0.0014726667432114482,0.0023601758293807507,0.7575,4.8500000000000005,4.8500000000000005,0.0018739700317382812,0.0,8.937680104281753e-05,0.008360590785741806,0.0266893208026886
PD+FF,1033,0.01,0.0,-0.7577928304672241,0.7459949851036072,0.4761985242366791,True,0.3333093822002411,0.04187462478876114,0.0010405329521745443,0.001697621075436473,0.745,5.1000000000000005,5.1000000000000005,0.0007753372192382812,0.0,9.25330095924437e-05,0.008494442328810692,0.025098687037825584
PD+FF,1034,0.01,0.0,-0.5296080112457275,-0.6777904629707336,0.22327283024787903,True,0.23327627778053284,0.02834065444767475,0.0005810611182823777,0.002945249667391181,0.79,4.2,4.2,0.0004940032958984375,0.0,0.00010122131061507389,0.008781353943049908,0.027108943089842796
PD+FF,1035,0.01,0.0,-1.5201642513275146,-0.23973245918750763,0.436818927526474,True,0.5218921303749084,0.06992052495479584,0.0010391141986474395,0.0009612288558855653,0.69,6.2,6.2,0.0,0.0,8.109432383207604e-05,0.00789132621139288,0.02761758863925934
PD+FF,1036,0.01,0.0,-1.558912754058838,0.6018440127372742,0.34900519251823425,True,0.5252678394317627,0.0678396224975586,0.0019509814446792006,0.0014799945056438446,0.695,6.1000000000000005,6.1000000000000005,0.0013051033020019531,0.0,9.010126814246178e-05,0.008296779356896877,0.030878683552145958
PD+FF,1037,0.01,0.0,-1.5164998769760132,-0.3818822205066681,0.38270920515060425,True,0.5074450969696045,0.06633435189723969,0.001421999535523355,0.0017332903807982802,0.695,6.1000000000000005,6.1000000000000005,0.00037384033203125,0.0,9.16161880013533e-05,0.008416899479925632,0.028240229934453964
PD+FF,1038,0.01,0.0,-1.5098652839660645,-0.8029577136039734,0.31811848282814026,True,0.5201185345649719,0.06604994088411331,0.0032550382893532515,0.0007373238331638277,0.695,6.1000000000000005,6.1000000000000005,0.0,0.0,9.49885361478664e-05,0.008535671979188919,0.02310776710510254
PD+FF,1039,0.01,0.0,-0.6960156559944153,-0.0387578122317791,0.3661683201789856,True,0.22844728827476501,0.028448790311813354,0.0012773112393915653,0.0019407863728702068,0.7875,4.25,4.25,0.0010724067687988281,0.0,8.539341069990769e-05,0.008187714964151382,0.02439749427139759
PD+FF,1040,0.01,0.0,-0.7547146081924438,0.5635512471199036,0.4134989380836487,True,0.29485854506492615,0.03801024705171585,0.00183919258415699,0.002480207709595561,0.7575,4.8500000000000005,4.8500000000000005,0.0,0.0,8.426092972513288e-05,0.008162050507962704,0.023205438628792763
PD+FF,1041,0.01,0.0,-0.6478168964385986,-0.19675222039222717,0.46515655517578125,True,0.2403748780488968,0.03146256133913994,0.0011014241026714444,0.0009223820525221527,0.7775,4.45,4.45,0.0010519027709960938,0.0,9.072905959328637e-05,0.00838186964392662,0.025386882945895195
PD+FF,1042,0.01,0.0,-1.463887333869934,-0.25558269023895264,0.3728010952472687,True,0.48162490129470825,0.06227635219693184,0.0005805377732031047,0.0013731897342950106,0.7025,5.95,5.95,0.0,0.0,8.736933523323387e-05,0.00824775267392397,0.02403971552848816
PD+FF,1043,0.01,0.0,-1.7490100860595703,-0.7958716750144958,0.31946444511413574,True,0.5941393375396729,0.07676340639591217,0.001089113880880177,0.0006728289881721139,0.68,6.4,6.4,0.0011444091796875,0.0,9.321232937509194e-05,0.008415115997195244,0.028303297236561775
PD+FF,1044,0.01,0.0,-1.981444239616394,0.7169352173805237,0.20961801707744598,True,0.6311085820198059,0.0801461786031723,0.0009721089154481888,0.0020905332639813423,0.675,6.5,6.5,0.0002830028533935547,0.0,0.00010711803042795509,0.00914069265127182,0.028495579957962036
PD+FF,1045,0.01,0.0,-0.7272861003875732,-0.39523494243621826,0.4158290922641754,True,0.2682475447654724,0.03402462229132652,0.0018937791464850307,0.0021381452679634094,0.77,4.6000000000000005,4.6000000000000005,0.0011196136474609375,0.0,9.136771404882893e-05,0.008671971037983894,0.02363809570670128
PD+FF,1046,0.01,0.0,-1.868130087852478,0.6265861392021179,0.39649125933647156,True,0.6510565280914307,0.0886232927441597,0.0024213651195168495,0.0034092313144356012,0.665,6.7,6.7,0.0,0.0,8.645785419503227e-05,0.008262128569185734,0.02899344079196453
PD+FF,1047,0.01,0.0,-1.1699552536010742,-0.14992530643939972,0.29876548051834106,True,0.36369600892066956,0.045510925352573395,0.0011043957201763988,0.001497877761721611,0.7375,5.25,5.25,0.0014314651489257812,0.0,9.01850507943891e-05,0.008191825821995735,0.02867184579372406
PD+FF,1048,0.01,0.0,-0.9076822996139526,-0.7630760073661804,0.4824531674385071,True,0.3779822289943695,0.04848281666636467,0.0016959835775196552,0.0008865802083164454,0.73,5.4,5.4,0.0016269683837890625,0.0,9.659803617978469e-05,0.008828159421682358,0.023110317066311836
PD+FF,1049,0.01,0.0,-1.6127384901046753,0.09402617067098618,0.43331217765808105,True,0.5518651604652405,0.07498946040868759,0.0021118642762303352,0.0029468610882759094,0.6825,6.3500000000000005,6.3500000000000005,0.0,0.0,8.949522452894598e-05,0.008219663053750992,0.024269288405776024
PD+FF,1050,0.01,0.0,-1.2507070302963257,-0.40418457984924316,0.49881017208099365,True,0.4565631151199341,0.061082083731889725,0.001838934957049787,0.0019023072673007846,0.705,5.9,5.9,0.0,0.0,9.946385398507118e-05,0.00877493154257536,0.0251897145062685
PD+FF,1051,0.01,0.0,-0.8433747291564941,-0.6024307608604431,0.2584548592567444,True,0.2958826422691345,0.03635917976498604,0.0009245878318324685,0.0011870017042383552,0.7625,4.75,4.75,0.0012526512145996094,0.0,8.46214170451276e-05,0.007915932685136795,0.02509276382625103
PD+FF,1052,0.01,0.0,-1.577463150024414,-0.03658809885382652,0.32490968704223633,True,0.5015774369239807,0.06461676955223083,0.002019258914515376,0.0034449235536158085,0.6975,6.050000000000001,6.050000000000001,0.0004038810729980469,0.0,8.912862540455535e-05,0.008333485573530197,0.025149814784526825
PD+FF,1053,0.01,0.0,-0.7320424914360046,-0.38764455914497375,0.44851720333099365,True,0.2765633463859558,0.03596068173646927,0.0011994092492386699,0.0022412387188524008,0.7625,4.75,4.75,0.00080108642578125,0.0,8.218627044698223e-05,0.008008365519344807,0.024163292720913887
PD+FF,1054,0.01,0.0,-1.9604523181915283,0.6108824014663696,0.3443475067615509,True,0.6612183451652527,0.0881308987736702,0.0014375068712979555,0.0012295449851080775,0.665,6.7,6.7,0.0,0.0,9.0932117018383e-05,0.008292939513921738,0.026104116812348366
PD+FF,1055,0.01,0.0,-0.8035520911216736,-0.8197364807128906,0.37500709295272827,True,0.3377683460712433,0.04080531746149063,0.0012377820676192641,0.002853355836123228,0.7475,5.050000000000001,5.050000000000001,0.0006961822509765625,0.0,8.432533650193363e-05,0.008095404133200645,0.029497096315026283
PD+FF,1056,0.01,0.0,-0.6173267960548401,-0.7547652125358582,0.33817118406295776,True,0.2777401804924011,0.03392433375120163,0.0005429102457128465,0.0010599084198474884,0.7675,4.65,4.65,0.0005650520324707031,0.0,8.898678788682446e-05,0.008375835604965687,0.025103341788053513
PD+FF,1057,0.01,0.0,-1.4013786315917969,-0.020997419953346252,0.2980625629425049,True,0.4363440275192261,0.055623795837163925,0.00024456920800730586,0.0007693519000895321,0.715,5.7,5.7,0.0002694129943847656,0.0,8.747026731725782e-05,0.008309959433972836,0.023054376244544983
PD+FF,1058,0.01,0.0,-1.9344123601913452,-0.6835842132568359,0.34246277809143066,True,0.6558958888053894,0.08703232556581497,0.0005829907022416592,0.0019446741789579391,0.6675,6.65,6.65,0.0009088516235351562,0.0,9.345953003503382e-05,0.008387726731598377,0.023870129138231277
PD+FF,1059,0.01,0.0,-1.3239208459854126,-0.34795770049095154,0.3298633396625519,True,0.42837902903556824,0.05435886234045029,0.0019955865573138,0.00024360581301152706,0.7175,5.65,5.65,0.0008258819580078125,0.0,9.161893831333145e-05,0.008411248214542866,0.033449817448854446
PD+FF,1060,0.01,0.0,-0.5232435464859009,-0.8263487219810486,0.4775193929672241,True,0.29125696420669556,0.03605775535106659,0.0005911873886361718,0.0023769766557961702,0.7625,4.75,4.75,0.0010442733764648438,0.0,8.824672841001302e-05,0.008209502324461937,0.02323690615594387
PD+FF,1061,0.01,0.0,-1.0766786336898804,0.09924349933862686,0.28927016258239746,True,0.3314855098724365,0.04171770066022873,0.0017590379575267434,0.0022749099880456924,0.7475,5.050000000000001,5.050000000000001,0.0008282661437988281,0.0,9.451028017792851e-05,0.008696583099663258,0.02233116142451763
PD+FF,1062,0.01,0.0,-1.020176649093628,-0.6513675451278687,0.4292861223220825,True,0.38426050543785095,0.04901015758514404,0.0011575151002034545,0.0005246293148957193,0.73,5.4,5.4,0.0,0.0,9.719633089844137e-05,0.008694981224834919,0.027469687163829803
PD+FF,1063,0.01,0.0,-0.5567145943641663,0.6067063212394714,0.2895512878894806,True,0.2323063462972641,0.028489692136645317,0.0015225353417918086,0.0006994536961428821,0.7875,4.25,4.25,0.0009627342224121094,0.0,8.150727808242664e-05,0.008030573837459087,0.024040378630161285
PD+FF,1064,0.01,0.0,-1.6129041910171509,-0.13716638088226318,0.24278511106967926,True,0.4924042820930481,0.0622420571744442,0.00167260249145329,0.0013998659560456872,0.7025,5.95,5.95,0.0006966590881347656,0.0,9.055784903466702e-05,0.008195179514586926,0.028315946459770203
PD+FF,1065,0.01,0.0,-0.5033138990402222,-0.5932050347328186,0.453745573759079,True,0.24047070741653442,0.030134888365864754,0.0017454448388889432,0.0015952322864905,0.7825,4.3500000000000005,4.3500000000000005,0.0008587837219238281,0.0,8.552608051104471e-05,0.008309748023748398,0.02403446100652218
PD+FF,1066,0.01,0.0,-1.3762075901031494,0.32575497031211853,0.20805609226226807,True,0.4149209260940552,0.05106617510318756,0.0018102896865457296,0.0008601356530562043,0.725,5.5,5.5,0.0,0.0,9.323163249064237e-05,0.008457955904304981,0.026004405692219734
PD+FF,1067,0.01,0.0,-0.6176835894584656,0.9055254459381104,0.20151829719543457,True,0.2942951023578644,0.03486674278974533,0.00039815143099986017,0.0024597900919616222,0.765,4.7,4.7,0.0,0.0,7.981005182955414e-05,0.0078066010028123856,0.024892451241612434
PD+FF,1068,0.01,0.0,-0.7787961959838867,0.5352519750595093,0.25048118829727173,True,0.26920223236083984,0.03262351080775261,0.0015047569759190083,0.002020859392359853,0.7725,4.55,4.55,0.0004067420959472656,0.0,8.348053233930841e-05,0.008113058283925056,0.02179216593503952
PD+FF,1069,0.01,0.0,-0.5076419115066528,0.8446078896522522,0.24751581251621246,True,0.26632729172706604,0.032212503254413605,0.0004838959139306098,0.0015001612482592463,0.775,4.5,4.5,0.002051115036010742,0.0,8.753754082135856e-05,0.008341801352798939,0.026899904012680054
PD+FF,1070,0.01,0.0,-1.6644020080566406,0.9533751606941223,0.22921264171600342,True,0.5617122650146484,0.07019101828336716,0.0018876061076298356,0.0012892637168988585,0.69,6.2,6.2,0.0,0.0,0.00010147976718144491,0.008749604225158691,0.02871788665652275
PD+FF,1071,0.01,0.0,-1.6379417181015015,0.7469041347503662,0.26974478363990784,True,0.541443943977356,0.06816115230321884,0.0010555594926699996,0.0010779048316180706,0.6925,6.15,6.15,0.0007443428039550781,0.0,0.00010145887063117698,0.00879686139523983,0.028664516285061836
PD+FF,1072,0.01,0.0,-1.22187077999115,0.3675197660923004,0.4661308228969574,True,0.4337737560272217,0.0571608766913414,0.0017753283027559519,0.001673325547017157,0.7125,5.75,5.75,6.4849853515625e-05,0.0,9.502199827693403e-05,0.008471762761473656,0.02627420425415039
PD+FF,1073,0.01,0.0,-1.5133368968963623,0.8512749075889587,0.3800120949745178,True,0.5429252982139587,0.07067879289388657,0.0011575570097193122,0.0007365092751570046,0.69,6.2,6.2,0.0,0.0,9.573520219419152e-05,0.008541413582861423,0.02522367238998413
PD+FF,1074,0.01,0.0,-0.5001789927482605,-0.2884053587913513,0.4962819218635559,True,0.20839983224868774,0.027440929785370827,0.0007142875692807138,0.0015898842830210924,0.795,4.1000000000000005,4.1000000000000005,3.147125244140625e-05,0.0,9.143552597379312e-05,0.008546854369342327,0.026587344706058502
PD+FF,1075,0.01,0.0,-0.8189709782600403,0.9466501474380493,0.23914383351802826,True,0.3453260064125061,0.04150942713022232,0.000652602466288954,0.0023087088484317064,0.745,5.1000000000000005,5.1000000000000005,0.0,0.0,9.565400250721723e-05,0.008645718917250633,0.022483842447400093
PD+FF,1076,0.01,0.0,-1.445397138595581,-0.562984049320221,0.45283621549606323,True,0.517430305480957,0.06813372671604156,0.00134884228464216,0.0031422190368175507,0.6925,6.15,6.15,0.0,0.0,8.706001244718209e-05,0.008190898224711418,0.02350347675383091
PD+FF,1077,0.01,0.0,-0.6151338219642639,-0.8893533945083618,0.2694230377674103,True,0.2964414060115814,0.03538117930293083,0.00033796404022723436,0.0014730794355273247,0.7625,4.75,4.75,6.198883056640625e-05,0.0,9.571696136845276e-05,0.008735147304832935,0.026329027488827705
PD+FF,1078,0.01,0.0,-0.6580581068992615,-0.6858707666397095,0.23459486663341522,True,0.26197031140327454,0.0315973237156868,0.001022960408590734,0.0002047293819487095,0.7775,4.45,4.45,0.000209808349609375,0.0,9.121547191170976e-05,0.008398213423788548,0.02299567312002182
PD+FF,1079,0.01,0.0,-0.5874135494232178,0.8651593327522278,0.4896434247493744,True,0.3149273991584778,0.03902871161699295,0.0005194310215301812,0.0017650575609877706,0.7525,4.95,4.95,0.0018377304077148438,0.0,9.069806401384994e-05,0.00841950811445713,0.024695834144949913
PD+FF,1080,0.01,0.0,-0.6397119164466858,0.7102972865104675,0.367546945810318,True,0.2791612446308136,0.03454158082604408,0.0008734497823752463,0.0009512858814559877,0.7675,4.65,4.65,0.0008687973022460938,0.0,9.10407179617323e-05,0.008447320200502872,0.023342568427324295
PD+FF,1081,0.01,0.0,-1.3320256471633911,0.8601993322372437,0.3006768822669983,True,0.47070151567459106,0.05872629955410957,0.0007469143602065742,0.0009002957958728075,0.71,5.800000000000001,5.800000000000001,0.00048542022705078125,0.0,9.868512279354036e-05,0.008749918080866337,0.025823356583714485
PD+FF,1082,0.01,0.0,-0.9581221342086792,-0.30673766136169434,0.3117980659008026,True,0.30865776538848877,0.038338448852300644,0.001239535864442587,0.0028535465244203806,0.755,4.9,4.9,0.0012412071228027344,0.0,8.95055418368429e-05,0.008421828970313072,0.020446162670850754
PD+FF,1083,0.01,0.0,-1.3940625190734863,0.6289385557174683,0.21643398702144623,True,0.44431203603744507,0.054714933037757874,0.00047494564205408096,0.0008949909824877977,0.7175,5.65,5.65,7.390975952148438e-05,0.0,8.751421410124749e-05,0.008196747861802578,0.027342770248651505
PD+FF,1084,0.01,0.0,-0.7371216416358948,-0.8951173424720764,0.4071005880832672,True,0.3408444821834564,0.042275287210941315,0.0010828522499650717,0.0005025897989980876,0.745,5.1000000000000005,5.1000000000000005,0.0,0.0,8.548577898181975e-05,0.008124053478240967,0.029021959751844406
PD+FF,1085,0.01,0.0,-0.7224554419517517,-0.08529454469680786,0.4138740301132202,True,0.24775542318820953,0.03214467316865921,0.0016703986329957843,0.0015176269225776196,0.7775,4.45,4.45,0.0012068748474121094,0.0,0.00010018565080827102,0.008770376443862915,0.022917967289686203
PD+FF,1086,0.01,0.0,-0.7490203976631165,-0.7008727788925171,0.4387705326080322,True,0.31673958897590637,0.04037480801343918,0.00047058198833838105,0.0012915644329041243,0.75,5.0,5.0,0.0004520416259765625,0.0,8.585561590734869e-05,0.008158509619534016,0.024277018383145332
PD+FF,1087,0.01,0.0,-1.2718281745910645,-0.8616007566452026,0.3274095356464386,True,0.45966997742652893,0.05790732055902481,0.0004721711156889796,0.0022604477126151323,0.7125,5.75,5.75,0.0005087852478027344,0.0,9.954275446943939e-05,0.008721733465790749,0.02886515110731125
PD+FF,1088,0.01,0.0,-1.148199200630188,-0.9221230149269104,0.4605681300163269,True,0.46368423104286194,0.05986839532852173,0.0026612388901412487,0.0014715619618073106,0.7075,5.8500000000000005,5.8500000000000005,0.0,0.0,9.370968473376706e-05,0.008517222478985786,0.02304503694176674
PD+FF,1089,0.01,0.0,-1.8535881042480469,0.5890284776687622,0.37915652990341187,True,0.635735809803009,0.08471465110778809,0.0028538184706121683,0.0009267047280445695,0.67,6.6000000000000005,6.6000000000000005,0.0014505386352539062,0.0,9.116290311794728e-05,0.008352997712790966,0.0290236733853817
PD+FF,1090,0.01,0.0,-0.9845758080482483,-0.6573527455329895,0.30003631114959717,True,0.3475624918937683,0.04314092919230461,0.0015804307768121362,0.00301375612616539,0.7425,5.15,5.15,0.0011277198791503906,0.0,0.00010323268361389637,0.008962608873844147,0.02774142660200596
PD+FF,1091,0.01,0.0,-1.8845704793930054,-0.6914018392562866,0.36124923825263977,True,0.6464160084724426,0.08606228977441788,0.001050191349349916,0.0003063089388888329,0.6675,6.65,6.65,0.000244140625,0.0,9.575684816809371e-05,0.008704421110451221,0.026414645835757256
PD+FF,1092,0.01,0.0,-1.9696727991104126,-0.2278679758310318,0.31251582503318787,True,0.6357373595237732,0.08346763253211975,0.0012570146936923265,0.00035472065792419016,0.6725,6.550000000000001,6.550000000000001,0.0002040863037109375,0.0,9.141323971562088e-05,0.008360419422388077,0.02858140505850315
PD+FF,1093,0.01,0.0,-0.8791002631187439,0.07968070358037949,0.43002596497535706,True,0.3013109266757965,0.03869609534740448,0.002383163198828697,0.0024210477713495493,0.755,4.9,4.9,0.0,0.0,8.449354209005833e-05,0.008148455992341042,0.02134399674832821
PD+FF,1094,0.01,0.0,-0.9031349420547485,-0.5643354058265686,0.2514164447784424,True,0.3054855167865753,0.03686591982841492,0.0014233865076676011,0.001798050245270133,0.76,4.800000000000001,4.800000000000001,0.0011043548583984375,0.0,9.219678031513467e-05,0.00853738933801651,0.02374180778861046
PD+FF,1095,0.01,0.0,-1.3096781969070435,-0.4019305408000946,0.2943161725997925,True,0.41853848099708557,0.05325225740671158,0.0021390810143202543,0.0022767456248402596,0.72,5.6000000000000005,5.6000000000000005,0.0,0.0,9.174775914289057e-05,0.00843627005815506,0.023681653663516045
PD+FF,1096,0.01,0.0,-0.5565752387046814,0.7886120080947876,0.27283963561058044,True,0.2651864290237427,0.032105911523103714,0.0011842000531032681,0.0008420024532824755,0.775,4.5,4.5,0.0012030601501464844,0.0,8.319057815242559e-05,0.008021784946322441,0.024076061323285103
PD+FF,1097,0.01,0.0,-1.3080552816390991,0.037033263593912125,0.27344202995300293,True,0.4005722999572754,0.051095739006996155,0.001201033010147512,0.0009151531266979873,0.725,5.5,5.5,0.0,0.0,9.842919826041907e-05,0.008728351444005966,0.02340288646519184
PD+FF,1098,0.01,0.0,-1.2224541902542114,-0.25077617168426514,0.4742331802845001,True,0.43100106716156006,0.057345595210790634,0.0015201418427750468,0.0016893448773771524,0.7125,5.75,5.75,0.0014743804931640625,0.0,8.518771937815472e-05,0.00812564231455326,0.027402473613619804
PD+FF,1099,0.01,0.0,-1.9130916595458984,0.09447009861469269,0.36984628438949585,True,0.6363561153411865,0.08614230901002884,0.0015752610052004457,0.0009354978101328015,0.6675,6.65,6.65,0.00020313262939453125,0.0,8.759258344070986e-05,0.008176115341484547,0.026065245270729065
Direct PPO,1000,0.01,0.0,-1.2179213762283325,0.20768369734287262,0.34128254652023315,True,0.34491753578186035,0.0049011195078492165,0.005658470559865236,0.012956501916050911,0.8475,3.0500000000000003,3.0500000000000003,0.007591724395751953,0.0,0.018741928040981293,0.11499157547950745,0.5634291172027588
Direct PPO,1001,0.01,0.0,-1.0811076164245605,-0.9685990810394287,0.25630688667297363,True,0.34053951501846313,0.004289788194000721,0.0036921848077327013,0.016639282926917076,0.8675,2.6500000000000004,2.6500000000000004,0.0030279159545898438,0.0,0.020855925977230072,0.1210620254278183,0.49300986528396606
Direct PPO,1002,0.01,0.0,-1.428768277168274,-0.28562131524086,0.4242836833000183,True,0.4526301324367523,0.00860829558223486,0.007483173161745071,0.01674037240445614,0.815,3.7,3.7,0.010667800903320312,0.0,0.018963702023029327,0.11639755964279175,0.33708566427230835
Direct PPO,1003,0.01,0.0,-1.7183640003204346,-0.48658838868141174,0.34840381145477295,True,0.5297597050666809,0.006153594236820936,0.003817836521193385,0.017339814454317093,0.8075,3.85,3.85,0.008116006851196289,0.0,0.02021811529994011,0.11832042038440704,0.5656223297119141
Direct PPO,1004,0.01,0.0,-1.998679280281067,-0.7396973967552185,0.24154320359230042,True,0.5953639149665833,0.002988542430102825,0.004110750276595354,0.01155722513794899,0.8075,3.85,3.85,0.016835391521453857,0.0,0.022338759154081345,0.12359647452831268,0.6751937866210938
Direct PPO,1005,0.01,0.0,-1.8766711950302124,0.8611240983009338,0.28618520498275757,True,0.5782133340835571,0.0037386142648756504,0.0016025247750803828,0.014458362013101578,0.8075,3.85,3.85,0.0049779415130615234,0.0,0.020366011187434196,0.11682809889316559,0.5957150459289551
Direct PPO,1006,0.01,0.0,-1.4946178197860718,0.20171388983726501,0.28934937715530396,True,0.4190219044685364,0.002909935312345624,0.0025183996185660362,0.007178765721619129,0.835,3.3000000000000003,3.3000000000000003,0.005676746368408203,0.0,0.0186459943652153,0.11238709837198257,0.6398811936378479
Direct PPO,1007,0.01,0.0,-1.8931626081466675,0.6319606900215149,0.39287856221199036,True,0.6249309778213501,0.009465937502682209,0.006783638149499893,0.019191915169358253,0.785,4.3,4.3,0.009044170379638672,0.0,0.016454653814435005,0.10653325170278549,0.40673139691352844
Direct PPO,1008,0.01,0.0,-1.749120831489563,0.6261014938354492,0.26522985100746155,True,0.5104703903198242,0.002793512074276805,0.003615525783970952,0.0011615609982982278,0.82,3.6,3.6,0.0040361881256103516,0.0,0.02094298042356968,0.12062428146600723,0.5527158379554749
Direct PPO,1009,0.01,0.0,-1.9152493476867676,-0.3461688160896301,0.2149554342031479,True,0.5383941531181335,0.003408712102100253,0.0015018787235021591,0.010987615212798119,0.8175,3.6500000000000004,3.6500000000000004,0.023724734783172607,0.0,0.021465478464961052,0.12135043740272522,0.6343857645988464
Direct PPO,1010,0.01,0.0,-1.8575115203857422,0.07161146402359009,0.4753030240535736,True,0.6519445776939392,0.019669484347105026,0.010581587441265583,0.005303836427628994,0.76,4.9,4.9,0.012071609497070312,0.0,0.016347229480743408,0.10365832597017288,0.40535813570022583
Direct PPO,1011,0.01,0.0,-1.57381272315979,0.12664707005023956,0.26378002762794495,True,0.43577995896339417,0.0033960663713514805,0.0030917322728782892,0.014445322565734386,0.835,3.3000000000000003,3.3000000000000003,0.003774404525756836,0.0,0.019472412765026093,0.11571875214576721,0.5208887457847595
Direct PPO,1012,0.01,0.0,-1.5405192375183105,0.561293363571167,0.2715309262275696,True,0.4392642378807068,0.002941462676972151,0.003859344869852066,0.012416794896125793,0.835,3.3000000000000003,3.3000000000000003,0.004825592041015625,0.0,0.021421320736408234,0.1219983696937561,0.5481955409049988
Direct PPO,1013,0.01,0.0,-0.8082606196403503,-0.8420410752296448,0.401797890663147,True,0.2857896685600281,0.007489292416721582,0.0060161417350173,0.00785435177385807,0.87,2.75,2.75,0.011428356170654297,0.0,0.02041018381714821,0.1192212700843811,0.4080820679664612
Direct PPO,1014,0.01,0.0,-1.3467140197753906,0.1714046150445938,0.4693894386291504,True,0.4432779550552368,0.011545205488801003,0.010791475884616375,0.010025589726865292,0.8125,3.75,3.75,0.013071060180664062,0.0,0.017193930223584175,0.10861272364854813,0.3754301071166992
Direct PPO,1015,0.01,0.0,-1.4601455926895142,0.21413566172122955,0.39239153265953064,True,0.44899579882621765,0.007137627806514502,0.007659614086151123,0.016742557287216187,0.82,3.6,3.6,0.009302616119384766,0.0,0.018215805292129517,0.11262977123260498,0.4784013330936432
Direct PPO,1016,0.01,0.0,-1.6580126285552979,-0.11461202055215836,0.3060871958732605,True,0.48130548000335693,0.0030916763935238123,0.0031616250053048134,0.008044813759624958,0.8225,3.5500000000000003,3.5500000000000003,0.005318164825439453,0.0,0.023894527927041054,0.12759684026241302,0.5492909550666809
Direct PPO,1017,0.01,0.0,-0.62247234582901,0.6426637768745422,0.4917738139629364,True,0.23571979999542236,0.009989731013774872,0.009883520193397999,0.0035044075921177864,0.86,2.8000000000000003,2.8000000000000003,0.011815547943115234,0.0,0.015576960518956184,0.10912951827049255,0.2692699730396271
Direct PPO,1018,0.01,0.0,-1.1090368032455444,-0.0900818482041359,0.4614541530609131,True,0.35054969787597656,0.009137931279838085,0.01116491574794054,0.009000184014439583,0.835,3.3000000000000003,3.3000000000000003,0.011011123657226562,0.0,0.01905832253396511,0.1167229637503624,0.3905876874923706
Direct PPO,1019,0.01,0.0,-1.674609661102295,-0.20800989866256714,0.34006524085998535,True,0.5030738711357117,0.005547648761421442,0.006652369163930416,0.02680194191634655,0.815,3.7,3.7,0.007303476333618164,0.0,0.019911836832761765,0.11622429639101028,0.48979705572128296
Direct PPO,1020,0.01,0.0,-1.1319496631622314,-0.4326494336128235,0.2227078378200531,True,0.2906467020511627,0.0032045473344624043,0.0030721237417310476,0.0035907942801713943,0.8675,2.6500000000000004,2.6500000000000004,0.003915369510650635,0.0,0.021122755482792854,0.1238122209906578,0.5811175107955933
Direct PPO,1021,0.01,0.0,-1.4384177923202515,-0.8382971882820129,0.49743902683258057,True,0.5216608643531799,0.0136692700907588,0.011430695652961731,0.011085372418165207,0.7925,4.25,4.25,0.012892723083496094,0.0,0.0151723213493824,0.10150645673274994,0.3110097050666809
Direct PPO,1022,0.01,0.0,-1.999210000038147,0.8368335366249084,0.37694433331489563,True,0.6676130294799805,0.009058918803930283,0.00872669368982315,0.006576584652066231,0.78,4.4,4.4,0.010810375213623047,0.0,0.018304992467164993,0.11251308768987656,0.5606154203414917
Direct PPO,1023,0.01,0.0,-1.4916963577270508,0.8117974996566772,0.4728805720806122,True,0.5256635546684265,0.01358903106302023,0.008471786044538021,0.009088980033993721,0.7975,4.05,4.05,0.01327371597290039,0.0,0.01601066254079342,0.10772643983364105,0.32467061281204224
Direct PPO,1024,0.01,0.0,-1.51630699634552,-0.48329436779022217,0.3110935389995575,True,0.441773384809494,0.0034032724797725677,0.0032971512991935015,0.013056081719696522,0.83,3.4000000000000004,3.4000000000000004,0.0065457820892333984,0.0,0.020505722612142563,0.11738640069961548,0.6193906664848328
Direct PPO,1025,0.01,0.0,-0.7683239579200745,0.258014976978302,0.24864348769187927,True,0.1885918527841568,0.003055972745642066,0.0007779097650200129,0.005390178877860308,0.89,2.2,2.2,0.0035070180892944336,0.0,0.02235930599272251,0.12686648964881897,0.49796393513679504
Direct PPO,1026,0.01,0.0,-1.7438942193984985,0.19023452699184418,0.2583710551261902,True,0.4931780695915222,0.0035045798867940903,0.0019817263819277287,0.00709126889705658,0.8225,3.5500000000000003,3.5500000000000003,0.005699634552001953,0.0,0.020654520019888878,0.11763166636228561,0.6043906807899475
Direct PPO,1027,0.01,0.0,-1.9580382108688354,0.12429128587245941,0.36954861879348755,True,0.6261608004570007,0.008678517304360867,0.007749591954052448,0.004594065714627504,0.785,4.3,4.3,0.009917259216308594,0.0,0.0174521803855896,0.10642550140619278,0.6163836717605591
Direct PPO,1028,0.01,0.0,-0.7757433652877808,-0.22796711325645447,0.4025936424732208,True,0.2222483605146408,0.006895381957292557,0.005781457293778658,0.019620802253484726,0.875,2.5,2.5,0.010351181030273438,0.0,0.02234729938209057,0.12623882293701172,0.4878956079483032
Direct PPO,1029,0.01,0.0,-0.7448340058326721,0.6458722352981567,0.214758962392807,True,0.2119661420583725,0.003959469962865114,0.003912895917892456,0.009719721041619778,0.8875,2.25,2.25,0.00177764892578125,0.0,0.01935049705207348,0.1196061298251152,0.43498075008392334
Direct PPO,1030,0.01,0.0,-1.6447029113769531,-0.9496257901191711,0.4438457489013672,True,0.579429566860199,0.00988014880567789,0.007350526284426451,0.00478729885071516,0.79,4.2,4.2,0.010897159576416016,0.0,0.01739230379462242,0.10827866941690445,0.4405583143234253
Direct PPO,1031,0.01,0.0,-0.9611496329307556,0.9009804725646973,0.39864641427993774,True,0.3340853750705719,0.006763077341020107,0.007741898763924837,0.007445794530212879,0.8575,2.85,2.85,0.009636878967285156,0.0,0.021337341517210007,0.12425260245800018,0.39926525950431824
Direct PPO,1032,0.01,0.0,-0.6833899617195129,-0.5306191444396973,0.49894750118255615,True,0.23985999822616577,0.010401993989944458,0.010816390626132488,0.004036139231175184,0.8675,2.75,2.75,0.013564109802246094,0.0,0.017151935026049614,0.11220887303352356,0.3740159869194031
Direct PPO,1033,0.01,0.0,-0.7577928304672241,0.7459949851036072,0.4761985242366791,True,0.27986234426498413,0.009473320096731186,0.009559091180562973,0.012533370405435562,0.8525,2.95,2.95,0.012848377227783203,0.0,0.018633030354976654,0.11634505540132523,0.41737523674964905
Direct PPO,1034,0.01,0.0,-0.5296080112457275,-0.6777904629707336,0.22327283024787903,True,0.17607709765434265,0.003856560681015253,0.003459556959569454,0.0069971331395208836,0.8925,2.2,2.2,0.001743316650390625,0.0,0.025044402107596397,0.13522356748580933,0.5468963980674744
Direct PPO,1035,0.01,0.0,-1.5201642513275146,-0.23973245918750763,0.436818927526474,True,0.4927350580692291,0.010556809604167938,0.007807387970387936,0.018754510208964348,0.805,3.9000000000000004,3.9000000000000004,0.01163339614868164,0.0,0.015168457292020321,0.10358405858278275,0.3488066494464874
Direct PPO,1036,0.01,0.0,-1.558912754058838,0.6018440127372742,0.34900519251823425,True,0.4777024984359741,0.00563316885381937,0.0068822624161839485,0.012275360524654388,0.82,3.6,3.6,0.00922250747680664,0.0,0.018299555405974388,0.11383184045553207,0.5667080283164978
Direct PPO,1037,0.01,0.0,-1.5164998769760132,-0.3818822205066681,0.38270920515060425,True,0.4680190980434418,0.007437281776219606,0.005824537482112646,0.004862218163907528,0.8175,3.6500000000000004,3.6500000000000004,0.011092185974121094,0.0,0.01944280043244362,0.11825236678123474,0.4587338864803314
Direct PPO,1038,0.01,0.0,-1.5098652839660645,-0.8029577136039734,0.31811848282814026,True,0.46282628178596497,0.0035439657513052225,0.003956574946641922,0.018506890162825584,0.83,3.4000000000000004,3.4000000000000004,0.005880117416381836,0.0,0.020848706364631653,0.11940829455852509,0.45713767409324646
Direct PPO,1039,0.01,0.0,-0.6960156559944153,-0.0387578122317791,0.3661683201789856,True,0.18712352216243744,0.007114192936569452,0.007533499971032143,0.012398183345794678,0.885,2.3000000000000003,2.3000000000000003,0.010815620422363281,0.0,0.020812662318348885,0.12410898506641388,0.4973510503768921
Direct PPO,1040,0.01,0.0,-0.7547146081924438,0.5635512471199036,0.4134989380836487,True,0.24286094307899475,0.007636834867298603,0.005454412195831537,0.018352506682276726,0.8725,2.8000000000000003,2.8000000000000003,0.010137081146240234,0.0,0.017806386575102806,0.11628462374210358,0.3310636878013611
Direct PPO,1041,0.01,0.0,-0.6478168964385986,-0.19675222039222717,0.46515655517578125,True,0.20018629729747772,0.008805548772215843,0.008194220252335072,0.006286634597927332,0.88,2.4000000000000004,2.4000000000000004,0.012288093566894531,0.0,0.018305625766515732,0.11694130301475525,0.33521947264671326
Direct PPO,1042,0.01,0.0,-1.463887333869934,-0.25558269023895264,0.3728010952472687,True,0.441617488861084,0.006465730722993612,0.006513859611004591,0.011035754345357418,0.825,3.5,3.5,0.00875711441040039,0.0,0.018961569294333458,0.11655305325984955,0.5687382221221924
Direct PPO,1043,0.01,0.0,-1.7490100860595703,-0.7958716750144958,0.31946444511413574,True,0.5444855690002441,0.004512719810009003,0.00547989085316658,0.00048098372644744813,0.8125,3.75,3.75,0.0073642730712890625,0.0,0.0197256151586771,0.11443780362606049,0.612201988697052
Direct PPO,1044,0.01,0.0,-1.981444239616394,0.7169352173805237,0.20961801707744598,True,0.5732390880584717,0.003807787550613284,0.0045654564164578915,0.031109534204006195,0.8125,3.75,3.75,0.03835177421569824,0.0,0.02285740338265896,0.1256028413772583,0.6663941144943237
Direct PPO,1045,0.01,0.0,-0.7272861003875732,-0.39523494243621826,0.4158290922641754,True,0.2191033959388733,0.007781590800732374,0.008001161739230156,0.014028317295014858,0.8775,2.45,2.45,0.011340141296386719,0.0,0.02083386853337288,0.1259986311197281,0.4099467396736145
Direct PPO,1046,0.01,0.0,-1.868130087852478,0.6265861392021179,0.39649125933647156,True,0.6170008182525635,0.010103601031005383,0.006424102932214737,0.013497618958353996,0.785,4.3,4.3,0.010918617248535156,0.0,0.017642559483647346,0.11114884167909622,0.3955126106739044
Direct PPO,1047,0.01,0.0,-1.1699552536010742,-0.14992530643939972,0.29876548051834106,True,0.3139503002166748,0.004395386669784784,0.0032958711963146925,0.007358732167631388,0.8575,2.85,2.85,0.006256103515625,0.0,0.02162298932671547,0.12221182882785797,0.5229126214981079
Direct PPO,1048,0.01,0.0,-0.9076822996139526,-0.7630760073661804,0.4824531674385071,True,0.32540634274482727,0.00957032386213541,0.012441028840839863,0.004412225913256407,0.85,3.0,3.0,0.012884140014648438,0.0,0.018839150667190552,0.11952211707830429,0.3520527780056
Direct PPO,1049,0.01,0.0,-1.6127384901046753,0.09402617067098618,0.43331217765808105,True,0.5258572101593018,0.010891412384808064,0.007423057220876217,0.010896692052483559,0.7975,4.05,4.05,0.011513233184814453,0.0,0.017713874578475952,0.1085696667432785,0.4021401107311249
Direct PPO,1050,0.01,0.0,-1.2507070302963257,-0.40418457984924316,0.49881017208099365,True,0.4258292317390442,0.011418634094297886,0.00914889108389616,0.01004840899258852,0.8075,3.85,3.85,0.013370037078857422,0.0,0.018062269315123558,0.11447665840387344,0.34342020750045776
Direct PPO,1051,0.01,0.0,-0.8433747291564941,-0.6024307608604431,0.2584548592567444,True,0.2340071052312851,0.0033739753998816013,0.0034130725543946028,0.0014484627172350883,0.885,2.3000000000000003,2.3000000000000003,0.004043102264404297,0.0,0.020344292744994164,0.1173834577202797,0.6109443306922913
Direct PPO,1052,0.01,0.0,-1.577463150024414,-0.03658809885382652,0.32490968704223633,True,0.4601956903934479,0.00490028690546751,0.005421375390142202,0.022910740226507187,0.825,3.5,3.5,0.007693767547607422,0.0,0.02010878548026085,0.1170501708984375,0.7248083353042603
Direct PPO,1053,0.01,0.0,-0.7320424914360046,-0.38764455914497375,0.44851720333099365,True,0.22905977070331573,0.00806576106697321,0.011359172873198986,0.0038572282064706087,0.875,2.5,2.5,0.011466026306152344,0.0,0.016712959855794907,0.11168693751096725,0.36663058400154114
Direct PPO,1054,0.01,0.0,-1.9604523181915283,0.6108824014663696,0.3443475067615509,True,0.6232030987739563,0.006297689862549305,0.0030121116433292627,0.012661684304475784,0.79,4.2,4.2,0.007612705230712891,0.0,0.01842946745455265,0.11190580576658249,0.5464767217636108
Direct PPO,1055,0.01,0.0,-0.8035520911216736,-0.8197364807128906,0.37500709295272827,True,0.2755618691444397,0.006375025026500225,0.008182268589735031,0.01036828849464655,0.875,2.5,2.5,0.010550498962402344,0.0,0.021007923409342766,0.1207936629652977,0.5567762851715088
Direct PPO,1056,0.01,0.0,-0.6173267960548401,-0.7547652125358582,0.33817118406295776,True,0.21759271621704102,0.005166357383131981,0.0033961827866733074,0.013131874613463879,0.89,2.2,2.2,0.008533716201782227,0.0,0.02140750177204609,0.12507973611354828,0.5101812481880188
Direct PPO,1057,0.01,0.0,-1.4013786315917969,-0.020997419953346252,0.2980625629425049,True,0.3889996409416199,0.003614603541791439,0.0031887285877019167,0.00941229797899723,0.8425,3.1500000000000004,3.1500000000000004,0.005028724670410156,0.0,0.019614635035395622,0.1179838627576828,0.4940880537033081
Direct PPO,1058,0.01,0.0,-1.9344123601913452,-0.6835842132568359,0.34246277809143066,True,0.6165032386779785,0.005673700477927923,0.005654997657984495,0.0065067233517766,0.7925,4.15,4.15,0.008348941802978516,0.0,0.020048797130584717,0.1147841066122055,0.5238109827041626
Direct PPO,1059,0.01,0.0,-1.3239208459854126,-0.34795770049095154,0.3298633396625519,True,0.3785019814968109,0.005515052005648613,0.0055488888174295425,0.005781854037195444,0.8425,3.1500000000000004,3.1500000000000004,0.008000850677490234,0.0,0.01950937695801258,0.1172666847705841,0.5553411245346069
Direct PPO,1060,0.01,0.0,-0.5232435464859009,-0.8263487219810486,0.4775193929672241,True,0.23363937437534332,0.009630227461457253,0.009036528877913952,0.00663821492344141,0.865,2.8000000000000003,2.8000000000000003,0.012412071228027344,0.0,0.0169830322265625,0.11255041509866714,0.3188520073890686
Direct PPO,1061,0.01,0.0,-1.0766786336898804,0.09924349933862686,0.28927016258239746,True,0.2823120355606079,0.003270403714850545,0.0066821398213505745,0.008628801442682743,0.865,2.7,2.7,0.005800962448120117,0.0,0.02379382960498333,0.129618838429451,0.7078203558921814
Direct PPO,1062,0.01,0.0,-1.020176649093628,-0.6513675451278687,0.4292861223220825,True,0.33129361271858215,0.007996584288775921,0.007270803675055504,0.002990356646478176,0.85,3.0,3.0,0.012054443359375,0.0,0.019957244396209717,0.12046998739242554,0.39196550846099854
Direct PPO,1063,0.01,0.0,-0.5567145943641663,0.6067063212394714,0.2895512878894806,True,0.1790492981672287,0.004117725417017937,0.0013059861958026886,0.007310937158763409,0.8825,2.45,2.45,0.0067293643951416016,0.0,0.020744165405631065,0.12551924586296082,0.47546449303627014
Direct PPO,1064,0.01,0.0,-1.6129041910171509,-0.13716638088226318,0.24278511106967926,True,0.44105905294418335,0.0029615096282213926,0.001425126800313592,0.015283402986824512,0.8325,3.35,3.35,0.013879776000976562,0.0,0.01986030861735344,0.11433592438697815,0.6557921171188354
Direct PPO,1065,0.01,0.0,-0.5033138990402222,-0.5932050347328186,0.453745573759079,True,0.18820537626743317,0.00871400535106659,0.008188669569790363,0.013260533101856709,0.8875,2.3000000000000003,2.3000000000000003,0.012774944305419922,0.0,0.018968915566802025,0.11950094997882843,0.3752399682998657
Direct PPO,1066,0.01,0.0,-1.3762075901031494,0.32575497031211853,0.20805609226226807,True,0.35666558146476746,0.003310804720968008,0.0025179865770041943,0.004245166201144457,0.8525,2.95,2.95,0.031182289123535156,0.0,0.022711407393217087,0.12453089654445648,0.6846510171890259
Direct PPO,1067,0.01,0.0,-0.6176835894584656,0.9055254459381104,0.20151829719543457,True,0.2331225425004959,0.004122904036194086,0.0041526625864207745,0.014600414782762527,0.8625,2.75,2.75,0.002139449119567871,0.0,0.020221145823597908,0.12228073924779892,0.4588742256164551
Direct PPO,1068,0.01,0.0,-0.7787961959838867,0.5352519750595093,0.25048118829727173,True,0.2117777317762375,0.0029969338793307543,0.0029338502790778875,0.019884653389453888,0.8875,2.25,2.25,0.002528667449951172,0.0,0.021468890830874443,0.1257449984550476,0.5045650005340576
Direct PPO,1069,0.01,0.0,-0.5076419115066528,0.8446078896522522,0.24751581251621246,True,0.20982490479946136,0.003647830802947283,0.0025122982915490866,0.003101938171312213,0.8675,2.8000000000000003,2.8000000000000003,0.006627798080444336,0.0,0.0211181640625,0.12630316615104675,0.3819255530834198
Direct PPO,1070,0.01,0.0,-1.6644020080566406,0.9533751606941223,0.22921264171600342,True,0.49409598112106323,0.004184246063232422,0.0012385961599647999,0.0025844904594123363,0.83,3.4000000000000004,3.4000000000000004,0.023675978183746338,0.0,0.02124936506152153,0.11990976333618164,0.6121305823326111
Direct PPO,1071,0.01,0.0,-1.6379417181015015,0.7469041347503662,0.26974478363990784,True,0.4820614457130432,0.003737696446478367,0.0024823914282023907,0.004773750435560942,0.8275,3.45,3.45,0.005873918533325195,0.0,0.021257074549794197,0.12225601077079773,0.6483461260795593
Direct PPO,1072,0.01,0.0,-1.22187077999115,0.3675197660923004,0.4661308228969574,True,0.39950087666511536,0.010694772005081177,0.006881293840706348,0.0035296687856316566,0.8225,3.5500000000000003,3.5500000000000003,0.013051033020019531,0.0,0.017856242135167122,0.11422543972730637,0.3904430866241455
Direct PPO,1073,0.01,0.0,-1.5133368968963623,0.8512749075889587,0.3800120949745178,True,0.49209147691726685,0.007003781385719776,0.007201849482953548,0.011755728162825108,0.8175,3.6500000000000004,3.6500000000000004,0.00940704345703125,0.0,0.02039477229118347,0.11878378689289093,0.44843730330467224
Direct PPO,1074,0.01,0.0,-0.5001789927482605,-0.2884053587913513,0.4962819218635559,True,0.16781723499298096,0.009543947875499725,0.009894314222037792,0.02199120819568634,0.8875,2.25,2.25,0.013160228729248047,0.0,0.018542755395174026,0.11995752155780792,0.38815292716026306
Direct PPO,1075,0.01,0.0,-0.8189709782600403,0.9466501474380493,0.23914383351802826,True,0.27800217270851135,0.0037250122986733913,0.0010790567612275481,0.013019411824643612,0.8675,2.6500000000000004,2.6500000000000004,0.004314541816711426,0.0,0.0227887574583292,0.13003113865852356,0.482509583234787
Direct PPO,1076,0.01,0.0,-1.445397138595581,-0.562984049320221,0.45283621549606323,True,0.48267820477485657,0.011581302620470524,0.00680897431448102,0.014851332642138004,0.8025,3.95,3.95,0.012538909912109375,0.0,0.016550205647945404,0.10846447944641113,0.3161652088165283
Direct PPO,1077,0.01,0.0,-0.6151338219642639,-0.8893533945083618,0.2694230377674103,True,0.2336428165435791,0.0037969080731272697,0.002613784046843648,0.005509118549525738,0.87,2.6500000000000004,2.6500000000000004,0.004633665084838867,0.0,0.02346278727054596,0.1325666457414627,0.6137378811836243
Direct PPO,1078,0.01,0.0,-0.6580581068992615,-0.6858707666397095,0.23459486663341522,True,0.2006160467863083,0.0034048184752464294,0.0014991898788139224,0.008835038170218468,0.8975,2.0500000000000003,2.0500000000000003,0.002738475799560547,0.0,0.022628745064139366,0.12689031660556793,0.7133134603500366
Direct PPO,1079,0.01,0.0,-0.5874135494232178,0.8651593327522278,0.4896434247493744,True,0.25885048508644104,0.010350053198635578,0.010431286878883839,0.0047555831260979176,0.8575,2.85,2.85,0.013334274291992188,0.0,0.017345141619443893,0.11296394467353821,0.3300185799598694
Direct PPO,1080,0.01,0.0,-0.6397119164466858,0.7102972865104675,0.367546945810318,True,0.22256842255592346,0.006977357901632786,0.005492216907441616,0.004436281509697437,0.88,2.4000000000000004,2.4000000000000004,0.00986480712890625,0.0,0.020762749016284943,0.12373466789722443,0.3982207179069519
Direct PPO,1081,0.01,0.0,-1.3320256471633911,0.8601993322372437,0.3006768822669983,True,0.40607354044914246,0.0041571687906980515,0.003946986515074968,0.011074448935687542,0.8425,3.1500000000000004,3.1500000000000004,0.006998777389526367,0.0,0.02160419337451458,0.12334883958101273,0.4431424140930176
Direct PPO,1082,0.01,0.0,-0.9581221342086792,-0.30673766136169434,0.3117980659008026,True,0.2557741105556488,0.004625271540135145,0.0031192773021757603,0.018871590495109558,0.8725,2.5500000000000003,2.5500000000000003,0.008067131042480469,0.0,0.020867515355348587,0.12228158116340637,0.5823931097984314
Direct PPO,1083,0.01,0.0,-1.3940625190734863,0.6289385557174683,0.21643398702144623,True,0.37954896688461304,0.002654110547155142,0.004158210474997759,0.0072514270432293415,0.8475,3.0500000000000003,3.0500000000000003,0.039131760597229004,0.0,0.020320110023021698,0.1182032898068428,0.7196007370948792
Direct PPO,1084,0.01,0.0,-0.7371216416358948,-0.8951173424720764,0.4071005880832672,True,0.2781091332435608,0.006327885203063488,0.0066182552836835384,0.007761325221508741,0.875,2.5,2.5,0.009083271026611328,0.0,0.019445843994617462,0.11716204881668091,0.486229807138443
Direct PPO,1085,0.01,0.0,-0.7224554419517517,-0.08529454469680786,0.4138740301132202,True,0.20692509412765503,0.0069547006860375404,0.006763809826225042,0.005908030550926924,0.8775,2.45,2.45,0.01105499267578125,0.0,0.02209954336285591,0.12625998258590698,0.40131139755249023
Direct PPO,1086,0.01,0.0,-0.7490203976631165,-0.7008727788925171,0.4387705326080322,True,0.260171115398407,0.007167217321693897,0.009974054992198944,0.008353708311915398,0.8725,2.5500000000000003,2.5500000000000003,0.011080741882324219,0.0,0.01761562190949917,0.11271589249372482,0.381155401468277
Direct PPO,1087,0.01,0.0,-1.2718281745910645,-0.8616007566452026,0.3274095356464386,True,0.3966909945011139,0.0037026091013103724,0.003381321206688881,0.008682791143655777,0.845,3.1,3.1,0.006579399108886719,0.0,0.020915307104587555,0.12050869315862656,0.5204150676727295
Direct PPO,1088,0.01,0.0,-1.148199200630188,-0.9221230149269104,0.4605681300163269,True,0.41096195578575134,0.008940741419792175,0.006634720601141453,0.008389142341911793,0.8325,3.35,3.35,0.011889457702636719,0.0,0.017565947026014328,0.11105094105005264,0.3344382047653198
Direct PPO,1089,0.01,0.0,-1.8535881042480469,0.5890284776687622,0.37915652990341187,True,0.6000663042068481,0.008570867590606213,0.008319222368299961,0.0028631151653826237,0.79,4.2,4.2,0.010570049285888672,0.0,0.019762933254241943,0.11643406748771667,0.40534165501594543
Direct PPO,1090,0.01,0.0,-0.9845758080482483,-0.6573527455329895,0.30003631114959717,True,0.2851596474647522,0.003244630293920636,0.0009652552544139326,0.028667528182268143,0.87,2.6,2.6,0.006061553955078125,0.0,0.023648923262953758,0.12910780310630798,0.6624935269355774
Direct PPO,1091,0.01,0.0,-1.8845704793930054,-0.6914018392562866,0.36124923825263977,True,0.6078874468803406,0.006940676365047693,0.006494889035820961,0.0036530434153974056,0.7925,4.15,4.15,0.008968353271484375,0.0,0.01956426538527012,0.11672195047140121,0.5110504031181335
Direct PPO,1092,0.01,0.0,-1.9696727991104126,-0.2278679758310318,0.31251582503318787,True,0.6005485653877258,0.004394807852804661,0.00551553163677454,0.009766735136508942,0.7975,4.05,4.05,0.007306575775146484,0.0,0.018641769886016846,0.11179152876138687,0.6183319091796875
Direct PPO,1093,0.01,0.0,-0.8791002631187439,0.07968070358037949,0.43002596497535706,True,0.2617938220500946,0.0070137521252036095,0.0074253082275390625,0.01979241333901882,0.8625,2.75,2.75,0.010719060897827148,0.0,0.017454147338867188,0.1120864525437355,0.38454824686050415
Direct PPO,1094,0.01,0.0,-0.9031349420547485,-0.5643354058265686,0.2514164447784424,True,0.24374058842658997,0.00320196570828557,0.003177950857207179,0.006495468318462372,0.88,2.4000000000000004,2.4000000000000004,0.003684520721435547,0.0,0.02264927513897419,0.12836241722106934,0.578425407409668
Direct PPO,1095,0.01,0.0,-1.3096781969070435,-0.4019305408000946,0.2943161725997925,True,0.3636651337146759,0.0031926960218697786,0.0023068173322826624,0.006831253878772259,0.8475,3.0500000000000003,3.0500000000000003,0.005486488342285156,0.0,0.021177807822823524,0.12120926380157471,0.6517912745475769
Direct PPO,1096,0.01,0.0,-0.5565752387046814,0.7886120080947876,0.27283963561058044,True,0.20768848061561584,0.003387519856914878,0.003454030491411686,0.011616643518209457,0.87,2.6500000000000004,2.6500000000000004,0.005099773406982422,0.0,0.02137189917266369,0.12480416893959045,0.4608624577522278
Direct PPO,1097,0.01,0.0,-1.3080552816390991,0.037033263593912125,0.27344202995300293,True,0.35013818740844727,0.003837984288111329,0.0016062580980360508,0.0055604055523872375,0.85,3.0,3.0,0.005957603454589844,0.0,0.021985545754432678,0.12421662360429764,0.5291975140571594
Direct PPO,1098,0.01,0.0,-1.2224541902542114,-0.25077617168426514,0.4742331802845001,True,0.3991587162017822,0.01068156585097313,0.011934773996472359,0.012123767286539078,0.8225,3.5500000000000003,3.5500000000000003,0.013448715209960938,0.0,0.01659754477441311,0.11025383323431015,0.33796536922454834
Direct PPO,1099,0.01,0.0,-1.9130916595458984,0.09447009861469269,0.36984628438949585,True,0.6083059906959534,0.007196108344942331,0.00766128720715642,0.004318379331380129,0.7875,4.25,4.25,0.008218765258789062,0.0,0.01823991909623146,0.110919289290905,0.4573061168193817
Residual PPO,1000,0.01,0.0,-1.2179213762283325,0.20768369734287262,0.34128254652023315,True,0.3612523674964905,0.014498056843876839,0.005288205109536648,0.0008852194878272712,0.8125,3.75,3.75,0.005956172943115234,0.0,0.00016367681382689625,0.010991796851158142,0.06389527767896652
Residual PPO,1001,0.01,0.0,-1.0811076164245605,-0.9685990810394287,0.25630688667297363,True,0.3762595057487488,0.017832033336162567,0.0025827197823673487,0.002038009697571397,0.8075,3.85,3.85,0.0026884078979492188,0.0,0.00018678403284866363,0.01173199899494648,0.053874652832746506
Residual PPO,1002,0.01,0.0,-1.428768277168274,-0.28562131524086,0.4242836833000183,True,0.46246686577796936,0.022002456709742546,0.007377372123301029,0.0026362466160207987,0.7875,4.25,4.25,0.008847236633300781,0.0,0.00017355987802147865,0.011246365495026112,0.0539395846426487
Residual PPO,1003,0.01,0.0,-1.7183640003204346,-0.48658838868141174,0.34840381145477295,True,0.5438004732131958,0.02367091365158558,0.003926440142095089,0.004278244450688362,0.775,4.5,4.5,0.004946708679199219,0.0,0.00017551376367919147,0.011362338438630104,0.05602184310555458
Residual PPO,1004,0.01,0.0,-1.998679280281067,-0.7396973967552185,0.24154320359230042,True,0.6163808107376099,0.024350693449378014,0.00279916450381279,0.0008458580705337226,0.765,4.7,4.7,0.0012345314025878906,0.0,0.00020831201982218772,0.012538003735244274,0.06439229846000671
Residual PPO,1005,0.01,0.0,-1.8766711950302124,0.8611240983009338,0.28618520498275757,True,0.6025458574295044,0.02117818593978882,0.0020539972465485334,0.002476035850122571,0.7675,4.65,4.65,0.0024819374084472656,0.0,0.0001862337376223877,0.011638539843261242,0.06694797426462173
Residual PPO,1006,0.01,0.0,-1.4946178197860718,0.20171388983726501,0.28934937715530396,True,0.4363816976547241,0.015275919809937477,0.001620324095711112,0.002558580134063959,0.795,4.1000000000000005,4.1000000000000005,0.002819061279296875,0.0,0.00016837393923196942,0.011056751944124699,0.06237208843231201
Residual PPO,1007,0.01,0.0,-1.8931626081466675,0.6319606900215149,0.39287856221199036,True,0.6391770243644714,0.02842622622847557,0.006785188801586628,0.001616432098671794,0.755,4.9,4.9,0.006896018981933594,0.0,0.0001598910166649148,0.010802467353641987,0.054749611765146255
Residual PPO,1008,0.01,0.0,-1.749120831489563,0.6261014938354492,0.26522985100746155,True,0.5335509181022644,0.017870264127850533,0.0022689250763505697,0.001844501937739551,0.78,4.4,4.4,0.0022568702697753906,0.0,0.00018863847071770579,0.01177119929343462,0.06716402620077133
Residual PPO,1009,0.01,0.0,-1.9152493476867676,-0.3461688160896301,0.2149554342031479,True,0.5580708384513855,0.020006481558084488,0.0027238409966230392,0.0010468392865732312,0.7725,4.55,4.55,0.0019097328186035156,0.0,0.0001900218048831448,0.011729978956282139,0.06432575732469559
Residual PPO,1010,0.01,0.0,-1.8575115203857422,0.07161146402359009,0.4753030240535736,True,0.6557512879371643,0.03815750032663345,0.010550528764724731,0.0017232856480404735,0.7375,5.25,5.25,0.011125564575195312,0.0,0.00016176390636246651,0.010682172141969204,0.054112281650304794
Residual PPO,1011,0.01,0.0,-1.57381272315979,0.12664707005023956,0.26378002762794495,True,0.4534864127635956,0.016675472259521484,0.0046265749260783195,0.004209487233310938,0.7925,4.15,4.15,0.003051280975341797,0.0,0.00016926255193538964,0.010992896743118763,0.052955031394958496
Residual PPO,1012,0.01,0.0,-1.5405192375183105,0.561293363571167,0.2715309262275696,True,0.46328434348106384,0.015445064753293991,0.001491008442826569,0.0033078647684305906,0.7925,4.15,4.15,0.0026807785034179688,0.0,0.00018472786177881062,0.011630192399024963,0.054134517908096313
Residual PPO,1013,0.01,0.0,-0.8082606196403503,-0.8420410752296448,0.401797890663147,True,0.3156251907348633,0.015013905242085457,0.006289587821811438,0.0016522175865247846,0.82,3.6,3.6,0.007786273956298828,0.0,0.0002081627753796056,0.012037611566483974,0.07715706527233124
Residual PPO,1014,0.01,0.0,-1.3467140197753906,0.1714046150445938,0.4693894386291504,True,0.4493628442287445,0.021642861887812614,0.010421229526400566,0.0023357186000794172,0.7875,4.25,4.25,0.0118560791015625,0.0,0.0001743743196129799,0.011041585355997086,0.06800747662782669
Residual PPO,1015,0.01,0.0,-1.4601455926895142,0.21413566172122955,0.39239153265953064,True,0.4590693414211273,0.018242033198475838,0.005946873687207699,0.004781338851898909,0.79,4.2,4.2,0.007725238800048828,0.0,0.00016043215873651206,0.010776889510452747,0.05243690311908722
Residual PPO,1016,0.01,0.0,-1.6580126285552979,-0.11461202055215836,0.3060871958732605,True,0.49488818645477295,0.01853763684630394,0.0036323457024991512,0.0015757119981572032,0.7825,4.3500000000000005,4.3500000000000005,0.0032634735107421875,0.0,0.0001992089964915067,0.011855674907565117,0.06083080545067787
Residual PPO,1017,0.01,0.0,-0.62247234582901,0.6426637768745422,0.4917738139629364,True,0.25474295020103455,0.011701378040015697,0.010403858497738838,0.000767929945141077,0.845,3.1,3.1,0.010800361633300781,0.0,0.00017004374240059406,0.011289707385003567,0.06621646136045456
Residual PPO,1018,0.01,0.0,-1.1090368032455444,-0.0900818482041359,0.4614541530609131,True,0.35874345898628235,0.017867637798190117,0.009771761484444141,0.0032314208801835775,0.8125,3.75,3.75,0.009984016418457031,0.0,0.0001762031315593049,0.011178315617144108,0.073554627597332
Residual PPO,1019,0.01,0.0,-1.674609661102295,-0.20800989866256714,0.34006524085998535,True,0.5148515105247498,0.021230429410934448,0.005843916442245245,0.0016893560532480478,0.78,4.4,4.4,0.005877017974853516,0.0,0.00018362347327638417,0.011471525765955448,0.05870189145207405
Residual PPO,1020,0.01,0.0,-1.1319496631622314,-0.4326494336128235,0.2227078378200531,True,0.3188648521900177,0.012012007646262646,0.0026594020891934633,0.0023725652135908604,0.8225,3.5500000000000003,3.5500000000000003,0.002563953399658203,0.0,0.00018895856919698417,0.011923596262931824,0.06555909663438797
Residual PPO,1021,0.01,0.0,-1.4384177923202515,-0.8382971882820129,0.49743902683258057,True,0.5360010862350464,0.03007400594651699,0.010916642844676971,0.002151127438992262,0.7675,4.65,4.65,0.010914802551269531,0.0,0.00017434101027902216,0.01121634803712368,0.05790027230978012
Residual PPO,1022,0.01,0.0,-1.999210000038147,0.8368335366249084,0.37694433331489563,True,0.6855100989341736,0.029029518365859985,0.008160230703651905,0.0012283192481845617,0.7475,5.050000000000001,5.050000000000001,0.0086669921875,0.0,0.0001785193890100345,0.011518777348101139,0.05264577269554138
Residual PPO,1023,0.01,0.0,-1.4916963577270508,0.8117974996566772,0.4728805720806122,True,0.5422589778900146,0.02642965130507946,0.009821626357734203,0.001379394088871777,0.7725,4.55,4.55,0.012063980102539062,0.0,0.00016966530529316515,0.011089506559073925,0.0671406239271164
Residual PPO,1024,0.01,0.0,-1.51630699634552,-0.48329436779022217,0.3110935389995575,True,0.4612691402435303,0.019195616245269775,0.003682725830003619,0.001445409026928246,0.7925,4.15,4.15,0.0035076141357421875,0.0,0.00017971458146348596,0.011301007121801376,0.05499454587697983
Residual PPO,1025,0.01,0.0,-0.7683239579200745,0.258014976978302,0.24864348769187927,True,0.2075340747833252,0.006996237672865391,0.0012091296957805753,0.0024830049369484186,0.8575,2.85,2.85,0.0012302398681640625,0.0,0.00018161852494813502,0.01148215588182211,0.05623970925807953
Residual PPO,1026,0.01,0.0,-1.7438942193984985,0.19023452699184418,0.2583710551261902,True,0.5101094245910645,0.018455080687999725,0.0027600072789937258,0.001944266608916223,0.78,4.4,4.4,0.005129814147949219,0.0,0.0001780024031177163,0.011224949732422829,0.05741949379444122
Residual PPO,1027,0.01,0.0,-1.9580382108688354,0.12429128587245941,0.36954861879348755,True,0.6340007781982422,0.028872186318039894,0.007903698831796646,0.002156652044504881,0.7525,4.95,4.95,0.008129596710205078,0.0,0.00015825957234483212,0.010612860321998596,0.04787996783852577
Residual PPO,1028,0.01,0.0,-0.7757433652877808,-0.22796711325645447,0.4025936424732208,True,0.23998524248600006,0.011346438899636269,0.005439428146928549,0.003239907557144761,0.8475,3.0500000000000003,3.0500000000000003,0.007889747619628906,0.0,0.00019585546397138387,0.011803417466580868,0.06283774971961975
Residual PPO,1029,0.01,0.0,-0.7448340058326721,0.6458722352981567,0.214758962392807,True,0.23738911747932434,0.0085165835916996,0.0012276953784748912,0.0011325589148327708,0.8575,2.85,2.85,0.0012173652648925781,0.0,0.00016078499902505428,0.010953018441796303,0.046887680888175964
Residual PPO,1030,0.01,0.0,-1.6447029113769531,-0.9496257901191711,0.4438457489013672,True,0.5954023003578186,0.030400652438402176,0.006633405573666096,0.0020163697190582752,0.7625,4.75,4.75,0.009521484375,0.0,0.00018407228344585747,0.011444696225225925,0.0660146176815033
Residual PPO,1031,0.01,0.0,-0.9611496329307556,0.9009804725646973,0.39864641427993774,True,0.36068853735923767,0.014624564908444881,0.007375587709248066,0.00022530723072122782,0.8225,3.5500000000000003,3.5500000000000003,0.0077686309814453125,0.0,0.000194181440747343,0.011990864761173725,0.048597123473882675
Residual PPO,1032,0.01,0.0,-0.6833899617195129,-0.5306191444396973,0.49894750118255615,True,0.26033979654312134,0.014550582505762577,0.011714458465576172,0.003672632621601224,0.8325,3.35,3.35,0.012752532958984375,0.0,0.0001820980542106554,0.011593509465456009,0.06217920780181885
Residual PPO,1033,0.01,0.0,-0.7577928304672241,0.7459949851036072,0.4761985242366791,True,0.3013436794281006,0.013511297293007374,0.008988095447421074,0.0023620910942554474,0.8325,3.35,3.35,0.011367321014404297,0.0,0.00018033215019386262,0.011538075283169746,0.04606916755437851
Residual PPO,1034,0.01,0.0,-0.5296080112457275,-0.6777904629707336,0.22327283024787903,True,0.20502564311027527,0.010331631638109684,0.0017809431301429868,0.004252228885889053,0.85,3.0,3.0,0.0015685558319091797,0.0,0.00021753260807599872,0.012629580684006214,0.05289018154144287
Residual PPO,1035,0.01,0.0,-1.5201642513275146,-0.23973245918750763,0.436818927526474,True,0.5004474520683289,0.024023938924074173,0.00776436273008585,0.001763945329003036,0.7775,4.45,4.45,0.009716033935546875,0.0,0.00015972740948200226,0.010720694437623024,0.05826669931411743
Residual PPO,1036,0.01,0.0,-1.558912754058838,0.6018440127372742,0.34900519251823425,True,0.4963994026184082,0.018019311130046844,0.006961371749639511,0.0022927853278815746,0.785,4.3,4.3,0.0073528289794921875,0.0,0.00016864764620549977,0.011093861423432827,0.06369383633136749
Residual PPO,1037,0.01,0.0,-1.5164998769760132,-0.3818822205066681,0.38270920515060425,True,0.4807967245578766,0.021317096427083015,0.005761688109487295,0.0024091233499348164,0.785,4.3,4.3,0.008765220642089844,0.0,0.0001769907248672098,0.01134903822094202,0.06801585853099823
Residual PPO,1038,0.01,0.0,-1.5098652839660645,-0.8029577136039734,0.31811848282814026,True,0.4865025579929352,0.0205454733222723,0.005325520411133766,0.0013088056584820151,0.79,4.2,4.2,0.0037140846252441406,0.0,0.0001832066336646676,0.011548754759132862,0.051886219531297684
Residual PPO,1039,0.01,0.0,-0.6960156559944153,-0.0387578122317791,0.3661683201789856,True,0.2018209993839264,0.009405904449522495,0.0067152357660233974,0.0026841454673558474,0.86,2.8000000000000003,2.8000000000000003,0.00812530517578125,0.0,0.0001824216014938429,0.011570950038731098,0.05671382322907448
Residual PPO,1040,0.01,0.0,-0.7547146081924438,0.5635512471199036,0.4134989380836487,True,0.2636563777923584,0.011821103282272816,0.006355276331305504,0.00401287293061614,0.845,3.1,3.1,0.008356094360351562,0.0,0.00016881652118172497,0.011291339993476868,0.05616399273276329
Residual PPO,1041,0.01,0.0,-0.6478168964385986,-0.19675222039222717,0.46515655517578125,True,0.21458198130130768,0.012088879011571407,0.00873976107686758,0.0016265445156022906,0.855,2.9000000000000004,2.9000000000000004,0.0108489990234375,0.0,0.00018775073112919927,0.011760707013309002,0.051965534687042236
Residual PPO,1042,0.01,0.0,-1.463887333869934,-0.25558269023895264,0.3728010952472687,True,0.4537864029407501,0.018875371664762497,0.005911359563469887,0.00173482415266335,0.79,4.2,4.2,0.006923198699951172,0.0,0.00016590155428275466,0.01108162384480238,0.06374217569828033
Residual PPO,1043,0.01,0.0,-1.7490100860595703,-0.7958716750144958,0.31946444511413574,True,0.5642942190170288,0.024555034935474396,0.005545648280531168,0.001450286596082151,0.7725,4.55,4.55,0.005858898162841797,0.0,0.00017635295807849616,0.011352945119142532,0.06148992106318474
Residual PPO,1044,0.01,0.0,-1.981444239616394,0.7169352173805237,0.20961801707744598,True,0.59925377368927,0.018656721338629723,0.0010616761865094304,0.0031212489120662212,0.7675,4.65,4.65,0.002297639846801758,0.0,0.00019651095499284565,0.012060179375112057,0.07126880437135696
Residual PPO,1045,0.01,0.0,-0.7272861003875732,-0.39523494243621826,0.4158290922641754,True,0.24029536545276642,0.01208426058292389,0.00874658115208149,0.003242581384256482,0.8475,3.0500000000000003,3.0500000000000003,0.009301185607910156,0.0,0.00019302389409858733,0.012263159267604351,0.054604604840278625
Residual PPO,1046,0.01,0.0,-1.868130087852478,0.6265861392021179,0.39649125933647156,True,0.6312767863273621,0.02889714203774929,0.004964090883731842,0.005048599559813738,0.755,4.9,4.9,0.006601810455322266,0.0,0.0001620631810510531,0.01094738207757473,0.04780689254403114
Residual PPO,1047,0.01,0.0,-1.1699552536010742,-0.14992530643939972,0.29876548051834106,True,0.3334427773952484,0.012671032920479774,0.004428522195667028,0.0024767760187387466,0.82,3.6,3.6,0.005325794219970703,0.0,0.0001827104133553803,0.0112121207639575,0.07776960730552673
Residual PPO,1048,0.01,0.0,-0.9076822996139526,-0.7630760073661804,0.4824531674385071,True,0.34731078147888184,0.018070850521326065,0.011958228424191475,0.0008204195182770491,0.81,3.8000000000000003,3.8000000000000003,0.011957168579101562,0.0,0.00019040230836253613,0.011990513652563095,0.05877115577459335
Residual PPO,1049,0.01,0.0,-1.6127384901046753,0.09402617067098618,0.43331217765808105,True,0.5320009589195251,0.024849791079759598,0.006405121646821499,0.00415043393149972,0.77,4.6000000000000005,4.6000000000000005,0.009108543395996094,0.0,0.00016972349840216339,0.010946451686322689,0.05276811122894287
Residual PPO,1050,0.01,0.0,-1.2507070302963257,-0.40418457984924316,0.49881017208099365,True,0.4350218176841736,0.022685714066028595,0.009351290762424469,0.0033385376445949078,0.79,4.2,4.2,0.01221466064453125,0.0,0.0001902077638078481,0.011946350336074829,0.05487458407878876
Residual PPO,1051,0.01,0.0,-0.8433747291564941,-0.6024307608604431,0.2584548592567444,True,0.26441261172294617,0.011868037283420563,0.002569188131019473,0.0016546773258596659,0.8425,3.1500000000000004,3.1500000000000004,0.003586292266845703,0.0,0.00017315876903012395,0.011135870590806007,0.051096316426992416
Residual PPO,1052,0.01,0.0,-1.577463150024414,-0.03658809885382652,0.32490968704223633,True,0.4727174937725067,0.018223050981760025,0.0041714683175086975,0.005187708884477615,0.7875,4.25,4.25,0.005913257598876953,0.0,0.00017227469652425498,0.011241061612963676,0.05880764499306679
Residual PPO,1053,0.01,0.0,-0.7320424914360046,-0.38764455914497375,0.44851720333099365,True,0.24869410693645477,0.013000997714698315,0.010150033049285412,0.0032171348575502634,0.8425,3.1500000000000004,3.1500000000000004,0.010035514831542969,0.0,0.0001723097520880401,0.01129938568919897,0.05607049539685249
Residual PPO,1054,0.01,0.0,-1.9604523181915283,0.6108824014663696,0.3443475067615509,True,0.6391490697860718,0.025773925706744194,0.003777493489906192,0.0021584131754934788,0.7575,4.8500000000000005,4.8500000000000005,0.005330562591552734,0.0,0.0001678272819845006,0.01101127453148365,0.06177514046430588
Residual PPO,1055,0.01,0.0,-0.8035520911216736,-0.8197364807128906,0.37500709295272827,True,0.3061319887638092,0.014026101678609848,0.006625990383327007,0.004205895122140646,0.8225,3.5500000000000003,3.5500000000000003,0.008406639099121094,0.0,0.0001871545537142083,0.011567388661205769,0.06747520714998245
Residual PPO,1056,0.01,0.0,-0.6173267960548401,-0.7547652125358582,0.33817118406295776,True,0.24819989502429962,0.012362870387732983,0.004498637281358242,0.0022201514802873135,0.8375,3.25,3.25,0.006309986114501953,0.0,0.00019180386152584106,0.011969237588346004,0.05467697232961655
Residual PPO,1057,0.01,0.0,-1.4013786315917969,-0.020997419953346252,0.2980625629425049,True,0.40559959411621094,0.014380617998540401,0.0035227485932409763,0.0012703115353360772,0.8,4.0,4.0,0.003949165344238281,0.0,0.00017348078836221248,0.011194303631782532,0.06931225955486298
Residual PPO,1058,0.01,0.0,-1.9344123601913452,-0.6835842132568359,0.34246277809143066,True,0.6312211751937866,0.028665507212281227,0.005298966076225042,0.0025817134883254766,0.7575,4.8500000000000005,4.8500000000000005,0.0067768096923828125,0.0,0.000179604408913292,0.011281616054475307,0.05871022865176201
Residual PPO,1059,0.01,0.0,-1.3239208459854126,-0.34795770049095154,0.3298633396625519,True,0.3972274363040924,0.016481708735227585,0.005922297481447458,0.0001339782029390335,0.805,3.9000000000000004,3.9000000000000004,0.006739616394042969,0.0,0.0001788645749911666,0.011426053009927273,0.05666375160217285
Residual PPO,1060,0.01,0.0,-0.5232435464859009,-0.8263487219810486,0.4775193929672241,True,0.2628769278526306,0.014837070368230343,0.010373284108936787,0.004266305360943079,0.825,3.5,3.5,0.011248111724853516,0.0,0.00018304066907148808,0.011615571565926075,0.05328159034252167
Residual PPO,1061,0.01,0.0,-1.0766786336898804,0.09924349933862686,0.28927016258239746,True,0.3013409376144409,0.01117916963994503,0.004787622485309839,0.0031931193079799414,0.8275,3.45,3.45,0.004452705383300781,0.0,0.00019243879069108516,0.012071488425135612,0.06609222292900085
Residual PPO,1062,0.01,0.0,-1.020176649093628,-0.6513675451278687,0.4292861223220825,True,0.35291606187820435,0.0169778224080801,0.007216394413262606,0.0012234251480549574,0.815,3.7,3.7,0.00921010971069336,0.0,0.00019092450384050608,0.011830316856503487,0.06944610923528671
Residual PPO,1063,0.01,0.0,-0.5567145943641663,0.6067063212394714,0.2895512878894806,True,0.20029236376285553,0.0085551543161273,0.0033859345130622387,0.0009352648630738258,0.8675,2.6500000000000004,2.6500000000000004,0.005046844482421875,0.0,0.00016834450070746243,0.011263119988143444,0.05602804571390152
Residual PPO,1064,0.01,0.0,-1.6129041910171509,-0.13716638088226318,0.24278511106967926,True,0.4605693221092224,0.016277354210615158,0.00244455155916512,0.0021540052257478237,0.79,4.2,4.2,0.0031223297119140625,0.0,0.00016822955512907356,0.010946078225970268,0.053129661828279495
Residual PPO,1065,0.01,0.0,-0.5033138990402222,-0.5932050347328186,0.453745573759079,True,0.21401669085025787,0.012287856079638004,0.007943738251924515,0.002260463312268257,0.845,3.1,3.1,0.010476112365722656,0.0,0.0001829705579439178,0.01164783164858818,0.07106742262840271
Residual PPO,1066,0.01,0.0,-1.3762075901031494,0.32575497031211853,0.20805609226226807,True,0.38250404596328735,0.011835700832307339,0.0028336585965007544,0.001486722263507545,0.8075,3.85,3.85,0.0,0.0,0.0001846856321208179,0.01164636854082346,0.05396875739097595
Residual PPO,1067,0.01,0.0,-0.6176835894584656,0.9055254459381104,0.20151829719543457,True,0.25902727246284485,0.009995941072702408,0.000526492134667933,0.003315899521112442,0.84,3.2,3.2,0.0006229877471923828,0.0,0.00016720248095225543,0.01099991425871849,0.05715634301304817
Residual PPO,1068,0.01,0.0,-0.7787961959838867,0.5352519750595093,0.25048118829727173,True,0.2359381914138794,0.008129562251269817,0.001342304632999003,0.0032033962197601795,0.855,2.9000000000000004,2.9000000000000004,0.0024595260620117188,0.0,0.00017944468709174544,0.011428660713136196,0.05863222852349281
Residual PPO,1069,0.01,0.0,-0.5076419115066528,0.8446078896522522,0.24751581251621246,True,0.2333953082561493,0.009960557334125042,0.0012521272292360663,0.00199996423907578,0.8475,3.0500000000000003,3.0500000000000003,0.004632472991943359,0.0,0.00017900481179822236,0.011711726896464825,0.04525378346443176
Residual PPO,1070,0.01,0.0,-1.6644020080566406,0.9533751606941223,0.22921264171600342,True,0.5261131525039673,0.01806207001209259,0.002497183857485652,0.0013889502733945847,0.7875,4.25,4.25,0.0005288124084472656,0.0,0.00017837216728366911,0.01152808964252472,0.04055165499448776
Residual PPO,1071,0.01,0.0,-1.6379417181015015,0.7469041347503662,0.26974478363990784,True,0.5082084536552429,0.01675543561577797,0.0018006215104833245,0.0020064176060259342,0.785,4.3,4.3,0.004682064056396484,0.0,0.00018689371063373983,0.011702267453074455,0.0643778145313263
Residual PPO,1072,0.01,0.0,-1.22187077999115,0.3675197660923004,0.4661308228969574,True,0.40945422649383545,0.01886369287967682,0.007810390554368496,0.002449850318953395,0.8,4.0,4.0,0.010365486145019531,0.0,0.00018393601931165904,0.011330131441354752,0.07626376301050186
Residual PPO,1073,0.01,0.0,-1.5133368968963623,0.8512749075889587,0.3800120949745178,True,0.5139827728271484,0.021155880764126778,0.006541638169437647,0.000691659573931247,0.785,4.3,4.3,0.006511211395263672,0.0,0.00017784893861971796,0.011237584054470062,0.06536924839019775
Residual PPO,1074,0.01,0.0,-0.5001789927482605,-0.2884053587913513,0.4962819218635559,True,0.18425139784812927,0.011811408214271069,0.010020489804446697,0.0024515236727893353,0.8625,2.75,2.75,0.01114654541015625,0.0,0.0001885186939034611,0.01201979536563158,0.05060950294137001
Residual PPO,1075,0.01,0.0,-0.8189709782600403,0.9466501474380493,0.23914383351802826,True,0.3083432912826538,0.011420239694416523,0.0009624814265407622,0.0034844756592065096,0.835,3.3000000000000003,3.3000000000000003,0.0017848014831542969,0.0,0.00019465301011223346,0.012166193686425686,0.05116097629070282
Residual PPO,1076,0.01,0.0,-1.445397138595581,-0.562984049320221,0.45283621549606323,True,0.4944952428340912,0.0241728313267231,0.008098908700048923,0.005213750991970301,0.78,4.4,4.4,0.009475231170654297,0.0,0.00017239821318071336,0.011050334200263023,0.07072755694389343
Residual PPO,1077,0.01,0.0,-0.6151338219642639,-0.8893533945083618,0.2694230377674103,True,0.26592370867729187,0.012507854029536247,0.002252440433949232,0.0028768654447048903,0.8275,3.45,3.45,0.0026082992553710938,0.0,0.00020471043535508215,0.012314791791141033,0.06592637300491333
Residual PPO,1078,0.01,0.0,-0.6580581068992615,-0.6858707666397095,0.23459486663341522,True,0.23155510425567627,0.010651138611137867,0.0018755629425868392,0.00028415638371370733,0.845,3.1,3.1,0.0016150474548339844,0.0,0.0002030995092354715,0.011911122128367424,0.07315415143966675
Residual PPO,1079,0.01,0.0,-0.5874135494232178,0.8651593327522278,0.4896434247493744,True,0.28305938839912415,0.013930270448327065,0.01081139873713255,0.0027651507407426834,0.8275,3.45,3.45,0.012384414672851562,0.0,0.00017808261327445507,0.011531597003340721,0.0465136282145977
Residual PPO,1080,0.01,0.0,-0.6397119164466858,0.7102972865104675,0.367546945810318,True,0.2465052306652069,0.010933617129921913,0.006084073800593615,0.0014619841240346432,0.85,3.0,3.0,0.007909297943115234,0.0,0.00018680703942663968,0.011760984547436237,0.061735279858112335
Residual PPO,1081,0.01,0.0,-1.3320256471633911,0.8601993322372437,0.3006768822669983,True,0.43557974696159363,0.015246313065290451,0.00411380035802722,0.0014032080071046948,0.805,3.9000000000000004,3.9000000000000004,0.004699230194091797,0.0,0.0001874954905360937,0.011796882376074791,0.05837186425924301
Residual PPO,1082,0.01,0.0,-0.9581221342086792,-0.30673766136169434,0.3117980659008026,True,0.27869856357574463,0.011745283380150795,0.0037907660007476807,0.004015621729195118,0.835,3.3000000000000003,3.3000000000000003,0.005860805511474609,0.0,0.00018021206778939813,0.011667193844914436,0.05108184367418289
Residual PPO,1083,0.01,0.0,-1.3940625190734863,0.6289385557174683,0.21643398702144623,True,0.4099588692188263,0.012814348563551903,0.0004378909943625331,0.0015868199989199638,0.805,3.9000000000000004,3.9000000000000004,0.0009441375732421875,0.0,0.00016871509433258325,0.011188363656401634,0.05299270153045654
Residual PPO,1084,0.01,0.0,-0.7371216416358948,-0.8951173424720764,0.4071005880832672,True,0.30952396988868713,0.015374346636235714,0.006547805853188038,0.0007546053384430707,0.8175,3.6500000000000004,3.6500000000000004,0.007550239562988281,0.0,0.0001816297008190304,0.011479326523840427,0.05569254979491234
Residual PPO,1085,0.01,0.0,-0.7224554419517517,-0.08529454469680786,0.4138740301132202,True,0.22120749950408936,0.010910830460488796,0.007095574866980314,0.001642879331484437,0.8525,2.95,2.95,0.009415149688720703,0.0,0.00020836768089793622,0.012314850464463234,0.06802395731210709
Residual PPO,1086,0.01,0.0,-0.7490203976631165,-0.7008727788925171,0.4387705326080322,True,0.28666597604751587,0.014629526995122433,0.009004599414765835,0.0018651969730854034,0.825,3.5,3.5,0.009486198425292969,0.0,0.00017892586765810847,0.011508435010910034,0.05306382477283478
Residual PPO,1087,0.01,0.0,-1.2718281745910645,-0.8616007566452026,0.3274095356464386,True,0.4251479208469391,0.019167805090546608,0.00442289374768734,0.0032443737145513296,0.8025,3.95,3.95,0.005482673645019531,0.0,0.00019176991190761328,0.011835702694952488,0.05941571295261383
Residual PPO,1088,0.01,0.0,-1.148199200630188,-0.9221230149269104,0.4605681300163269,True,0.43287375569343567,0.022037630900740623,0.006753529887646437,0.002113927388563752,0.7925,4.15,4.15,0.010307788848876953,0.0,0.0001810910616768524,0.011566603556275368,0.055673252791166306
Residual PPO,1089,0.01,0.0,-1.8535881042480469,0.5890284776687622,0.37915652990341187,True,0.6146038174629211,0.025723131373524666,0.00806207861751318,0.0006637708866037428,0.76,4.800000000000001,4.800000000000001,0.008244514465332031,0.0,0.00017148525512311608,0.011124847456812859,0.06140713021159172
Residual PPO,1090,0.01,0.0,-0.9845758080482483,-0.6573527455329895,0.30003631114959717,True,0.3151293098926544,0.013971078209578991,0.004092812538146973,0.0047866664826869965,0.83,3.4000000000000004,3.4000000000000004,0.005008697509765625,0.0,0.00020658383436966687,0.012484065257012844,0.051818668842315674
Residual PPO,1091,0.01,0.0,-1.8845704793930054,-0.6914018392562866,0.36124923825263977,True,0.6222555041313171,0.02877517230808735,0.006376221776008606,0.0008350525749847293,0.76,4.800000000000001,4.800000000000001,0.007307529449462891,0.0,0.00018142047338187695,0.011676134541630745,0.06319402158260345
Residual PPO,1092,0.01,0.0,-1.9696727991104126,-0.2278679758310318,0.31251582503318787,True,0.6118163466453552,0.023771988227963448,0.004916677251458168,0.0008829387952573597,0.7575,4.8500000000000005,4.8500000000000005,0.005106449127197266,0.0,0.00017259882588405162,0.0111839035525918,0.06360400468111038
Residual PPO,1093,0.01,0.0,-0.8791002631187439,0.07968070358037949,0.43002596497535706,True,0.2734910249710083,0.011623593978583813,0.006173635367304087,0.0034113191068172455,0.835,3.3000000000000003,3.3000000000000003,0.006566524505615234,0.0,0.00016759568825364113,0.011169922538101673,0.05613994598388672
Residual PPO,1094,0.01,0.0,-0.9031349420547485,-0.5643354058265686,0.2514164447784424,True,0.27363109588623047,0.011061158962547779,0.0019068631809204817,0.0027563360054045916,0.84,3.2,3.2,0.0032901763916015625,0.0,0.00019063094805460423,0.011823185719549656,0.07207423448562622
Residual PPO,1095,0.01,0.0,-1.3096781969070435,-0.4019305408000946,0.2943161725997925,True,0.38655224442481995,0.016225071623921394,0.0023121244739741087,0.003844869090244174,0.81,3.8000000000000003,3.8000000000000003,0.004148006439208984,0.0,0.0001762951724231243,0.011575276963412762,0.04660891368985176
Residual PPO,1096,0.01,0.0,-0.5565752387046814,0.7886120080947876,0.27283963561058044,True,0.23177669942378998,0.009527912363409996,0.0037872344255447388,0.0011494220234453678,0.85,3.0,3.0,0.004118919372558594,0.0,0.00017389986896887422,0.011350256390869617,0.05112146586179733
Residual PPO,1097,0.01,0.0,-1.3080552816390991,0.037033263593912125,0.27344202995300293,True,0.36963844299316406,0.01435986626893282,0.0017781035276129842,0.0018300489755347371,0.81,3.8000000000000003,3.8000000000000003,0.004263877868652344,0.0,0.0001936642365762964,0.01187534537166357,0.0628335028886795
Residual PPO,1098,0.01,0.0,-1.2224541902542114,-0.25077617168426514,0.4742331802845001,True,0.40748822689056396,0.020586097612977028,0.01135509368032217,0.00260438141413033,0.8,4.0,4.0,0.011862754821777344,0.0,0.00016705674352124333,0.011055744253098965,0.059550222009420395
Residual PPO,1099,0.01,0.0,-1.9130916595458984,0.09447009861469269,0.36984628438949585,True,0.6162222027778625,0.02726311981678009,0.006768851075321436,0.0016230829060077667,0.755,4.9,4.9,0.006939888000488281,0.0,0.0001661431888351217,0.010863554663956165,0.06697974354028702
PD+FF,1000,0.03,0.0,-1.2179213762283325,0.20768369734287262,0.34128254652023315,True,0.3919526934623718,0.05270051583647728,0.005355706438422203,0.0023198549170047045,0.7225,5.550000000000001,5.550000000000001,0.001468658447265625,0.0,0.0006690666195936501,0.023065665736794472,0.07436193525791168
PD+FF,1001,0.03,0.0,-1.0811076164245605,-0.9685990810394287,0.25630688667297363,True,0.4120660424232483,0.05219880864024162,0.0036052328068763018,0.004790394566953182,0.7225,5.550000000000001,5.550000000000001,0.0014655590057373047,0.0,0.0007490302086807787,0.024117866531014442,0.07521019876003265
PD+FF,1002,0.03,0.0,-1.428768277168274,-0.28562131524086,0.4242836833000183,True,0.48664480447769165,0.06422320753335953,0.004260052926838398,0.004579783882945776,0.7,6.0,6.0,0.002235889434814453,0.0,0.0007406685035675764,0.02416263334453106,0.058779213577508926
PD+FF,1003,0.03,0.0,-1.7183640003204346,-0.48658838868141174,0.34840381145477295,True,0.5699856877326965,0.07444979250431061,0.003603904275223613,0.00962876994162798,0.6825,6.3500000000000005,6.3500000000000005,0.0,0.0,0.0007231304189190269,0.023622173815965652,0.057474251836538315
PD+FF,1004,0.03,0.0,-1.998679280281067,-0.7396973967552185,0.24154320359230042,True,0.6475378274917603,0.08224961161613464,0.008798487484455109,0.002587305847555399,0.6725,6.550000000000001,6.550000000000001,0.0,0.0,0.0008651924435980618,0.026460962370038033,0.06717370450496674
PD+FF,1005,0.03,0.0,-1.8766711950302124,0.8611240983009338,0.28618520498275757,True,0.632529079914093,0.08241461217403412,0.004395532421767712,0.0038503073155879974,0.6725,6.550000000000001,6.550000000000001,0.0,0.0,0.0007806277717463672,0.024763742461800575,0.061719369143247604
PD+FF,1006,0.03,0.0,-1.4946178197860718,0.20171388983726501,0.28934937715530396,True,0.46782442927360535,0.059341609477996826,0.004464664962142706,0.005072321742773056,0.71,5.800000000000001,5.800000000000001,0.0,0.0,0.0007037518662400544,0.023478243499994278,0.06362630426883698
PD+FF,1007,0.03,0.0,-1.8931626081466675,0.6319606900215149,0.39287856221199036,True,0.6585320830345154,0.0880240797996521,0.0014646233757957816,0.0026287368964403868,0.665,6.7,6.7,0.0,0.0,0.0006844939780421555,0.023023683577775955,0.0688067078590393
PD+FF,1008,0.03,0.0,-1.749120831489563,0.6261014938354492,0.26522985100746155,True,0.565014123916626,0.07208376377820969,0.003149830037727952,0.003982187248766422,0.69,6.2,6.2,0.0,0.0,0.0007735862745903432,0.02475668489933014,0.059339821338653564
PD+FF,1009,0.03,0.0,-1.9152493476867676,-0.3461688160896301,0.2149554342031479,True,0.5906018018722534,0.0760394036769867,0.0046454197727143764,0.003236042335629463,0.68,6.4,6.4,0.0036530494689941406,0.0,0.0007504640961997211,0.024093976244330406,0.06776249408721924
PD+FF,1010,0.03,0.0,-1.8575115203857422,0.07161146402359009,0.4753030240535736,True,0.6698428392410278,0.09970426559448242,0.004032085184007883,0.003748249961063266,0.6525,6.95,6.95,0.0035619735717773438,0.0,0.0006939825834706426,0.022794198244810104,0.07636116445064545
PD+FF,1011,0.03,0.0,-1.57381272315979,0.12664707005023956,0.26378002762794495,True,0.48452553153038025,0.06316474080085754,0.010282081551849842,0.009342649951577187,0.7,6.0,6.0,0.0019550323486328125,0.0,0.0006937088910490274,0.02315106801688671,0.06261824071407318
PD+FF,1012,0.03,0.0,-1.5405192375183105,0.561293363571167,0.2715309262275696,True,0.4961724877357483,0.06330569833517075,0.004391159862279892,0.006779506802558899,0.7,6.0,6.0,0.0,0.0,0.0007605771534144878,0.02429271675646305,0.07821214199066162
PD+FF,1013,0.03,0.0,-0.8082606196403503,-0.8420410752296448,0.401797890663147,True,0.34687837958335876,0.041833069175481796,0.0030563168693333864,0.003126670140773058,0.745,5.1000000000000005,5.1000000000000005,0.0017194747924804688,0.0,0.0008075298392213881,0.024966619908809662,0.0754544585943222
PD+FF,1014,0.03,0.0,-1.3467140197753906,0.1714046150445938,0.4693894386291504,True,0.4698924124240875,0.0618608258664608,0.003215097589418292,0.003713062731549144,0.7025,5.95,5.95,0.006289482116699219,0.0,0.0007325361366383731,0.023495618253946304,0.07822460681200027
PD+FF,1015,0.03,0.0,-1.4601455926895142,0.21413566172122955,0.39239153265953064,True,0.48432883620262146,0.060826968401670456,0.004524175077676773,0.009742284193634987,0.705,5.9,5.9,0.0012488365173339844,0.0,0.0006689064903184772,0.022731130942702293,0.0623018741607666
PD+FF,1016,0.03,0.0,-1.6580126285552979,-0.11461202055215836,0.3060871958732605,True,0.5245711207389832,0.06712792813777924,0.003799084573984146,0.003370769787579775,0.695,6.1000000000000005,6.1000000000000005,0.0,0.0,0.0008045659051276743,0.02492222934961319,0.08360140025615692
PD+FF,1017,0.03,0.0,-0.62247234582901,0.6426637768745422,0.4917738139629364,True,0.28440603613853455,0.03329942747950554,0.0031250587198883295,0.0015970203094184399,0.765,4.7,4.7,0.0007104873657226562,0.0,0.0007162372930906713,0.023880593478679657,0.06841257959604263
PD+FF,1018,0.03,0.0,-1.1090368032455444,-0.0900818482041359,0.4614541530609131,True,0.3852943181991577,0.052569881081581116,0.0006827905890531838,0.007895270362496376,0.7225,5.550000000000001,5.550000000000001,0.0009431838989257812,0.0,0.000750572478864342,0.024166595190763474,0.06354790925979614
PD+FF,1019,0.03,0.0,-1.674609661102295,-0.20800989866256714,0.34006524085998535,True,0.5411316156387329,0.07002213597297668,0.0028704965952783823,0.0045239850878715515,0.69,6.2,6.2,0.0023322105407714844,0.0,0.0007564944098703563,0.02393224462866783,0.06578609347343445
PD+FF,1020,0.03,0.0,-1.1319496631622314,-0.4326494336128235,0.2227078378200531,True,0.35076555609703064,0.04300108551979065,0.004878114443272352,0.005425400100648403,0.745,5.1000000000000005,5.1000000000000005,0.004876613616943359,0.0,0.0007760021253488958,0.024772509932518005,0.07154711335897446
PD+FF,1021,0.03,0.0,-1.4384177923202515,-0.8382971882820129,0.49743902683258057,True,0.5576326847076416,0.07646134495735168,0.004482279531657696,0.0030258307233452797,0.68,6.4,6.4,0.0010747909545898438,0.0,0.0007306960178539157,0.023656729608774185,0.06423874199390411
PD+FF,1022,0.03,0.0,-1.999210000038147,0.8368335366249084,0.37694433331489563,True,0.7054719924926758,0.09396518021821976,0.004992596805095673,0.0031481727492064238,0.66,6.800000000000001,6.800000000000001,0.005923271179199219,0.0,0.0007435150328092277,0.02431802824139595,0.06154972314834595
PD+FF,1023,0.03,0.0,-1.4916963577270508,0.8117974996566772,0.4728805720806122,True,0.5636049509048462,0.07636552304029465,0.0038250021170824766,0.00518696429207921,0.6825,6.3500000000000005,6.3500000000000005,0.006474494934082031,0.0,0.0007174938218668103,0.023717984557151794,0.06038355827331543
PD+FF,1024,0.03,0.0,-1.51630699634552,-0.48329436779022217,0.3110935389995575,True,0.49369463324546814,0.06520648300647736,0.002545720897614956,0.0032393636647611856,0.6975,6.050000000000001,6.050000000000001,0.0,0.0,0.0007313344976864755,0.023654010146856308,0.06662598252296448
PD+FF,1025,0.03,0.0,-0.7683239579200745,0.258014976978302,0.24864348769187927,True,0.2372836172580719,0.028170114383101463,0.001812982838600874,0.005309889558702707,0.7875,4.25,4.25,0.0,0.0,0.0007322188466787338,0.023866625502705574,0.06441591680049896
PD+FF,1026,0.03,0.0,-1.7438942193984985,0.19023452699184418,0.2583710551261902,True,0.5409830808639526,0.0693749338388443,0.003230033442378044,0.0027967076748609543,0.6925,6.15,6.15,0.008738994598388672,0.0,0.000742672651540488,0.023852353915572166,0.07743864506483078
PD+FF,1027,0.03,0.0,-1.9580382108688354,0.12429128587245941,0.36954861879348755,True,0.6533222794532776,0.08847111463546753,0.0063520800322294235,0.0038711056113243103,0.6675,6.65,6.65,0.005831718444824219,0.0,0.0006569980760104954,0.022450994700193405,0.06789544969797134
PD+FF,1028,0.03,0.0,-0.7757433652877808,-0.22796711325645447,0.4025936424732208,True,0.2670951187610626,0.034029923379421234,0.008168035186827183,0.007254247087985277,0.7675,4.65,4.65,0.0011105537414550781,0.0,0.0008029548334889114,0.024671493098139763,0.07852696627378464
PD+FF,1029,0.03,0.0,-0.7448340058326721,0.6458722352981567,0.214758962392807,True,0.27308031916618347,0.03331916406750679,0.0020054869819432497,0.00340462033636868,0.77,4.6000000000000005,4.6000000000000005,0.0014863014221191406,0.0,0.0006433168891817331,0.02262384444475174,0.05634269490838051
PD+FF,1030,0.03,0.0,-1.6447029113769531,-0.9496257901191711,0.4438457489013672,True,0.6187751889228821,0.08210694044828415,0.006943243555724621,0.004213184118270874,0.6725,6.550000000000001,6.550000000000001,0.0016322135925292969,0.0,0.0007402789196930826,0.023820776492357254,0.06688582897186279
PD+FF,1031,0.03,0.0,-0.9611496329307556,0.9009804725646973,0.39864641427993774,True,0.3954644501209259,0.05013132095336914,0.002935003722086549,0.00025098424521274865,0.73,5.4,5.4,0.0010929107666015625,0.0,0.0008074239594861865,0.02510315552353859,0.06908216327428818
PD+FF,1032,0.03,0.0,-0.6833899617195129,-0.5306191444396973,0.49894750118255615,True,0.2890091836452484,0.037217482924461365,0.004681908991187811,0.007178877480328083,0.755,4.9,4.9,0.0058956146240234375,0.0,0.0007577445940114558,0.024378634989261627,0.08046726137399673
PD+FF,1033,0.03,0.0,-0.7577928304672241,0.7459949851036072,0.4761985242366791,True,0.33320915699005127,0.04125521332025528,0.002895047189667821,0.00497205788269639,0.745,5.1000000000000005,5.1000000000000005,0.0036864280700683594,0.0,0.0007688943878747523,0.0244304109364748,0.06974131613969803
PD+FF,1034,0.03,0.0,-0.5296080112457275,-0.6777904629707336,0.22327283024787903,True,0.23373828828334808,0.029420485720038414,0.0019480022601783276,0.008888081647455692,0.785,4.3,4.3,0.0022635459899902344,0.0,0.000874485878739506,0.0258931964635849,0.0797688215970993
PD+FF,1035,0.03,0.0,-1.5201642513275146,-0.23973245918750763,0.436818927526474,True,0.5216595530509949,0.06984409689903259,0.002676302334293723,0.0028755120001733303,0.6925,6.15,6.15,0.0023598670959472656,0.0,0.0006547233206219971,0.02244214527308941,0.06917280703783035
PD+FF,1036,0.03,0.0,-1.558912754058838,0.6018440127372742,0.34900519251823425,True,0.5253207683563232,0.06819040328264236,0.006268248427659273,0.004603466019034386,0.695,6.1000000000000005,6.1000000000000005,0.004635334014892578,0.0,0.000700757373124361,0.023412426933646202,0.06736184656620026
PD+FF,1037,0.03,0.0,-1.5164998769760132,-0.3818822205066681,0.38270920515060425,True,0.5074905157089233,0.0666092187166214,0.004036329686641693,0.0051262592896819115,0.695,6.1000000000000005,6.1000000000000005,0.004786014556884766,0.0,0.0007312227389775217,0.02391579933464527,0.06774642318487167
PD+FF,1038,0.03,0.0,-1.5098652839660645,-0.8029577136039734,0.31811848282814026,True,0.5200541615486145,0.06628605723381042,0.009841931983828545,0.0022301306016743183,0.6925,6.15,6.15,0.0,0.0,0.0007251872448250651,0.023545430973172188,0.0672016367316246
PD+FF,1039,0.03,0.0,-0.6960156559944153,-0.0387578122317791,0.3661683201789856,True,0.22801204025745392,0.027874751016497612,0.003904928220435977,0.005716645158827305,0.7875,4.25,4.25,0.005551338195800781,0.0,0.0007415260188281536,0.024145523086190224,0.07020941376686096
PD+FF,1040,0.03,0.0,-0.7547146081924438,0.5635512471199036,0.4134989380836487,True,0.29600799083709717,0.040146615356206894,0.005426188465207815,0.007572057656943798,0.755,4.9,4.9,0.0012068748474121094,0.0,0.0007090503349900246,0.023804277181625366,0.06155310943722725
PD+FF,1041,0.03,0.0,-0.6478168964385986,-0.19675222039222717,0.46515655517578125,True,0.2408321052789688,0.032289281487464905,0.0030835666693747044,0.0027895194943994284,0.7775,4.45,4.45,0.003931999206542969,0.0,0.0007842942140996456,0.024612484499812126,0.07617083191871643
PD+FF,1042,0.03,0.0,-1.463887333869934,-0.25558269023895264,0.3728010952472687,True,0.48134541511535645,0.06161125749349594,0.0013116500340402126,0.003920766990631819,0.705,5.9,5.9,0.0012230873107910156,0.0,0.0006955778226256371,0.023275192826986313,0.07211542129516602
PD+FF,1043,0.03,0.0,-1.7490100860595703,-0.7958716750144958,0.31946444511413574,True,0.5940737724304199,0.07747689634561539,0.0038226747419685125,0.0022213354241102934,0.6775,6.45,6.45,0.004024028778076172,0.0,0.0007038894691504538,0.02333848923444748,0.06702324748039246
PD+FF,1044,0.03,0.0,-1.981444239616394,0.7169352173805237,0.20961801707744598,True,0.6312004923820496,0.08037402480840683,0.002369518391788006,0.006521694362163544,0.675,6.5,6.5,0.004259824752807617,0.0,0.0008037390653043985,0.025273745879530907,0.06360770761966705
PD+FF,1045,0.03,0.0,-0.7272861003875732,-0.39523494243621826,0.4158290922641754,True,0.2682621479034424,0.034307025372982025,0.005868132226169109,0.006514578126370907,0.77,4.6000000000000005,4.6000000000000005,0.003975391387939453,0.0,0.000783271505497396,0.025390643626451492,0.07143273949623108
PD+FF,1046,0.03,0.0,-1.868130087852478,0.6265861392021179,0.39649125933647156,True,0.6511240005493164,0.0888860896229744,0.006618288811296225,0.01002168096601963,0.6625,6.75,6.75,0.0,0.0,0.0006771296611987054,0.023055074736475945,0.06520594656467438
PD+FF,1047,0.03,0.0,-1.1699552536010742,-0.14992530643939972,0.29876548051834106,True,0.36284443736076355,0.04502088576555252,0.0036293885204941034,0.004646758083254099,0.74,5.2,5.2,0.004836559295654297,0.0,0.0007458092295564711,0.023631958290934563,0.08601164817810059
PD+FF,1048,0.03,0.0,-0.9076822996139526,-0.7630760073661804,0.4824531674385071,True,0.3776470124721527,0.04862993210554123,0.005405718460679054,0.0025053457356989384,0.7325,5.3500000000000005,5.3500000000000005,0.005161285400390625,0.0,0.0007948674028739333,0.02539486438035965,0.06782802939414978
PD+FF,1049,0.03,0.0,-1.6127384901046753,0.09402617067098618,0.43331217765808105,True,0.5523151159286499,0.0754697322845459,0.005789994727820158,0.008694916032254696,0.6825,6.3500000000000005,6.3500000000000005,0.0016560554504394531,0.0,0.0007316014380194247,0.02349385805428028,0.071492038667202
PD+FF,1050,0.03,0.0,-1.2507070302963257,-0.40418457984924316,0.49881017208099365,True,0.4563367962837219,0.06070991978049278,0.005268367473036051,0.00580637576058507,0.705,5.9,5.9,0.003601551055908203,0.0,0.0008309637196362019,0.02542291395366192,0.07465671002864838
PD+FF,1051,0.03,0.0,-0.8433747291564941,-0.6024307608604431,0.2584548592567444,True,0.29584428668022156,0.03713591769337654,0.0028603621758520603,0.0036860285326838493,0.76,4.800000000000001,4.800000000000001,0.004229545593261719,0.0,0.000711345870513469,0.02300397679209709,0.06778105348348618
PD+FF,1052,0.03,0.0,-1.577463150024414,-0.03658809885382652,0.32490968704223633,True,0.5013952851295471,0.06438653916120529,0.0058122435584664345,0.010117725469172001,0.6975,6.050000000000001,6.050000000000001,0.003203868865966797,0.0,0.0006986890803091228,0.023488953709602356,0.06511098891496658
PD+FF,1053,0.03,0.0,-0.7320424914360046,-0.38764455914497375,0.44851720333099365,True,0.27761945128440857,0.037224799394607544,0.0036876301746815443,0.006682783830910921,0.76,4.800000000000001,4.800000000000001,0.0026226043701171875,0.0,0.0006991590489633381,0.023392727598547935,0.07250083237886429
PD+FF,1054,0.03,0.0,-1.9604523181915283,0.6108824014663696,0.3443475067615509,True,0.6613122224807739,0.08819794654846191,0.003688117256388068,0.0039770109578967094,0.665,6.7,6.7,0.0,0.0,0.0007027970859780908,0.02322586067020893,0.06317021697759628
PD+FF,1055,0.03,0.0,-0.8035520911216736,-0.8197364807128906,0.37500709295272827,True,0.33744460344314575,0.03908146917819977,0.003528773318976164,0.008588711731135845,0.75,5.0,5.0,0.005467414855957031,0.0,0.0006929441587999463,0.02321314811706543,0.07889143377542496
PD+FF,1056,0.03,0.0,-0.6173267960548401,-0.7547652125358582,0.33817118406295776,True,0.2773943841457367,0.0342923142015934,0.0013790670782327652,0.003202784573659301,0.7675,4.65,4.65,0.0035681724548339844,0.0,0.0007535015465691686,0.0242975652217865,0.07525788992643356
PD+FF,1057,0.03,0.0,-1.4013786315917969,-0.020997419953346252,0.2980625629425049,True,0.4363323450088501,0.05604495853185654,0.0008262331248261034,0.002453951630741358,0.715,5.7,5.7,0.00125885009765625,0.0,0.0006963903433643281,0.023494668304920197,0.06781861186027527
PD+FF,1058,0.03,0.0,-1.9344123601913452,-0.6835842132568359,0.34246277809143066,True,0.655940592288971,0.08734558522701263,0.0016393284313380718,0.006019602529704571,0.6675,6.65,6.65,0.0045375823974609375,0.0,0.0007228704052977264,0.02318751811981201,0.0715891495347023
PD+FF,1059,0.03,0.0,-1.3239208459854126,-0.34795770049095154,0.3298633396625519,True,0.4280836284160614,0.05403132364153862,0.006227661855518818,0.0008109945920296013,0.7175,5.65,5.65,0.005434989929199219,0.0,0.0007363396580331028,0.023824499920010567,0.08705383539199829
PD+FF,1060,0.03,0.0,-0.5232435464859009,-0.8263487219810486,0.4775193929672241,True,0.2915169596672058,0.036075182259082794,0.0018755265045911074,0.007177755236625671,0.7625,4.75,4.75,0.00411224365234375,0.0,0.0007426478550769389,0.023963162675499916,0.06758376210927963
PD+FF,1061,0.03,0.0,-1.0766786336898804,0.09924349933862686,0.28927016258239746,True,0.33131882548332214,0.04230094701051712,0.005443853791803122,0.006684491410851479,0.745,5.1000000000000005,5.1000000000000005,0.002785205841064453,0.0,0.0007936621550470591,0.02517561800777912,0.06497287005186081
PD+FF,1062,0.03,0.0,-1.020176649093628,-0.6513675451278687,0.4292861223220825,True,0.38474634289741516,0.04898500069975853,0.0032330306712538004,0.001743719563819468,0.73,5.4,5.4,0.0026502609252929688,0.0,0.0007970186416059732,0.02502470090985298,0.07584499567747116
PD+FF,1063,0.03,0.0,-0.5567145943641663,0.6067063212394714,0.2895512878894806,True,0.2328919768333435,0.02959420159459114,0.004422627389431,0.0021926264744251966,0.785,4.3,4.3,0.00464630126953125,0.0,0.0006995280855335295,0.023581504821777344,0.07212752848863602
PD+FF,1064,0.03,0.0,-1.6129041910171509,-0.13716638088226318,0.24278511106967926,True,0.4926067292690277,0.06228181719779968,0.004910938907414675,0.004260598681867123,0.705,5.9,5.9,0.004301548004150391,0.0,0.0006997670279815793,0.02284964919090271,0.07007758319377899
PD+FF,1065,0.03,0.0,-0.5033138990402222,-0.5932050347328186,0.453745573759079,True,0.24041865766048431,0.03063739649951458,0.005029200576245785,0.004773690830916166,0.7825,4.3500000000000005,4.3500000000000005,0.004658222198486328,0.0,0.000731439795345068,0.02422725409269333,0.06849221885204315
PD+FF,1066,0.03,0.0,-1.3762075901031494,0.32575497031211853,0.20805609226226807,True,0.41417914628982544,0.05034016817808151,0.0052590081468224525,0.002692061010748148,0.725,5.5,5.5,0.0,0.0,0.000750069331843406,0.02411055564880371,0.06854592263698578
PD+FF,1067,0.03,0.0,-0.6176835894584656,0.9055254459381104,0.20151829719543457,True,0.29391971230506897,0.03444775193929672,0.0011515467194840312,0.007261236663907766,0.765,4.7,4.7,0.0011751651763916016,0.0,0.0006624548113904893,0.022575704380869865,0.07457910478115082
PD+FF,1068,0.03,0.0,-0.7787961959838867,0.5352519750595093,0.25048118829727173,True,0.26929402351379395,0.03260604664683342,0.004525071009993553,0.006168372929096222,0.77,4.6000000000000005,4.6000000000000005,0.0017538070678710938,0.0,0.0007074656896293163,0.023628560826182365,0.05759730935096741
PD+FF,1069,0.03,0.0,-0.5076419115066528,0.8446078896522522,0.24751581251621246,True,0.26672327518463135,0.03329284116625786,0.0012377435341477394,0.004514030180871487,0.775,4.5,4.5,0.0075664520263671875,0.0,0.0007424051291309297,0.02428852580487728,0.06755732744932175
PD+FF,1070,0.03,0.0,-1.6644020080566406,0.9533751606941223,0.22921264171600342,True,0.5611772537231445,0.07031998038291931,0.0051977746188640594,0.003827879671007395,0.69,6.2,6.2,0.0,0.0,0.0007495327154174447,0.024064935743808746,0.07105113565921783
PD+FF,1071,0.03,0.0,-1.6379417181015015,0.7469041347503662,0.26974478363990784,True,0.5413880348205566,0.06773829460144043,0.0030673127621412277,0.0033028069883584976,0.695,6.1000000000000005,6.1000000000000005,0.005316257476806641,0.0,0.0007737838313914835,0.02446547895669937,0.0689617395401001
PD+FF,1072,0.03,0.0,-1.22187077999115,0.3675197660923004,0.4661308228969574,True,0.4339708089828491,0.05712742730975151,0.0049757761880755424,0.005163580644875765,0.71,5.800000000000001,5.800000000000001,0.0018334388732910156,0.0,0.0007847504457458854,0.024504324421286583,0.07162027806043625
PD+FF,1073,0.03,0.0,-1.5133368968963623,0.8512749075889587,0.3800120949745178,True,0.543602466583252,0.07233492285013199,0.0032279747538268566,0.0019806965719908476,0.6875,6.25,6.25,0.0,0.0,0.0007381731411442161,0.023788858205080032,0.0764835849404335
PD+FF,1074,0.03,0.0,-0.5001789927482605,-0.2884053587913513,0.4962819218635559,True,0.20773719251155853,0.028178947046399117,0.0020049659069627523,0.004709361586719751,0.795,4.1000000000000005,4.1000000000000005,0.001148223876953125,0.0,0.0007970653241500258,0.02528267540037632,0.07949785143136978
PD+FF,1075,0.03,0.0,-0.8189709782600403,0.9466501474380493,0.23914383351802826,True,0.34558454155921936,0.0414949432015419,0.0017617065459489822,0.006883582565933466,0.745,5.1000000000000005,5.1000000000000005,0.0005011558532714844,0.0,0.0007877658936195076,0.024874350056052208,0.05818562209606171
PD+FF,1076,0.03,0.0,-1.445397138595581,-0.562984049320221,0.45283621549606323,True,0.5166271328926086,0.06653078645467758,0.0035861029755324125,0.009533627890050411,0.695,6.1000000000000005,6.1000000000000005,0.0010657310485839844,0.0,0.0007016410818323493,0.023332765325903893,0.06743969768285751
PD+FF,1077,0.03,0.0,-0.6151338219642639,-0.8893533945083618,0.2694230377674103,True,0.29618945717811584,0.0351119302213192,0.0008518484537489712,0.004441826604306698,0.7625,4.75,4.75,0.00042438507080078125,0.0,0.0008078975370153785,0.025485176593065262,0.07102140039205551
PD+FF,1078,0.03,0.0,-0.6580581068992615,-0.6858707666397095,0.23459486663341522,True,0.26238125562667847,0.03203507512807846,0.0031615865882486105,0.0006110797403380275,0.775,4.5,4.5,0.000946044921875,0.0,0.0007766090566292405,0.024602338671684265,0.06158379092812538
PD+FF,1079,0.03,0.0,-0.5874135494232178,0.8651593327522278,0.4896434247493744,True,0.31522953510284424,0.03881041705608368,0.0018120897002518177,0.005172991193830967,0.7525,4.95,4.95,0.006039619445800781,0.0,0.000755823333747685,0.024378042668104172,0.0740819126367569
PD+FF,1080,0.03,0.0,-0.6397119164466858,0.7102972865104675,0.367546945810318,True,0.2795046269893646,0.035287946462631226,0.0024766973219811916,0.0028273239731788635,0.7675,4.65,4.65,0.004184722900390625,0.0,0.0007749701035209,0.024722646921873093,0.06846132129430771
PD+FF,1081,0.03,0.0,-1.3320256471633911,0.8601993322372437,0.3006768822669983,True,0.47128912806510925,0.05872669816017151,0.0026201202999800444,0.002738320268690586,0.71,5.800000000000001,5.800000000000001,0.0021080970764160156,0.0,0.0007724009919911623,0.024705920368433,0.06891879439353943
PD+FF,1082,0.03,0.0,-0.9581221342086792,-0.30673766136169434,0.3117980659008026,True,0.3090483248233795,0.03820211812853813,0.0037116738967597485,0.008644437417387962,0.755,4.9,4.9,0.004566669464111328,0.0,0.0007555189076811075,0.024572797119617462,0.061351317912340164
PD+FF,1083,0.03,0.0,-1.3940625190734863,0.6289385557174683,0.21643398702144623,True,0.4440343677997589,0.05431141331791878,0.001475769211538136,0.002830842277035117,0.7175,5.65,5.65,0.0006766319274902344,0.0,0.0006820527487434447,0.023037811741232872,0.06563670188188553
PD+FF,1084,0.03,0.0,-0.7371216416358948,-0.8951173424720764,0.4071005880832672,True,0.3407515585422516,0.042733315378427505,0.002932479605078697,0.0015087834326550364,0.7475,5.050000000000001,5.050000000000001,0.0,0.0,0.0007009819382801652,0.023245736956596375,0.08706806600093842
PD+FF,1085,0.03,0.0,-0.7224554419517517,-0.08529454469680786,0.4138740301132202,True,0.24782291054725647,0.03310571610927582,0.004966316279023886,0.004629890900105238,0.7775,4.45,4.45,0.004035472869873047,0.0,0.0008693982963450253,0.025902779772877693,0.06806261092424393
PD+FF,1086,0.03,0.0,-0.7490203976631165,-0.7008727788925171,0.4387705326080322,True,0.31682515144348145,0.041690271347761154,0.001688194926828146,0.003877905197441578,0.7475,5.050000000000001,5.050000000000001,0.0016546249389648438,0.0,0.000715554051566869,0.023651428520679474,0.06607034057378769
PD+FF,1087,0.03,0.0,-1.2718281745910645,-0.8616007566452026,0.3274095356464386,True,0.46032291650772095,0.058699626475572586,0.0016044381773099303,0.006794042885303497,0.71,5.800000000000001,5.800000000000001,0.002048492431640625,0.0,0.0007859881734475493,0.02463109791278839,0.0720195546746254
PD+FF,1088,0.03,0.0,-1.148199200630188,-0.9221230149269104,0.4605681300163269,True,0.463883638381958,0.060615070164203644,0.0077179595828056335,0.004526878707110882,0.7075,5.8500000000000005,5.8500000000000005,0.003063201904296875,0.0,0.00073849136242643,0.02404964342713356,0.06520020961761475
PD+FF,1089,0.03,0.0,-1.8535881042480469,0.5890284776687622,0.37915652990341187,True,0.6359288692474365,0.08353741466999054,0.008660010993480682,0.002984965918585658,0.67,6.6000000000000005,6.6000000000000005,0.005054473876953125,0.0,0.0007171477191150188,0.0234526377171278,0.06396408379077911
PD+FF,1090,0.03,0.0,-0.9845758080482483,-0.6573527455329895,0.30003631114959717,True,0.3476520776748657,0.04373857378959656,0.004918616730719805,0.009169926866889,0.7425,5.15,5.15,0.004168987274169922,0.0,0.0008628458017483354,0.025975076481699944,0.07444678246974945
PD+FF,1091,0.03,0.0,-1.8845704793930054,-0.6914018392562866,0.36124923825263977,True,0.6467546820640564,0.08627285063266754,0.003198161954060197,0.0011862420942634344,0.6675,6.65,6.65,0.0036668777465820312,0.0,0.0007500506471842527,0.02472137287259102,0.07234685868024826
PD+FF,1092,0.03,0.0,-1.9696727991104126,-0.2278679758310318,0.31251582503318787,True,0.6358148455619812,0.08273392170667648,0.0038771743420511484,0.0008193751564249396,0.675,6.5,6.5,0.0013742446899414062,0.0,0.0007130424492061138,0.023465875536203384,0.06235513091087341
PD+FF,1093,0.03,0.0,-0.8791002631187439,0.07968070358037949,0.43002596497535706,True,0.30173084139823914,0.03852119296789169,0.006882555782794952,0.007137618027627468,0.755,4.9,4.9,0.0,0.0,0.0007164173293858767,0.02366805449128151,0.06392000615596771
PD+FF,1094,0.03,0.0,-0.9031349420547485,-0.5643354058265686,0.2514164447784424,True,0.30530425906181335,0.03620178624987602,0.004116264637559652,0.005350124090909958,0.76,4.800000000000001,4.800000000000001,0.0037446022033691406,0.0,0.0007757518324069679,0.024789074435830116,0.06393083184957504
PD+FF,1095,0.03,0.0,-1.3096781969070435,-0.4019305408000946,0.2943161725997925,True,0.41880640387535095,0.0544171966612339,0.006189040839672089,0.006782914511859417,0.7175,5.65,5.65,0.0013027191162109375,0.0,0.0007381404284387827,0.023976031690835953,0.07103908807039261
PD+FF,1096,0.03,0.0,-0.5565752387046814,0.7886120080947876,0.27283963561058044,True,0.2656024396419525,0.032983336597681046,0.0036102032754570246,0.002420602133497596,0.775,4.5,4.5,0.0038461685180664062,0.0,0.0007033139700070024,0.02334771305322647,0.07218430191278458
PD+FF,1097,0.03,0.0,-1.3080552816390991,0.037033263593912125,0.27344202995300293,True,0.40101760625839233,0.05271679535508156,0.0032508941367268562,0.00287055317312479,0.7225,5.550000000000001,5.550000000000001,0.0034148693084716797,0.0,0.0008068564347922802,0.025050967931747437,0.07037946581840515
PD+FF,1098,0.03,0.0,-1.2224541902542114,-0.25077617168426514,0.4742331802845001,True,0.4309290647506714,0.057605285197496414,0.00494870962575078,0.00496357586234808,0.7125,5.75,5.75,0.0049457550048828125,0.0,0.0007020533666945994,0.02342396229505539,0.07248713076114655
PD+FF,1099,0.03,0.0,-1.9130916595458984,0.09447009861469269,0.36984628438949585,True,0.6364274024963379,0.08620215207338333,0.004818222019821405,0.002532345475628972,0.6675,6.65,6.65,0.001399993896484375,0.0,0.0006986496155150235,0.023272067308425903,0.07003537565469742
Direct PPO,1000,0.03,0.0,-1.2179213762283325,0.20768369734287262,0.34128254652023315,True,0.3450787663459778,0.0078076864592731,0.007435371167957783,0.0366864912211895,0.8475,3.0500000000000003,3.0500000000000003,0.010161399841308594,0.0,0.12260311096906662,0.3030541241168976,0.8328416347503662
Direct PPO,1001,0.03,0.0,-1.0811076164245605,-0.9685990810394287,0.25630688667297363,True,0.34079277515411377,0.007993214763700962,0.004961374215781689,0.031063735485076904,0.865,2.8000000000000003,2.8000000000000003,0.005333900451660156,0.0,0.1351134181022644,0.3185720443725586,1.035882830619812
Direct PPO,1002,0.03,0.0,-1.428768277168274,-0.28562131524086,0.4242836833000183,True,0.4526725709438324,0.008328774012625217,0.004611833021044731,0.046427782624959946,0.8125,3.6500000000000004,4.25,0.012141227722167969,0.0,0.12599600851535797,0.30316463112831116,0.861814558506012
Direct PPO,1003,0.03,0.0,-1.7183640003204346,-0.48658838868141174,0.34840381145477295,True,0.5298003554344177,0.008315092884004116,0.007794682867825031,0.053105682134628296,0.8075,3.85,3.85,0.011925458908081055,0.0,0.1287657618522644,0.304435133934021,0.8491923809051514
Direct PPO,1004,0.03,0.0,-1.998679280281067,-0.7396973967552185,0.24154320359230042,True,0.5954509377479553,0.00996213499456644,0.016825173050165176,0.017962154000997543,0.8075,3.85,3.85,0.023879170417785645,0.0,0.14068780839443207,0.31953075528144836,0.980822741985321
Direct PPO,1005,0.03,0.0,-1.8766711950302124,0.8611240983009338,0.28618520498275757,True,0.5783061981201172,0.007844224572181702,0.004036300349980593,0.046260952949523926,0.81,3.8000000000000003,3.8000000000000003,0.008359909057617188,0.0,0.1285220980644226,0.3016396462917328,0.8599274754524231
Direct PPO,1006,0.03,0.0,-1.4946178197860718,0.20171388983726501,0.28934937715530396,True,0.4190971255302429,0.00802108459174633,0.009349038824439049,0.01888243481516838,0.8325,3.35,3.35,0.019132614135742188,0.0,0.12184847891330719,0.2980049252510071,0.9063000679016113
Direct PPO,1007,0.03,0.0,-1.8931626081466675,0.6319606900215149,0.39287856221199036,True,0.6249576807022095,0.009075029753148556,0.0049013663083314896,0.054367899894714355,0.78,4.45,4.45,0.011027812957763672,0.0,0.10905858129262924,0.28121304512023926,0.7961346507072449
Direct PPO,1008,0.03,0.0,-1.749120831489563,0.6261014938354492,0.26522985100746155,True,0.5104459524154663,0.007472497411072254,0.0026950768660753965,0.0025297373067587614,0.82,3.6,3.6,0.005273401737213135,0.0,0.13258402049541473,0.31000789999961853,0.8624012470245361
Direct PPO,1009,0.03,0.0,-1.9152493476867676,-0.3461688160896301,0.2149554342031479,True,0.5384528636932373,0.007736601866781712,0.006492615211755037,0.03076053224503994,0.82,3.6,3.6,0.007970809936523438,0.0,0.1326131671667099,0.3110223114490509,0.9397344589233398
Direct PPO,1010,0.03,0.0,-1.8575115203857422,0.07161146402359009,0.4753030240535736,True,0.6519317626953125,0.018705429509282112,0.010613019578158855,0.013686584308743477,0.7475,5.6000000000000005,5.6000000000000005,0.014722824096679688,0.0,0.10916881263256073,0.275078684091568,0.8643828630447388
Direct PPO,1011,0.03,0.0,-1.57381272315979,0.12664707005023956,0.26378002762794495,True,0.4359140396118164,0.00863347202539444,0.016722511500120163,0.048918209969997406,0.835,3.3000000000000003,3.3000000000000003,0.005880594253540039,0.0,0.12505334615707397,0.30171963572502136,0.9077517986297607
Direct PPO,1012,0.03,0.0,-1.5405192375183105,0.561293363571167,0.2715309262275696,True,0.43936988711357117,0.006111677270382643,0.010645360685884953,0.03941718488931656,0.83,3.45,3.45,0.006933927536010742,0.0,0.13368330895900726,0.31356942653656006,1.0507625341415405
Direct PPO,1013,0.03,0.0,-0.8082606196403503,-0.8420410752296448,0.401797890663147,True,0.2857564091682434,0.00830103363841772,0.0006722752004861832,0.02446933276951313,0.8575,3.0,3.0,0.017173290252685547,0.0,0.13085538148880005,0.3098045587539673,0.8977702856063843
Direct PPO,1014,0.03,0.0,-1.3467140197753906,0.1714046150445938,0.4693894386291504,True,0.4432985484600067,0.011337632313370705,0.01001916453242302,0.028669003397226334,0.8025,4.0,4.0,0.016816139221191406,0.0,0.1173982322216034,0.2901538908481598,0.9497342109680176
Direct PPO,1015,0.03,0.0,-1.4601455926895142,0.21413566172122955,0.39239153265953064,True,0.44888541102409363,0.007155453320592642,0.00922789704054594,0.04842516407370567,0.8175,3.6500000000000004,3.6500000000000004,0.010950326919555664,0.0,0.11875223368406296,0.29424527287483215,0.9286000728607178
Direct PPO,1016,0.03,0.0,-1.6580126285552979,-0.11461202055215836,0.3060871958732605,True,0.4814644157886505,0.006692639086395502,0.006170764099806547,0.03353159502148628,0.8225,3.5500000000000003,3.5500000000000003,0.008278250694274902,0.0,0.14341242611408234,0.3239710032939911,1.0562734603881836
Direct PPO,1017,0.03,0.0,-0.62247234582901,0.6426637768745422,0.4917738139629364,True,0.23575595021247864,0.009018822573125362,0.00873318500816822,0.008377285674214363,0.8575,3.1,3.1,0.016897201538085938,0.0,0.11584438383579254,0.29767921566963196,0.8056337833404541
Direct PPO,1018,0.03,0.0,-1.1090368032455444,-0.0900818482041359,0.4614541530609131,True,0.350277304649353,0.00807912740856409,0.013096996583044529,0.027238354086875916,0.83,3.5,3.5,0.013814926147460938,0.0,0.12702016532421112,0.30779141187667847,0.8201297521591187
Direct PPO,1019,0.03,0.0,-1.674609661102295,-0.20800989866256714,0.34006524085998535,True,0.5032119154930115,0.006746003869920969,0.007369219791144133,0.0432996042072773,0.8175,3.6500000000000004,3.6500000000000004,0.011420488357543945,0.0,0.1295408457517624,0.30400988459587097,0.8867695927619934
Direct PPO,1020,0.03,0.0,-1.1319496631622314,-0.4326494336128235,0.2227078378200531,True,0.2907998859882355,0.008891808800399303,0.0015124629717320204,0.012672392651438713,0.87,2.6,2.6,0.006268978118896484,0.0,0.13732750713825226,0.3227499723434448,1.0124988555908203
Direct PPO,1021,0.03,0.0,-1.4384177923202515,-0.8382971882820129,0.49743902683258057,True,0.5216256380081177,0.013821461237967014,0.013883155770599842,0.0313236229121685,0.785,4.4,4.4,0.0162200927734375,0.0,0.10729709267616272,0.2715238928794861,0.814032256603241
Direct PPO,1022,0.03,0.0,-1.999210000038147,0.8368335366249084,0.37694433331489563,True,0.6675704121589661,0.009375731460750103,0.0101143354550004,0.021651536226272583,0.775,4.4,10.8,0.016276836395263672,0.0,0.12075453996658325,0.2964157462120056,0.7482542395591736
Direct PPO,1023,0.03,0.0,-1.4916963577270508,0.8117974996566772,0.4728805720806122,True,0.5257193446159363,0.014482851140201092,0.0037959350738674402,0.028405386954545975,0.79,4.25,4.25,0.019135475158691406,0.0,0.11340729892253876,0.28890153765678406,0.8491050601005554
Direct PPO,1024,0.03,0.0,-1.51630699634552,-0.48329436779022217,0.3110935389995575,True,0.44186076521873474,0.01011453103274107,0.0056747072376310825,0.029415614902973175,0.83,3.4000000000000004,3.4000000000000004,0.010463953018188477,0.0,0.12810666859149933,0.30308568477630615,0.8890761137008667
Direct PPO,1025,0.03,0.0,-0.7683239579200745,0.258014976978302,0.24864348769187927,True,0.18904902040958405,0.00913989171385765,0.005917179398238659,0.01450343243777752,0.89,2.15,6.45,0.006880283355712891,0.0,0.1414603441953659,0.3291706144809723,0.8891214728355408
Direct PPO,1026,0.03,0.0,-1.7438942193984985,0.19023452699184418,0.2583710551261902,True,0.4932387173175812,0.007048348896205425,0.0017091621411964297,0.02222874015569687,0.8225,3.5500000000000003,3.5500000000000003,0.013094902038574219,0.0,0.13071542978286743,0.30473557114601135,0.9404500126838684
Direct PPO,1027,0.03,0.0,-1.9580382108688354,0.12429128587245941,0.36954861879348755,True,0.6261646747589111,0.010149611160159111,0.0068220943212509155,0.01441168412566185,0.785,4.3,4.3,0.016185760498046875,0.0,0.11035352945327759,0.2787174582481384,0.8348766565322876
Direct PPO,1028,0.03,0.0,-0.7757433652877808,-0.22796711325645447,0.4025936424732208,True,0.22204919159412384,0.006452695932239294,0.005999526474624872,0.019849056378006935,0.875,2.5,2.5,0.013184070587158203,0.0,0.14085906744003296,0.3224585950374603,0.9866734743118286
Direct PPO,1029,0.03,0.0,-0.7448340058326721,0.6458722352981567,0.214758962392807,True,0.21252575516700745,0.010173046961426735,0.007344111800193787,0.02178526483476162,0.8775,2.45,2.45,0.0026352405548095703,0.0,0.12762437760829926,0.3139306902885437,0.7706730961799622
Direct PPO,1030,0.03,0.0,-1.6447029113769531,-0.9496257901191711,0.4438457489013672,True,0.5794612765312195,0.007726688869297504,0.0077428678050637245,0.014517250470817089,0.7875,4.25,4.25,0.01297140121459961,0.0,0.1162833720445633,0.28692197799682617,0.7928062081336975
Direct PPO,1031,0.03,0.0,-0.9611496329307556,0.9009804725646973,0.39864641427993774,True,0.33408868312835693,0.006202680058777332,0.004035951569676399,0.023993700742721558,0.855,3.0,3.0,0.011851310729980469,0.0,0.14081831276416779,0.32561880350112915,0.939615786075592
Direct PPO,1032,0.03,0.0,-0.6833899617195129,-0.5306191444396973,0.49894750118255615,True,0.24009695649147034,0.010948652401566505,0.010897249914705753,0.00933008175343275,0.86,2.9000000000000004,2.9000000000000004,0.019582748413085938,0.0,0.12020216882228851,0.301075279712677,0.8602798581123352
Direct PPO,1033,0.03,0.0,-0.7577928304672241,0.7459949851036072,0.4761985242366791,True,0.2794606685638428,0.008756153285503387,0.008843273855745792,0.03715861961245537,0.8525,2.95,2.95,0.017742156982421875,0.0,0.12525996565818787,0.30570030212402344,0.7805181741714478
Direct PPO,1034,0.03,0.0,-0.5296080112457275,-0.6777904629707336,0.22327283024787903,True,0.1759095937013626,0.008031673729419708,0.0070029920898377895,0.042078785598278046,0.8925,2.35,5.3500000000000005,0.003949880599975586,0.0,0.1622026115655899,0.3531593680381775,1.0140163898468018
Direct PPO,1035,0.03,0.0,-1.5201642513275146,-0.23973245918750763,0.436818927526474,True,0.49290287494659424,0.01121609192341566,0.0037406401243060827,0.04366574063897133,0.8,4.0,4.0,0.01432657241821289,0.0,0.10428385436534882,0.27364984154701233,0.8953034281730652
Direct PPO,1036,0.03,0.0,-1.558912754058838,0.6018440127372742,0.34900519251823425,True,0.4778796434402466,0.00757580017670989,0.009286541491746902,0.03831550478935242,0.8225,3.5500000000000003,3.5500000000000003,0.014300346374511719,0.0,0.11678056418895721,0.295298308134079,0.9134421348571777
Direct PPO,1037,0.03,0.0,-1.5164998769760132,-0.3818822205066681,0.38270920515060425,True,0.4682249426841736,0.008703813888132572,0.008454693481326103,0.017587926238775253,0.8175,3.8000000000000003,3.8000000000000003,0.016132831573486328,0.0,0.12583959102630615,0.3048363924026489,0.816986083984375
Direct PPO,1038,0.03,0.0,-1.5098652839660645,-0.8029577136039734,0.31811848282814026,True,0.4629186689853668,0.008436261676251888,0.010058950632810593,0.018308961763978004,0.8325,3.35,3.35,0.009755849838256836,0.0,0.13278938829898834,0.30714911222457886,0.97090083360672
Direct PPO,1039,0.03,0.0,-0.6960156559944153,-0.0387578122317791,0.3661683201789856,True,0.18716101348400116,0.0087581193074584,0.009595414623618126,0.02483556792140007,0.8825,2.45,2.45,0.016436100006103516,0.0,0.13669909536838531,0.3268382251262665,0.8695926666259766
Direct PPO,1040,0.03,0.0,-0.7547146081924438,0.5635512471199036,0.4134989380836487,True,0.24369578063488007,0.008650786243379116,0.003787178313359618,0.04239533469080925,0.8675,2.85,2.85,0.0140228271484375,0.0,0.12037989497184753,0.30627575516700745,0.8297327756881714
Direct PPO,1041,0.03,0.0,-0.6478168964385986,-0.19675222039222717,0.46515655517578125,True,0.20045849680900574,0.008097155950963497,0.004662841092795134,0.018073130398988724,0.88,2.4000000000000004,2.4000000000000004,0.015041351318359375,0.0,0.12800997495651245,0.3097955584526062,0.8460330963134766
Direct PPO,1042,0.03,0.0,-1.463887333869934,-0.25558269023895264,0.3728010952472687,True,0.4416361451148987,0.007101560477167368,0.0015040879370644689,0.032803114503622055,0.8225,3.5500000000000003,3.5500000000000003,0.012311935424804688,0.0,0.12289898097515106,0.3027990460395813,0.8316376805305481
Direct PPO,1043,0.03,0.0,-1.7490100860595703,-0.7958716750144958,0.31946444511413574,True,0.544552206993103,0.007729803211987019,0.006166342180222273,0.0063350750133395195,0.81,3.8000000000000003,3.8000000000000003,0.011670112609863281,0.0,0.1242089718580246,0.2970331609249115,0.8850396871566772
Direct PPO,1044,0.03,0.0,-1.981444239616394,0.7169352173805237,0.20961801707744598,True,0.5732841491699219,0.009063506498932838,0.01194399781525135,0.07085482031106949,0.81,3.75,4.45,0.04650682210922241,0.0,0.14408187568187714,0.3209311068058014,1.0526456832885742
Direct PPO,1045,0.03,0.0,-0.7272861003875732,-0.39523494243621826,0.4158290922641754,True,0.21914373338222504,0.009156743064522743,0.006626544985920191,0.04497254639863968,0.8775,2.45,2.45,0.013997554779052734,0.0,0.138510599732399,0.329843670129776,0.9751521944999695
Direct PPO,1046,0.03,0.0,-1.868130087852478,0.6265861392021179,0.39649125933647156,True,0.6170511841773987,0.012084947898983955,0.006021679379045963,0.04214005917310715,0.7825,4.3500000000000005,4.3500000000000005,0.014748096466064453,0.0,0.1150551289319992,0.2890819013118744,0.7880419492721558
Direct PPO,1047,0.03,0.0,-1.1699552536010742,-0.14992530643939972,0.29876548051834106,True,0.3141731321811676,0.007209534756839275,0.0014976353850215673,0.023064393550157547,0.8575,2.85,2.85,0.01255035400390625,0.0,0.13484254479408264,0.31365686655044556,1.0023449659347534
Direct PPO,1048,0.03,0.0,-0.9076822996139526,-0.7630760073661804,0.4824531674385071,True,0.32529255747795105,0.009090063162147999,0.016286062076687813,0.012323667295277119,0.845,3.25,3.25,0.01779937744140625,0.0,0.13337257504463196,0.3187439739704132,0.8657141923904419
Direct PPO,1049,0.03,0.0,-1.6127384901046753,0.09402617067098618,0.43331217765808105,True,0.5258643627166748,0.010110599920153618,0.00801575556397438,0.0322115533053875,0.785,4.5,4.5,0.016271114349365234,0.0,0.11794963479042053,0.28961434960365295,0.8319907188415527
Direct PPO,1050,0.03,0.0,-1.2507070302963257,-0.40418457984924316,0.49881017208099365,True,0.425681471824646,0.010036660358309746,0.01035799365490675,0.038976434618234634,0.8,4.3500000000000005,4.3500000000000005,0.018346786499023438,0.0,0.12432648241519928,0.3031502664089203,0.8773192167282104
Direct PPO,1051,0.03,0.0,-0.8433747291564941,-0.6024307608604431,0.2584548592567444,True,0.23420538008213043,0.007112540304660797,0.007083114702254534,0.012526579201221466,0.8825,2.35,2.35,0.01010894775390625,0.0,0.12189525365829468,0.29918238520622253,0.9341301918029785
Direct PPO,1052,0.03,0.0,-1.577463150024414,-0.03658809885382652,0.32490968704223633,True,0.4602831304073334,0.008601002395153046,0.008115401491522789,0.06406215578317642,0.825,3.5,3.5,0.013740301132202148,0.0,0.12668919563293457,0.3058772683143616,0.8990837931632996
Direct PPO,1053,0.03,0.0,-0.7320424914360046,-0.38764455914497375,0.44851720333099365,True,0.22946761548519135,0.0076502286829054356,0.014495819807052612,0.008150521665811539,0.87,2.85,2.85,0.015003681182861328,0.0,0.11390026658773422,0.2935369312763214,0.9077658653259277
Direct PPO,1054,0.03,0.0,-1.9604523181915283,0.6108824014663696,0.3443475067615509,True,0.623224139213562,0.007025072351098061,0.005544519983232021,0.026853904128074646,0.7875,4.25,4.25,0.009575366973876953,0.0,0.11760079115629196,0.29180771112442017,0.8533890843391418
Direct PPO,1055,0.03,0.0,-0.8035520911216736,-0.8197364807128906,0.37500709295272827,True,0.27567002177238464,0.0077493940480053425,0.011938076466321945,0.030871668830513954,0.8725,2.5,3.25,0.016517162322998047,0.0,0.13233602046966553,0.31015580892562866,0.9136269688606262
Direct PPO,1056,0.03,0.0,-0.6173267960548401,-0.7547652125358582,0.33817118406295776,True,0.2171642780303955,0.00676282774657011,0.002619983861222863,0.030163170769810677,0.89,2.2,2.2,0.013483524322509766,0.0,0.13867147266864777,0.3220512270927429,0.902673602104187
Direct PPO,1057,0.03,0.0,-1.4013786315917969,-0.020997419953346252,0.2980625629425049,True,0.38911566138267517,0.007206324487924576,0.0009972892003133893,0.029243363067507744,0.8425,3.1500000000000004,3.1500000000000004,0.0064182281494140625,0.0,0.12691955268383026,0.3108781576156616,0.8309705257415771
Direct PPO,1058,0.03,0.0,-1.9344123601913452,-0.6835842132568359,0.34246277809143066,True,0.6164422631263733,0.007471107877790928,0.008089089766144753,0.024374211207032204,0.7925,4.15,4.15,0.013197898864746094,0.0,0.12530852854251862,0.293894499540329,0.8829745054244995
Direct PPO,1059,0.03,0.0,-1.3239208459854126,-0.34795770049095154,0.3298633396625519,True,0.37856170535087585,0.007630364969372749,0.008813758380711079,0.018052348867058754,0.8425,3.1500000000000004,3.1500000000000004,0.011854171752929688,0.0,0.12454261630773544,0.30249619483947754,0.8793830871582031
Direct PPO,1060,0.03,0.0,-0.5232435464859009,-0.8263487219810486,0.4775193929672241,True,0.23362231254577637,0.010193082503974438,0.006937876343727112,0.03064127266407013,0.86,2.85,2.85,0.015735149383544922,0.0,0.12047789990901947,0.300758957862854,0.8112156391143799
Direct PPO,1061,0.03,0.0,-1.0766786336898804,0.09924349933862686,0.28927016258239746,True,0.28245973587036133,0.008238798007369041,0.009882315993309021,0.02480284497141838,0.865,2.7,2.7,0.009595394134521484,0.0,0.14974328875541687,0.3346094787120819,1.0555061101913452
Direct PPO,1062,0.03,0.0,-1.020176649093628,-0.6513675451278687,0.4292861223220825,True,0.3312990069389343,0.007302742917090654,0.0034215962514281273,0.007853273302316666,0.845,3.1500000000000004,3.1500000000000004,0.01614522933959961,0.0,0.13491234183311462,0.3169343173503876,1.0007221698760986
Direct PPO,1063,0.03,0.0,-0.5567145943641663,0.6067063212394714,0.2895512878894806,True,0.17928624153137207,0.007512043230235577,0.005948368925601244,0.019950754940509796,0.875,2.5,2.5,0.01282954216003418,0.0,0.13524146378040314,0.32439419627189636,0.8530373573303223
Direct PPO,1064,0.03,0.0,-1.6129041910171509,-0.13716638088226318,0.24278511106967926,True,0.44111546874046326,0.008734206669032574,0.004866608884185553,0.0473860427737236,0.8325,3.35,3.35,0.02085345983505249,0.0,0.12271200120449066,0.29289060831069946,0.9637793302536011
Direct PPO,1065,0.03,0.0,-0.5033138990402222,-0.5932050347328186,0.453745573759079,True,0.18831361830234528,0.009259835816919804,0.006024135276675224,0.025331692770123482,0.8825,2.7,2.7,0.018440723419189453,0.0,0.1306217610836029,0.3191021978855133,0.839756965637207
Direct PPO,1066,0.03,0.0,-1.3762075901031494,0.32575497031211853,0.20805609226226807,True,0.3566734492778778,0.008829381316900253,0.008550986647605896,0.012992682866752148,0.8525,2.95,2.95,0.027596116065979004,0.0,0.1393415480852127,0.32078859210014343,0.8793107867240906
Direct PPO,1067,0.03,0.0,-0.6176835894584656,0.9055254459381104,0.20151829719543457,True,0.23304954171180725,0.007991859689354897,0.004749435931444168,0.04211391508579254,0.855,3.0500000000000003,3.0500000000000003,0.005170464515686035,0.0,0.13182394206523895,0.3176363706588745,0.9413964748382568
Direct PPO,1068,0.03,0.0,-0.7787961959838867,0.5352519750595093,0.25048118829727173,True,0.21191295981407166,0.007626403123140335,0.007626265287399292,0.04550253599882126,0.885,2.4000000000000004,2.4000000000000004,0.0029401779174804688,0.0,0.13621199131011963,0.32386767864227295,0.9013047218322754
Direct PPO,1069,0.03,0.0,-0.5076419115066528,0.8446078896522522,0.24751581251621246,True,0.21009983122348785,0.007799655199050903,0.006279049441218376,0.01017405278980732,0.865,3.25,3.25,0.017603635787963867,0.0,0.14006201922893524,0.33134472370147705,0.9311199188232422
Direct PPO,1070,0.03,0.0,-1.6644020080566406,0.9533751606941223,0.22921264171600342,True,0.49417510628700256,0.009657487273216248,0.008004383184015751,0.006469486281275749,0.82,3.6,3.6,0.026190340518951416,0.0,0.13053452968597412,0.30618250370025635,0.954290509223938
Direct PPO,1071,0.03,0.0,-1.6379417181015015,0.7469041347503662,0.26974478363990784,True,0.48199263215065,0.007201828062534332,0.005135023966431618,0.021365653723478317,0.8275,3.45,3.45,0.012745380401611328,0.0,0.137685164809227,0.3146505355834961,0.9800675511360168
Direct PPO,1072,0.03,0.0,-1.22187077999115,0.3675197660923004,0.4661308228969574,True,0.3998875916004181,0.011487807147204876,0.003159640822559595,0.00778860691934824,0.8075,4.15,4.15,0.020621299743652344,0.0,0.12361500412225723,0.3024311363697052,0.8609607219696045
Direct PPO,1073,0.03,0.0,-1.5133368968963623,0.8512749075889587,0.3800120949745178,True,0.49223053455352783,0.007967828772962093,0.009050354361534119,0.006464521400630474,0.815,3.85,3.85,0.012047290802001953,0.0,0.13058927655220032,0.3067850172519684,0.9467369318008423
Direct PPO,1074,0.03,0.0,-0.5001789927482605,-0.2884053587913513,0.4962819218635559,True,0.16741442680358887,0.008001868613064289,0.005012088920921087,0.06673859804868698,0.8825,2.5,2.5,0.018381595611572266,0.0,0.13355527818202972,0.32307928800582886,0.936215877532959
Direct PPO,1075,0.03,0.0,-0.8189709782600403,0.9466501474380493,0.23914383351802826,True,0.2781257629394531,0.00817811582237482,0.003228395013138652,0.04052788391709328,0.865,2.85,2.85,0.007057547569274902,0.0,0.14877857267856598,0.33829838037490845,0.9080303907394409
Direct PPO,1076,0.03,0.0,-1.445397138595581,-0.562984049320221,0.45283621549606323,True,0.4827670454978943,0.012800156138837337,0.000582261651288718,0.038700662553310394,0.8,4.05,4.05,0.019686222076416016,0.0,0.11399739980697632,0.2853010296821594,0.8753020763397217
Direct PPO,1077,0.03,0.0,-0.6151338219642639,-0.8893533945083618,0.2694230377674103,True,0.23344680666923523,0.008726237341761589,0.001028296654112637,0.014714346267282963,0.8675,2.85,2.85,0.008510112762451172,0.0,0.1505923867225647,0.34173133969306946,0.8398194313049316
Direct PPO,1078,0.03,0.0,-0.6580581068992615,-0.6858707666397095,0.23459486663341522,True,0.20074264705181122,0.007822818122804165,0.002286342903971672,0.025219852104783058,0.9,2.0,2.0,0.007052898406982422,0.0,0.13861538469791412,0.3244851231575012,0.8515868186950684
Direct PPO,1079,0.03,0.0,-0.5874135494232178,0.8651593327522278,0.4896434247493744,True,0.2587716281414032,0.010208739899098873,0.008643741719424725,0.014529559761285782,0.8575,3.0,3.0,0.018178939819335938,0.0,0.12055252492427826,0.30231809616088867,0.9027295708656311
Direct PPO,1080,0.03,0.0,-0.6397119164466858,0.7102972865104675,0.367546945810318,True,0.22271141409873962,0.008348936215043068,0.004375049844384193,0.02581913396716118,0.8775,2.45,2.45,0.015888214111328125,0.0,0.13708415627479553,0.3233318626880646,0.9052406549453735
Direct PPO,1081,0.03,0.0,-1.3320256471633911,0.8601993322372437,0.3006768822669983,True,0.40608933568000793,0.007321552373468876,0.00021322781685739756,0.009893367998301983,0.845,3.1,3.1,0.010145425796508789,0.0,0.13718397915363312,0.3178344964981079,0.9842256307601929
Direct PPO,1082,0.03,0.0,-0.9581221342086792,-0.30673766136169434,0.3117980659008026,True,0.25588706135749817,0.007367485202848911,0.0026536795776337385,0.03586307168006897,0.87,2.6,2.6,0.015811681747436523,0.0,0.1336807906627655,0.32031530141830444,0.8506818413734436
Direct PPO,1083,0.03,0.0,-1.3940625190734863,0.6289385557174683,0.21643398702144623,True,0.3795351982116699,0.0068073999136686325,0.009467100724577904,0.023371892049908638,0.845,3.3000000000000003,3.3000000000000003,0.050644516944885254,0.005,0.12623564898967743,0.30471184849739075,0.9110530614852905
Direct PPO,1084,0.03,0.0,-0.7371216416358948,-0.8951173424720764,0.4071005880832672,True,0.2779906094074249,0.006475863978266716,0.0057406299747526646,0.016395356506109238,0.8675,2.85,2.85,0.010489463806152344,0.0,0.1227804645895958,0.30034708976745605,0.9863966107368469
Direct PPO,1085,0.03,0.0,-0.7224554419517517,-0.08529454469680786,0.4138740301132202,True,0.20723392069339752,0.006870229262858629,0.00792019348591566,0.0158198531717062,0.875,2.5,2.5,0.017511367797851562,0.0,0.14366687834262848,0.3307421803474426,0.8556021451950073
Direct PPO,1086,0.03,0.0,-0.7490203976631165,-0.7008727788925171,0.4387705326080322,True,0.2602596580982208,0.007214427459985018,0.007702875882387161,0.02586280182003975,0.865,3.0500000000000003,3.0500000000000003,0.010220527648925781,0.0,0.12027744203805923,0.2982817590236664,0.871132493019104
Direct PPO,1087,0.03,0.0,-1.2718281745910645,-0.8616007566452026,0.3274095356464386,True,0.39691585302352905,0.005639818497002125,0.0032395210582762957,0.030436024069786072,0.845,3.1,3.1,0.00910806655883789,0.0,0.1324971318244934,0.3100335896015167,0.9708921909332275
Direct PPO,1088,0.03,0.0,-1.148199200630188,-0.9221230149269104,0.4605681300163269,True,0.4109443128108978,0.009766971692442894,0.008144606836140156,0.01743176020681858,0.8275,3.4000000000000004,4.0,0.015473365783691406,0.0,0.12162260711193085,0.2943076491355896,0.8515176773071289
Direct PPO,1089,0.03,0.0,-1.8535881042480469,0.5890284776687622,0.37915652990341187,True,0.6000849008560181,0.009382217191159725,0.014485161751508713,0.0034889187663793564,0.79,4.2,4.2,0.01653003692626953,0.0,0.1259811371564865,0.30022668838500977,0.8915011286735535
Direct PPO,1090,0.03,0.0,-0.9845758080482483,-0.6573527455329895,0.30003631114959717,True,0.2852846682071686,0.006900497246533632,0.009227357804775238,0.06654766947031021,0.87,2.5500000000000003,17.85,0.008626461029052734,0.0,0.1487322747707367,0.3310402035713196,0.9579464793205261
Direct PPO,1091,0.03,0.0,-1.8845704793930054,-0.6914018392562866,0.36124923825263977,True,0.6079177260398865,0.007882505655288696,0.004489074926823378,0.010721221566200256,0.79,4.2,4.2,0.014713764190673828,0.0,0.12477356940507889,0.30366936326026917,0.9631794095039368
Direct PPO,1092,0.03,0.0,-1.9696727991104126,-0.2278679758310318,0.31251582503318787,True,0.6006034016609192,0.006568212062120438,0.006079316604882479,0.030949769541621208,0.7975,4.05,4.05,0.012132644653320312,0.0,0.11635644733905792,0.2897535562515259,0.8235676884651184
Direct PPO,1093,0.03,0.0,-0.8791002631187439,0.07968070358037949,0.43002596497535706,True,0.26184260845184326,0.007140836678445339,0.00398865295574069,0.047526732087135315,0.8575,3.2,3.2,0.014510869979858398,0.0,0.11960429698228836,0.298734188079834,0.8288092613220215
Direct PPO,1094,0.03,0.0,-0.9031349420547485,-0.5643354058265686,0.2514164447784424,True,0.2439744621515274,0.008314461447298527,0.006737986579537392,0.017733115702867508,0.8825,2.35,2.35,0.007489204406738281,0.0,0.14142678678035736,0.33010199666023254,0.8816565871238708
Direct PPO,1095,0.03,0.0,-1.3096781969070435,-0.4019305408000946,0.2943161725997925,True,0.3636603355407715,0.006474134977906942,0.004062797874212265,0.022282438352704048,0.8475,3.0500000000000003,3.0500000000000003,0.007618904113769531,0.0,0.1332983821630478,0.31327176094055176,0.8566105365753174
Direct PPO,1096,0.03,0.0,-0.5565752387046814,0.7886120080947876,0.27283963561058044,True,0.2074289619922638,0.00788560789078474,0.0030921529978513718,0.03617371618747711,0.86,3.1500000000000004,3.1500000000000004,0.009570121765136719,0.0,0.14019449055194855,0.3229202628135681,0.9851862192153931
Direct PPO,1097,0.03,0.0,-1.3080552816390991,0.037033263593912125,0.27344202995300293,True,0.35035067796707153,0.00890191551297903,0.005586970131844282,0.0204815361648798,0.85,3.0,3.0,0.010987997055053711,0.0,0.14017446339130402,0.32287076115608215,0.9963676929473877
Direct PPO,1098,0.03,0.0,-1.2224541902542114,-0.25077617168426514,0.4742331802845001,True,0.39905548095703125,0.011191370896995068,0.014512760564684868,0.035468414425849915,0.82,3.6,3.6,0.01955127716064453,0.0,0.11404938995838165,0.29269540309906006,0.9503532648086548
Direct PPO,1099,0.03,0.0,-1.9130916595458984,0.09447009861469269,0.36984628438949585,True,0.6082426905632019,0.008188867010176182,0.01061710063368082,0.008388020098209381,0.785,4.3,4.3,0.010737895965576172,0.0,0.12173674255609512,0.2937568426132202,0.8827880024909973
Residual PPO,1000,0.03,0.0,-1.2179213762283325,0.20768369734287262,0.34128254652023315,True,0.3613690733909607,0.01677044853568077,0.007717421278357506,0.002658151090145111,0.8125,3.75,3.75,0.007628917694091797,0.0,0.0012090284144505858,0.03071882575750351,0.10436128824949265
Residual PPO,1001,0.03,0.0,-1.0811076164245605,-0.9685990810394287,0.25630688667297363,True,0.37665408849716187,0.02050524204969406,0.004551393445581198,0.006008500698953867,0.8,4.0,4.0,0.005085945129394531,0.0,0.0013523028464987874,0.032513007521629333,0.10283806174993515
Residual PPO,1002,0.03,0.0,-1.428768277168274,-0.28562131524086,0.4242836833000183,True,0.4625273644924164,0.02320767380297184,0.00699906051158905,0.0077894008718431,0.7875,4.25,4.25,0.010695934295654297,0.0,0.001324028242379427,0.031861063092947006,0.08680465072393417
Residual PPO,1003,0.03,0.0,-1.7183640003204346,-0.48658838868141174,0.34840381145477295,True,0.5438897013664246,0.026497602462768555,0.0009407280012965202,0.012824187986552715,0.7775,4.45,4.45,0.004538536071777344,0.0,0.0012994651915505528,0.03143193945288658,0.09950617700815201
Residual PPO,1004,0.03,0.0,-1.998679280281067,-0.7396973967552185,0.24154320359230042,True,0.6165851950645447,0.02544586732983589,0.009913899004459381,0.0026201417203992605,0.7675,4.65,4.65,0.0013263225555419922,0.0,0.0015158881433308125,0.03476405143737793,0.12021329998970032
Residual PPO,1005,0.03,0.0,-1.8766711950302124,0.8611240983009338,0.28618520498275757,True,0.602738082408905,0.02222822792828083,0.0033821293618530035,0.007309535052627325,0.7675,4.65,4.65,0.00284576416015625,0.0,0.001360389986075461,0.03217592462897301,0.10159481316804886
Residual PPO,1006,0.03,0.0,-1.4946178197860718,0.20171388983726501,0.28934937715530396,True,0.4365249276161194,0.015738707035779953,0.0025601969100534916,0.007637756876647472,0.795,4.1000000000000005,4.1000000000000005,0.002060413360595703,0.0,0.0012318732915446162,0.03081684745848179,0.08402292430400848
Residual PPO,1007,0.03,0.0,-1.8931626081466675,0.6319606900215149,0.39287856221199036,True,0.6390159726142883,0.028428999707102776,0.006355335004627705,0.0049104345962405205,0.755,4.9,4.9,0.00839996337890625,0.0,0.001184932072646916,0.030176345258951187,0.08360623568296432
Residual PPO,1008,0.03,0.0,-1.749120831489563,0.6261014938354492,0.26522985100746155,True,0.5336333513259888,0.01919499784708023,0.0034929111134260893,0.005509156733751297,0.7825,4.3500000000000005,4.3500000000000005,0.002060413360595703,0.0,0.0013727456098422408,0.032600853592157364,0.09527374804019928
Residual PPO,1009,0.03,0.0,-1.9152493476867676,-0.3461688160896301,0.2149554342031479,True,0.5583931803703308,0.02114051766693592,0.006523326970636845,0.0031399819999933243,0.7725,4.55,4.55,0.004694461822509766,0.0,0.001363319461233914,0.03228721022605896,0.09539788961410522
Residual PPO,1010,0.03,0.0,-1.8575115203857422,0.07161146402359009,0.4753030240535736,True,0.6558584570884705,0.03892017528414726,0.012269709259271622,0.005172706209123135,0.7375,5.25,5.25,0.013875007629394531,0.0,0.0012344574788585305,0.030106039717793465,0.10994163900613785
Residual PPO,1011,0.03,0.0,-1.57381272315979,0.12664707005023956,0.26378002762794495,True,0.45359936356544495,0.02098529040813446,0.012812011875212193,0.012654434889554977,0.7975,4.05,4.05,0.004862308502197266,0.0,0.0012244578683748841,0.03047265112400055,0.0962291955947876
Residual PPO,1012,0.03,0.0,-1.5405192375183105,0.561293363571167,0.2715309262275696,True,0.46333378553390503,0.01638866402208805,0.0033589948434382677,0.009880945086479187,0.7925,4.15,4.15,0.0030679702758789062,0.0,0.0013515892205759883,0.03214678540825844,0.11510282754898071
Residual PPO,1013,0.03,0.0,-0.8082606196403503,-0.8420410752296448,0.401797890663147,True,0.31526464223861694,0.014770563691854477,0.004414589609950781,0.0049937074072659016,0.8225,3.5500000000000003,3.5500000000000003,0.012319564819335938,0.0,0.001482245628722012,0.033319685608148575,0.17109175026416779
Residual PPO,1014,0.03,0.0,-1.3467140197753906,0.1714046150445938,0.4693894386291504,True,0.44937294721603394,0.021972347050905228,0.011867317371070385,0.00698138726875186,0.7875,4.25,4.25,0.016249656677246094,0.0,0.0013154777698218822,0.0313398502767086,0.10523656010627747
Residual PPO,1015,0.03,0.0,-1.4601455926895142,0.21413566172122955,0.39239153265953064,True,0.45884034037590027,0.016890650615096092,0.004873448982834816,0.014308677986264229,0.79,4.2,4.2,0.009593963623046875,0.0,0.001189508126117289,0.030288122594356537,0.08131597191095352
Residual PPO,1016,0.03,0.0,-1.6580126285552979,-0.11461202055215836,0.3060871958732605,True,0.49510273337364197,0.01857748255133629,0.004956275224685669,0.004754079971462488,0.785,4.3,4.3,0.0020351409912109375,0.0,0.0014732115669175982,0.033303093165159225,0.11681158095598221
Residual PPO,1017,0.03,0.0,-0.62247234582901,0.6426637768745422,0.4917738139629364,True,0.2543404698371887,0.009930850937962532,0.010495112277567387,0.0022378098219633102,0.845,3.1,3.1,0.011416435241699219,0.0,0.001293415087275207,0.03195551037788391,0.10155720263719559
Residual PPO,1018,0.03,0.0,-1.1090368032455444,-0.0900818482041359,0.4614541530609131,True,0.3590978682041168,0.019888728857040405,0.010291454382240772,0.009749597869813442,0.8125,3.75,3.75,0.01111602783203125,0.0,0.0013503797817975283,0.03192383423447609,0.10730481892824173
Residual PPO,1019,0.03,0.0,-1.674609661102295,-0.20800989866256714,0.34006524085998535,True,0.5148975253105164,0.02173546701669693,0.0077848490327596664,0.004895401652902365,0.78,4.4,4.4,0.007571220397949219,0.0,0.001362298964522779,0.032010581344366074,0.08775843679904938
Residual PPO,1020,0.03,0.0,-1.1319496631622314,-0.4326494336128235,0.2227078378200531,True,0.3184167146682739,0.012202069163322449,0.006052116863429546,0.007159861735999584,0.8225,3.5500000000000003,3.5500000000000003,0.005982875823974609,0.0,0.0013928191037848592,0.0333094447851181,0.08573071658611298
Residual PPO,1021,0.03,0.0,-1.4384177923202515,-0.8382971882820129,0.49743902683258057,True,0.5361210703849792,0.03137033060193062,0.012906519696116447,0.0064384606666862965,0.7675,4.65,4.65,0.013002872467041016,0.0,0.0012987955706194043,0.03125963360071182,0.08906376361846924
Residual PPO,1022,0.03,0.0,-1.999210000038147,0.8368335366249084,0.37694433331489563,True,0.685259222984314,0.027806220576167107,0.011641554534435272,0.003716809907928109,0.7475,5.050000000000001,5.050000000000001,0.013155937194824219,0.0,0.0013142110547050834,0.032235220074653625,0.0873832181096077
Residual PPO,1023,0.03,0.0,-1.4916963577270508,0.8117974996566772,0.4728805720806122,True,0.5424374341964722,0.027489732950925827,0.010186050087213516,0.004129522014409304,0.7725,4.55,4.55,0.01675701141357422,0.0,0.0012700717197731137,0.031214455142617226,0.09494852274656296
Residual PPO,1024,0.03,0.0,-1.51630699634552,-0.48329436779022217,0.3110935389995575,True,0.46168801188468933,0.021997647359967232,0.0038981118705123663,0.004332970827817917,0.7925,4.15,4.15,0.0024347305297851562,0.0,0.0013051300775259733,0.031244073063135147,0.0959719568490982
Residual PPO,1025,0.03,0.0,-0.7683239579200745,0.258014976978302,0.24864348769187927,True,0.20745137333869934,0.008110457099974155,0.001295276335440576,0.007448130287230015,0.86,2.8000000000000003,2.8000000000000003,0.0036056041717529297,0.0,0.0013540239306166768,0.03237832710146904,0.09352409094572067
Residual PPO,1026,0.03,0.0,-1.7438942193984985,0.19023452699184418,0.2583710551261902,True,0.5105002522468567,0.02180153876543045,0.004112657159566879,0.005825703032314777,0.785,4.3,4.3,0.011363506317138672,0.0,0.0013178177177906036,0.03136615455150604,0.10849304497241974
Residual PPO,1027,0.03,0.0,-1.9580382108688354,0.12429128587245941,0.36954861879348755,True,0.6340957283973694,0.031902384012937546,0.011826938018202782,0.0064313169568777084,0.7575,4.8500000000000005,4.8500000000000005,0.011974811553955078,0.0,0.0011687063379213214,0.029665686190128326,0.09189058095216751
Residual PPO,1028,0.03,0.0,-0.7757433652877808,-0.22796711325645447,0.4025936424732208,True,0.24007518589496613,0.011841559782624245,0.006188849452883005,0.009644732810556889,0.845,3.1,3.1,0.009724617004394531,0.0,0.001480795443058014,0.03349742665886879,0.10217791050672531
Residual PPO,1029,0.03,0.0,-0.7448340058326721,0.6458722352981567,0.214758962392807,True,0.23805588483810425,0.010659700259566307,0.0033318731002509594,0.0033981739543378353,0.86,2.8000000000000003,2.8000000000000003,0.0026535987854003906,0.0,0.0011673583649098873,0.030573245137929916,0.08091344684362411
Residual PPO,1030,0.03,0.0,-1.6447029113769531,-0.9496257901191711,0.4438457489013672,True,0.5954517126083374,0.033078160136938095,0.004540921188890934,0.0060976771637797356,0.7575,4.8500000000000005,4.8500000000000005,0.011721134185791016,0.0,0.0013071531429886818,0.03149333596229553,0.08616828173398972
Residual PPO,1031,0.03,0.0,-0.9611496329307556,0.9009804725646973,0.39864641427993774,True,0.36069953441619873,0.015366093255579472,0.007767634000629187,0.0006581582129001617,0.82,3.6,3.6,0.008719444274902344,0.0,0.00145437300670892,0.03361182287335396,0.09250432997941971
Residual PPO,1032,0.03,0.0,-0.6833899617195129,-0.5306191444396973,0.49894750118255615,True,0.2605375349521637,0.014870190061628819,0.01381468866020441,0.011013876646757126,0.8325,3.35,3.35,0.016739845275878906,0.0,0.0013701990246772766,0.032557543367147446,0.11528598517179489
Residual PPO,1033,0.03,0.0,-0.7577928304672241,0.7459949851036072,0.4761985242366791,True,0.3013678789138794,0.013254741206765175,0.007050534710288048,0.007099138107150793,0.83,3.4000000000000004,3.4000000000000004,0.01429891586303711,0.0,0.0013671889901161194,0.03239517658948898,0.09333448857069016
Residual PPO,1034,0.03,0.0,-0.5296080112457275,-0.6777904629707336,0.22327283024787903,True,0.20556437969207764,0.01201805379241705,0.0032639233395457268,0.012727008201181889,0.8475,3.0500000000000003,3.0500000000000003,0.004717588424682617,0.0,0.0016315521206706762,0.035576626658439636,0.10308510065078735
Residual PPO,1035,0.03,0.0,-1.5201642513275146,-0.23973245918750763,0.436818927526474,True,0.5003756284713745,0.024282492697238922,0.006237326189875603,0.0051985676400363445,0.7775,4.45,4.45,0.01302194595336914,0.0,0.0011774125741794705,0.0300395879894495,0.08877675980329514
Residual PPO,1036,0.03,0.0,-1.558912754058838,0.6018440127372742,0.34900519251823425,True,0.4966219365596771,0.01768931746482849,0.010688344947993755,0.0068388525396585464,0.7825,4.3500000000000005,4.3500000000000005,0.011199951171875,0.0,0.00123270892072469,0.030978433787822723,0.09373010694980621
Residual PPO,1037,0.03,0.0,-1.5164998769760132,-0.3818822205066681,0.38270920515060425,True,0.4809024930000305,0.02218838408589363,0.005264413543045521,0.007216514088213444,0.7875,4.25,4.25,0.014418601989746094,0.0,0.001306813326664269,0.031728241592645645,0.11058954894542694
Residual PPO,1038,0.03,0.0,-1.5098652839660645,-0.8029577136039734,0.31811848282814026,True,0.48663610219955444,0.02091827429831028,0.01209658570587635,0.003930051811039448,0.79,4.2,4.2,0.0025959014892578125,0.0,0.001320276060141623,0.03145088255405426,0.09130658209323883
Residual PPO,1039,0.03,0.0,-0.6960156559944153,-0.0387578122317791,0.3661683201789856,True,0.20173366367816925,0.010911960154771805,0.008385034278035164,0.007960318587720394,0.86,2.8000000000000003,2.8000000000000003,0.013699531555175781,0.0,0.0013804228510707617,0.032809168100357056,0.09161154925823212
Residual PPO,1040,0.03,0.0,-0.7547146081924438,0.5635512471199036,0.4134989380836487,True,0.26449957489967346,0.013645045459270477,0.004887588322162628,0.0119863236322999,0.845,3.1,3.1,0.010166645050048828,0.0,0.0012722585815936327,0.0318111814558506,0.08739691972732544
Residual PPO,1041,0.03,0.0,-0.6478168964385986,-0.19675222039222717,0.46515655517578125,True,0.21521331369876862,0.01354192290455103,0.0075483242981135845,0.0048662046901881695,0.8475,3.0500000000000003,3.0500000000000003,0.013447761535644531,0.0,0.0014406612608581781,0.03329002484679222,0.10137506574392319
Residual PPO,1042,0.03,0.0,-1.463887333869934,-0.25558269023895264,0.3728010952472687,True,0.4536951780319214,0.018698642030358315,0.005096470005810261,0.005187840200960636,0.79,4.2,4.2,0.008748531341552734,0.0,0.0012373682111501694,0.030815450474619865,0.09781649708747864
Residual PPO,1043,0.03,0.0,-1.7490100860595703,-0.7958716750144958,0.31946444511413574,True,0.5644909143447876,0.02589309960603714,0.0080066854134202,0.004311576019972563,0.7725,4.55,4.55,0.008808135986328125,0.0,0.0012558080488815904,0.03100939653813839,0.09318837523460388
Residual PPO,1044,0.03,0.0,-1.981444239616394,0.7169352173805237,0.20961801707744598,True,0.5993233323097229,0.02040725015103817,0.0030551350209861994,0.009588713757693768,0.7675,4.65,4.65,0.006692171096801758,0.0,0.0014355155872181058,0.03335565701127052,0.09286528825759888
Residual PPO,1045,0.03,0.0,-0.7272861003875732,-0.39523494243621826,0.4158290922641754,True,0.24011404812335968,0.013404414989054203,0.011362046003341675,0.009696386754512787,0.8475,3.0500000000000003,3.0500000000000003,0.012220382690429688,0.0,0.0014577344991266727,0.034544773399829865,0.0981772318482399
Residual PPO,1046,0.03,0.0,-1.868130087852478,0.6265861392021179,0.39649125933647156,True,0.6314963698387146,0.031118279322981834,0.0009407525649294257,0.015100451186299324,0.7575,4.8500000000000005,4.8500000000000005,0.008821964263916016,0.0,0.001207614433951676,0.03047088347375393,0.08495010435581207
Residual PPO,1047,0.03,0.0,-1.1699552536010742,-0.14992530643939972,0.29876548051834106,True,0.3329582214355469,0.013311127200722694,0.006190527230501175,0.007522540632635355,0.8175,3.6500000000000004,3.6500000000000004,0.008790016174316406,0.0,0.0013609977904707193,0.031544141471385956,0.11940428614616394
Residual PPO,1048,0.03,0.0,-0.9076822996139526,-0.7630760073661804,0.4824531674385071,True,0.3470616340637207,0.01860871911048889,0.015480597503483295,0.0024742837995290756,0.8125,3.75,3.75,0.015410423278808594,0.0,0.0014294403372332454,0.033526595681905746,0.08823717385530472
Residual PPO,1049,0.03,0.0,-1.6127384901046753,0.09402617067098618,0.43331217765808105,True,0.5321750640869141,0.025003746151924133,0.0024793860502541065,0.012460450641810894,0.77,4.6000000000000005,4.6000000000000005,0.01213216781616211,0.0,0.001286104554310441,0.03089408576488495,0.09930093586444855
Residual PPO,1050,0.03,0.0,-1.2507070302963257,-0.40418457984924316,0.49881017208099365,True,0.43513283133506775,0.02391115017235279,0.007815158925950527,0.01014619693160057,0.7875,4.25,4.25,0.01616811752319336,0.0,0.0014695740537717938,0.0338437519967556,0.09787511825561523
Residual PPO,1051,0.03,0.0,-0.8433747291564941,-0.6024307608604431,0.2584548592567444,True,0.2647061049938202,0.013422970660030842,0.0037323918659240007,0.0049652112647891045,0.84,3.2,3.2,0.0065460205078125,0.0,0.0012856210814788938,0.030999885872006416,0.09696099907159805
Residual PPO,1052,0.03,0.0,-1.577463150024414,-0.03658809885382652,0.32490968704223633,True,0.47265195846557617,0.018863756209611893,0.006645711604505777,0.01540702860802412,0.7875,4.25,4.25,0.008909225463867188,0.0,0.001264061196707189,0.03130310773849487,0.08726231753826141
Residual PPO,1053,0.03,0.0,-0.7320424914360046,-0.38764455914497375,0.44851720333099365,True,0.2493772804737091,0.013805397786200047,0.012725221924483776,0.009475957602262497,0.84,3.2,3.2,0.012128829956054688,0.0,0.0012643304653465748,0.03144536167383194,0.09640807658433914
Residual PPO,1054,0.03,0.0,-1.9604523181915283,0.6108824014663696,0.3443475067615509,True,0.639289379119873,0.027122318744659424,0.0010173290502279997,0.0065701925195753574,0.7575,4.8500000000000005,4.8500000000000005,0.0067234039306640625,0.0,0.0012254401808604598,0.030552992597222328,0.08653207123279572
Residual PPO,1055,0.03,0.0,-0.8035520911216736,-0.8197364807128906,0.37500709295272827,True,0.3061246871948242,0.013659750111401081,0.007900948636233807,0.012636945582926273,0.82,3.6,3.6,0.013557910919189453,0.0,0.0013052745489403605,0.03175966069102287,0.09595274925231934
Residual PPO,1056,0.03,0.0,-0.6173267960548401,-0.7547652125358582,0.33817118406295776,True,0.2478456199169159,0.01354701817035675,0.0034229960292577744,0.006667880341410637,0.8375,3.25,3.25,0.00937032699584961,0.0,0.0014027500292286277,0.03310669958591461,0.10307002067565918
Residual PPO,1057,0.03,0.0,-1.4013786315917969,-0.020997419953346252,0.2980625629425049,True,0.4056541919708252,0.01528855413198471,0.0037561291828751564,0.003787224180996418,0.8,4.0,4.0,0.004704952239990234,0.0,0.0012559941969811916,0.0310787633061409,0.10359828919172287
Residual PPO,1058,0.03,0.0,-1.9344123601913452,-0.6835842132568359,0.34246277809143066,True,0.6312258839607239,0.030180225148797035,0.006092336494475603,0.007748134434223175,0.76,4.800000000000001,4.800000000000001,0.01009225845336914,0.0,0.0013148542493581772,0.03086320497095585,0.09182308614253998
Residual PPO,1059,0.03,0.0,-1.3239208459854126,-0.34795770049095154,0.3298633396625519,True,0.3971763849258423,0.01781603693962097,0.009641052223742008,0.00038215453969314694,0.8075,3.85,3.85,0.011499404907226562,0.0,0.0013185007264837623,0.031759895384311676,0.1050708070397377
Residual PPO,1060,0.03,0.0,-0.5232435464859009,-0.8263487219810486,0.4775193929672241,True,0.2629498243331909,0.015355381183326244,0.011211834847927094,0.012871976010501385,0.8275,3.45,3.45,0.014141559600830078,0.0,0.0013634386705234647,0.032441962510347366,0.08980607986450195
Residual PPO,1061,0.03,0.0,-1.0766786336898804,0.09924349933862686,0.28927016258239746,True,0.3013911545276642,0.013148811645805836,0.008943685330450535,0.009611587971448898,0.83,3.4000000000000004,3.4000000000000004,0.006742000579833984,0.0,0.0014575821114704013,0.033890508115291595,0.09070952236652374
Residual PPO,1062,0.03,0.0,-1.020176649093628,-0.6513675451278687,0.4292861223220825,True,0.3532973825931549,0.017486004158854485,0.005389186553657055,0.003639467293396592,0.815,3.7,3.7,0.014260292053222656,0.0,0.0014276360161602497,0.03322184085845947,0.10316429287195206
Residual PPO,1063,0.03,0.0,-0.5567145943641663,0.6067063212394714,0.2895512878894806,True,0.20084531605243683,0.011117536574602127,0.005278174299746752,0.00278216484002769,0.865,2.7,2.7,0.009464502334594727,0.0,0.0013028286630287766,0.03201310336589813,0.10220057517290115
Residual PPO,1064,0.03,0.0,-1.6129041910171509,-0.13716638088226318,0.24278511106967926,True,0.46084079146385193,0.01733691431581974,0.005673166364431381,0.0064596631564199924,0.79,4.2,4.2,0.006656169891357422,0.0,0.0012097666040062904,0.03003600612282753,0.07796099781990051
Residual PPO,1065,0.03,0.0,-0.5033138990402222,-0.5932050347328186,0.453745573759079,True,0.2142159342765808,0.013573610223829746,0.006230345461517572,0.006673203315585852,0.8425,3.1500000000000004,3.1500000000000004,0.014307498931884766,0.0,0.0013707387261092663,0.03290119767189026,0.10908723622560501
Residual PPO,1066,0.03,0.0,-1.3762075901031494,0.32575497031211853,0.20805609226226807,True,0.3821345269680023,0.012464131228625774,0.00724317179992795,0.004400806035846472,0.8075,3.85,3.85,0.00048613548278808594,0.0,0.0013623127015307546,0.032308660447597504,0.08858722448348999
Residual PPO,1067,0.03,0.0,-0.6176835894584656,0.9055254459381104,0.20151829719543457,True,0.25892016291618347,0.010369166731834412,0.0010681537678465247,0.009986049495637417,0.84,3.2,3.2,0.0024247169494628906,0.0,0.0012269590515643358,0.030539704486727715,0.10120968520641327
Residual PPO,1068,0.03,0.0,-0.7787961959838867,0.5352519750595093,0.25048118829727173,True,0.2362389713525772,0.009051923640072346,0.003878676798194647,0.009591339156031609,0.8575,2.85,2.85,0.003749847412109375,0.0,0.0013102953089401126,0.03205440565943718,0.09599675238132477
Residual PPO,1069,0.03,0.0,-0.5076419115066528,0.8446078896522522,0.24751581251621246,True,0.23352639377117157,0.011720968410372734,0.0018882756121456623,0.005926151759922504,0.8475,3.0500000000000003,3.0500000000000003,0.010598421096801758,0.0,0.0013703858712688088,0.03301778808236122,0.09481829404830933
Residual PPO,1070,0.03,0.0,-1.6644020080566406,0.9533751606941223,0.22921264171600342,True,0.5258693695068359,0.020371681079268456,0.0066912476904690266,0.004163981880992651,0.7875,4.25,4.25,0.0009202957153320312,0.0,0.0013013749849051237,0.031504612416028976,0.0972207561135292
Residual PPO,1071,0.03,0.0,-1.6379417181015015,0.7469041347503662,0.26974478363990784,True,0.508317232131958,0.01861562579870224,0.0030163200572133064,0.005953093525022268,0.7875,4.25,4.25,0.00945425033569336,0.0,0.001371390069834888,0.03235058858990669,0.09506119042634964
Residual PPO,1072,0.03,0.0,-1.22187077999115,0.3675197660923004,0.4661308228969574,True,0.4096868932247162,0.019929561764001846,0.004630416166037321,0.0074065192602574825,0.8025,3.95,3.95,0.012117385864257812,0.0,0.001394755207002163,0.032331518828868866,0.14140582084655762
Residual PPO,1073,0.03,0.0,-1.5133368968963623,0.8512749075889587,0.3800120949745178,True,0.5145318508148193,0.0233486145734787,0.00745001994073391,0.002102835103869438,0.7875,4.25,4.25,0.00632476806640625,0.0,0.001322012161836028,0.031426139175891876,0.10580338537693024
Residual PPO,1074,0.03,0.0,-0.5001789927482605,-0.2884053587913513,0.4962819218635559,True,0.18381139636039734,0.012383567169308662,0.00875601451843977,0.007345178164541721,0.865,2.7,2.7,0.014157295227050781,0.0,0.0014670644886791706,0.034305937588214874,0.10760075598955154
Residual PPO,1075,0.03,0.0,-0.8189709782600403,0.9466501474380493,0.23914383351802826,True,0.30870717763900757,0.0122313117608428,0.0013604119885712862,0.010450584813952446,0.83,3.4000000000000004,3.4000000000000004,0.0031812191009521484,0.0,0.0014341901987791061,0.03365778177976608,0.08183621615171432
Residual PPO,1076,0.03,0.0,-1.445397138595581,-0.562984049320221,0.45283621549606323,True,0.4942486882209778,0.023511171340942383,0.006362541113048792,0.015727031975984573,0.78,4.4,4.4,0.011513710021972656,0.0,0.0012702810345217586,0.030874907970428467,0.10007322579622269
Residual PPO,1077,0.03,0.0,-0.6151338219642639,-0.8893533945083618,0.2694230377674103,True,0.26577267050743103,0.01274849846959114,0.0021354767959564924,0.008584730327129364,0.8275,3.45,3.45,0.0047872066497802734,0.0,0.0014940568944439292,0.03458118811249733,0.0962110087275505
Residual PPO,1078,0.03,0.0,-0.6580581068992615,-0.6858707666397095,0.23459486663341522,True,0.2318071722984314,0.011554652824997902,0.003991226200014353,0.0008550253114663064,0.845,3.1,3.1,0.0023164749145507812,0.0,0.0014356040628626943,0.03337915614247322,0.0883726254105568
Residual PPO,1079,0.03,0.0,-0.5874135494232178,0.8651593327522278,0.4896434247493744,True,0.2835595905780792,0.014582294970750809,0.011393262073397636,0.008321463130414486,0.8275,3.45,3.45,0.016345977783203125,0.0,0.0013579418882727623,0.03247277811169624,0.10161293298006058
Residual PPO,1080,0.03,0.0,-0.6397119164466858,0.7102972865104675,0.367546945810318,True,0.24688370525836945,0.012751685455441475,0.00637810816988349,0.004357483703643084,0.845,3.1,3.1,0.012097358703613281,0.0,0.001426540780812502,0.03338161110877991,0.08875741809606552
Residual PPO,1081,0.03,0.0,-1.3320256471633911,0.8601993322372437,0.3006768822669983,True,0.4360540807247162,0.016175799071788788,0.005097799468785524,0.0041886186227202415,0.805,3.9000000000000004,3.9000000000000004,0.006750583648681641,0.0,0.0013794251717627048,0.03283369541168213,0.08966922014951706
Residual PPO,1082,0.03,0.0,-0.9581221342086792,-0.30673766136169434,0.3117980659008026,True,0.27912652492523193,0.013477322645485401,0.004204930271953344,0.012087340466678143,0.835,3.3000000000000003,3.3000000000000003,0.01004934310913086,0.0,0.0013721536379307508,0.03300124406814575,0.09295289218425751
Residual PPO,1083,0.03,0.0,-1.3940625190734863,0.6289385557174683,0.21643398702144623,True,0.40974658727645874,0.01383399311453104,0.002050408162176609,0.004771886859089136,0.805,3.9000000000000004,3.9000000000000004,0.003001689910888672,0.0,0.0012116278521716595,0.03071538731455803,0.08106554299592972
Residual PPO,1084,0.03,0.0,-0.7371216416358948,-0.8951173424720764,0.4071005880832672,True,0.3096340596675873,0.01557055301964283,0.004687202163040638,0.0021781744435429573,0.815,3.7,3.7,0.007912635803222656,0.0,0.001288444036617875,0.03140668943524361,0.11785703152418137
Residual PPO,1085,0.03,0.0,-0.7224554419517517,-0.08529454469680786,0.4138740301132202,True,0.22140303254127502,0.011963456869125366,0.008022475056350231,0.004861915484070778,0.855,2.9000000000000004,2.9000000000000004,0.012590408325195312,0.0,0.0015974241541698575,0.03491567075252533,0.11380242556333542
Residual PPO,1086,0.03,0.0,-0.7490203976631165,-0.7008727788925171,0.4387705326080322,True,0.2866412401199341,0.015561886131763458,0.009629347361624241,0.005628385115414858,0.825,3.5,3.5,0.011050224304199219,0.0,0.0013039400801062584,0.03186817094683647,0.0950750783085823
Residual PPO,1087,0.03,0.0,-1.2718281745910645,-0.8616007566452026,0.3274095356464386,True,0.42568302154541016,0.02063610777258873,0.00431312108412385,0.009718782268464565,0.795,4.1000000000000005,4.1000000000000005,0.0072040557861328125,0.0,0.0013834958663210273,0.03257172554731369,0.0970463901758194
Residual PPO,1088,0.03,0.0,-1.148199200630188,-0.9221230149269104,0.4605681300163269,True,0.43302810192108154,0.023079764097929,0.0036395371425896883,0.0063122850842773914,0.7925,4.15,4.15,0.013010025024414062,0.0,0.001318242633715272,0.03192346170544624,0.0861000046133995
Residual PPO,1089,0.03,0.0,-1.8535881042480469,0.5890284776687622,0.37915652990341187,True,0.6147494912147522,0.026437686756253242,0.013880415819585323,0.002015490084886551,0.76,4.800000000000001,4.800000000000001,0.011698722839355469,0.0,0.0012818099930882454,0.030971748754382133,0.08899066597223282
Residual PPO,1090,0.03,0.0,-0.9845758080482483,-0.6573527455329895,0.30003631114959717,True,0.3153075575828552,0.015287797898054123,0.0066579594276845455,0.01438224222511053,0.8275,3.45,3.45,0.007710456848144531,0.0,0.0015672994777560234,0.035032108426094055,0.10220329463481903
Residual PPO,1091,0.03,0.0,-1.8845704793930054,-0.6914018392562866,0.36124923825263977,True,0.622545599937439,0.02945709601044655,0.007855372503399849,0.002518598921597004,0.7575,4.8500000000000005,4.8500000000000005,0.011387825012207031,0.0,0.0013206008588895202,0.032592467963695526,0.10399625450372696
Residual PPO,1092,0.03,0.0,-1.9696727991104126,-0.2278679758310318,0.31251582503318787,True,0.6119756698608398,0.022544708102941513,0.0073602041229605675,0.002667712979018688,0.755,4.9,4.9,0.008135318756103516,0.0,0.0012578768655657768,0.03105992078781128,0.08193447440862656
Residual PPO,1093,0.03,0.0,-0.8791002631187439,0.07968070358037949,0.43002596497535706,True,0.27378204464912415,0.011091494001448154,0.0026795328594744205,0.010029240511357784,0.8325,3.35,3.35,0.004171848297119141,0.0,0.0012768073938786983,0.03146306052803993,0.08855920284986496
Residual PPO,1094,0.03,0.0,-0.9031349420547485,-0.5643354058265686,0.2514164447784424,True,0.27355319261550903,0.011659456416964531,0.00476228678599,0.008261541835963726,0.84,3.2,3.2,0.006203174591064453,0.0,0.001410441705957055,0.03327641636133194,0.109995998442173
Residual PPO,1095,0.03,0.0,-1.3096781969070435,-0.4019305408000946,0.2943161725997925,True,0.3867488503456116,0.018718963488936424,0.0047287363559007645,0.011565635912120342,0.81,3.8000000000000003,3.8000000000000003,0.0063343048095703125,0.0,0.0013105991529300809,0.03188173472881317,0.09437308460474014
Residual PPO,1096,0.03,0.0,-0.5565752387046814,0.7886120080947876,0.27283963561058044,True,0.23227210342884064,0.01172554586082697,0.005959078669548035,0.0035583118442445993,0.85,3.0,3.0,0.006886959075927734,0.0,0.001325419987551868,0.031949546188116074,0.10750472545623779
Residual PPO,1097,0.03,0.0,-1.3080552816390991,0.037033263593912125,0.27344202995300293,True,0.3700374960899353,0.017832472920417786,0.0031234417110681534,0.005472445860505104,0.815,3.7,3.7,0.008241415023803711,0.0,0.001441161148250103,0.03309590369462967,0.0980415791273117
Residual PPO,1098,0.03,0.0,-1.2224541902542114,-0.25077617168426514,0.4742331802845001,True,0.40745994448661804,0.021561013534665108,0.014397721737623215,0.007739382795989513,0.8,4.0,4.0,0.016173362731933594,0.0,0.0012552383122965693,0.031198501586914062,0.10255018621683121
Residual PPO,1099,0.03,0.0,-1.9130916595458984,0.09447009861469269,0.36984628438949585,True,0.6162579655647278,0.02893940918147564,0.009238158352673054,0.004802198614925146,0.7575,4.8500000000000005,4.8500000000000005,0.008453369140625,0.0,0.0012376750819385052,0.030620742589235306,0.10705063492059708
PD+FF,1000,0.05,0.0,-1.2179213762283325,0.20768369734287262,0.34128254652023315,True,0.39241722226142883,0.0547562837600708,0.008924426510930061,0.0038758472073823214,0.72,5.6000000000000005,5.6000000000000005,0.0026807785034179688,0.0,0.0018427192699164152,0.03825046122074127,0.12389852106571198
PD+FF,1001,0.05,0.0,-1.0811076164245605,-0.9685990810394287,0.25630688667297363,True,0.41257715225219727,0.05367704853415489,0.005979703273624182,0.007938879542052746,0.72,5.6000000000000005,5.6000000000000005,0.003988742828369141,0.0,0.0020592985674738884,0.04005742818117142,0.11833008378744125
PD+FF,1002,0.05,0.0,-1.428768277168274,-0.28562131524086,0.4242836833000183,True,0.48660966753959656,0.06433580815792084,0.007067349273711443,0.007627351675182581,0.6975,6.050000000000001,6.050000000000001,0.004439353942871094,0.0,0.0020400816574692726,0.0401533804833889,0.09822600334882736
PD+FF,1003,0.05,0.0,-1.7183640003204346,-0.48658838868141174,0.34840381145477295,True,0.5698551535606384,0.0746157169342041,0.005821078550070524,0.016026925295591354,0.6825,6.3500000000000005,6.3500000000000005,0.0,0.0,0.001983360154554248,0.03908739611506462,0.09587051719427109
PD+FF,1004,0.05,0.0,-1.998679280281067,-0.7396973967552185,0.24154320359230042,True,0.6477465629577637,0.08198744803667068,0.014508495107293129,0.0044027757830917835,0.6725,6.550000000000001,6.550000000000001,0.0,0.0,0.0023681693710386753,0.043804191052913666,0.10323190689086914
PD+FF,1005,0.05,0.0,-1.8766711950302124,0.8611240983009338,0.28618520498275757,True,0.6332448720932007,0.0834517553448677,0.007132870145142078,0.006323547568172216,0.67,6.6000000000000005,6.6000000000000005,0.0,0.0,0.0021361822728067636,0.04094105213880539,0.10288247466087341
PD+FF,1006,0.05,0.0,-1.4946178197860718,0.20171388983726501,0.28934937715530396,True,0.46814703941345215,0.059407733380794525,0.0073193893767893314,0.008519633673131466,0.71,5.800000000000001,5.800000000000001,0.0,0.0,0.0019308376358821988,0.03890606760978699,0.10604444891214371
PD+FF,1007,0.05,0.0,-1.8931626081466675,0.6319606900215149,0.39287856221199036,True,0.658237099647522,0.08695916831493378,0.0022790736984461546,0.004449101164937019,0.6675,6.65,6.65,0.0,0.0,0.001877748523838818,0.038139693439006805,0.11096486449241638
PD+FF,1008,0.05,0.0,-1.749120831489563,0.6261014938354492,0.26522985100746155,True,0.5650485754013062,0.07231732457876205,0.005245520267635584,0.006560806650668383,0.6925,6.15,6.15,0.0,0.0,0.002115690615028143,0.04090050235390663,0.09949935972690582
PD+FF,1009,0.05,0.0,-1.9152493476867676,-0.3461688160896301,0.2149554342031479,True,0.5911941528320312,0.07677771896123886,0.007903270423412323,0.005327703896909952,0.6775,6.45,6.45,0.006272315979003906,0.0,0.002051598858088255,0.03988561034202576,0.10708697140216827
PD+FF,1010,0.05,0.0,-1.8575115203857422,0.07161146402359009,0.4753030240535736,True,0.6699221730232239,0.10000467300415039,0.00688262889161706,0.006293655373156071,0.6525,6.95,6.95,0.006237983703613281,0.0,0.0019150555599480867,0.037885911762714386,0.1277453899383545
PD+FF,1011,0.05,0.0,-1.57381272315979,0.12664707005023956,0.26378002762794495,True,0.48434320092201233,0.0644235759973526,0.0170968696475029,0.0156354121863842,0.6975,6.050000000000001,6.050000000000001,0.004073143005371094,0.0,0.0019012964330613613,0.038367606699466705,0.10439565032720566
PD+FF,1012,0.05,0.0,-1.5405192375183105,0.561293363571167,0.2715309262275696,True,0.4963171184062958,0.06381148099899292,0.007245359476655722,0.0113548394292593,0.7,6.0,6.0,0.0,0.0,0.0020852088928222656,0.040181782096624374,0.13007044792175293
PD+FF,1013,0.05,0.0,-0.8082606196403503,-0.8420410752296448,0.401797890663147,True,0.3464805781841278,0.041158631443977356,0.004984014201909304,0.005262387916445732,0.745,5.1000000000000005,5.1000000000000005,0.004142284393310547,0.0,0.002228346187621355,0.0414390005171299,0.12576866149902344
PD+FF,1014,0.05,0.0,-1.3467140197753906,0.1714046150445938,0.4693894386291504,True,0.4697537422180176,0.06125958263874054,0.005484478548169136,0.0061421748250722885,0.705,5.9,5.9,0.0107879638671875,0.0,0.0020168572664260864,0.03901517391204834,0.13038742542266846
PD+FF,1015,0.05,0.0,-1.4601455926895142,0.21413566172122955,0.39239153265953064,True,0.4839680790901184,0.05921991541981697,0.007421924266964197,0.016177063807845116,0.71,5.800000000000001,5.800000000000001,0.0029363632202148438,0.0,0.001839176402427256,0.037669919431209564,0.10325884073972702
PD+FF,1016,0.05,0.0,-1.6580126285552979,-0.11461202055215836,0.3060871958732605,True,0.5250403881072998,0.06702004373073578,0.006241993512958288,0.00558211887255311,0.6975,6.050000000000001,6.050000000000001,0.0,0.0,0.002209804020822048,0.04129518195986748,0.1393294483423233
PD+FF,1017,0.05,0.0,-0.62247234582901,0.6426637768745422,0.4917738139629364,True,0.2839178144931793,0.03158491104841232,0.005252728704363108,0.0026584311854094267,0.7675,4.65,4.65,0.0013399124145507812,0.0,0.0019795126281678677,0.03972810134291649,0.11402029544115067
PD+FF,1018,0.05,0.0,-1.1090368032455444,-0.0900818482041359,0.4614541530609131,True,0.3855762481689453,0.05391344428062439,0.0012541558826342225,0.013103475794196129,0.72,5.6000000000000005,5.6000000000000005,0.00189971923828125,0.0,0.0020713675767183304,0.04012735188007355,0.10599367320537567
PD+FF,1019,0.05,0.0,-1.674609661102295,-0.20800989866256714,0.34006524085998535,True,0.541104793548584,0.06979363411664963,0.004928080830723047,0.007463690359145403,0.69,6.2,6.2,0.004070758819580078,0.0,0.002077180426567793,0.039575155824422836,0.10920769721269608
PD+FF,1020,0.05,0.0,-1.1319496631622314,-0.4326494336128235,0.2227078378200531,True,0.35017871856689453,0.043016668409109116,0.00823638029396534,0.009002629667520523,0.7475,5.050000000000001,5.050000000000001,0.008233070373535156,0.0,0.0021410230547189713,0.04115079343318939,0.11685807257890701
PD+FF,1021,0.05,0.0,-1.4384177923202515,-0.8382971882820129,0.49743902683258057,True,0.5575498938560486,0.07719264179468155,0.007566981017589569,0.005125219933688641,0.6775,6.45,6.45,0.0019693374633789062,0.0,0.002009570598602295,0.03921559080481529,0.10274392366409302
PD+FF,1022,0.05,0.0,-1.999210000038147,0.8368335366249084,0.37694433331489563,True,0.7051680684089661,0.09260871261358261,0.008545536547899246,0.005193289369344711,0.6625,6.75,6.75,0.010262489318847656,0.0,0.0020375153981149197,0.04033157601952553,0.10301273316144943
PD+FF,1023,0.05,0.0,-1.4916963577270508,0.8117974996566772,0.4728805720806122,True,0.5637829899787903,0.07691700756549835,0.0065052444115281105,0.008714713156223297,0.6825,6.3500000000000005,6.3500000000000005,0.011285781860351562,0.0,0.0019730357453227043,0.03933913633227348,0.10064248740673065
PD+FF,1024,0.05,0.0,-1.51630699634552,-0.48329436779022217,0.3110935389995575,True,0.49420422315597534,0.06720317155122757,0.004165370017290115,0.005365591961890459,0.695,6.1000000000000005,6.1000000000000005,0.0,0.0,0.002009097719565034,0.039253976196050644,0.11103649437427521
PD+FF,1025,0.05,0.0,-0.7683239579200745,0.258014976978302,0.24864348769187927,True,0.23687230050563812,0.028013022616505623,0.002961737336590886,0.00885409489274025,0.79,4.2,4.2,0.0,0.0,0.0020264897029846907,0.03970992937684059,0.107362762093544
PD+FF,1026,0.05,0.0,-1.7438942193984985,0.19023452699184418,0.2583710551261902,True,0.5413532257080078,0.06990570574998856,0.00547767011448741,0.004592335317283869,0.6925,6.15,6.15,0.015040874481201172,0.0,0.0020352406427264214,0.039459872990846634,0.12981852889060974
PD+FF,1027,0.05,0.0,-1.9580382108688354,0.12429128587245941,0.36954861879348755,True,0.6531592011451721,0.08817208558320999,0.010763678699731827,0.006520457565784454,0.6675,6.65,6.65,0.009958744049072266,0.0,0.0018057855777442455,0.03730790689587593,0.11271481215953827
PD+FF,1028,0.05,0.0,-0.7757433652877808,-0.22796711325645447,0.4025936424732208,True,0.2669028639793396,0.034187350422143936,0.013539561070501804,0.01209323015064001,0.7675,4.65,4.65,0.0029158592224121094,0.0,0.002222900278866291,0.04103295877575874,0.13089720904827118
PD+FF,1029,0.05,0.0,-0.7448340058326721,0.6458722352981567,0.214758962392807,True,0.27372145652770996,0.034049149602651596,0.0034208339639008045,0.005643748678267002,0.77,4.6000000000000005,4.6000000000000005,0.0025396347045898438,0.0,0.0017760759219527245,0.03761773183941841,0.09390836209058762
PD+FF,1030,0.05,0.0,-1.6447029113769531,-0.9496257901191711,0.4438457489013672,True,0.618611216545105,0.08146218210458755,0.011431973427534103,0.006935480982065201,0.675,6.5,6.5,0.003940105438232422,0.0,0.0020328632090240717,0.039524614810943604,0.10953861474990845
PD+FF,1031,0.05,0.0,-0.9611496329307556,0.9009804725646973,0.39864641427993774,True,0.39552584290504456,0.05086968466639519,0.004979700781404972,0.0004188109887763858,0.73,5.4,5.4,0.0019326210021972656,0.0,0.0022245116997510195,0.04176698997616768,0.11513152718544006
PD+FF,1032,0.05,0.0,-0.6833899617195129,-0.5306191444396973,0.49894750118255615,True,0.28967997431755066,0.03748254477977753,0.007885200902819633,0.011994689702987671,0.7525,4.95,4.95,0.009908676147460938,0.0,0.0020944224670529366,0.04051372408866882,0.1342451572418213
PD+FF,1033,0.05,0.0,-0.7577928304672241,0.7459949851036072,0.4761985242366791,True,0.33317166566848755,0.04085083678364754,0.004750319756567478,0.008245231583714485,0.745,5.1000000000000005,5.1000000000000005,0.006596088409423828,0.0,0.002121220575645566,0.040503039956092834,0.11605893075466156
PD+FF,1034,0.05,0.0,-0.5296080112457275,-0.6777904629707336,0.22327283024787903,True,0.23433098196983337,0.030599946156144142,0.003315127221867442,0.014831079170107841,0.7825,4.3500000000000005,4.3500000000000005,0.005403995513916016,0.0,0.0024205357767641544,0.04314868152141571,0.13337107002735138
PD+FF,1035,0.05,0.0,-1.5201642513275146,-0.23973245918750763,0.436818927526474,True,0.5214632153511047,0.06986792385578156,0.004319930914789438,0.004794006701558828,0.6925,6.15,6.15,0.005473613739013672,0.0,0.0018022570293396711,0.03718646615743637,0.11073220521211624
PD+FF,1036,0.05,0.0,-1.558912754058838,0.6018440127372742,0.34900519251823425,True,0.5254020690917969,0.06865593045949936,0.010587237775325775,0.007727940566837788,0.695,6.1000000000000005,6.1000000000000005,0.007983684539794922,0.0,0.001923132105730474,0.03886767476797104,0.11216980963945389
PD+FF,1037,0.05,0.0,-1.5164998769760132,-0.3818822205066681,0.38270920515060425,True,0.5075456500053406,0.06696489453315735,0.0066613126546144485,0.008521191775798798,0.6925,6.15,6.15,0.010107040405273438,0.0,0.0020103531423956156,0.03968702629208565,0.10912058502435684
PD+FF,1038,0.05,0.0,-1.5098652839660645,-0.8029577136039734,0.31811848282814026,True,0.5200052857398987,0.06667360663414001,0.01643313653767109,0.0037274351343512535,0.69,6.2,6.2,0.0,0.0,0.0019856959115713835,0.038875680416822433,0.11133412271738052
PD+FF,1039,0.05,0.0,-0.6960156559944153,-0.0387578122317791,0.3661683201789856,True,0.22761863470077515,0.027697131037712097,0.006535793654620647,0.009491913951933384,0.79,4.2,4.2,0.010933876037597656,0.0,0.002054070821031928,0.0402086079120636,0.1160358265042305
PD+FF,1040,0.05,0.0,-0.7547146081924438,0.5635512471199036,0.4134989380836487,True,0.2973288893699646,0.04251575097441673,0.009013781324028969,0.01266441773623228,0.75,5.0,5.0,0.002998828887939453,0.0,0.0019582530949264765,0.039578940719366074,0.10147176682949066
PD+FF,1041,0.05,0.0,-0.6478168964385986,-0.19675222039222717,0.46515655517578125,True,0.2413162738084793,0.033318836241960526,0.0050644478760659695,0.004658045247197151,0.775,4.5,4.5,0.00681304931640625,0.0,0.0021709464490413666,0.04093126207590103,0.12695500254631042
PD+FF,1042,0.05,0.0,-1.463887333869934,-0.25558269023895264,0.3728010952472687,True,0.481077641248703,0.06103726103901863,0.002045890549197793,0.006468247622251511,0.705,5.9,5.9,0.0030770301818847656,0.0,0.0019123058300465345,0.038536228239536285,0.12019118666648865
PD+FF,1043,0.05,0.0,-1.7490100860595703,-0.7958716750144958,0.31946444511413574,True,0.594097912311554,0.07830721139907837,0.006554429419338703,0.0037719712127000093,0.6775,6.45,6.45,0.006903648376464844,0.0,0.0019251222256571054,0.03864729031920433,0.11152324080467224
PD+FF,1044,0.05,0.0,-1.981444239616394,0.7169352173805237,0.20961801707744598,True,0.6312983632087708,0.08066044002771378,0.003771828021854162,0.010953114368021488,0.675,6.5,6.5,0.008246898651123047,0.0,0.002197031630203128,0.04174713045358658,0.10601115226745605
PD+FF,1045,0.05,0.0,-0.7272861003875732,-0.39523494243621826,0.4158290922641754,True,0.2683444321155548,0.034941352903842926,0.00984240509569645,0.010890986770391464,0.77,4.6000000000000005,4.6000000000000005,0.0068988800048828125,0.0,0.0021671445574611425,0.042249057441949844,0.11922869086265564
PD+FF,1046,0.05,0.0,-1.868130087852478,0.6265861392021179,0.39649125933647156,True,0.6512159109115601,0.08934859186410904,0.010815685614943504,0.016635360196232796,0.6625,6.75,6.75,0.0,0.0,0.0018586296355351806,0.03809017315506935,0.10193144530057907
PD+FF,1047,0.05,0.0,-1.1699552536010742,-0.14992530643939972,0.29876548051834106,True,0.3620205521583557,0.044696513563394547,0.00615544430911541,0.007795584388077259,0.7425,5.15,5.15,0.008244514465332031,0.0,0.002057218924164772,0.03924604877829552,0.1433514654636383
PD+FF,1048,0.05,0.0,-0.9076822996139526,-0.7630760073661804,0.4824531674385071,True,0.37733155488967896,0.048948269337415695,0.00911478791385889,0.004123902413994074,0.735,5.300000000000001,5.300000000000001,0.008694648742675781,0.0,0.0021921133156865835,0.04216337949037552,0.11256328970193863
PD+FF,1049,0.05,0.0,-1.6127384901046753,0.09402617067098618,0.43331217765808105,True,0.5527876019477844,0.07603775709867477,0.00947016291320324,0.014444569125771523,0.6825,6.3500000000000005,6.3500000000000005,0.004127025604248047,0.0,0.002015814185142517,0.03899463638663292,0.11917337775230408
PD+FF,1050,0.05,0.0,-1.2507070302963257,-0.40418457984924316,0.49881017208099365,True,0.4562148451805115,0.06050213798880577,0.00870515312999487,0.009710701182484627,0.705,5.9,5.9,0.007336139678955078,0.0,0.002295631216838956,0.04224008694291115,0.12436524033546448
PD+FF,1051,0.05,0.0,-0.8433747291564941,-0.6024307608604431,0.2584548592567444,True,0.29591962695121765,0.03807372227311134,0.00479953782632947,0.0061845192685723305,0.7575,4.8500000000000005,4.8500000000000005,0.007205486297607422,0.0,0.001965302275493741,0.03823406621813774,0.11296941339969635
PD+FF,1052,0.05,0.0,-1.577463150024414,-0.03658809885382652,0.32490968704223633,True,0.5012271404266357,0.06427597999572754,0.009609697386622429,0.016789378598332405,0.6975,6.050000000000001,6.050000000000001,0.006003856658935547,0.0,0.0019177827052772045,0.03890354558825493,0.10851596295833588
PD+FF,1053,0.05,0.0,-0.7320424914360046,-0.38764455914497375,0.44851720333099365,True,0.2787016034126282,0.03862136974930763,0.006177039351314306,0.011125506833195686,0.7575,4.8500000000000005,4.8500000000000005,0.0044422149658203125,0.0,0.0019332407973706722,0.03889615088701248,0.12083832919597626
PD+FF,1054,0.05,0.0,-1.9604523181915283,0.6108824014663696,0.3443475067615509,True,0.6614197492599487,0.08832250535488129,0.005940636154264212,0.006723965983837843,0.665,6.7,6.7,0.0002465248107910156,0.0,0.0019265422597527504,0.03843681141734123,0.10527917742729187
PD+FF,1055,0.05,0.0,-0.8035520911216736,-0.8197364807128906,0.37500709295272827,True,0.33716970682144165,0.03756965324282646,0.005822860635817051,0.014323968440294266,0.755,4.9,4.9,0.010366439819335938,0.0,0.0019101743819192052,0.038501277565956116,0.12829817831516266
PD+FF,1056,0.05,0.0,-0.6173267960548401,-0.7547652125358582,0.33817118406295776,True,0.2770675718784332,0.03481348603963852,0.0022143805399537086,0.005346919875591993,0.765,4.7,4.7,0.006580829620361328,0.0,0.002082587219774723,0.040364544838666916,0.1254124790430069
PD+FF,1057,0.05,0.0,-1.4013786315917969,-0.020997419953346252,0.2980625629425049,True,0.43633872270584106,0.056618936359882355,0.0014446581481024623,0.004140751902014017,0.715,5.7,5.7,0.002251148223876953,0.0,0.0019141626544296741,0.03892042487859726,0.11258668452501297
PD+FF,1058,0.05,0.0,-1.9344123601913452,-0.6835842132568359,0.34246277809143066,True,0.6560802459716797,0.0877709835767746,0.0027455356903374195,0.010096177458763123,0.6675,6.65,6.65,0.00816488265991211,0.0,0.0019835173152387142,0.038418106734752655,0.11930818855762482
PD+FF,1059,0.05,0.0,-1.3239208459854126,-0.34795770049095154,0.3298633396625519,True,0.4278505742549896,0.053892187774181366,0.010464680381119251,0.0013864438515156507,0.7175,5.65,5.65,0.010385513305664062,0.0,0.0020259316079318523,0.03952745348215103,0.14083288609981537
PD+FF,1060,0.05,0.0,-0.5232435464859009,-0.8263487219810486,0.4775193929672241,True,0.2917899787425995,0.03621487691998482,0.003168082097545266,0.011979322880506516,0.7625,4.75,4.75,0.0072956085205078125,0.0,0.0020517741795629263,0.03986162319779396,0.11263692378997803
PD+FF,1061,0.05,0.0,-1.0766786336898804,0.09924349933862686,0.28927016258239746,True,0.3311687111854553,0.04303440451622009,0.009130225516855717,0.011094842106103897,0.745,5.1000000000000005,5.1000000000000005,0.004740715026855469,0.0,0.002191757084801793,0.041801463812589645,0.10829539597034454
PD+FF,1062,0.05,0.0,-1.020176649093628,-0.6513675451278687,0.4292861223220825,True,0.3852601945400238,0.049103330820798874,0.0053160348907113075,0.0029625678434967995,0.73,5.4,5.4,0.007555484771728516,0.0,0.002196198794990778,0.04156392812728882,0.12659692764282227
PD+FF,1063,0.05,0.0,-0.5567145943641663,0.6067063212394714,0.2895512878894806,True,0.23356729745864868,0.030968602746725082,0.007323998026549816,0.0036858930252492428,0.7825,4.3500000000000005,4.3500000000000005,0.008350849151611328,0.0,0.0019355363911017776,0.03923892602324486,0.12021470814943314
PD+FF,1064,0.05,0.0,-1.6129041910171509,-0.13716638088226318,0.24278511106967926,True,0.4928258955478668,0.06245316565036774,0.008157555013895035,0.007123454939574003,0.705,5.9,5.9,0.00790548324584961,0.0,0.0019136850023642182,0.037859801203012466,0.11244158446788788
PD+FF,1065,0.05,0.0,-0.5033138990402222,-0.5932050347328186,0.453745573759079,True,0.24044764041900635,0.03158117085695267,0.008318872191011906,0.007955051027238369,0.7825,4.3500000000000005,4.3500000000000005,0.008455753326416016,0.0,0.002022366737946868,0.04025028645992279,0.11310602724552155
PD+FF,1066,0.05,0.0,-1.3762075901031494,0.32575497031211853,0.20805609226226807,True,0.4134522080421448,0.04974551871418953,0.008712075650691986,0.0045255874283611774,0.725,5.5,5.5,0.0,0.0,0.002063874388113618,0.04004576429724693,0.11423955112695694
PD+FF,1067,0.05,0.0,-0.6176835894584656,0.9055254459381104,0.20151829719543457,True,0.2935558259487152,0.03412871062755585,0.0019141938537359238,0.012062332592904568,0.765,4.7,4.7,0.0024530887603759766,0.0,0.0018276963382959366,0.03748418390750885,0.12426590174436569
PD+FF,1068,0.05,0.0,-0.7787961959838867,0.5352519750595093,0.25048118829727173,True,0.2694026827812195,0.03275807201862335,0.0075476388446986675,0.010316144675016403,0.7675,4.65,4.65,0.0031032562255859375,0.0,0.0019552656449377537,0.03929629176855087,0.09479504823684692
PD+FF,1069,0.05,0.0,-0.5076419115066528,0.8446078896522522,0.24751581251621246,True,0.26715749502182007,0.034620270133018494,0.0019942305516451597,0.007527784910053015,0.775,4.5,4.5,0.01308584213256836,0.0,0.002052303869277239,0.040372684597969055,0.1121990904211998
PD+FF,1070,0.05,0.0,-1.6644020080566406,0.9533751606941223,0.22921264171600342,True,0.5606563091278076,0.07056146115064621,0.008510120213031769,0.006369427777826786,0.69,6.2,6.2,0.0,0.0,0.002045209752395749,0.03980293124914169,0.11979148536920547
PD+FF,1071,0.05,0.0,-1.6379417181015015,0.7469041347503662,0.26974478363990784,True,0.5413479208946228,0.06746882945299149,0.005095930304378271,0.005530880764126778,0.6975,6.050000000000001,6.050000000000001,0.01013326644897461,0.0,0.0021198128815740347,0.04047609865665436,0.11496403813362122
PD+FF,1072,0.05,0.0,-1.22187077999115,0.3675197660923004,0.4661308228969574,True,0.43437546491622925,0.057382941246032715,0.00817724410444498,0.008654681034386158,0.71,5.800000000000001,5.800000000000001,0.0036110877990722656,0.0,0.0021530797239392996,0.040608618408441544,0.1169789656996727
PD+FF,1073,0.05,0.0,-1.5133368968963623,0.8512749075889587,0.3800120949745178,True,0.5443278551101685,0.07409331202507019,0.005310725886374712,0.003224640851840377,0.685,6.300000000000001,6.300000000000001,0.0,0.0,0.0020215713884681463,0.039306946098804474,0.12774376571178436
PD+FF,1074,0.05,0.0,-0.5001789927482605,-0.2884053587913513,0.4962819218635559,True,0.207090362906456,0.029003333300352097,0.0032976188231259584,0.007829317823052406,0.7975,4.05,4.05,0.0037980079650878906,0.0,0.002208172809332609,0.04208924621343613,0.1324082612991333
PD+FF,1075,0.05,0.0,-0.8189709782600403,0.9466501474380493,0.23914383351802826,True,0.3458566963672638,0.041606802493333817,0.0028761860448867083,0.01145874708890915,0.745,5.1000000000000005,5.1000000000000005,0.0010094642639160156,0.0,0.002171857515349984,0.04128311201930046,0.097012959420681
PD+FF,1076,0.05,0.0,-1.445397138595581,-0.562984049320221,0.45283621549606323,True,0.5159139633178711,0.06505326181650162,0.005830361973494291,0.015925055369734764,0.6975,6.050000000000001,6.050000000000001,0.0022916793823242188,0.0,0.0019280725391581655,0.03869375213980675,0.11237943917512894
PD+FF,1077,0.05,0.0,-0.6151338219642639,-0.8893533945083618,0.2694230377674103,True,0.2959579825401306,0.0350651778280735,0.0013755294494330883,0.007411018945276737,0.7625,4.75,4.75,0.0011353492736816406,0.0,0.002232868457213044,0.042386285960674286,0.11838351935148239
PD+FF,1078,0.05,0.0,-0.6580581068992615,-0.6858707666397095,0.23459486663341522,True,0.26286277174949646,0.03265100717544556,0.005303182639181614,0.0010214081266894937,0.775,4.5,4.5,0.0016813278198242188,0.0,0.002147083869203925,0.04093580320477486,0.1026320606470108
PD+FF,1079,0.05,0.0,-0.5874135494232178,0.8651593327522278,0.4896434247493744,True,0.3155919909477234,0.038933686912059784,0.0031053575221449137,0.008580876514315605,0.7525,4.95,4.95,0.010243415832519531,0.0,0.002085920888930559,0.04049000144004822,0.12346801161766052
PD+FF,1080,0.05,0.0,-0.6397119164466858,0.7102972865104675,0.367546945810318,True,0.2798702120780945,0.03617177531123161,0.00408356636762619,0.004704693332314491,0.765,4.7,4.7,0.00817728042602539,0.0,0.0021436966490000486,0.041142161935567856,0.11358234286308289
PD+FF,1081,0.05,0.0,-1.3320256471633911,0.8601993322372437,0.3006768822669983,True,0.4718932807445526,0.05884439870715141,0.004496152047067881,0.00457899272441864,0.71,5.800000000000001,5.800000000000001,0.003745555877685547,0.0,0.0021198431495577097,0.04093348607420921,0.11250439286231995
PD+FF,1082,0.05,0.0,-0.9581221342086792,-0.30673766136169434,0.3117980659008026,True,0.3094698190689087,0.03837412968277931,0.006187789607793093,0.01443546637892723,0.7575,4.8500000000000005,4.8500000000000005,0.00789022445678711,0.0,0.0020876172930002213,0.04086970537900925,0.10291923582553864
PD+FF,1083,0.05,0.0,-1.3940625190734863,0.6289385557174683,0.21643398702144623,True,0.4437713325023651,0.054030682891607285,0.0024981528986245394,0.004767422564327717,0.7175,5.65,5.65,0.0012784004211425781,0.0,0.001870881300419569,0.038196347653865814,0.10413921624422073
PD+FF,1084,0.05,0.0,-0.7371216416358948,-0.8951173424720764,0.4071005880832672,True,0.3406749665737152,0.0433296374976635,0.004778122063726187,0.0025191023014485836,0.75,5.0,5.0,0.0,0.0,0.0019318677950650454,0.03853290528059006,0.14511419832706451
PD+FF,1085,0.05,0.0,-0.7224554419517517,-0.08529454469680786,0.4138740301132202,True,0.2479162961244583,0.034249141812324524,0.008264610543847084,0.007742652669548988,0.7775,4.45,4.45,0.006865024566650391,0.0,0.0024077112320810556,0.043138813227415085,0.11343859136104584
PD+FF,1086,0.05,0.0,-0.7490203976631165,-0.7008727788925171,0.4387705326080322,True,0.3171011507511139,0.04326934367418289,0.0029046256095170975,0.006465905345976353,0.745,5.1000000000000005,5.1000000000000005,0.0028533935546875,0.0,0.0019750120118260384,0.03932303190231323,0.11018442362546921
PD+FF,1087,0.05,0.0,-1.2718281745910645,-0.8616007566452026,0.3274095356464386,True,0.46111446619033813,0.05962962284684181,0.0027529399376362562,0.011328787542879581,0.71,5.800000000000001,5.800000000000001,0.0037021636962890625,0.0,0.00215908489190042,0.040805257856845856,0.11997999995946884
PD+FF,1088,0.05,0.0,-1.148199200630188,-0.9221230149269104,0.4605681300163269,True,0.46411988139152527,0.06154661998152733,0.01277702022343874,0.007583234459161758,0.7075,5.8500000000000005,5.8500000000000005,0.0061588287353515625,0.0,0.0020276240538805723,0.03989240154623985,0.10871647298336029
PD+FF,1089,0.05,0.0,-1.8535881042480469,0.5890284776687622,0.37915652990341187,True,0.6361754536628723,0.08245857805013657,0.014475503005087376,0.005046170204877853,0.67,6.6000000000000005,6.6000000000000005,0.00865936279296875,0.0,0.001971353543922305,0.03887117654085159,0.10584688186645508
PD+FF,1090,0.05,0.0,-0.9845758080482483,-0.6573527455329895,0.30003631114959717,True,0.3477528691291809,0.04443829506635666,0.008259541355073452,0.01532667689025402,0.7425,5.15,5.15,0.0072116851806640625,0.0,0.0023824749514460564,0.0431639589369297,0.12375243008136749
PD+FF,1091,0.05,0.0,-1.8845704793930054,-0.6914018392562866,0.36124923825263977,True,0.647118091583252,0.0865631178021431,0.005372337065637112,0.002069331705570221,0.6675,6.65,6.65,0.007912635803222656,0.0,0.002058524638414383,0.040980059653520584,0.12056955695152283
PD+FF,1092,0.05,0.0,-1.9696727991104126,-0.2278679758310318,0.31251582503318787,True,0.6360725164413452,0.08212978392839432,0.006516272202134132,0.0012925007613375783,0.6775,6.45,6.45,0.004051685333251953,0.0,0.001955469371750951,0.03885248303413391,0.10388204455375671
PD+FF,1093,0.05,0.0,-0.8791002631187439,0.07968070358037949,0.43002596497535706,True,0.3021966218948364,0.03879142552614212,0.011376584880053997,0.011852467432618141,0.755,4.9,4.9,0.0,0.0,0.0019805484917014837,0.03932604566216469,0.10653355717658997
PD+FF,1094,0.05,0.0,-0.9031349420547485,-0.5643354058265686,0.2514164447784424,True,0.3051499128341675,0.03580189868807793,0.006811812985688448,0.008902749978005886,0.76,4.800000000000001,4.800000000000001,0.006384849548339844,0.0,0.0021429117769002914,0.041219018399715424,0.1065751239657402
PD+FF,1095,0.05,0.0,-1.3096781969070435,-0.4019305408000946,0.2943161725997925,True,0.41909244656562805,0.05567987263202667,0.010241195559501648,0.011289885267615318,0.715,5.7,5.7,0.003567218780517578,0.0,0.002030852483585477,0.03977920114994049,0.11839643865823746
PD+FF,1096,0.05,0.0,-0.5565752387046814,0.7886120080947876,0.27283963561058044,True,0.26606518030166626,0.034192536026239395,0.006039733998477459,0.003999004140496254,0.775,4.5,4.5,0.006490230560302734,0.0,0.0019433702109381557,0.03881657496094704,0.12029251456260681
PD+FF,1097,0.05,0.0,-1.3080552816390991,0.037033263593912125,0.27344202995300293,True,0.4014982581138611,0.0545559898018837,0.005300852470099926,0.004826829303056002,0.72,5.6000000000000005,5.6000000000000005,0.007227659225463867,0.0,0.0022237154189497232,0.04161658138036728,0.11735610663890839
PD+FF,1098,0.05,0.0,-1.2224541902542114,-0.25077617168426514,0.4742331802845001,True,0.43092262744903564,0.05797358229756355,0.0083719901740551,0.008240231312811375,0.7125,5.75,5.75,0.008726119995117188,0.0,0.0019348596688359976,0.03888034448027611,0.12095872312784195
PD+FF,1099,0.05,0.0,-1.9130916595458984,0.09447009861469269,0.36984628438949585,True,0.6365488171577454,0.08640845865011215,0.008077112957835197,0.004129929002374411,0.6675,6.65,6.65,0.002597808837890625,0.0,0.0019214615458622575,0.03866006061434746,0.11671357601881027
Direct PPO,1000,0.05,0.0,-1.2179213762283325,0.20768369734287262,0.34128254652023315,True,0.34543660283088684,0.01534990407526493,0.011549415998160839,0.04746093228459358,0.84,3.0500000000000003,19.05,0.010894536972045898,0.0,0.2637438178062439,0.44922566413879395,1.220089077949524
Direct PPO,1001,0.05,0.0,-1.0811076164245605,-0.9685990810394287,0.25630688667297363,True,0.3410109281539917,0.012585369870066643,0.008571581915020943,0.040736544877290726,0.85,2.85,15.700000000000001,0.007748961448669434,0.0,0.2918982207775116,0.4668337404727936,1.5280687808990479
Direct PPO,1002,0.05,0.0,-1.428768277168274,-0.28562131524086,0.4242836833000183,True,0.45271050930023193,0.01057453267276287,0.009259331971406937,0.06771690398454666,0.8075,3.6500000000000004,19.650000000000002,0.013933658599853516,0.0,0.2695065140724182,0.44733864068984985,1.1520090103149414
Direct PPO,1003,0.05,0.0,-1.7183640003204346,-0.48658838868141174,0.34840381145477295,True,0.5298898220062256,0.01344431471079588,0.020188480615615845,0.09594181925058365,0.8025,3.85,15.200000000000001,0.013580560684204102,0.0,0.2763429880142212,0.44632163643836975,1.3085319995880127
Direct PPO,1004,0.05,0.0,-1.998679280281067,-0.7396973967552185,0.24154320359230042,True,0.595671534538269,0.019838564097881317,0.030097873881459236,0.03440549224615097,0.7775,3.85,16.55,0.026187658309936523,0.0,0.30670687556266785,0.472427636384964,1.310565710067749
Direct PPO,1005,0.05,0.0,-1.8766711950302124,0.8611240983009338,0.28618520498275757,True,0.5784626007080078,0.014485939405858517,0.014847291633486748,0.060762133449316025,0.8025,3.75,16.150000000000002,0.009380817413330078,0.0,0.28201648592948914,0.4488772749900818,1.2025909423828125
Direct PPO,1006,0.05,0.0,-1.4946178197860718,0.20171388983726501,0.28934937715530396,True,0.41938069462776184,0.016733413562178612,0.020791128277778625,0.029656609520316124,0.8025,3.4000000000000004,18.45,0.04411423206329346,0.0,0.2600674033164978,0.4370654225349426,1.310669183731079
Direct PPO,1007,0.05,0.0,-1.8931626081466675,0.6319606900215149,0.39287856221199036,True,0.6249527931213379,0.011738508939743042,0.005786430090665817,0.04556742310523987,0.7675,4.8500000000000005,16.6,0.01204061508178711,0.0,0.2413460910320282,0.4213239550590515,1.2053810358047485
Direct PPO,1008,0.05,0.0,-1.749120831489563,0.6261014938354492,0.26522985100746155,True,0.5104866623878479,0.014564216136932373,0.007257275748997927,0.006558197550475597,0.815,3.6,16.25,0.009619593620300293,0.0,0.2905874252319336,0.46136006712913513,1.2437175512313843
Direct PPO,1009,0.05,0.0,-1.9152493476867676,-0.3461688160896301,0.2149554342031479,True,0.5385398268699646,0.012882684357464314,0.013238074257969856,0.04843004420399666,0.8125,3.6,16.2,0.013592720031738281,0.0,0.28881189227104187,0.46091195940971375,1.3618671894073486
Direct PPO,1010,0.05,0.0,-1.8575115203857422,0.07161146402359009,0.4753030240535736,True,0.6519181728363037,0.01869705691933632,0.01143152266740799,0.008147826418280602,0.74,5.6000000000000005,14.850000000000001,0.01448822021484375,0.0,0.23710288107395172,0.4085567891597748,1.1773149967193604
Direct PPO,1011,0.05,0.0,-1.57381272315979,0.12664707005023956,0.26378002762794495,True,0.4361385405063629,0.014707821421325207,0.029017988592386246,0.06338281184434891,0.8275,3.25,15.9,0.013038396835327148,0.0,0.2704532742500305,0.44731253385543823,1.3358579874038696
Direct PPO,1012,0.05,0.0,-1.5405192375183105,0.561293363571167,0.2715309262275696,True,0.4394875168800354,0.010501808486878872,0.016103969886898994,0.06243164837360382,0.8225,3.5,8.3,0.008958578109741211,0.0,0.2851361632347107,0.45926690101623535,1.6185436248779297
Direct PPO,1013,0.05,0.0,-0.8082606196403503,-0.8420410752296448,0.401797890663147,True,0.285675972700119,0.009555818513035774,0.002755053574219346,0.048390068113803864,0.855,3.0,9.700000000000001,0.01903676986694336,0.0,0.28975194692611694,0.4633987843990326,1.3821440935134888
Direct PPO,1014,0.05,0.0,-1.3467140197753906,0.1714046150445938,0.4693894386291504,True,0.4433518350124359,0.012274179607629776,0.008290056139230728,0.0403364822268486,0.795,4.55,4.55,0.018705368041992188,0.0,0.2561468780040741,0.43370020389556885,1.3753879070281982
Direct PPO,1015,0.05,0.0,-1.4601455926895142,0.21413566172122955,0.39239153265953064,True,0.4489157199859619,0.012299823574721813,0.013494720682501793,0.08054360002279282,0.81,3.6500000000000004,17.5,0.015077590942382812,0.0,0.25853231549263,0.4345647990703583,1.3096071481704712
Direct PPO,1016,0.05,0.0,-1.6580126285552979,-0.11461202055215836,0.3060871958732605,True,0.4819059371948242,0.013423623517155647,0.012556041590869427,0.07393157482147217,0.8175,4.55,4.55,0.010162949562072754,0.0,0.30759182572364807,0.47781237959861755,1.538173794746399
Direct PPO,1017,0.05,0.0,-0.62247234582901,0.6426637768745422,0.4917738139629364,True,0.2358032613992691,0.011474278755486012,0.01012449711561203,0.009924601763486862,0.855,3.1,17.8,0.020164966583251953,0.0,0.25841188430786133,0.44564372301101685,1.2018330097198486
Direct PPO,1018,0.05,0.0,-1.1090368032455444,-0.0900818482041359,0.4614541530609131,True,0.35026419162750244,0.010587210766971111,0.013239546678960323,0.04056745022535324,0.8275,3.4000000000000004,15.350000000000001,0.013440132141113281,0.0,0.27379247546195984,0.4540950655937195,1.2707432508468628
Direct PPO,1019,0.05,0.0,-1.674609661102295,-0.20800989866256714,0.34006524085998535,True,0.5032764077186584,0.010855965316295624,0.010725155472755432,0.02258843556046486,0.8075,3.8000000000000003,12.05,0.014528512954711914,0.0,0.2836097478866577,0.4511392116546631,1.2719082832336426
Direct PPO,1020,0.05,0.0,-1.1319496631622314,-0.4326494336128235,0.2227078378200531,True,0.2910117506980896,0.014839802868664265,0.0044435434974730015,0.023686543107032776,0.86,2.6,12.200000000000001,0.013425946235656738,0.0,0.29556670784950256,0.47653496265411377,1.4023340940475464
Direct PPO,1021,0.05,0.0,-1.4384177923202515,-0.8382971882820129,0.49743902683258057,True,0.5215970873832703,0.015606184490025043,0.019515788182616234,0.03476320207118988,0.78,4.3,17.150000000000002,0.018529891967773438,0.0,0.2299935668706894,0.4021085500717163,1.262244462966919
Direct PPO,1022,0.05,0.0,-1.999210000038147,0.8368335366249084,0.37694433331489563,True,0.6675567626953125,0.012441262602806091,0.011441393755376339,0.03685378655791283,0.7675,4.75,10.9,0.018533706665039062,0.0,0.26062077283859253,0.4371468424797058,1.1976957321166992
Direct PPO,1023,0.05,0.0,-1.4916963577270508,0.8117974996566772,0.4728805720806122,True,0.5257589221000671,0.018078675493597984,0.0060255746357142925,0.04721060395240784,0.7775,4.5,10.700000000000001,0.027846813201904297,0.0,0.25043830275535583,0.431649386882782,1.5142110586166382
Direct PPO,1024,0.05,0.0,-1.51630699634552,-0.48329436779022217,0.3110935389995575,True,0.44222623109817505,0.018895551562309265,0.010623489506542683,0.02486075647175312,0.8175,3.8000000000000003,19.150000000000002,0.011422872543334961,0.0,0.27884840965270996,0.44842666387557983,1.1992560625076294
Direct PPO,1025,0.05,0.0,-0.7683239579200745,0.258014976978302,0.24864348769187927,True,0.18963679671287537,0.016469307243824005,0.011711889877915382,0.022801155224442482,0.87,2.2,14.350000000000001,0.009849786758422852,0.0,0.30413612723350525,0.48623135685920715,1.2940902709960938
Direct PPO,1026,0.05,0.0,-1.7438942193984985,0.19023452699184418,0.2583710551261902,True,0.4933317303657532,0.012352118268609047,0.006115185562521219,0.037029117345809937,0.8025,3.8000000000000003,19.05,0.01921844482421875,0.0,0.27969518303871155,0.4467136263847351,1.2264536619186401
Direct PPO,1027,0.05,0.0,-1.9580382108688354,0.12429128587245941,0.36954861879348755,True,0.6261598467826843,0.012975908815860748,0.002696592127904296,0.024828767403960228,0.78,4.3500000000000005,12.8,0.021039485931396484,0.0,0.24252669513225555,0.4160934090614319,1.151236653327942
Direct PPO,1028,0.05,0.0,-0.7757433652877808,-0.22796711325645447,0.4025936424732208,True,0.22210004925727844,0.010860724374651909,0.010822637937963009,0.02861609496176243,0.8675,2.5500000000000003,18.2,0.017343997955322266,0.0,0.2987542450428009,0.4708573818206787,1.3255615234375
Direct PPO,1029,0.05,0.0,-0.7448340058326721,0.6458722352981567,0.214758962392807,True,0.21286581456661224,0.017724009230732918,0.009721340611577034,0.03364963456988335,0.8675,2.95,14.850000000000001,0.005136013031005859,0.0,0.27466243505477905,0.46261391043663025,1.130234956741333
Direct PPO,1030,0.05,0.0,-1.6447029113769531,-0.9496257901191711,0.4438457489013672,True,0.5797173380851746,0.011451838538050652,0.01690736599266529,0.023759638890624046,0.78,4.95,11.200000000000001,0.012841224670410156,0.0,0.2493174821138382,0.42086270451545715,1.1616970300674438
Direct PPO,1031,0.05,0.0,-0.9611496329307556,0.9009804725646973,0.39864641427993774,True,0.33397427201271057,0.011030248366296291,0.00402181688696146,0.036470066756010056,0.8475,3.0,19.3,0.018333911895751953,0.0,0.3018966317176819,0.4806888699531555,1.3139737844467163
Direct PPO,1032,0.05,0.0,-0.6833899617195129,-0.5306191444396973,0.49894750118255615,True,0.24073158204555511,0.013703688979148865,0.010915353894233704,0.011286724358797073,0.85,2.95,6.1000000000000005,0.024572372436523438,0.0,0.2637802064418793,0.4505923092365265,1.2588223218917847
Direct PPO,1033,0.05,0.0,-0.7577928304672241,0.7459949851036072,0.4761985242366791,True,0.27925291657447815,0.01257720123976469,0.006343388929963112,0.04908838868141174,0.8425,3.0,16.55,0.026307106018066406,0.0,0.26925939321517944,0.45281046628952026,1.1740309000015259
Direct PPO,1034,0.05,0.0,-0.5296080112457275,-0.6777904629707336,0.22327283024787903,True,0.17576861381530762,0.01288217306137085,0.006343494169414043,0.061477597802877426,0.89,2.35,16.6,0.007933378219604492,0.0,0.35604143142700195,0.5236263275146484,1.4694321155548096
Direct PPO,1035,0.05,0.0,-1.5201642513275146,-0.23973245918750763,0.436818927526474,True,0.4930124878883362,0.013990487903356552,0.0037482636980712414,0.050075579434633255,0.785,4.65,8.700000000000001,0.012035846710205078,0.0,0.22646798193454742,0.4076623320579529,1.252276062965393
Direct PPO,1036,0.05,0.0,-1.558912754058838,0.6018440127372742,0.34900519251823425,True,0.47792693972587585,0.012970766052603722,0.012424871325492859,0.06263480335474014,0.8075,3.7,17.25,0.019452571868896484,0.0,0.25217753648757935,0.43592405319213867,1.201782464981079
Direct PPO,1037,0.05,0.0,-1.5164998769760132,-0.3818822205066681,0.38270920515060425,True,0.46834713220596313,0.011634238064289093,0.014731790870428085,0.02618688903748989,0.805,4.05,9.25,0.019945621490478516,0.0,0.26512348651885986,0.44344618916511536,1.1434857845306396
Direct PPO,1038,0.05,0.0,-1.5098652839660645,-0.8029577136039734,0.31811848282814026,True,0.4632098972797394,0.0165336225181818,0.021814731881022453,0.039338625967502594,0.825,3.45,18.400000000000002,0.012276411056518555,0.0,0.28634658455848694,0.454455703496933,1.3079426288604736
Direct PPO,1039,0.05,0.0,-0.6960156559944153,-0.0387578122317791,0.3661683201789856,True,0.18734906613826752,0.011206897906959057,0.013446995988488197,0.05188538879156113,0.8725,2.6500000000000004,2.6500000000000004,0.018375873565673828,0.0,0.2941751182079315,0.4806457459926605,1.2435582876205444
Direct PPO,1040,0.05,0.0,-0.7547146081924438,0.5635512471199036,0.4134989380836487,True,0.2446674257516861,0.014146353118121624,0.012120136059820652,0.05608264356851578,0.85,3.25,18.45,0.016558170318603516,0.0,0.26331838965415955,0.45331934094429016,1.1898455619812012
Direct PPO,1041,0.05,0.0,-0.6478168964385986,-0.19675222039222717,0.46515655517578125,True,0.2007395178079605,0.011509543284773827,0.004795596934854984,0.0287198256701231,0.8625,2.4000000000000004,18.45,0.019855022430419922,0.0,0.28213581442832947,0.46081674098968506,1.2045296430587769
Direct PPO,1042,0.05,0.0,-1.463887333869934,-0.25558269023895264,0.3728010952472687,True,0.44170740246772766,0.011050822213292122,0.0055609215050935745,0.033841412514448166,0.8225,3.5500000000000003,3.5500000000000003,0.01858806610107422,0.0,0.26451534032821655,0.4456588327884674,1.1680668592453003
Direct PPO,1043,0.05,0.0,-1.7490100860595703,-0.7958716750144958,0.31946444511413574,True,0.544696033000946,0.013952571898698807,0.009847116656601429,0.012462439015507698,0.7975,3.8000000000000003,19.8,0.016286849975585938,0.0,0.27151748538017273,0.44074931740760803,1.3108751773834229
Direct PPO,1044,0.05,0.0,-1.981444239616394,0.7169352173805237,0.20961801707744598,True,0.5733801126480103,0.014720039442181587,0.019519800320267677,0.08333253115415573,0.79,4.55,7.95,0.04801064729690552,0.0,0.3132328689098358,0.47204986214637756,1.512129783630371
Direct PPO,1045,0.05,0.0,-0.7272861003875732,-0.39523494243621826,0.4158290922641754,True,0.21932552754878998,0.012842541560530663,0.00790945440530777,0.06916079670190811,0.8725,2.8000000000000003,14.350000000000001,0.013876914978027344,0.0,0.29923173785209656,0.4896033704280853,1.335479736328125
Direct PPO,1046,0.05,0.0,-1.868130087852478,0.6265861392021179,0.39649125933647156,True,0.6171183586120605,0.017779862508177757,0.011777984909713268,0.06961379945278168,0.7775,4.3500000000000005,14.350000000000001,0.014556407928466797,0.0,0.24994157254695892,0.4293918013572693,1.1240755319595337
Direct PPO,1047,0.05,0.0,-1.1699552536010742,-0.14992530643939972,0.29876548051834106,True,0.3143755793571472,0.011109878309071064,0.005561189725995064,0.04095402732491493,0.8475,2.85,19.1,0.017982006072998047,0.0,0.29515010118484497,0.4667331576347351,1.4094253778457642
Direct PPO,1048,0.05,0.0,-0.9076822996139526,-0.7630760073661804,0.4824531674385071,True,0.32521626353263855,0.0119177782908082,0.01982072927057743,0.021998390555381775,0.835,3.25,18.400000000000002,0.02417278289794922,0.0,0.28054407238960266,0.4629512131214142,1.2245560884475708
Direct PPO,1049,0.05,0.0,-1.6127384901046753,0.09402617067098618,0.43331217765808105,True,0.5258849859237671,0.012054866179823875,0.014869886450469494,0.054082341492176056,0.7775,4.25,15.200000000000001,0.017522811889648438,0.0,0.2601661682128906,0.4347071349620819,1.2368626594543457
Direct PPO,1050,0.05,0.0,-1.2507070302963257,-0.40418457984924316,0.49881017208099365,True,0.4256257116794586,0.012457510456442833,0.01395382173359394,0.07615771144628525,0.7875,4.5,11.200000000000001,0.021988868713378906,0.0,0.26754310727119446,0.4462345242500305,1.1661947965621948
Direct PPO,1051,0.05,0.0,-0.8433747291564941,-0.6024307608604431,0.2584548592567444,True,0.23457342386245728,0.012654062360525131,0.012021311558783054,0.016808094456791878,0.875,2.35,12.9,0.013975143432617188,0.0,0.2690131366252899,0.4444957971572876,1.3632875680923462
Direct PPO,1052,0.05,0.0,-1.577463150024414,-0.03658809885382652,0.32490968704223633,False,0.4605678617954254,0.015692442655563354,0.010734137147665024,0.10234057158231735,0.8075,3.7,nan,0.019658565521240234,0.0,0.27776581048965454,0.45192739367485046,1.2335727214813232
Direct PPO,1053,0.05,0.0,-0.7320424914360046,-0.38764455914497375,0.44851720333099365,True,0.22989945113658905,0.011061245575547218,0.01724097691476345,0.009621086530387402,0.855,3.2,16.35,0.018790245056152344,0.0,0.25077196955680847,0.4373457431793213,1.2950164079666138
Direct PPO,1054,0.05,0.0,-1.9604523181915283,0.6108824014663696,0.3443475067615509,True,0.6233375668525696,0.01170377153903246,0.011145327240228653,0.047361258417367935,0.7825,4.3,10.200000000000001,0.013149738311767578,0.0,0.2507590651512146,0.42998188734054565,1.2313554286956787
Direct PPO,1055,0.05,0.0,-0.8035520911216736,-0.8197364807128906,0.37500709295272827,True,0.2759893238544464,0.013822577893733978,0.010739344172179699,0.05429405719041824,0.8475,3.25,18.8,0.02048778533935547,0.0,0.2757597863674164,0.4498846232891083,1.27702796459198
Direct PPO,1056,0.05,0.0,-0.6173267960548401,-0.7547652125358582,0.33817118406295776,True,0.21673855185508728,0.01131503563374281,0.003294806694611907,0.06574784964323044,0.88,2.5,19.400000000000002,0.018780231475830078,0.0,0.30642637610435486,0.47914254665374756,1.318212866783142
Direct PPO,1057,0.05,0.0,-1.4013786315917969,-0.020997419953346252,0.2980625629425049,True,0.38921666145324707,0.014255654998123646,0.00475443946197629,0.03680594637989998,0.825,3.7,16.400000000000002,0.006951332092285156,0.0,0.27936452627182007,0.4591977298259735,1.2969095706939697
Direct PPO,1058,0.05,0.0,-1.9344123601913452,-0.6835842132568359,0.34246277809143066,True,0.6164411306381226,0.012947293929755688,0.014145317487418652,0.03532383590936661,0.78,4.15,14.05,0.016501426696777344,0.0,0.2688544988632202,0.43069133162498474,1.2743738889694214
Direct PPO,1059,0.05,0.0,-1.3239208459854126,-0.34795770049095154,0.3298633396625519,True,0.37868112325668335,0.011571303941309452,0.013922017998993397,0.0264060627669096,0.825,3.1500000000000004,13.0,0.014233589172363281,0.0,0.2686997652053833,0.44484731554985046,1.214473009109497
Direct PPO,1060,0.05,0.0,-0.5232435464859009,-0.8263487219810486,0.4775193929672241,True,0.23347477614879608,0.012277939356863499,0.004484446253627539,0.055444952100515366,0.8475,2.85,12.600000000000001,0.020563125610351562,0.0,0.2654501795768738,0.44616010785102844,1.2621580362319946
Direct PPO,1061,0.05,0.0,-1.0766786336898804,0.09924349933862686,0.28927016258239746,True,0.2827427387237549,0.015906227752566338,0.011667193844914436,0.03468884900212288,0.8575,2.7,13.65,0.014776468276977539,0.0,0.321423202753067,0.49421799182891846,1.3161696195602417
Direct PPO,1062,0.05,0.0,-1.020176649093628,-0.6513675451278687,0.4292861223220825,True,0.33146002888679504,0.011229386553168297,0.006586425472050905,0.00798110943287611,0.84,3.1500000000000004,3.7,0.021709442138671875,0.0,0.29431629180908203,0.468627393245697,1.4815691709518433
Direct PPO,1063,0.05,0.0,-0.5567145943641663,0.6067063212394714,0.2895512878894806,True,0.17946892976760864,0.0138773238286376,0.011901370249688625,0.02086205966770649,0.8625,2.5,13.5,0.0197603702545166,0.0,0.2949845492839813,0.47618573904037476,1.2606803178787231
Direct PPO,1064,0.05,0.0,-1.6129041910171509,-0.13716638088226318,0.24278511106967926,True,0.44123050570487976,0.014377347193658352,0.009644169360399246,0.08786550164222717,0.8125,3.35,17.5,0.02771627902984619,0.0,0.26830288767814636,0.43814361095428467,1.225196123123169
Direct PPO,1065,0.05,0.0,-0.5033138990402222,-0.5932050347328186,0.453745573759079,True,0.18856310844421387,0.012965591624379158,0.0038972909096628428,0.01575312204658985,0.875,2.7,18.75,0.022494792938232422,0.0,0.2805008590221405,0.46625393629074097,1.1923261880874634
Direct PPO,1066,0.05,0.0,-1.3762075901031494,0.32575497031211853,0.20805609226226807,True,0.3568025827407837,0.015427293255925179,0.014236748218536377,0.021478256210684776,0.8375,2.95,18.150000000000002,0.02335721254348755,0.0,0.3044913709163666,0.4762478470802307,1.233457326889038
Direct PPO,1067,0.05,0.0,-0.6176835894584656,0.9055254459381104,0.20151829719543457,True,0.2325563132762909,0.013009821996092796,0.0051476117223501205,0.06772223114967346,0.845,3.1500000000000004,18.400000000000002,0.008907198905944824,0.0,0.28568243980407715,0.4631496071815491,1.4740740060806274
Direct PPO,1068,0.05,0.0,-0.7787961959838867,0.5352519750595093,0.25048118829727173,True,0.21224427223205566,0.01360178180038929,0.019140087068080902,0.03702410310506821,0.8625,2.5500000000000003,18.2,0.0025773048400878906,0.0,0.29167991876602173,0.47564035654067993,1.3482502698898315
Direct PPO,1069,0.05,0.0,-0.5076419115066528,0.8446078896522522,0.24751581251621246,True,0.21016621589660645,0.014134547673165798,0.013751110062003136,0.012935028411448002,0.8375,3.25,18.3,0.029175758361816406,0.0,0.30697178840637207,0.4921724796295166,1.3613121509552002
Direct PPO,1070,0.05,0.0,-1.6644020080566406,0.9533751606941223,0.22921264171600342,True,0.494332879781723,0.017930960282683372,0.016662759706377983,0.015522118657827377,0.805,4.05,14.350000000000001,0.03773033618927002,0.0,0.28210321068763733,0.4493080973625183,1.448649525642395
Direct PPO,1071,0.05,0.0,-1.6379417181015015,0.7469041347503662,0.26974478363990784,True,0.4819790720939636,0.012596777640283108,0.011039776727557182,0.04412192478775978,0.8175,3.45,16.45,0.016983509063720703,0.0,0.2989175617694855,0.4638284742832184,1.5386409759521484
Direct PPO,1072,0.05,0.0,-1.22187077999115,0.3675197660923004,0.4661308228969574,True,0.40015414357185364,0.014335257932543755,0.010340540669858456,0.04158705845475197,0.7925,4.15,10.200000000000001,0.028317928314208984,0.0,0.2712794244289398,0.44845065474510193,1.2395468950271606
Direct PPO,1073,0.05,0.0,-1.5133368968963623,0.8512749075889587,0.3800120949745178,True,0.49224865436553955,0.013587952591478825,0.01374845951795578,0.02131306193768978,0.805,3.9000000000000004,17.650000000000002,0.014553070068359375,0.0,0.2832545340061188,0.452438622713089,1.3722114562988281
Direct PPO,1074,0.05,0.0,-0.5001789927482605,-0.2884053587913513,0.4962819218635559,True,0.16725511848926544,0.008876489475369453,0.0019286489114165306,0.09310799837112427,0.87,3.1500000000000004,13.700000000000001,0.021188735961914062,0.0,0.2855110764503479,0.47280532121658325,1.2743326425552368
Direct PPO,1075,0.05,0.0,-0.8189709782600403,0.9466501474380493,0.23914383351802826,True,0.27811163663864136,0.015503160655498505,0.009168301708996296,0.07119756937026978,0.85,2.85,19.150000000000002,0.009157419204711914,0.0,0.3168187141418457,0.49320781230926514,1.3038238286972046
Direct PPO,1076,0.05,0.0,-1.445397138595581,-0.562984049320221,0.45283621549606323,True,0.4827312231063843,0.014712253585457802,0.009981531649827957,0.08193609863519669,0.785,4.5,19.950000000000003,0.025383949279785156,0.0,0.25373896956443787,0.4240356385707855,1.4144874811172485
Direct PPO,1077,0.05,0.0,-0.6151338219642639,-0.8893533945083618,0.2694230377674103,True,0.23325340449810028,0.016193252056837082,0.004254696890711784,0.024787187576293945,0.86,2.9000000000000004,18.55,0.011002063751220703,0.0,0.3284308910369873,0.5059779286384583,1.2388192415237427
Direct PPO,1078,0.05,0.0,-0.6580581068992615,-0.6858707666397095,0.23459486663341522,True,0.20108309388160706,0.014335047453641891,0.005287729203701019,0.019038962200284004,0.885,2.15,11.850000000000001,0.005502223968505859,0.0,0.30035829544067383,0.47923383116722107,1.1277170181274414
Direct PPO,1079,0.05,0.0,-0.5874135494232178,0.8651593327522278,0.4896434247493744,True,0.2587411105632782,0.013085209764540195,0.008233267813920975,0.029877103865146637,0.8325,3.2,19.8,0.023984909057617188,0.0,0.26328137516975403,0.45093148946762085,1.3335341215133667
Direct PPO,1080,0.05,0.0,-0.6397119164466858,0.7102972865104675,0.367546945810318,True,0.22256970405578613,0.011548208072781563,0.006132542155683041,0.05174959823489189,0.8575,2.7,18.95,0.02078723907470703,0.0,0.2971930205821991,0.47744491696357727,1.2449871301651
Direct PPO,1081,0.05,0.0,-1.3320256471633911,0.8601993322372437,0.3006768822669983,True,0.40603920817375183,0.014479593373835087,0.004372889641672373,0.020738894119858742,0.8325,3.1,16.45,0.01080632209777832,0.0,0.2942635416984558,0.4717245101928711,1.3716168403625488
Direct PPO,1082,0.05,0.0,-0.9581221342086792,-0.30673766136169434,0.3117980659008026,True,0.2561229169368744,0.012774068862199783,0.00881368387490511,0.05572778731584549,0.855,2.6,17.7,0.02375006675720215,0.0,0.29343506693840027,0.4761183559894562,1.1911487579345703
Direct PPO,1083,0.05,0.0,-1.3940625190734863,0.6289385557174683,0.21643398702144623,True,0.37957996129989624,0.011207573115825653,0.011945224367082119,0.04237692430615425,0.8425,3.3000000000000003,12.450000000000001,0.062144935131073,0.02,0.27455440163612366,0.4527631402015686,1.2834148406982422
Direct PPO,1084,0.05,0.0,-0.7371216416358948,-0.8951173424720764,0.4071005880832672,True,0.2780686318874359,0.011325085535645485,0.009014919400215149,0.019482769072055817,0.855,3.5,3.5,0.011569976806640625,0.0,0.2631566524505615,0.4427715837955475,1.4875307083129883
Direct PPO,1085,0.05,0.0,-0.7224554419517517,-0.08529454469680786,0.4138740301132202,True,0.20753417909145355,0.01049000583589077,0.013212700374424458,0.01947348564863205,0.86,2.5500000000000003,15.600000000000001,0.02308940887451172,0.0,0.3105171024799347,0.4879528880119324,1.2829337120056152
Direct PPO,1086,0.05,0.0,-0.7490203976631165,-0.7008727788925171,0.4387705326080322,True,0.2603107988834381,0.01318400353193283,0.0071128192357718945,0.0413043349981308,0.8575,3.0500000000000003,7.8500000000000005,0.014737129211425781,0.0,0.26002559065818787,0.44256606698036194,1.2419618368148804
Direct PPO,1087,0.05,0.0,-1.2718281745910645,-0.8616007566452026,0.3274095356464386,True,0.3971838653087616,0.012513785623013973,0.008996043354272842,0.04955710470676422,0.8375,3.1500000000000004,19.55,0.012314319610595703,0.0,0.2912733554840088,0.4583389163017273,1.3525094985961914
Direct PPO,1088,0.05,0.0,-1.148199200630188,-0.9221230149269104,0.4605681300163269,True,0.4109901189804077,0.013388886116445065,0.01698520965874195,0.03012840636074543,0.81,4.3,16.900000000000002,0.018208980560302734,0.0,0.25773853063583374,0.4301896393299103,1.1928606033325195
Direct PPO,1089,0.05,0.0,-1.8535881042480469,0.5890284776687622,0.37915652990341187,True,0.6001577973365784,0.012994756922125816,0.024850530549883842,0.01971866562962532,0.775,4.6000000000000005,19.25,0.02237558364868164,0.0,0.26670801639556885,0.4385746121406555,1.3274807929992676
Direct PPO,1090,0.05,0.0,-0.9845758080482483,-0.6573527455329895,0.30003631114959717,True,0.28529953956604004,0.011136486195027828,0.017665915191173553,0.0806516483426094,0.855,2.6,17.85,0.012221336364746094,0.0,0.3194343149662018,0.4860630929470062,1.4466747045516968
Direct PPO,1091,0.05,0.0,-1.8845704793930054,-0.6914018392562866,0.36124923825263977,True,0.6079947352409363,0.011107352562248707,0.004972898866981268,0.026097329333424568,0.78,4.3500000000000005,18.2,0.020374298095703125,0.0,0.2691043019294739,0.4468221366405487,1.4197800159454346
Direct PPO,1092,0.05,0.0,-1.9696727991104126,-0.2278679758310318,0.31251582503318787,True,0.6007369756698608,0.012016428634524345,0.011087664403021336,0.0675475224852562,0.79,5.15,5.15,0.014770030975341797,0.0,0.2566641867160797,0.43277454376220703,1.1209967136383057
Direct PPO,1093,0.05,0.0,-0.8791002631187439,0.07968070358037949,0.43002596497535706,True,0.2621266543865204,0.01339208148419857,0.004758208524435759,0.05096425116062164,0.845,3.5,3.5,0.01691603660583496,0.0,0.26005083322525024,0.4444234073162079,1.30062997341156
Direct PPO,1094,0.05,0.0,-0.9031349420547485,-0.5643354058265686,0.2514164447784424,True,0.24426913261413574,0.015485946089029312,0.012204678729176521,0.021492058411240578,0.8675,2.5,9.35,0.012752056121826172,0.0,0.3062915802001953,0.48679476976394653,1.2194557189941406
Direct PPO,1095,0.05,0.0,-1.3096781969070435,-0.4019305408000946,0.2943161725997925,True,0.36376771330833435,0.013038544915616512,0.01293196715414524,0.037441883236169815,0.835,3.0500000000000003,14.950000000000001,0.009052753448486328,0.0,0.2913799583911896,0.4658717215061188,1.2815719842910767
Direct PPO,1096,0.05,0.0,-0.5565752387046814,0.7886120080947876,0.27283963561058044,True,0.2073248028755188,0.016540290787816048,0.0062519824132323265,0.03506290540099144,0.8475,2.8000000000000003,17.3,0.016147851943969727,0.0,0.3014427423477173,0.47485917806625366,1.3642240762710571
Direct PPO,1097,0.05,0.0,-1.3080552816390991,0.037033263593912125,0.27344202995300293,True,0.3506792187690735,0.015304415486752987,0.011938191018998623,0.03401356562972069,0.8375,3.0,19.150000000000002,0.015189170837402344,0.0,0.307189404964447,0.4796721637248993,1.2895281314849854
Direct PPO,1098,0.05,0.0,-1.2224541902542114,-0.25077617168426514,0.4742331802845001,True,0.39906466007232666,0.013573422096669674,0.016603389754891396,0.047928083688020706,0.82,3.6,3.6,0.023604393005371094,0.0,0.2460579127073288,0.4340248107910156,1.4314625263214111
Direct PPO,1099,0.05,0.0,-1.9130916595458984,0.09447009861469269,0.36984628438949585,True,0.608315110206604,0.012349697761237621,0.011833865195512772,0.012783510610461235,0.7725,4.5,17.2,0.01100301742553711,0.0,0.26188725233078003,0.43275439739227295,1.5282347202301025
Residual PPO,1000,0.05,0.0,-1.2179213762283325,0.20768369734287262,0.34128254652023315,True,0.36156150698661804,0.019902369007468224,0.01115721371024847,0.004430045839399099,0.8125,3.75,3.75,0.008872032165527344,0.0,0.0033017145469784737,0.05087742209434509,0.17429234087467194
Residual PPO,1001,0.05,0.0,-1.0811076164245605,-0.9685990810394287,0.25630688667297363,True,0.3771032392978668,0.02330837957561016,0.006536046974360943,0.009869463741779327,0.7975,4.05,4.05,0.0070149898529052734,0.0,0.0036901035346090794,0.053727518767118454,0.17161056399345398
Residual PPO,1002,0.05,0.0,-1.428768277168274,-0.28562131524086,0.4242836833000183,True,0.46266108751296997,0.024980101734399796,0.008278890512883663,0.012803264893591404,0.785,4.3,4.3,0.012052536010742188,0.0,0.003621924901381135,0.0527789406478405,0.14349639415740967
Residual PPO,1003,0.05,0.0,-1.7183640003204346,-0.48658838868141174,0.34840381145477295,True,0.5440984964370728,0.02984076552093029,0.002971943700686097,0.021335475146770477,0.7725,4.55,4.55,0.006419658660888672,0.0,0.003537579672411084,0.0517481192946434,0.1317133754491806
Residual PPO,1004,0.05,0.0,-1.998679280281067,-0.7396973967552185,0.24154320359230042,True,0.6168032884597778,0.02688516117632389,0.01770978979766369,0.004437551833689213,0.7675,4.65,4.65,0.0011906623840332031,0.0,0.004111773334443569,0.0574227049946785,0.15735918283462524
Residual PPO,1005,0.05,0.0,-1.8766711950302124,0.8611240983009338,0.28618520498275757,True,0.603091835975647,0.024092907086014748,0.007097748573869467,0.01200952474027872,0.7675,4.65,4.65,0.0031697750091552734,0.0,0.0036944891326129436,0.05319209024310112,0.1508188396692276
Residual PPO,1006,0.05,0.0,-1.4946178197860718,0.20171388983726501,0.28934937715530396,True,0.43671777844429016,0.017133569344878197,0.006475571542978287,0.012620946392416954,0.795,4.1000000000000005,4.1000000000000005,0.0007457733154296875,0.0,0.003356027649715543,0.05095382034778595,0.13981342315673828
Residual PPO,1007,0.05,0.0,-1.8931626081466675,0.6319606900215149,0.39287856221199036,True,0.638913631439209,0.028617149218916893,0.005599464755505323,0.008208191022276878,0.7575,4.8500000000000005,4.8500000000000005,0.009440422058105469,0.0,0.0032235237304121256,0.04976296052336693,0.13907721638679504
Residual PPO,1008,0.05,0.0,-1.749120831489563,0.6261014938354492,0.26522985100746155,True,0.5337894558906555,0.021164925768971443,0.005316114518791437,0.009159023873507977,0.7825,4.3500000000000005,4.3500000000000005,0.0013499259948730469,0.0,0.0037235275376588106,0.053695954382419586,0.15001718699932098
Residual PPO,1009,0.05,0.0,-1.9152493476867676,-0.3461688160896301,0.2149554342031479,True,0.5587471723556519,0.022625066339969635,0.010067607276141644,0.005247726570814848,0.7725,4.55,4.55,0.006993293762207031,0.0,0.0036966886837035418,0.05317588523030281,0.15922652184963226
Residual PPO,1010,0.05,0.0,-1.8575115203857422,0.07161146402359009,0.4753030240535736,True,0.6560174226760864,0.04072556272149086,0.013969912193715572,0.008562357164919376,0.7375,5.25,5.25,0.01609516143798828,0.0,0.0033700959756970406,0.04978718236088753,0.1799996942281723
Residual PPO,1011,0.05,0.0,-1.57381272315979,0.12664707005023956,0.26378002762794495,True,0.4537438452243805,0.025300733745098114,0.02143678441643715,0.02108793333172798,0.8025,3.95,3.95,0.006250858306884766,0.0,0.0033242839854210615,0.05026981607079506,0.1453532874584198
Residual PPO,1012,0.05,0.0,-1.5405192375183105,0.561293363571167,0.2715309262275696,True,0.4634503722190857,0.018138596788048744,0.006918668746948242,0.016356803476810455,0.795,4.1000000000000005,4.1000000000000005,0.002960681915283203,0.0,0.003678405424579978,0.05297758802771568,0.19204014539718628
Residual PPO,1013,0.05,0.0,-0.8082606196403503,-0.8420410752296448,0.401797890663147,True,0.31502580642700195,0.015253071673214436,0.00295499456115067,0.00833266880363226,0.825,3.5,3.5,0.017160415649414062,0.0,0.00399851193651557,0.05496003106236458,0.2398461103439331
Residual PPO,1014,0.05,0.0,-1.3467140197753906,0.1714046150445938,0.4693894386291504,True,0.4494261145591736,0.022618966177105904,0.012903113849461079,0.011626177467405796,0.7875,4.25,4.25,0.020151138305664062,0.0,0.0035750283859670162,0.05175479128956795,0.17509184777736664
Residual PPO,1015,0.05,0.0,-1.4601455926895142,0.21413566172122955,0.39239153265953064,True,0.4587419033050537,0.016303131356835365,0.005853303242474794,0.023808492347598076,0.79,4.2,4.2,0.010997772216796875,0.0,0.003240799531340599,0.04995209351181984,0.1342993974685669
Residual PPO,1016,0.05,0.0,-1.6580126285552979,-0.11461202055215836,0.3060871958732605,True,0.4953517019748688,0.019552014768123627,0.007594868540763855,0.007925973273813725,0.785,4.3,4.3,0.0003314018249511719,0.0,0.004002565052360296,0.055005043745040894,0.19470027089118958
Residual PPO,1017,0.05,0.0,-0.62247234582901,0.6426637768745422,0.4917738139629364,True,0.25428882241249084,0.009552680887281895,0.010566085577011108,0.0036219411995261908,0.845,3.1,3.1,0.01153564453125,0.0,0.0035097217187285423,0.052768923342227936,0.15679648518562317
Residual PPO,1018,0.05,0.0,-1.1090368032455444,-0.0900818482041359,0.4614541530609131,True,0.35953289270401,0.02236279845237732,0.010287811048328876,0.01634405367076397,0.8075,3.85,3.85,0.011689186096191406,0.0,0.003706387709826231,0.052988383919000626,0.148183211684227
Residual PPO,1019,0.05,0.0,-1.674609661102295,-0.20800989866256714,0.34006524085998535,True,0.5149461030960083,0.022347578778862953,0.009786145761609077,0.007911157794296741,0.7825,4.3500000000000005,4.3500000000000005,0.008896350860595703,0.0,0.0037056789733469486,0.05277814343571663,0.1462908536195755
Residual PPO,1020,0.05,0.0,-1.1319496631622314,-0.4326494336128235,0.2227078378200531,True,0.31808939576148987,0.013154164887964725,0.008908059448003769,0.011997360736131668,0.82,3.6,3.6,0.008818626403808594,0.0,0.003788019297644496,0.05494756996631622,0.14248360693454742
Residual PPO,1021,0.05,0.0,-1.4384177923202515,-0.8382971882820129,0.49743902683258057,True,0.5362786054611206,0.03322578966617584,0.015986083075404167,0.01063708495348692,0.765,4.7,4.7,0.015493392944335938,0.0,0.0035395845770835876,0.051632195711135864,0.14888259768486023
Residual PPO,1022,0.05,0.0,-1.999210000038147,0.8368335366249084,0.37694433331489563,True,0.6850915551185608,0.027456874027848244,0.014712225645780563,0.006274448707699776,0.7475,5.050000000000001,5.050000000000001,0.017101287841796875,0.0,0.003568402025848627,0.05317949131131172,0.13774122297763824
Residual PPO,1023,0.05,0.0,-1.4916963577270508,0.8117974996566772,0.4728805720806122,True,0.5426465272903442,0.028937529772520065,0.010620194487273693,0.0068345931358635426,0.7725,4.55,4.55,0.02098369598388672,0.0,0.0034588510170578957,0.051572468131780624,0.15264399349689484
Residual PPO,1024,0.05,0.0,-1.51630699634552,-0.48329436779022217,0.3110935389995575,True,0.46219250559806824,0.026214560493826866,0.005175173748284578,0.007184919435530901,0.7925,4.15,4.15,0.003017902374267578,0.0,0.0035502868704497814,0.051618173718452454,0.1461823582649231
Residual PPO,1025,0.05,0.0,-0.7683239579200745,0.258014976978302,0.24864348769187927,True,0.2074231058359146,0.010698046535253525,0.0033013587817549706,0.012403447180986404,0.8625,2.75,2.75,0.0061187744140625,0.0,0.003688123309984803,0.05349404364824295,0.14591065049171448
Residual PPO,1026,0.05,0.0,-1.7438942193984985,0.19023452699184418,0.2583710551261902,True,0.5109289288520813,0.025144917890429497,0.00530470535159111,0.009721281006932259,0.7875,4.25,4.25,0.01723194122314453,0.0,0.0035939861554652452,0.05181843787431717,0.17923729121685028
Residual PPO,1027,0.05,0.0,-1.9580382108688354,0.12429128587245941,0.36954861879348755,True,0.6341532468795776,0.03394525870680809,0.015634484589099884,0.010606391355395317,0.7575,4.8500000000000005,4.8500000000000005,0.015278339385986328,0.0,0.0031801355071365833,0.0490473136305809,0.15120592713356018
Residual PPO,1028,0.05,0.0,-0.7757433652877808,-0.22796711325645447,0.4025936424732208,True,0.24018535017967224,0.013023979030549526,0.011261516250669956,0.01594335027039051,0.845,3.1,3.1,0.011070728302001953,0.0,0.004039234481751919,0.05535593628883362,0.17011712491512299
Residual PPO,1029,0.05,0.0,-0.7448340058326721,0.6458722352981567,0.214758962392807,True,0.2388121336698532,0.013768083415925503,0.005221431143581867,0.005676387343555689,0.855,2.9000000000000004,2.9000000000000004,0.003677845001220703,0.0,0.0031866312492638826,0.05052630603313446,0.13338135182857513
Residual PPO,1030,0.05,0.0,-1.6447029113769531,-0.9496257901191711,0.4438457489013672,True,0.5955337285995483,0.03491225838661194,0.007854239083826542,0.010306814685463905,0.7525,4.95,4.95,0.013432502746582031,0.0,0.003565323306247592,0.052052292972803116,0.1435554474592209
Residual PPO,1031,0.05,0.0,-0.9611496329307556,0.9009804725646973,0.39864641427993774,True,0.3607536554336548,0.017134463414549828,0.007970208302140236,0.0010073862504214048,0.82,3.6,3.6,0.009116172790527344,0.0,0.0039640869945287704,0.05558426305651665,0.1543056219816208
Residual PPO,1032,0.05,0.0,-0.6833899617195129,-0.5306191444396973,0.49894750118255615,True,0.26074284315109253,0.015463599003851414,0.015689846128225327,0.018252238631248474,0.835,3.3000000000000003,3.3000000000000003,0.020226478576660156,0.0,0.0037410056684166193,0.05385003983974457,0.18855243921279907
Residual PPO,1033,0.05,0.0,-0.7577928304672241,0.7459949851036072,0.4761985242366791,True,0.3015685975551605,0.01406287681311369,0.004767821170389652,0.011879000812768936,0.8275,3.45,3.45,0.016648292541503906,0.0,0.0037152469158172607,0.053313855081796646,0.1548077017068863
Residual PPO,1034,0.05,0.0,-0.5296080112457275,-0.6777904629707336,0.22327283024787903,True,0.20660114288330078,0.014608584344387054,0.00447192182764411,0.021146459504961967,0.8425,3.1500000000000004,3.1500000000000004,0.007363319396972656,0.0,0.004438720177859068,0.058568816632032394,0.17278553545475006
Residual PPO,1035,0.05,0.0,-1.5201642513275146,-0.23973245918750763,0.436818927526474,True,0.5003346800804138,0.024938317015767097,0.004503878764808178,0.008529865182936192,0.7775,4.45,4.45,0.015758991241455078,0.0,0.0032024658285081387,0.04951895400881767,0.14806745946407318
Residual PPO,1036,0.05,0.0,-1.558912754058838,0.6018440127372742,0.34900519251823425,True,0.49692603945732117,0.018619786947965622,0.014356087893247604,0.011292466893792152,0.7825,4.3500000000000005,4.3500000000000005,0.014567375183105469,0.0,0.0033492303919047117,0.05118604749441147,0.1555841565132141
Residual PPO,1037,0.05,0.0,-1.5164998769760132,-0.3818822205066681,0.38270920515060425,True,0.4810255169868469,0.023398414254188538,0.0066849286668002605,0.012007406912744045,0.7875,4.25,4.25,0.019546031951904297,0.0,0.0035531872417777777,0.05235452204942703,0.15556243062019348
Residual PPO,1038,0.05,0.0,-1.5098652839660645,-0.8029577136039734,0.31811848282814026,True,0.48688870668411255,0.02310546301305294,0.019978493452072144,0.006555687170475721,0.7925,4.15,4.15,0.0010242462158203125,0.0,0.00357394409365952,0.0516839474439621,0.15046140551567078
Residual PPO,1039,0.05,0.0,-0.6960156559944153,-0.0387578122317791,0.3661683201789856,True,0.20173421502113342,0.012931267730891705,0.00990382768213749,0.01314265001565218,0.86,2.8000000000000003,2.8000000000000003,0.01892995834350586,0.0,0.003765936242416501,0.05432184040546417,0.15118132531642914
Residual PPO,1040,0.05,0.0,-0.7547146081924438,0.5635512471199036,0.4134989380836487,True,0.2655067443847656,0.016480926424264908,0.006184624973684549,0.019839158281683922,0.8425,3.1500000000000004,3.1500000000000004,0.01157999038696289,0.0,0.003477559657767415,0.052714236080646515,0.1451634168624878
Residual PPO,1041,0.05,0.0,-0.6478168964385986,-0.19675222039222717,0.46515655517578125,True,0.21610230207443237,0.01571783423423767,0.006890373304486275,0.008057454600930214,0.8425,3.1500000000000004,3.1500000000000004,0.015512466430664062,0.0,0.003916474059224129,0.05492790415883064,0.16873958706855774
Residual PPO,1042,0.05,0.0,-1.463887333869934,-0.25558269023895264,0.3728010952472687,True,0.45366573333740234,0.019116029143333435,0.0038111424073576927,0.00865010917186737,0.7875,4.25,4.25,0.010163307189941406,0.0,0.0033826869912445545,0.05093449726700783,0.16293224692344666
Residual PPO,1043,0.05,0.0,-1.7490100860595703,-0.7958716750144958,0.31946444511413574,True,0.5647098422050476,0.027675997465848923,0.010137129575014114,0.0070670959539711475,0.7725,4.55,4.55,0.01122903823852539,0.0,0.0034098357427865267,0.051224272698163986,0.15138918161392212
Residual PPO,1044,0.05,0.0,-1.981444239616394,0.7169352173805237,0.20961801707744598,True,0.5994264483451843,0.022407760843634605,0.0056306649930775166,0.016257790848612785,0.77,4.6000000000000005,4.6000000000000005,0.010642051696777344,0.0,0.003901578951627016,0.05501827597618103,0.15196524560451508
Residual PPO,1045,0.05,0.0,-0.7272861003875732,-0.39523494243621826,0.4158290922641754,True,0.24008752405643463,0.015756500884890556,0.014311191625893116,0.016087694093585014,0.8475,3.0500000000000003,3.0500000000000003,0.014510154724121094,0.0,0.003981739282608032,0.057124994695186615,0.16324517130851746
Residual PPO,1046,0.05,0.0,-1.868130087852478,0.6265861392021179,0.39649125933647156,True,0.6317642331123352,0.033969905227422714,0.00452757440507412,0.025128217414021492,0.7575,4.8500000000000005,4.8500000000000005,0.011926651000976562,0.0,0.0032931354362517595,0.05019523203372955,0.1406410038471222
Residual PPO,1047,0.05,0.0,-1.1699552536010742,-0.14992530643939972,0.29876548051834106,True,0.3327426016330719,0.015713298693299294,0.0077184392139315605,0.012617879547178745,0.82,3.6,3.6,0.01170969009399414,0.0,0.0037135938182473183,0.05234511196613312,0.19777357578277588
Residual PPO,1048,0.05,0.0,-0.9076822996139526,-0.7630760073661804,0.4824531674385071,True,0.34688839316368103,0.019666016101837158,0.01853368990123272,0.004161324352025986,0.815,3.7,3.7,0.018301963806152344,0.0,0.0039032993372529745,0.05542565882205963,0.14760035276412964
Residual PPO,1049,0.05,0.0,-1.6127384901046753,0.09402617067098618,0.43331217765808105,True,0.5324779152870178,0.02618485316634178,0.002568349940702319,0.020802348852157593,0.7675,4.65,4.65,0.014697074890136719,0.0,0.0035096777137368917,0.05112580955028534,0.1651221066713333
Residual PPO,1050,0.05,0.0,-1.2507070302963257,-0.40418457984924316,0.49881017208099365,True,0.43531665205955505,0.02550540864467621,0.008664418011903763,0.017015112563967705,0.7825,4.3500000000000005,4.3500000000000005,0.01957559585571289,0.0,0.004023642744868994,0.05588748678565025,0.16251246631145477
Residual PPO,1051,0.05,0.0,-0.8433747291564941,-0.6024307608604431,0.2584548592567444,True,0.26503926515579224,0.015331322327256203,0.00465472461655736,0.00823202170431614,0.8375,3.25,3.25,0.009050846099853516,0.0,0.0035186479799449444,0.0512162409722805,0.15878523886203766
Residual PPO,1052,0.05,0.0,-1.577463150024414,-0.03658809885382652,0.32490968704223633,True,0.47264713048934937,0.020273426547646523,0.01089008804410696,0.025442983955144882,0.79,4.2,4.2,0.011452198028564453,0.0,0.00345300673507154,0.0517035648226738,0.14481566846370697
Residual PPO,1053,0.05,0.0,-0.7320424914360046,-0.38764455914497375,0.44851720333099365,True,0.2501150369644165,0.015266739763319492,0.01509860809892416,0.015497290529310703,0.8375,3.25,3.25,0.013823509216308594,0.0,0.00343789323233068,0.051785338670015335,0.15968966484069824
Residual PPO,1054,0.05,0.0,-1.9604523181915283,0.6108824014663696,0.3443475067615509,True,0.6395442485809326,0.029752468690276146,0.0028012911789119244,0.011012685485184193,0.76,4.800000000000001,4.800000000000001,0.008038520812988281,0.0,0.0033262791112065315,0.050436243414878845,0.1436816155910492
Residual PPO,1055,0.05,0.0,-0.8035520911216736,-0.8197364807128906,0.37500709295272827,True,0.30650752782821655,0.015189430676400661,0.009502653032541275,0.021082894876599312,0.8175,3.6500000000000004,3.6500000000000004,0.01821279525756836,0.0,0.003525109263136983,0.052150219678878784,0.16414481401443481
Residual PPO,1056,0.05,0.0,-0.6173267960548401,-0.7547652125358582,0.33817118406295776,True,0.24754734337329865,0.015150448307394981,0.0021116267889738083,0.01107951533049345,0.8375,3.25,3.25,0.011857986450195312,0.0,0.003819650039076805,0.05453189089894295,0.17159774899482727
Residual PPO,1057,0.05,0.0,-1.4013786315917969,-0.020997419953346252,0.2980625629425049,True,0.40574800968170166,0.017079226672649384,0.004235234577208757,0.0062533775344491005,0.8,4.0,4.0,0.005026817321777344,0.0,0.0034145007375627756,0.051321737468242645,0.1567678302526474
Residual PPO,1058,0.05,0.0,-1.9344123601913452,-0.6835842132568359,0.34246277809143066,True,0.6313965320587158,0.0344068668782711,0.007003394421190023,0.01289396733045578,0.7575,4.8500000000000005,4.8500000000000005,0.012816429138183594,0.0,0.003575751092284918,0.050882842391729355,0.1527106910943985
Residual PPO,1059,0.05,0.0,-1.3239208459854126,-0.34795770049095154,0.3298633396625519,True,0.39714285731315613,0.01953631080687046,0.013780957087874413,0.0005667987279593945,0.8075,3.85,3.85,0.015800952911376953,0.0,0.0035847171675413847,0.05238046869635582,0.16895848512649536
Residual PPO,1060,0.05,0.0,-0.5232435464859009,-0.8263487219810486,0.4775193929672241,True,0.2630632519721985,0.016055408865213394,0.011712410487234592,0.021469295024871826,0.8275,3.45,3.45,0.016538143157958984,0.0,0.003731010016053915,0.05358925834298134,0.1490456610918045
Residual PPO,1061,0.05,0.0,-1.0766786336898804,0.09924349933862686,0.28927016258239746,True,0.3015291690826416,0.015978259965777397,0.013002377934753895,0.016078947111964226,0.83,3.4000000000000004,3.4000000000000004,0.008491039276123047,0.0,0.00397545425221324,0.055973827838897705,0.15088534355163574
Residual PPO,1062,0.05,0.0,-1.020176649093628,-0.6513675451278687,0.4292861223220825,True,0.35377904772758484,0.018630895763635635,0.004411487374454737,0.005974005442112684,0.8125,3.75,3.75,0.01895618438720703,0.0,0.003896198235452175,0.05500919744372368,0.1661042720079422
Residual PPO,1063,0.05,0.0,-0.5567145943641663,0.6067063212394714,0.2895512878894806,True,0.20151174068450928,0.01412324421107769,0.008124874904751778,0.004598026629537344,0.8625,2.75,2.75,0.013518095016479492,0.0,0.0035650539211928844,0.0530565120279789,0.17012320458889008
Residual PPO,1064,0.05,0.0,-1.6129041910171509,-0.13716638088226318,0.24278511106967926,True,0.46114879846572876,0.0191671010106802,0.009403713978827,0.0107493344694376,0.79,4.2,4.2,0.009821891784667969,0.0,0.003289360087364912,0.049486786127090454,0.130181223154068
Residual PPO,1065,0.05,0.0,-0.5033138990402222,-0.5932050347328186,0.453745573759079,True,0.21453866362571716,0.0156132522970438,0.006052923388779163,0.01094316691160202,0.8375,3.25,3.25,0.018267154693603516,0.0,0.0037394084502011538,0.05454124137759209,0.17448604106903076
Residual PPO,1066,0.05,0.0,-1.3762075901031494,0.32575497031211853,0.20805609226226807,True,0.3817903697490692,0.01400994136929512,0.011882318183779716,0.007213987410068512,0.8075,3.85,3.85,0.0013593435287475586,0.0,0.003710296703502536,0.05338657274842262,0.14762024581432343
Residual PPO,1067,0.05,0.0,-0.6176835894584656,0.9055254459381104,0.20151829719543457,True,0.258881151676178,0.01146586425602436,0.0023325064685195684,0.016690896824002266,0.8425,3.1500000000000004,3.1500000000000004,0.004461884498596191,0.0,0.0033384785056114197,0.05034971982240677,0.16844560205936432
Residual PPO,1068,0.05,0.0,-0.7787961959838867,0.5352519750595093,0.25048118829727173,True,0.2365858405828476,0.010851227678358555,0.007197278086096048,0.01591884344816208,0.8575,2.85,2.85,0.004598140716552734,0.0,0.003565065795555711,0.05294068530201912,0.1461760550737381
Residual PPO,1069,0.05,0.0,-0.5076419115066528,0.8446078896522522,0.24751581251621246,True,0.23391008377075195,0.013963303528726101,0.004048637114465237,0.009759045206010342,0.8425,3.25,3.25,0.016176462173461914,0.0,0.0037379981949925423,0.054489050060510635,0.1572280377149582
Residual PPO,1070,0.05,0.0,-1.6644020080566406,0.9533751606941223,0.22921264171600342,True,0.5257083773612976,0.02259221486747265,0.011341916397213936,0.006923964712768793,0.7875,4.25,4.25,0.0010213851928710938,0.0,0.003541103331372142,0.05200895294547081,0.16211676597595215
Residual PPO,1071,0.05,0.0,-1.6379417181015015,0.7469041347503662,0.26974478363990784,True,0.5084494948387146,0.020792359486222267,0.005809264723211527,0.009813889861106873,0.7875,4.25,4.25,0.013851165771484375,0.0,0.0037421893794089556,0.05340232327580452,0.1582590788602829
Residual PPO,1072,0.05,0.0,-1.22187077999115,0.3675197660923004,0.4661308228969574,True,0.40998896956443787,0.021661268547177315,0.0032025850377976894,0.012362098321318626,0.8025,3.95,3.95,0.013378620147705078,0.0,0.003804665058851242,0.053488634526729584,0.20747783780097961
Residual PPO,1073,0.05,0.0,-1.5133368968963623,0.8512749075889587,0.3800120949745178,True,0.5151934027671814,0.026324762031435966,0.009146411903202534,0.0035870668943971395,0.7875,4.25,4.25,0.007166862487792969,0.0,0.003598117036744952,0.05190174654126167,0.1753751039505005
Residual PPO,1074,0.05,0.0,-0.5001789927482605,-0.2884053587913513,0.4962819218635559,True,0.18350155651569366,0.01331622339785099,0.00720876595005393,0.01221532467752695,0.865,2.7,2.7,0.01663494110107422,0.0,0.004022690933197737,0.05681046470999718,0.17927078902721405
Residual PPO,1075,0.05,0.0,-0.8189709782600403,0.9466501474380493,0.23914383351802826,True,0.30913296341896057,0.013754123821854591,0.003201192244887352,0.017400097101926804,0.8275,3.45,3.45,0.005190849304199219,0.0,0.003912453539669514,0.05544251203536987,0.13673315942287445
Residual PPO,1076,0.05,0.0,-1.445397138595581,-0.562984049320221,0.45283621549606323,True,0.49402251839637756,0.02323981188237667,0.0051078530959784985,0.026233680546283722,0.78,4.4,4.4,0.015019416809082031,0.0,0.003454010235145688,0.0510263592004776,0.1629532426595688
Residual PPO,1077,0.05,0.0,-0.6151338219642639,-0.8893533945083618,0.2694230377674103,True,0.265735000371933,0.014029382728040218,0.002879529492929578,0.014221739023923874,0.8275,3.45,3.45,0.008293390274047852,0.0,0.0040719895623624325,0.05719338357448578,0.16002516448497772
Residual PPO,1078,0.05,0.0,-0.6580581068992615,-0.6858707666397095,0.23459486663341522,True,0.2321852147579193,0.013447859324514866,0.006579373497515917,0.0014312128769233823,0.845,3.1,3.1,0.002460002899169922,0.0,0.0038840603083372116,0.05507882311940193,0.13388977944850922
Residual PPO,1079,0.05,0.0,-0.5874135494232178,0.8651593327522278,0.4896434247493744,True,0.2841111719608307,0.01611221954226494,0.011365215294063091,0.013878601603209972,0.8275,3.45,3.45,0.019876480102539062,0.0,0.003712686710059643,0.05378105491399765,0.16963332891464233
Residual PPO,1080,0.05,0.0,-0.6397119164466858,0.7102972865104675,0.367546945810318,True,0.24733860790729523,0.014923353679478168,0.006948536727577448,0.007209199480712414,0.8425,3.1500000000000004,3.1500000000000004,0.01581859588623047,0.0,0.0039049333427101374,0.055326011031866074,0.14838731288909912
Residual PPO,1081,0.05,0.0,-1.3320256471633911,0.8601993322372437,0.3006768822669983,True,0.43659043312072754,0.01792655885219574,0.0057319956831634045,0.006938415113836527,0.805,3.9000000000000004,3.9000000000000004,0.00833892822265625,0.0,0.00375594780780375,0.05423595383763313,0.14855575561523438
Residual PPO,1082,0.05,0.0,-0.9581221342086792,-0.30673766136169434,0.3117980659008026,True,0.2797366976737976,0.01634269393980503,0.005714918486773968,0.020186297595500946,0.835,3.3000000000000003,3.3000000000000003,0.014155864715576172,0.0,0.003757690079510212,0.054590363055467606,0.15932373702526093
Residual PPO,1083,0.05,0.0,-1.3940625190734863,0.6289385557174683,0.21643398702144623,True,0.40955838561058044,0.015482842922210693,0.003820965997874737,0.007921477779746056,0.805,3.9000000000000004,3.9000000000000004,0.004921436309814453,0.0,0.0032922078389674425,0.05059707537293434,0.13408134877681732
Residual PPO,1084,0.05,0.0,-0.7371216416358948,-0.8951173424720764,0.4071005880832672,True,0.30982500314712524,0.016576381400227547,0.0030618864111602306,0.0034712697379291058,0.8125,3.75,3.75,0.007814407348632812,0.0,0.0035033924505114555,0.05169063061475754,0.1960616111755371
Residual PPO,1085,0.05,0.0,-0.7224554419517517,-0.08529454469680786,0.4138740301132202,True,0.22163811326026917,0.013792444951832294,0.011284807696938515,0.007971005514264107,0.855,2.9000000000000004,2.9000000000000004,0.015167713165283203,0.0,0.004355255048722029,0.05774331092834473,0.1577903926372528
Residual PPO,1086,0.05,0.0,-0.7490203976631165,-0.7008727788925171,0.4387705326080322,True,0.28669828176498413,0.017508799210190773,0.009787406772375107,0.009439266286790371,0.825,3.5,3.5,0.012051582336425781,0.0,0.0035491581074893475,0.052561644464731216,0.1480412632226944
Residual PPO,1087,0.05,0.0,-1.2718281745910645,-0.8616007566452026,0.3274095356464386,True,0.4263756275177002,0.022884370759129524,0.004597235471010208,0.01614556275308132,0.795,4.1000000000000005,4.1000000000000005,0.008449554443359375,0.0,0.0037666813004761934,0.053700629621744156,0.16066978871822357
Residual PPO,1088,0.05,0.0,-1.148199200630188,-0.9221230149269104,0.4605681300163269,True,0.43325647711753845,0.024883588775992393,0.007574353367090225,0.010418090969324112,0.7925,4.15,4.15,0.015434741973876953,0.0,0.003589244093745947,0.052618131041526794,0.14307983219623566
Residual PPO,1089,0.05,0.0,-1.8535881042480469,0.5890284776687622,0.37915652990341187,True,0.615012526512146,0.02898535318672657,0.020679563283920288,0.0033578139264136553,0.7625,4.75,4.75,0.014642715454101562,0.0,0.0034926594235002995,0.0511508509516716,0.1487627774477005
Residual PPO,1090,0.05,0.0,-0.9845758080482483,-0.6573527455329895,0.30003631114959717,True,0.3157837688922882,0.018066827207803726,0.010062461718916893,0.023931071162223816,0.8225,3.5500000000000003,3.5500000000000003,0.009837627410888672,0.0,0.004266547970473766,0.057754889130592346,0.17817331850528717
Residual PPO,1091,0.05,0.0,-1.8845704793930054,-0.6914018392562866,0.36124923825263977,True,0.622905433177948,0.03042849525809288,0.009277364239096642,0.004148140083998442,0.7575,4.8500000000000005,4.8500000000000005,0.015044689178466797,0.0,0.0035867129918187857,0.05379634350538254,0.17346200346946716
Residual PPO,1092,0.05,0.0,-1.9696727991104126,-0.2278679758310318,0.31251582503318787,True,0.6122139096260071,0.022291705012321472,0.00980203878134489,0.004402059596031904,0.7525,4.95,4.95,0.010663032531738281,0.0,0.0034234756603837013,0.051244329661130905,0.13618475198745728
Residual PPO,1093,0.05,0.0,-0.8791002631187439,0.07968070358037949,0.43002596497535706,True,0.27414944767951965,0.012696770019829273,0.00462526548653841,0.01638711430132389,0.8325,3.35,3.35,0.006781816482543945,0.0,0.0034916403237730265,0.05204552039504051,0.14746065437793732
Residual PPO,1094,0.05,0.0,-0.9031349420547485,-0.5643354058265686,0.2514164447784424,True,0.27365726232528687,0.013870236463844776,0.008113149553537369,0.013747984543442726,0.835,3.3000000000000003,3.3000000000000003,0.0086822509765625,0.0,0.0038386902306228876,0.055063385516405106,0.14409111440181732
Residual PPO,1095,0.05,0.0,-1.3096781969070435,-0.4019305408000946,0.2943161725997925,True,0.3869817852973938,0.021434735506772995,0.009373035281896591,0.019324351102113724,0.81,3.8000000000000003,3.8000000000000003,0.008040428161621094,0.0,0.0035802111960947514,0.05273572355508804,0.15704691410064697
Residual PPO,1096,0.05,0.0,-0.5565752387046814,0.7886120080947876,0.27283963561058044,True,0.232881098985672,0.014966177754104137,0.0077377366833388805,0.006111915688961744,0.85,3.0,3.0,0.009050846099853516,0.0,0.0036160999443382025,0.052797287702560425,0.17925751209259033
Residual PPO,1097,0.05,0.0,-1.3080552816390991,0.037033263593912125,0.27344202995300293,True,0.3704710006713867,0.021641138941049576,0.00642467150464654,0.0090682003647089,0.815,3.7,3.7,0.011757612228393555,0.0,0.003920602146536112,0.054694224148988724,0.160532608628273
Residual PPO,1098,0.05,0.0,-1.2224541902542114,-0.25077617168426514,0.4742331802845001,True,0.407459020614624,0.02281498908996582,0.017133554443717003,0.012796089053153992,0.8,4.0,4.0,0.020112037658691406,0.0,0.0034213406033813953,0.051534637808799744,0.17064732313156128
Residual PPO,1099,0.05,0.0,-1.9130916595458984,0.09447009861469269,0.36984628438949585,True,0.6164188385009766,0.03238844498991966,0.012195263989269733,0.007933180779218674,0.76,4.800000000000001,4.800000000000001,0.009485244750976562,0.0,0.0033713369630277157,0.05060373619198799,0.1784854531288147
PD+FF,1000,0.1,0.0,-1.2179213762283325,0.20768369734287262,0.34128254652023315,True,0.3938652575016022,0.060425933450460434,0.017847366631031036,0.007767784874886274,0.715,5.7,5.7,0.005808830261230469,0.0,0.007344473153352737,0.07632520794868469,0.24773985147476196
PD+FF,1001,0.1,0.0,-1.0811076164245605,-0.9685990810394287,0.25630688667297363,True,0.4139256477355957,0.0577675886452198,0.011919445358216763,0.015810487791895866,0.71,5.800000000000001,5.800000000000001,0.010297775268554688,0.0,0.008201422169804573,0.08001559227705002,0.23435956239700317
PD+FF,1002,0.1,0.0,-1.428768277168274,-0.28562131524086,0.4242836833000183,True,0.48659956455230713,0.0650596022605896,0.014088680036365986,0.01524718664586544,0.6975,6.050000000000001,6.050000000000001,0.00994873046875,0.0,0.008127518929541111,0.08019562065601349,0.19686643779277802
PD+FF,1003,0.1,0.0,-1.7183640003204346,-0.48658838868141174,0.34840381145477295,True,0.5697504878044128,0.07559123635292053,0.011367780156433582,0.03202297165989876,0.68,6.4,6.4,0.0,0.0,0.007875747047364712,0.0778583511710167,0.19186128675937653
PD+FF,1004,0.1,0.0,-1.998679280281067,-0.7396973967552185,0.24154320359230042,True,0.6484187245368958,0.08174453675746918,0.028783287853002548,0.00894282665103674,0.6725,6.550000000000001,6.550000000000001,0.0,0.0,0.009394966065883636,0.08723686635494232,0.2049310952425003
PD+FF,1005,0.1,0.0,-1.8766711950302124,0.8611240983009338,0.28618520498275757,True,0.6353915929794312,0.08642366528511047,0.013974136672914028,0.012505005113780499,0.6625,6.75,6.75,0.0,0.0,0.008502144366502762,0.08162073791027069,0.20579048991203308
PD+FF,1006,0.1,0.0,-1.4946178197860718,0.20171388983726501,0.28934937715530396,True,0.46901050209999084,0.06012357771396637,0.014457039535045624,0.01713782548904419,0.715,5.7,5.7,0.0,0.0,0.0076547362841665745,0.07742626965045929,0.21208977699279785
PD+FF,1007,0.1,0.0,-1.8931626081466675,0.6319606900215149,0.39287856221199036,True,0.6577069759368896,0.08471409976482391,0.004327817820012569,0.009001443162560463,0.6725,6.550000000000001,6.550000000000001,0.003708362579345703,0.0,0.007449784781783819,0.0759752169251442,0.2163601815700531
PD+FF,1008,0.1,0.0,-1.749120831489563,0.6261014938354492,0.26522985100746155,True,0.5651782155036926,0.07327939569950104,0.010491603054106236,0.013006741181015968,0.695,6.1000000000000005,6.1000000000000005,0.0,0.0,0.008406354114413261,0.08140448480844498,0.1998991072177887
PD+FF,1009,0.1,0.0,-1.9152493476867676,-0.3461688160896301,0.2149554342031479,True,0.5927049517631531,0.07881543785333633,0.016049111261963844,0.010557102039456367,0.6725,6.550000000000001,6.550000000000001,0.012820243835449219,0.0,0.008150729350745678,0.07958028465509415,0.21416880190372467
PD+FF,1010,0.1,0.0,-1.8575115203857422,0.07161146402359009,0.4753030240535736,True,0.670186460018158,0.10094402730464935,0.014016931876540184,0.012659559957683086,0.65,7.0,7.0,0.012928009033203125,0.0,0.007634535897523165,0.07567483931779861,0.25620606541633606
PD+FF,1011,0.1,0.0,-1.57381272315979,0.12664707005023956,0.26378002762794495,True,0.48398682475090027,0.06815020740032196,0.03413457050919533,0.03136827424168587,0.6925,6.15,6.15,0.00936746597290039,0.0,0.007558994926512241,0.07656962424516678,0.20883919298648834
PD+FF,1012,0.1,0.0,-1.5405192375183105,0.561293363571167,0.2715309262275696,True,0.4967013895511627,0.06527353823184967,0.014384008944034576,0.0227929949760437,0.695,6.1000000000000005,6.1000000000000005,0.0010499954223632812,0.0,0.008291947655379772,0.08011969178915024,0.25971630215644836
PD+FF,1013,0.1,0.0,-0.8082606196403503,-0.8420410752296448,0.401797890663147,True,0.345630019903183,0.04025476425886154,0.009801233187317848,0.010602649301290512,0.75,5.0,5.0,0.017257213592529297,0.0,0.008889210410416126,0.08273196965456009,0.25155413150787354
PD+FF,1014,0.1,0.0,-1.3467140197753906,0.1714046150445938,0.4693894386291504,True,0.4698916971683502,0.06049526855349541,0.011163140647113323,0.012215104885399342,0.705,5.9,5.9,0.022032737731933594,0.0,0.007985547184944153,0.07772848755121231,0.26079678535461426
PD+FF,1015,0.1,0.0,-1.4601455926895142,0.21413566172122955,0.39239153265953064,True,0.48313838243484497,0.05574356019496918,0.014666697941720486,0.03226402401924133,0.715,5.7,5.7,0.007151603698730469,0.0,0.0073257735930383205,0.0751977190375328,0.20584692060947418
PD+FF,1016,0.1,0.0,-1.6580126285552979,-0.11461202055215836,0.3060871958732605,True,0.5263944268226624,0.06734001636505127,0.012355195358395576,0.011112426407635212,0.7,6.0,6.0,0.0,0.0,0.008795850910246372,0.08241187036037445,0.27864983677864075
PD+FF,1017,0.1,0.0,-0.62247234582901,0.6426637768745422,0.4917738139629364,True,0.2828362286090851,0.02832164242863655,0.010573307983577251,0.005311986431479454,0.7725,4.55,4.55,0.002910614013671875,0.0,0.007901846431195736,0.07940270751714706,0.22803957760334015
PD+FF,1018,0.1,0.0,-1.1090368032455444,-0.0900818482041359,0.4614541530609131,True,0.38662201166152954,0.05771329253911972,0.002667785622179508,0.026129169389605522,0.7125,5.75,5.75,0.004283905029296875,0.0,0.008265500888228416,0.0801498144865036,0.21210810542106628
PD+FF,1019,0.1,0.0,-1.674609661102295,-0.20800989866256714,0.34006524085998535,True,0.5410573482513428,0.06940203160047531,0.010074198246002197,0.014812655746936798,0.69,6.2,6.2,0.008418083190917969,0.0,0.008269429206848145,0.07883109152317047,0.21776428818702698
PD+FF,1020,0.1,0.0,-1.1319496631622314,-0.4326494336128235,0.2227078378200531,True,0.34878864884376526,0.04360080882906914,0.016630034893751144,0.017946884036064148,0.7525,4.95,4.95,0.016622066497802734,0.0,0.008540232665836811,0.08219871670007706,0.23016345500946045
PD+FF,1021,0.1,0.0,-1.4384177923202515,-0.8382971882820129,0.49743902683258057,True,0.5576890707015991,0.07990182191133499,0.015284660272300243,0.010378081351518631,0.675,6.5,6.5,0.009214401245117188,0.0,0.008007416501641273,0.0782741904258728,0.20447781682014465
PD+FF,1022,0.1,0.0,-1.999210000038147,0.8368335366249084,0.37694433331489563,True,0.7044516801834106,0.0895301103591919,0.017430568113923073,0.010308247990906239,0.67,6.6000000000000005,6.6000000000000005,0.021108627319335938,0.0,0.00810337532311678,0.08053166419267654,0.20671327412128448
PD+FF,1023,0.1,0.0,-1.4916963577270508,0.8117974996566772,0.4728805720806122,True,0.5642975568771362,0.07891661673784256,0.013207091018557549,0.01753164641559124,0.68,6.4,6.4,0.02331066131591797,0.0,0.0078602135181427,0.07854268699884415,0.20129019021987915
PD+FF,1024,0.1,0.0,-1.51630699634552,-0.48329436779022217,0.3110935389995575,True,0.49569258093833923,0.07361150532960892,0.008220955729484558,0.010682251304388046,0.6875,6.25,6.25,0.0,0.0,0.008007573895156384,0.07841964066028595,0.2220628559589386
PD+FF,1025,0.1,0.0,-0.7683239579200745,0.258014976978302,0.24864348769187927,True,0.2360134869813919,0.029288431629538536,0.005834654904901981,0.017714790999889374,0.795,4.1000000000000005,4.1000000000000005,0.0045528411865234375,0.0,0.008093086071312428,0.07937459647655487,0.2147294580936432
PD+FF,1026,0.1,0.0,-1.7438942193984985,0.19023452699184418,0.2583710551261902,True,0.5424490571022034,0.07227316498756409,0.011104732751846313,0.009080631658434868,0.695,6.1000000000000005,6.1000000000000005,0.030796527862548828,0.0,0.008093344047665596,0.07864098250865936,0.26076871156692505
PD+FF,1027,0.1,0.0,-1.9580382108688354,0.12429128587245941,0.36954861879348755,True,0.6527878642082214,0.08775603771209717,0.02179764024913311,0.013145919889211655,0.6675,6.65,6.65,0.020281314849853516,0.0,0.007192726247012615,0.07457424700260162,0.22476381063461304
PD+FF,1028,0.1,0.0,-0.7757433652877808,-0.22796711325645447,0.4025936424732208,True,0.2665168046951294,0.03523438796401024,0.02696743793785572,0.024190803989768028,0.7675,4.65,4.65,0.007430076599121094,0.0,0.00887990090996027,0.08199890702962875,0.2618227005004883
PD+FF,1029,0.1,0.0,-0.7448340058326721,0.6458722352981567,0.214758962392807,True,0.2756826877593994,0.03696524351835251,0.006961395498365164,0.011241471394896507,0.765,4.7,4.7,0.005176067352294922,0.0,0.00708470493555069,0.07515612989664078,0.18782247602939606
PD+FF,1030,0.1,0.0,-1.6447029113769531,-0.9496257901191711,0.4438457489013672,True,0.6184484362602234,0.08020590245723724,0.022660821676254272,0.01374301128089428,0.6775,6.45,6.45,0.00971078872680664,0.0,0.00808693002909422,0.07892490923404694,0.21909399330615997
PD+FF,1031,0.1,0.0,-0.9611496329307556,0.9009804725646973,0.39864641427993774,True,0.3962726593017578,0.05366535112261772,0.010093106888234615,0.0008481745608150959,0.7325,5.3500000000000005,5.3500000000000005,0.004032135009765625,0.0,0.008868865668773651,0.0835147500038147,0.2302546501159668
PD+FF,1032,0.1,0.0,-0.6833899617195129,-0.5306191444396973,0.49894750118255615,True,0.29144755005836487,0.03873588889837265,0.01589810661971569,0.024037403985857964,0.745,5.1000000000000005,5.1000000000000005,0.01995086669921875,0.0,0.008359984494745731,0.08091556280851364,0.26869022846221924
PD+FF,1033,0.1,0.0,-0.7577928304672241,0.7459949851036072,0.4761985242366791,True,0.33340486884117126,0.040838923305273056,0.009394186548888683,0.01642998494207859,0.7475,5.050000000000001,5.050000000000001,0.013871192932128906,0.0,0.008432389236986637,0.08067403733730316,0.23185372352600098
PD+FF,1034,0.1,0.0,-0.5296080112457275,-0.6777904629707336,0.22327283024787903,True,0.23592907190322876,0.03385583311319351,0.006730631925165653,0.029688850045204163,0.77,4.6000000000000005,4.6000000000000005,0.013256311416625977,0.0,0.009666663594543934,0.08632984757423401,0.26739588379859924
PD+FF,1035,0.1,0.0,-1.5201642513275146,-0.23973245918750763,0.436818927526474,True,0.5211760997772217,0.07032620906829834,0.008432464674115181,0.009592127986252308,0.695,6.1000000000000005,6.1000000000000005,0.013258934020996094,0.0,0.007176639977842569,0.07418797165155411,0.21543161571025848
PD+FF,1036,0.1,0.0,-1.558912754058838,0.6018440127372742,0.34900519251823425,True,0.5262195467948914,0.07048528641462326,0.02138652838766575,0.015540015883743763,0.695,6.1000000000000005,6.1000000000000005,0.016370773315429688,0.0,0.007614856585860252,0.0775846391916275,0.2241903394460678
PD+FF,1037,0.1,0.0,-1.5164998769760132,-0.3818822205066681,0.38270920515060425,True,0.5077515840530396,0.06820756196975708,0.013225321657955647,0.017009058967232704,0.6875,6.45,6.45,0.023410320281982422,0.0,0.008004539646208286,0.07925301790237427,0.218007892370224
PD+FF,1038,0.1,0.0,-1.5098652839660645,-0.8029577136039734,0.31811848282814026,True,0.5199790000915527,0.06829363852739334,0.03291379660367966,0.007472901605069637,0.685,6.300000000000001,6.300000000000001,0.0,0.0,0.007895927876234055,0.07746864855289459,0.22168301045894623
PD+FF,1039,0.1,0.0,-0.6960156559944153,-0.0387578122317791,0.3661683201789856,True,0.2268195003271103,0.02899332530796528,0.013113337568938732,0.018930846825242043,0.795,4.1000000000000005,4.1000000000000005,0.02481222152709961,0.0,0.008207236416637897,0.08040939271450043,0.2306085228919983
PD+FF,1040,0.1,0.0,-0.7547146081924438,0.5635512471199036,0.4134989380836487,True,0.30083802342414856,0.04912255331873894,0.017989525571465492,0.025393348187208176,0.7425,5.15,5.15,0.007478237152099609,0.0,0.007813156582415104,0.07907931506633759,0.20458024740219116
PD+FF,1041,0.1,0.0,-0.6478168964385986,-0.19675222039222717,0.46515655517578125,True,0.24287249147891998,0.03670908883213997,0.010019322857260704,0.009329156950116158,0.7725,4.55,4.55,0.014013290405273438,0.0,0.008670134469866753,0.08176887035369873,0.2539154589176178
PD+FF,1042,0.1,0.0,-1.463887333869934,-0.25558269023895264,0.3728010952472687,True,0.4804883301258087,0.06002393737435341,0.00388556020334363,0.012837547808885574,0.71,5.800000000000001,5.800000000000001,0.007731437683105469,0.0,0.007615992333739996,0.07684053480625153,0.2403804361820221
PD+FF,1043,0.1,0.0,-1.7490100860595703,-0.7958716750144958,0.31946444511413574,True,0.5946543216705322,0.08091340959072113,0.013385836035013199,0.00764941843226552,0.6725,6.550000000000001,6.550000000000001,0.014101028442382812,0.0,0.007641279604285955,0.07708977162837982,0.2227780520915985
PD+FF,1044,0.1,0.0,-1.981444239616394,0.7169352173805237,0.20961801707744598,True,0.6320122480392456,0.08175856620073318,0.0072815814055502415,0.022031327709555626,0.6725,6.550000000000001,6.550000000000001,0.01821303367614746,0.0,0.008725224062800407,0.08322065323591232,0.2120199352502823
PD+FF,1045,0.1,0.0,-0.7272861003875732,-0.39523494243621826,0.4158290922641754,True,0.26875266432762146,0.03790488466620445,0.019779613241553307,0.02183215320110321,0.7725,4.55,4.55,0.014210700988769531,0.0,0.008654184639453888,0.08446288853883743,0.23871919512748718
PD+FF,1046,0.1,0.0,-1.868130087852478,0.6265861392021179,0.39649125933647156,True,0.6516851782798767,0.09142527729272842,0.02130824513733387,0.033169765025377274,0.66,6.800000000000001,6.800000000000001,0.004597663879394531,0.0,0.007400762289762497,0.07586123049259186,0.2038719803094864
PD+FF,1047,0.1,0.0,-1.1699552536010742,-0.14992530643939972,0.29876548051834106,True,0.36008304357528687,0.04462979733943939,0.012472265399992466,0.01566825807094574,0.7475,5.050000000000001,5.050000000000001,0.016766071319580078,0.0,0.008204805664718151,0.07835445553064346,0.28670141100883484
PD+FF,1048,0.1,0.0,-0.9076822996139526,-0.7630760073661804,0.4824531674385071,True,0.3767140805721283,0.050477489829063416,0.018391627818346024,0.008169852197170258,0.74,5.2,5.2,0.0175323486328125,0.0,0.0087198531255126,0.08406590670347214,0.2244100421667099
PD+FF,1049,0.1,0.0,-1.6127384901046753,0.09402617067098618,0.43331217765808105,True,0.5541908740997314,0.07788246870040894,0.018665961921215057,0.028818033635616302,0.6825,6.3500000000000005,6.3500000000000005,0.010432720184326172,0.0,0.008040515705943108,0.07793159037828445,0.23837663233280182
PD+FF,1050,0.1,0.0,-1.2507070302963257,-0.40418457984924316,0.49881017208099365,True,0.45622268319129944,0.06066019460558891,0.01729673333466053,0.01947367750108242,0.7075,5.8500000000000005,5.8500000000000005,0.016703128814697266,0.0,0.00916339922696352,0.08441105484962463,0.24874135851860046
PD+FF,1051,0.1,0.0,-0.8433747291564941,-0.6024307608604431,0.2584548592567444,True,0.2963825762271881,0.041022662073373795,0.009650732390582561,0.012431429699063301,0.755,4.9,4.9,0.0146484375,0.0,0.00784455519169569,0.07637625187635422,0.22594058513641357
PD+FF,1052,0.1,0.0,-1.577463150024414,-0.03658809885382652,0.32490968704223633,True,0.500868022441864,0.06452535092830658,0.019108008593320847,0.0334707573056221,0.6975,6.050000000000001,6.050000000000001,0.013035774230957031,0.0,0.007632846012711525,0.07758016139268875,0.21702837944030762
PD+FF,1053,0.1,0.0,-0.7320424914360046,-0.38764455914497375,0.44851720333099365,True,0.28166741132736206,0.04263898730278015,0.012409212999045849,0.022229544818401337,0.75,5.0,5.0,0.009001731872558594,0.0,0.007718445733189583,0.07771246135234833,0.2416820079088211
PD+FF,1054,0.1,0.0,-1.9604523181915283,0.6108824014663696,0.3443475067615509,True,0.6618614196777344,0.08896023780107498,0.011570288799703121,0.01359186414629221,0.6675,6.65,6.65,0.004253864288330078,0.0,0.00765135046094656,0.07660216093063354,0.21055155992507935
PD+FF,1055,0.1,0.0,-0.8035520911216736,-0.8197364807128906,0.37500709295272827,True,0.33662715554237366,0.03487475588917732,0.01155935786664486,0.028662774711847305,0.7625,4.75,4.75,0.022629261016845703,0.0,0.007615914102643728,0.07686566561460495,0.25182148814201355
PD+FF,1056,0.1,0.0,-0.6173267960548401,-0.7547652125358582,0.33817118406295776,True,0.276333749294281,0.03673865273594856,0.004304364789277315,0.010707207955420017,0.7625,4.75,4.75,0.014110565185546875,0.0,0.008312801830470562,0.08061566203832626,0.2507990002632141
PD+FF,1057,0.1,0.0,-1.4013786315917969,-0.020997419953346252,0.2980625629425049,True,0.4364335536956787,0.058689288794994354,0.003001125529408455,0.008356762118637562,0.715,5.7,5.7,0.004727840423583984,0.0,0.007617520168423653,0.07765209674835205,0.22450853884220123
PD+FF,1058,0.1,0.0,-1.9344123601913452,-0.6835842132568359,0.34246277809143066,True,0.6565741896629333,0.08919431269168854,0.005533084738999605,0.020288655534386635,0.67,6.6000000000000005,6.6000000000000005,0.017233848571777344,0.0,0.007903730496764183,0.07669570297002792,0.23860594630241394
PD+FF,1059,0.1,0.0,-1.3239208459854126,-0.34795770049095154,0.3298633396625519,True,0.42734888195991516,0.0543191134929657,0.02105705626308918,0.002827002201229334,0.72,5.6000000000000005,5.6000000000000005,0.022765159606933594,0.0,0.008047154173254967,0.07880988717079163,0.2753725051879883
PD+FF,1060,0.1,0.0,-0.5232435464859009,-0.8263487219810486,0.4775193929672241,True,0.29252907633781433,0.03708629682660103,0.006399328354746103,0.023982204496860504,0.7625,4.75,4.75,0.01525259017944336,0.0,0.008189014159142971,0.07966885715723038,0.22526974976062775
PD+FF,1061,0.1,0.0,-1.0766786336898804,0.09924349933862686,0.28927016258239746,True,0.3308660387992859,0.04547464847564697,0.01834671013057232,0.02212098427116871,0.745,5.1000000000000005,5.1000000000000005,0.009628772735595703,0.0,0.008744869381189346,0.08344504237174988,0.21660159528255463
PD+FF,1062,0.1,0.0,-1.020176649093628,-0.6513675451278687,0.4292861223220825,True,0.3867124915122986,0.05003129318356514,0.010528678074479103,0.006007841322571039,0.73,5.4,5.4,0.019838809967041016,0.0,0.008748346008360386,0.08291564881801605,0.25347745418548584
PD+FF,1063,0.1,0.0,-0.5567145943641663,0.6067063212394714,0.2895512878894806,True,0.23546095192432404,0.03534224256873131,0.014578034169971943,0.00741905253380537,0.7775,4.45,4.45,0.018456220626831055,0.0,0.007729273289442062,0.07842762768268585,0.24043279886245728
PD+FF,1064,0.1,0.0,-1.6129041910171509,-0.13716638088226318,0.24278511106967926,True,0.4935084581375122,0.0634654238820076,0.016277724876999855,0.014281481504440308,0.7075,5.8500000000000005,5.8500000000000005,0.016915321350097656,0.0,0.0075915358029305935,0.07555542141199112,0.21868936717510223
PD+FF,1065,0.1,0.0,-0.5033138990402222,-0.5932050347328186,0.453745573759079,True,0.2407909780740738,0.03559213876724243,0.01652764156460762,0.015903111547231674,0.785,4.3,4.3,0.018215656280517578,0.0,0.0080715985968709,0.08037366718053818,0.2247125506401062
PD+FF,1066,0.1,0.0,-1.3762075901031494,0.32575497031211853,0.20805609226226807,True,0.4116995930671692,0.04886220395565033,0.01734647899866104,0.00911015085875988,0.7275,5.45,5.45,0.0,0.0,0.008222619071602821,0.08000870794057846,0.2284736931324005
PD+FF,1067,0.1,0.0,-0.6176835894584656,0.9055254459381104,0.20151829719543457,True,0.29288241267204285,0.03381531685590744,0.003827038686722517,0.024065332487225533,0.765,4.7,4.7,0.005647182464599609,0.0,0.007289398927241564,0.07483939081430435,0.2484831064939499
PD+FF,1068,0.1,0.0,-0.7787961959838867,0.5352519750595093,0.25048118829727173,True,0.2697482109069824,0.03385918214917183,0.015105047263205051,0.02068568579852581,0.765,4.7,4.7,0.006474018096923828,0.0,0.007803956978023052,0.07853483408689499,0.18779222667217255
PD+FF,1069,0.1,0.0,-0.5076419115066528,0.8446078896522522,0.24751581251621246,True,0.268408864736557,0.038842637091875076,0.003886210499331355,0.015062989667057991,0.7725,4.55,4.55,0.026882648468017578,0.0,0.008192812092602253,0.08064975589513779,0.2238040417432785
PD+FF,1070,0.1,0.0,-1.6644020080566406,0.9533751606941223,0.22921264171600342,True,0.5594331622123718,0.07165208458900452,0.0167902372777462,0.012724160216748714,0.6925,6.15,6.15,0.0,0.0,0.008118835277855396,0.07944189012050629,0.24164259433746338
PD+FF,1071,0.1,0.0,-1.6379417181015015,0.7469041347503662,0.26974478363990784,True,0.5413169264793396,0.06747595965862274,0.010175028815865517,0.011102402582764626,0.7,6.0,6.0,0.02217388153076172,0.0,0.008424694649875164,0.0807408019900322,0.22997257113456726
PD+FF,1072,0.1,0.0,-1.22187077999115,0.3675197660923004,0.4661308228969574,True,0.4357171952724457,0.05903015285730362,0.016187284141778946,0.017381995916366577,0.7075,5.8500000000000005,5.8500000000000005,0.008060932159423828,0.0,0.008567075245082378,0.08108396083116531,0.23038476705551147
PD+FF,1073,0.1,0.0,-1.5133368968963623,0.8512749075889587,0.3800120949745178,True,0.5463327765464783,0.07889418303966522,0.010523675009608269,0.0063361781649291515,0.68,6.4,6.4,8.96453857421875e-05,0.0,0.008023159578442574,0.07819506525993347,0.25589391589164734
PD+FF,1074,0.1,0.0,-0.5001789927482605,-0.2884053587913513,0.4962819218635559,True,0.20555169880390167,0.03139633685350418,0.006528284400701523,0.015628378838300705,0.8,4.0,4.0,0.01053476333618164,0.0,0.008822417818009853,0.08413510769605637,0.2646847367286682
PD+FF,1075,0.1,0.0,-0.8189709782600403,0.9466501474380493,0.23914383351802826,True,0.3465965688228607,0.04243049770593643,0.005666031036525965,0.0228969044983387,0.7425,5.15,5.15,0.0022830963134765625,0.0,0.00865949783474207,0.0823984295129776,0.19408129155635834
PD+FF,1076,0.1,0.0,-1.445397138595581,-0.562984049320221,0.45283621549606323,True,0.5145211815834045,0.06195760890841484,0.011433880776166916,0.03190694749355316,0.7025,5.95,5.95,0.00863027572631836,0.0,0.007659690920263529,0.07704321295022964,0.2247290015220642
PD+FF,1077,0.1,0.0,-0.6151338219642639,-0.8893533945083618,0.2694230377674103,True,0.29555627703666687,0.03593399375677109,0.0026863107923418283,0.014833712950348854,0.7625,4.75,4.75,0.010691404342651367,0.0,0.00891360267996788,0.08470286428928375,0.23678874969482422
PD+FF,1078,0.1,0.0,-0.6580581068992615,-0.6858707666397095,0.23459486663341522,True,0.26419195532798767,0.03486905246973038,0.010658703744411469,0.0020492596086114645,0.77,4.6000000000000005,4.6000000000000005,0.0035195350646972656,0.0,0.008570535108447075,0.0818215012550354,0.2052527666091919
PD+FF,1079,0.1,0.0,-0.5874135494232178,0.8651593327522278,0.4896434247493744,True,0.3167378902435303,0.04069115221500397,0.006341950502246618,0.01709967665374279,0.75,5.0,5.0,0.020758628845214844,0.0,0.008320311084389687,0.08084911108016968,0.24693332612514496
PD+FF,1080,0.1,0.0,-0.6397119164466858,0.7102972865104675,0.367546945810318,True,0.28124675154685974,0.0389743447303772,0.008102377876639366,0.009397978894412518,0.7625,5.0,5.0,0.01815938949584961,0.0,0.008561032824218273,0.08225537091493607,0.22638821601867676
PD+FF,1081,0.1,0.0,-1.3320256471633911,0.8601993322372437,0.3006768822669983,True,0.4735153019428253,0.05965197831392288,0.009186641313135624,0.009181969799101353,0.71,5.800000000000001,5.800000000000001,0.007839679718017578,0.0,0.008436028845608234,0.08169899880886078,0.22146904468536377
PD+FF,1082,0.1,0.0,-0.9581221342086792,-0.30673766136169434,0.3117980659008026,True,0.31065747141838074,0.04010865464806557,0.012380226515233517,0.02891264110803604,0.7575,4.8500000000000005,4.8500000000000005,0.01725625991821289,0.0,0.008331985212862492,0.0816735103726387,0.20923246443271637
PD+FF,1083,0.1,0.0,-1.3940625190734863,0.6289385557174683,0.21643398702144623,True,0.4431777894496918,0.053875744342803955,0.005062767770141363,0.009609975852072239,0.7175,5.65,5.65,0.006949424743652344,0.0,0.007442973088473082,0.07625477761030197,0.20266938209533691
PD+FF,1084,0.1,0.0,-0.7371216416358948,-0.8951173424720764,0.4071005880832672,True,0.3409360647201538,0.04547269269824028,0.009401255287230015,0.0050437552854418755,0.755,4.9,4.9,0.00010251998901367188,0.0,0.007701061200350523,0.07685304433107376,0.2902294993400574
PD+FF,1085,0.1,0.0,-0.7224554419517517,-0.08529454469680786,0.4138740301132202,True,0.24832862615585327,0.03780585527420044,0.01651221513748169,0.015524011105298996,0.7825,4.3500000000000005,4.3500000000000005,0.013936519622802734,0.0,0.009618198499083519,0.08626692742109299,0.22687825560569763
PD+FF,1086,0.1,0.0,-0.7490203976631165,-0.7008727788925171,0.4387705326080322,True,0.3181149661540985,0.048090651631355286,0.005946480669081211,0.012935380451381207,0.74,5.2,5.2,0.005854606628417969,0.0,0.007879103533923626,0.07857786118984222,0.22046910226345062
PD+FF,1087,0.1,0.0,-1.2718281745910645,-0.8616007566452026,0.3274095356464386,True,0.46326154470443726,0.06241926550865173,0.005629857070744038,0.02266586385667324,0.71,5.800000000000001,5.800000000000001,0.007842063903808594,0.0,0.008589222095906734,0.08135395497083664,0.2398824691772461
PD+FF,1088,0.1,0.0,-1.148199200630188,-0.9221230149269104,0.4605681300163269,True,0.4650060832500458,0.06465794146060944,0.025433296337723732,0.015222780406475067,0.705,5.9,5.9,0.013896942138671875,0.0,0.008087790571153164,0.079780712723732,0.21750788390636444
PD+FF,1089,0.1,0.0,-1.8535881042480469,0.5890284776687622,0.37915652990341187,True,0.636932373046875,0.0801316499710083,0.029017066583037376,0.010200022719800472,0.6725,6.550000000000001,6.550000000000001,0.017672061920166016,0.0,0.007856452837586403,0.07761262357234955,0.21159233152866364
PD+FF,1090,0.1,0.0,-0.9845758080482483,-0.6573527455329895,0.30003631114959717,True,0.3483448326587677,0.04663657769560814,0.016612660139799118,0.030718443915247917,0.7425,5.15,5.15,0.014816761016845703,0.0,0.009507229551672935,0.08622749149799347,0.24709947407245636
PD+FF,1091,0.1,0.0,-1.8845704793930054,-0.6914018392562866,0.36124923825263977,True,0.6482208371162415,0.087687186896801,0.010818574577569962,0.004278169013559818,0.67,6.6000000000000005,6.6000000000000005,0.018525123596191406,0.0,0.008171850815415382,0.08169221132993698,0.2411264181137085
PD+FF,1092,0.1,0.0,-1.9696727991104126,-0.2278679758310318,0.31251582503318787,True,0.6370313167572021,0.08100356161594391,0.01312304474413395,0.0024787073489278555,0.6825,6.3500000000000005,6.3500000000000005,0.010740280151367188,0.0,0.007773359306156635,0.07748952507972717,0.20770776271820068
PD+FF,1093,0.1,0.0,-0.8791002631187439,0.07968070358037949,0.43002596497535706,True,0.3035604655742645,0.041324492543935776,0.02261638455092907,0.023640606552362442,0.755,4.9,4.9,0.0,0.0,0.007906781509518623,0.0785234272480011,0.21306736767292023
PD+FF,1094,0.1,0.0,-0.9031349420547485,-0.5643354058265686,0.2514164447784424,True,0.30491161346435547,0.03600333631038666,0.013551927171647549,0.017784597352147102,0.765,4.7,4.7,0.0129852294921875,0.0,0.008551555685698986,0.08237104117870331,0.2131875455379486
PD+FF,1095,0.1,0.0,-1.3096781969070435,-0.4019305408000946,0.2943161725997925,True,0.42015790939331055,0.059295084327459335,0.020373834297060966,0.022557729855179787,0.7075,5.8500000000000005,5.8500000000000005,0.009221076965332031,0.0,0.008088303729891777,0.07942786067724228,0.23678989708423615
PD+FF,1096,0.1,0.0,-0.5565752387046814,0.7886120080947876,0.27283963561058044,True,0.2675660252571106,0.03846028074622154,0.012113407254219055,0.007944931276142597,0.7775,4.45,4.45,0.013100624084472656,0.0,0.007755575701594353,0.07755616307258606,0.24056312441825867
PD+FF,1097,0.1,0.0,-1.3080552816390991,0.037033263593912125,0.27344202995300293,True,0.4028535783290863,0.0599709190428257,0.010428862646222115,0.00971713475883007,0.715,5.7,5.7,0.016757965087890625,0.0,0.008865252137184143,0.08312565833330154,0.2347976118326187
PD+FF,1098,0.1,0.0,-1.2224541902542114,-0.25077617168426514,0.4742331802845001,True,0.4312739372253418,0.05939986929297447,0.016937995329499245,0.016429809853434563,0.7125,5.75,5.75,0.01817798614501953,0.0,0.007679670583456755,0.07743581384420395,0.24213723838329315
PD+FF,1099,0.1,0.0,-1.9130916595458984,0.09447009861469269,0.36984628438949585,True,0.6371967196464539,0.0876176580786705,0.016230691224336624,0.008124860003590584,0.6675,6.65,6.65,0.005589962005615234,0.0,0.0076399799436330795,0.07717231661081314,0.23340891301631927
Direct PPO,1000,0.1,0.0,-1.2179213762283325,0.20768369734287262,0.34128254652023315,True,0.34711629152297974,0.035539768636226654,0.02289922535419464,0.059395965188741684,0.71,3.1500000000000004,19.6,0.01656365394592285,0.0,0.6774351596832275,0.7196177840232849,2.0598695278167725
Direct PPO,1001,0.1,0.0,-1.0811076164245605,-0.9685990810394287,0.25630688667297363,True,0.34147730469703674,0.023480119183659554,0.018139047548174858,0.05088798701763153,0.75,4.2,19.450000000000003,0.019801974296569824,0.0,0.7675617337226868,0.761965274810791,2.0292747020721436
Direct PPO,1002,0.1,0.0,-1.428768277168274,-0.28562131524086,0.4242836833000183,True,0.45320579409599304,0.023752450942993164,0.02521536499261856,0.06704743951559067,0.72,5.1000000000000005,19.75,0.020370006561279297,0.0,0.6991815567016602,0.7216901183128357,1.876011610031128
Direct PPO,1003,0.1,0.0,-1.7183640003204346,-0.48658838868141174,0.34840381145477295,False,0.5303668975830078,0.02919110469520092,0.04832426458597183,0.11759185791015625,0.7225,3.9000000000000004,nan,0.02409648895263672,0.0,0.7113850712776184,0.718540608882904,1.8615350723266602
Direct PPO,1004,0.1,0.0,-1.998679280281067,-0.7396973967552185,0.24154320359230042,True,0.5965215563774109,0.03783735632896423,0.05459917336702347,0.0361526720225811,0.6425,3.8000000000000003,19.450000000000003,0.008171558380126953,0.0,0.7850098013877869,0.7622631192207336,1.9895126819610596
Direct PPO,1005,0.1,0.0,-1.8766711950302124,0.8611240983009338,0.28618520498275757,True,0.5788941383361816,0.03246334195137024,0.042908377945423126,0.013086060993373394,0.7125,3.8000000000000003,19.85,0.018541574478149414,0.0,0.7393231987953186,0.7320672869682312,2.0369455814361572
Direct PPO,1006,0.1,0.0,-1.4946178197860718,0.20171388983726501,0.28934937715530396,True,0.42054662108421326,0.035619497299194336,0.0490790531039238,0.020936274901032448,0.6375,5.3500000000000005,19.85,0.04773437976837158,0.0,0.6764495968818665,0.7045900821685791,2.1624715328216553
Direct PPO,1007,0.1,0.0,-1.8931626081466675,0.6319606900215149,0.39287856221199036,True,0.6252051591873169,0.02325168065726757,0.02014503814280033,0.06973732262849808,0.675,6.0,19.450000000000003,0.016571044921875,0.0,0.633322536945343,0.6789013743400574,1.878243088722229
Direct PPO,1008,0.1,0.0,-1.749120831489563,0.6261014938354492,0.26522985100746155,True,0.5109689235687256,0.03178776055574417,0.0156375914812088,0.039013639092445374,0.7225,3.7,17.1,0.007619142532348633,0.0,0.7719818353652954,0.7628845572471619,2.081861734390259
Direct PPO,1009,0.1,0.0,-1.9152493476867676,-0.3461688160896301,0.2149554342031479,True,0.538870096206665,0.027896156534552574,0.029124993830919266,0.02301686443388462,0.6925,3.6500000000000004,19.75,0.026375770568847656,0.0,0.7403573393821716,0.7394327521324158,2.0729029178619385
Direct PPO,1010,0.1,0.0,-1.8575115203857422,0.07161146402359009,0.4753030240535736,True,0.6521593332290649,0.02697592042386532,0.012868407182395458,0.04229441657662392,0.635,5.7,19.700000000000003,0.020882606506347656,0.0,0.6478018164634705,0.673823356628418,1.8812146186828613
Direct PPO,1011,0.1,0.0,-1.57381272315979,0.12664707005023956,0.26378002762794495,True,0.4369327127933502,0.032630935311317444,0.05909402668476105,0.08279119431972504,0.705,3.6,19.900000000000002,0.02662372589111328,0.0,0.7208579182624817,0.7314615249633789,2.010314702987671
Direct PPO,1012,0.1,0.0,-1.5405192375183105,0.561293363571167,0.2715309262275696,True,0.4402009844779968,0.027646591886878014,0.03340233862400055,0.06369145959615707,0.7325,3.5500000000000003,19.8,0.012647867202758789,0.0,0.7431691288948059,0.743571400642395,2.215400218963623
Direct PPO,1013,0.1,0.0,-0.8082606196403503,-0.8420410752296448,0.401797890663147,True,0.2856232523918152,0.02076455019414425,0.01129800733178854,0.05562862008810043,0.72,3.35,19.450000000000003,0.03761768341064453,0.0,0.7668871283531189,0.7521131038665771,2.2224645614624023
Direct PPO,1014,0.1,0.0,-1.3467140197753906,0.1714046150445938,0.4693894386291504,True,0.44342613220214844,0.019969694316387177,0.0054888478480279446,0.03093925304710865,0.72,4.55,19.700000000000003,0.023298263549804688,0.0,0.66695636510849,0.705790638923645,1.8558200597763062
Direct PPO,1015,0.1,0.0,-1.4601455926895142,0.21413566172122955,0.39239153265953064,False,0.45005592703819275,0.027592094615101814,0.029445825144648552,0.1360436975955963,0.7225,4.6000000000000005,nan,0.02313542366027832,0.0,0.6607393026351929,0.6963831186294556,2.063704490661621
Direct PPO,1016,0.1,0.0,-1.6580126285552979,-0.11461202055215836,0.3060871958732605,True,0.48262399435043335,0.029686158522963524,0.029062818735837936,0.03310925513505936,0.705,4.3500000000000005,19.85,0.02372598648071289,0.0,0.7983186841011047,0.7720244526863098,2.313413381576538
Direct PPO,1017,0.1,0.0,-0.62247234582901,0.6426637768745422,0.4917738139629364,True,0.23746253550052643,0.024459419772028923,0.029073338955640793,0.02980845794081688,0.7375,4.4,19.55,0.03149557113647461,0.0,0.6708077192306519,0.7234870791435242,2.130237102508545
Direct PPO,1018,0.1,0.0,-1.1090368032455444,-0.0900818482041359,0.4614541530609131,True,0.3508835732936859,0.023658715188503265,0.009669172577559948,0.09119173139333725,0.7375,3.95,19.950000000000003,0.031034469604492188,0.0,0.7006325721740723,0.7236955165863037,2.168952465057373
Direct PPO,1019,0.1,0.0,-1.674609661102295,-0.20800989866256714,0.34006524085998535,True,0.5038150548934937,0.024387981742620468,0.024450168013572693,0.07253672182559967,0.69,4.1000000000000005,19.950000000000003,0.018702983856201172,0.0,0.7231651544570923,0.7231805324554443,2.024399757385254
Direct PPO,1020,0.1,0.0,-1.1319496631622314,-0.4326494336128235,0.2227078378200531,True,0.2920704483985901,0.03034777194261551,0.019087281078100204,0.03671363741159439,0.71,2.7,19.700000000000003,0.042415618896484375,0.0,0.7704746127128601,0.7676047682762146,2.096670627593994
Direct PPO,1021,0.1,0.0,-1.4384177923202515,-0.8382971882820129,0.49743902683258057,True,0.5223397016525269,0.030504729598760605,0.01998208835721016,0.07808367908000946,0.6575,4.7,19.900000000000002,0.03105926513671875,0.0,0.6137462854385376,0.657647967338562,1.8857725858688354
Direct PPO,1022,0.1,0.0,-1.999210000038147,0.8368335366249084,0.37694433331489563,True,0.6676409840583801,0.024317823350429535,0.01611427590250969,0.05350777134299278,0.665,4.95,19.25,0.029381275177001953,0.0,0.665120005607605,0.7056587934494019,1.7970792055130005
Direct PPO,1023,0.1,0.0,-1.4916963577270508,0.8117974996566772,0.4728805720806122,True,0.5261567234992981,0.030210502445697784,0.03037223592400551,0.0834798812866211,0.6775,4.75,19.85,0.047861576080322266,0.0,0.6749006509780884,0.7083120942115784,2.090299367904663
Direct PPO,1024,0.1,0.0,-1.51630699634552,-0.48329436779022217,0.3110935389995575,True,0.4431801438331604,0.03881137818098068,0.0298006609082222,0.015609164722263813,0.6975,3.5500000000000003,19.700000000000003,0.018073081970214844,0.0,0.7345464825630188,0.7256171703338623,2.0922341346740723
Direct PPO,1025,0.1,0.0,-0.7683239579200745,0.258014976978302,0.24864348769187927,True,0.1925434172153473,0.03847353905439377,0.010017144493758678,0.06288985908031464,0.7225,3.35,18.95,0.011318087577819824,0.0,0.7854329943656921,0.7860545516014099,2.1390085220336914
Direct PPO,1026,0.1,0.0,-1.7438942193984985,0.19023452699184418,0.2583710551261902,True,0.4937590956687927,0.02607996203005314,0.019955415278673172,0.09001287072896957,0.665,4.1000000000000005,19.650000000000002,0.03723263740539551,0.0,0.7119993567466736,0.7182666659355164,1.9890110492706299
Direct PPO,1027,0.1,0.0,-1.9580382108688354,0.12429128587245941,0.36954861879348755,True,0.6264153122901917,0.024777257815003395,0.004117958713322878,0.040016163140535355,0.68,4.4,19.900000000000002,0.04043173789978027,0.0,0.6218740344047546,0.6692250967025757,1.834755301475525
Direct PPO,1028,0.1,0.0,-0.7757433652877808,-0.22796711325645447,0.4025936424732208,True,0.22321981191635132,0.027937322854995728,0.029706884175539017,0.06510908156633377,0.7625,2.7,19.450000000000003,0.03150129318237305,0.0,0.7583370208740234,0.7506022453308105,2.145951271057129
Direct PPO,1029,0.1,0.0,-0.7448340058326721,0.6458722352981567,0.214758962392807,True,0.2143135964870453,0.03531589359045029,0.018824433907866478,0.07162220031023026,0.755,3.45,19.6,0.017418384552001953,0.0,0.7228153347969055,0.7548985481262207,1.7641654014587402
Direct PPO,1030,0.1,0.0,-1.6447029113769531,-0.9496257901191711,0.4438457489013672,True,0.580383837223053,0.02985369972884655,0.0452922098338604,0.0578077957034111,0.6675,5.0,19.700000000000003,0.021689891815185547,0.0,0.6104587316513062,0.6587567329406738,1.8754773139953613
Direct PPO,1031,0.1,0.0,-0.9611496329307556,0.9009804725646973,0.39864641427993774,True,0.3342209756374359,0.027617722749710083,0.007993508130311966,0.04803376644849777,0.745,3.4000000000000004,19.6,0.029859066009521484,0.0,0.7790559530258179,0.768054723739624,2.052241802215576
Direct PPO,1032,0.1,0.0,-0.6833899617195129,-0.5306191444396973,0.49894750118255615,True,0.24221330881118774,0.02360275201499462,0.015531450510025024,0.0953681692481041,0.7425,3.1500000000000004,19.950000000000003,0.04287862777709961,0.0,0.6882702112197876,0.7274360656738281,2.1197874546051025
Direct PPO,1033,0.1,0.0,-0.7577928304672241,0.7459949851036072,0.4761985242366791,True,0.2793094515800476,0.03177650272846222,0.0030702552758157253,0.07958585023880005,0.725,3.1500000000000004,18.1,0.038420677185058594,0.0,0.6802130937576294,0.7207639813423157,1.8143880367279053
Direct PPO,1034,0.1,0.0,-0.5296080112457275,-0.6777904629707336,0.22327283024787903,True,0.17698734998703003,0.027661005035042763,0.03145001828670502,0.08701625466346741,0.8025,1.8,19.950000000000003,0.019481658935546875,0.0,0.888580858707428,0.8272786736488342,2.0290894508361816
Direct PPO,1035,0.1,0.0,-1.5201642513275146,-0.23973245918750763,0.436818927526474,True,0.49390336871147156,0.031106460839509964,0.015840038657188416,0.04735944792628288,0.65,6.15,18.5,0.02403402328491211,0.0,0.6083418726921082,0.6650077700614929,2.0774855613708496
Direct PPO,1036,0.1,0.0,-1.558912754058838,0.6018440127372742,0.34900519251823425,True,0.47873350977897644,0.030565926805138588,0.028438838198781013,0.0795939639210701,0.6875,4.1000000000000005,17.55,0.0406341552734375,0.0,0.6648678779602051,0.7159709930419922,2.0110321044921875
Direct PPO,1037,0.1,0.0,-1.5164998769760132,-0.3818822205066681,0.38270920515060425,True,0.46863502264022827,0.025799157097935677,0.04226371645927429,0.030233466997742653,0.7275,4.05,19.900000000000002,0.039904117584228516,0.0,0.6911712884902954,0.7227664589881897,1.895312786102295
Direct PPO,1038,0.1,0.0,-1.5098652839660645,-0.8029577136039734,0.31811848282814026,True,0.46433016657829285,0.03675495460629463,0.04425698518753052,0.08156566321849823,0.715,4.1000000000000005,19.950000000000003,0.01643538475036621,0.0,0.7148298025131226,0.7240170836448669,1.9179131984710693
Direct PPO,1039,0.1,0.0,-0.6960156559944153,-0.0387578122317791,0.3661683201789856,True,0.18866433203220367,0.023363348096609116,0.007932852022349834,0.0684504583477974,0.7625,2.75,19.950000000000003,0.03352499008178711,0.0,0.754427433013916,0.7674198746681213,1.9464645385742188
Direct PPO,1040,0.1,0.0,-0.7547146081924438,0.5635512471199036,0.4134989380836487,False,0.24804839491844177,0.029863769188523293,0.037832412868738174,0.1335010975599289,0.7525,3.35,nan,0.021280765533447266,0.0,0.7099510431289673,0.7445080876350403,1.9518307447433472
Direct PPO,1041,0.1,0.0,-0.6478168964385986,-0.19675222039222717,0.46515655517578125,True,0.20225192606449127,0.027686869725584984,0.01956307701766491,0.057848427444696426,0.71,2.45,19.900000000000002,0.0443570613861084,0.0,0.731135368347168,0.7411772012710571,2.049445152282715
Direct PPO,1042,0.1,0.0,-1.463887333869934,-0.25558269023895264,0.3728010952472687,True,0.4422720968723297,0.024538300931453705,0.019328588619828224,0.04804116114974022,0.7025,4.7,18.400000000000002,0.028141498565673828,0.0,0.6590421795845032,0.7108996510505676,1.9474245309829712
Direct PPO,1043,0.1,0.0,-1.7490100860595703,-0.7958716750144958,0.31946444511413574,True,0.5454114079475403,0.030817346647381783,0.020948993042111397,0.014320410788059235,0.6775,5.7,19.8,0.029218673706054688,0.0,0.6913765668869019,0.7135493159294128,2.1926755905151367
Direct PPO,1044,0.1,0.0,-1.981444239616394,0.7169352173805237,0.20961801707744598,True,0.5737051963806152,0.027511686086654663,0.03839009255170822,0.0700557604432106,0.695,4.95,19.1,0.05594068765640259,0.015,0.8058415651321411,0.7589505314826965,2.133431911468506
Direct PPO,1045,0.1,0.0,-0.7272861003875732,-0.39523494243621826,0.4158290922641754,False,0.22054694592952728,0.030758703127503395,0.017674176022410393,0.11926453560590744,0.7575,2.85,nan,0.014512062072753906,0.0,0.7712720632553101,0.7864905595779419,1.941759705543518
Direct PPO,1046,0.1,0.0,-1.868130087852478,0.6265861392021179,0.39649125933647156,False,0.6176965236663818,0.03939776495099068,0.032376889139413834,0.15808609127998352,0.67,4.45,nan,0.025022506713867188,0.0,0.646265983581543,0.6920579075813293,1.7992013692855835
Direct PPO,1047,0.1,0.0,-1.1699552536010742,-0.14992530643939972,0.29876548051834106,False,0.31536754965782166,0.022261355072259903,0.002498344285413623,0.11177604645490646,0.715,3.85,nan,0.05853235721588135,0.02,0.7577854990959167,0.7451992034912109,2.03177809715271
Direct PPO,1048,0.1,0.0,-0.9076822996139526,-0.7630760073661804,0.4824531674385071,True,0.32573917508125305,0.02682683616876602,0.02321677654981613,0.03890964388847351,0.7225,3.3000000000000003,18.650000000000002,0.037711143493652344,0.0,0.7084027528762817,0.7320815324783325,1.9145628213882446
Direct PPO,1049,0.1,0.0,-1.6127384901046753,0.09402617067098618,0.43331217765808105,False,0.5264399647712708,0.024737006053328514,0.033921223133802414,0.12032490223646164,0.675,5.2,nan,0.014187335968017578,0.0,0.6697800755500793,0.7011848092079163,2.0495173931121826
Direct PPO,1050,0.1,0.0,-1.2507070302963257,-0.40418457984924316,0.49881017208099365,True,0.42642638087272644,0.0321296788752079,0.03187733516097069,0.09624574333429337,0.665,4.5,18.75,0.049294471740722656,0.0,0.6872792840003967,0.7146036028862,2.141392946243286
Direct PPO,1051,0.1,0.0,-0.8433747291564941,-0.6024307608604431,0.2584548592567444,True,0.2363007366657257,0.028615841642022133,0.022449752315878868,0.016011666506528854,0.72,2.8000000000000003,19.400000000000002,0.04680246114730835,0.0,0.6958404779434204,0.7161502838134766,2.0878801345825195
Direct PPO,1052,0.1,0.0,-1.577463150024414,-0.03658809885382652,0.32490968704223633,False,0.4614889323711395,0.03091859631240368,0.019591784104704857,0.14798475801944733,0.665,3.75,nan,0.029105424880981445,0.0,0.7125594615936279,0.7244917154312134,1.939076542854309
Direct PPO,1053,0.1,0.0,-0.7320424914360046,-0.38764455914497375,0.44851720333099365,True,0.2318718433380127,0.029206430539488792,0.018293000757694244,0.014742829836905003,0.7425,4.2,19.200000000000003,0.025528430938720703,0.0,0.6509677767753601,0.7069838047027588,2.115795373916626
Direct PPO,1054,0.1,0.0,-1.9604523181915283,0.6108824014663696,0.3443475067615509,False,0.6241694092750549,0.028112035244703293,0.03196694329380989,0.10927104949951172,0.6725,5.15,nan,0.03994166851043701,0.0,0.6555646657943726,0.6956110000610352,2.0768141746520996
Direct PPO,1055,0.1,0.0,-0.8035520911216736,-0.8197364807128906,0.37500709295272827,False,0.2781950831413269,0.035100895911455154,0.012284759432077408,0.1023387685418129,0.72,3.35,nan,0.03960084915161133,0.0,0.6930822134017944,0.712402880191803,2.0395753383636475
Direct PPO,1056,0.1,0.0,-0.6173267960548401,-0.7547652125358582,0.33817118406295776,False,0.21662050485610962,0.025298498570919037,0.005335596390068531,0.1129833310842514,0.7425,2.3000000000000003,nan,0.029021739959716797,0.0,0.7904811501502991,0.770003616809845,2.0572540760040283
Direct PPO,1057,0.1,0.0,-1.4013786315917969,-0.020997419953346252,0.2980625629425049,True,0.3898163437843323,0.029090026393532753,0.0195718202739954,0.04024701192975044,0.7375,4.0,19.900000000000002,0.005040168762207031,0.0,0.7194143533706665,0.7375806570053101,1.9896371364593506
Direct PPO,1058,0.1,0.0,-1.9344123601913452,-0.6835842132568359,0.34246277809143066,True,0.6168105006217957,0.031034989282488823,0.036205172538757324,0.0732283890247345,0.6775,4.5,19.950000000000003,0.02667093276977539,0.0,0.6628380417823792,0.6816104650497437,1.974920392036438
Direct PPO,1059,0.1,0.0,-1.3239208459854126,-0.34795770049095154,0.3298633396625519,True,0.37930798530578613,0.025074424222111702,0.029844051226973534,0.03267531096935272,0.6825,3.2,18.55,0.024866580963134766,0.0,0.6826155185699463,0.7136194705963135,1.890776515007019
Direct PPO,1060,0.1,0.0,-0.5232435464859009,-0.8263487219810486,0.4775193929672241,True,0.23363031446933746,0.020823482424020767,0.009736467152833939,0.09920747578144073,0.745,2.95,19.8,0.02433300018310547,0.0,0.693343460559845,0.7194845676422119,2.129502058029175
Direct PPO,1061,0.1,0.0,-1.0766786336898804,0.09924349933862686,0.28927016258239746,True,0.28429773449897766,0.0353742316365242,0.0218195840716362,0.07328187674283981,0.7275,2.7,19.900000000000002,0.016553640365600586,0.0,0.8054431676864624,0.7890036106109619,2.123760938644409
Direct PPO,1062,0.1,0.0,-1.020176649093628,-0.6513675451278687,0.4292861223220825,True,0.332112580537796,0.025451714172959328,0.014586841687560081,0.05364803224802017,0.775,3.9000000000000004,19.450000000000003,0.04178190231323242,0.0,0.7396467924118042,0.7438254952430725,2.127450942993164
Direct PPO,1063,0.1,0.0,-0.5567145943641663,0.6067063212394714,0.2895512878894806,True,0.18077236413955688,0.02327706851065159,0.027396194636821747,0.032044652849435806,0.7225,2.75,19.900000000000002,0.03869128227233887,0.0,0.7721244096755981,0.7729548811912537,2.033215284347534
Direct PPO,1064,0.1,0.0,-1.6129041910171509,-0.13716638088226318,0.24278511106967926,True,0.4418985843658447,0.02753717079758644,0.016011398285627365,0.07142314314842224,0.71,3.9000000000000004,19.85,0.07284688949584961,0.025,0.6869141459465027,0.7037988901138306,1.8735696077346802
Direct PPO,1065,0.1,0.0,-0.5033138990402222,-0.5932050347328186,0.453745573759079,True,0.18995200097560883,0.026730407029390335,0.024187160655856133,0.037898823618888855,0.7375,2.3000000000000003,18.85,0.028229236602783203,0.0,0.720514178276062,0.7434872984886169,1.897631049156189
Direct PPO,1066,0.1,0.0,-1.3762075901031494,0.32575497031211853,0.20805609226226807,True,0.35718992352485657,0.027488231658935547,0.019846491515636444,0.03670268505811691,0.7325,2.95,19.6,0.02976936101913452,0.0,0.7705353498458862,0.7635312080383301,2.055476665496826
Direct PPO,1067,0.1,0.0,-0.6176835894584656,0.9055254459381104,0.20151829719543457,True,0.23226210474967957,0.032128091901540756,0.010797224938869476,0.071075439453125,0.735,3.4000000000000004,19.150000000000002,0.018916189670562744,0.0,0.7246004343032837,0.7319040894508362,1.9841206073760986
Direct PPO,1068,0.1,0.0,-0.7787961959838867,0.5352519750595093,0.25048118829727173,True,0.21319809556007385,0.027605945244431496,0.03333137929439545,0.053381603211164474,0.75,2.75,18.7,0.01425999402999878,0.0,0.7413027882575989,0.7574860453605652,1.9296067953109741
Direct PPO,1069,0.1,0.0,-0.5076419115066528,0.8446078896522522,0.24751581251621246,True,0.21059700846672058,0.03227438032627106,0.030843691900372505,0.03250427171587944,0.7075,4.75,19.25,0.05465126037597656,0.0125,0.7594286203384399,0.7733964920043945,1.9421882629394531
Direct PPO,1070,0.1,0.0,-1.6644020080566406,0.9533751606941223,0.22921264171600342,True,0.4949972629547119,0.038187071681022644,0.043974313884973526,0.05998003110289574,0.67,4.1000000000000005,19.75,0.03749692440032959,0.0,0.7097175717353821,0.723210334777832,2.191981554031372
Direct PPO,1071,0.1,0.0,-1.6379417181015015,0.7469041347503662,0.26974478363990784,True,0.4823608994483948,0.03063836321234703,0.03984386846423149,0.05787844955921173,0.7175,3.85,19.5,0.03328275680541992,0.0,0.7569968104362488,0.7453964948654175,2.450974225997925
Direct PPO,1072,0.1,0.0,-1.22187077999115,0.3675197660923004,0.4661308228969574,True,0.40076422691345215,0.027423324063420296,0.02908357046544552,0.055054061114788055,0.68,4.65,19.35,0.04925060272216797,0.0,0.7149134278297424,0.7245771884918213,2.1388323307037354
Direct PPO,1073,0.1,0.0,-1.5133368968963623,0.8512749075889587,0.3800120949745178,True,0.49266746640205383,0.03286001458764076,0.03045669198036194,0.030513325706124306,0.705,5.0,18.650000000000002,0.02224588394165039,0.0,0.7372925281524658,0.7310307025909424,2.2695937156677246
Direct PPO,1074,0.1,0.0,-0.5001789927482605,-0.2884053587913513,0.4962819218635559,True,0.16780716180801392,0.019924649968743324,0.022516578435897827,0.04985227435827255,0.785,3.1500000000000004,19.85,0.024542808532714844,0.0,0.7508828043937683,0.7651441097259521,2.125856876373291
Direct PPO,1075,0.1,0.0,-0.8189709782600403,0.9466501474380493,0.23914383351802826,True,0.27873894572257996,0.03396537899971008,0.0198860801756382,0.09059690684080124,0.7175,3.6500000000000004,19.8,0.02529299259185791,0.0,0.8240790963172913,0.7950589656829834,2.079291343688965
Direct PPO,1076,0.1,0.0,-1.445397138595581,-0.562984049320221,0.45283621549606323,False,0.48294731974601746,0.022816598415374756,0.020697202533483505,0.1156606376171112,0.7025,4.55,nan,0.04148435592651367,0.0,0.6773666143417358,0.691196620464325,2.222778081893921
Direct PPO,1077,0.1,0.0,-0.6151338219642639,-0.8893533945083618,0.2694230377674103,True,0.23332573473453522,0.03413975238800049,0.017916273325681686,0.04836783930659294,0.735,3.25,19.900000000000002,0.013507843017578125,0.0,0.8438202142715454,0.8129706382751465,1.9643747806549072
Direct PPO,1078,0.1,0.0,-0.6580581068992615,-0.6858707666397095,0.23459486663341522,True,0.20344960689544678,0.03516096994280815,0.022075649350881577,0.01693568006157875,0.745,2.15,17.7,0.003943502902984619,0.0,0.7775144577026367,0.7678452730178833,1.951027274131775
Direct PPO,1079,0.1,0.0,-0.5874135494232178,0.8651593327522278,0.4896434247493744,True,0.25936219096183777,0.02680998481810093,0.019669003784656525,0.05414395034313202,0.73,3.1500000000000004,19.85,0.0434870719909668,0.0,0.7245057225227356,0.7430806159973145,2.341520071029663
Direct PPO,1080,0.1,0.0,-0.6397119164466858,0.7102972865104675,0.367546945810318,True,0.22218406200408936,0.023851478472352028,0.0035943901166319847,0.0897291749715805,0.77,2.3000000000000003,19.1,0.037840843200683594,0.0,0.7805119156837463,0.770910918712616,1.9867405891418457
Direct PPO,1081,0.1,0.0,-1.3320256471633911,0.8601993322372437,0.3006768822669983,True,0.40662676095962524,0.03206279128789902,0.01075289398431778,0.01237913966178894,0.6925,4.9,18.45,0.023784875869750977,0.0,0.7848856449127197,0.7778947353363037,2.176969051361084
Direct PPO,1082,0.1,0.0,-0.9581221342086792,-0.30673766136169434,0.3117980659008026,False,0.2571410834789276,0.025436697527766228,0.019174849614501,0.11227331310510635,0.7375,3.6500000000000004,nan,0.044901132583618164,0.0,0.7628124356269836,0.7641056776046753,2.070582151412964
Direct PPO,1083,0.1,0.0,-1.3940625190734863,0.6289385557174683,0.21643398702144623,True,0.3798087537288666,0.02293388545513153,0.021103214472532272,0.03300923854112625,0.7525,3.3000000000000003,18.150000000000002,0.05902761220932007,0.015,0.7265995144844055,0.7442840933799744,1.8775311708450317
Direct PPO,1084,0.1,0.0,-0.7371216416358948,-0.8951173424720764,0.4071005880832672,True,0.27910861372947693,0.03138713166117668,0.018274420872330666,0.06272821128368378,0.73,3.5500000000000003,18.7,0.015242576599121094,0.0,0.6839205026626587,0.7101770639419556,2.5682947635650635
Direct PPO,1085,0.1,0.0,-0.7224554419517517,-0.08529454469680786,0.4138740301132202,True,0.20862196385860443,0.02579929493367672,0.04574102163314819,0.025170275941491127,0.7475,4.75,19.3,0.030269622802734375,0.0,0.7579061985015869,0.7636770606040955,2.1741878986358643
Direct PPO,1086,0.1,0.0,-0.7490203976631165,-0.7008727788925171,0.4387705326080322,True,0.26102179288864136,0.03094533644616604,0.009544206783175468,0.05151459202170372,0.735,3.1500000000000004,19.450000000000003,0.03278350830078125,0.0,0.6741687059402466,0.7094464898109436,1.9403076171875
Direct PPO,1087,0.1,0.0,-1.2718281745910645,-0.8616007566452026,0.3274095356464386,True,0.3980463445186615,0.0296999029815197,0.028132665902376175,0.09904161095619202,0.715,3.5,19.950000000000003,0.028199434280395508,0.0,0.7489624619483948,0.7409095168113708,2.127854108810425
Direct PPO,1088,0.1,0.0,-1.148199200630188,-0.9221230149269104,0.4605681300163269,True,0.4113139808177948,0.025274934247136116,0.040715016424655914,0.07350972294807434,0.725,4.3,19.200000000000003,0.024479389190673828,0.0,0.6806983351707458,0.7037975192070007,1.8394182920455933
Direct PPO,1089,0.1,0.0,-1.8535881042480469,0.5890284776687622,0.37915652990341187,True,0.6004475355148315,0.02674338035285473,0.054415538907051086,0.00920949038118124,0.68,4.3500000000000005,19.85,0.04589581489562988,0.0,0.6610161066055298,0.6940355896949768,2.0670998096466064
Direct PPO,1090,0.1,0.0,-0.9845758080482483,-0.6573527455329895,0.30003631114959717,False,0.28608256578445435,0.02492516301572323,0.03632599487900734,0.11338258534669876,0.745,2.6,nan,0.022868633270263672,0.0,0.8318197727203369,0.7911022305488586,2.1437437534332275
Direct PPO,1091,0.1,0.0,-1.8845704793930054,-0.6914018392562866,0.36124923825263977,True,0.60842365026474,0.024427957832813263,0.01678076758980751,0.0776308998465538,0.69,4.4,19.25,0.03100728988647461,0.0,0.6784462332725525,0.712216317653656,2.0155601501464844
Direct PPO,1092,0.1,0.0,-1.9696727991104126,-0.2278679758310318,0.31251582503318787,True,0.60126793384552,0.026278868317604065,0.025393249467015266,0.08767284452915192,0.6675,5.300000000000001,19.55,0.030201435089111328,0.0,0.6630290150642395,0.7048736214637756,1.9550015926361084
Direct PPO,1093,0.1,0.0,-0.8791002631187439,0.07968070358037949,0.43002596497535706,True,0.2641995847225189,0.037230927497148514,0.030437711626291275,0.05191638320684433,0.7475,5.300000000000001,19.6,0.021735668182373047,0.0,0.6734106540679932,0.7170536518096924,1.9862663745880127
Direct PPO,1094,0.1,0.0,-0.9031349420547485,-0.5643354058265686,0.2514164447784424,True,0.24567021429538727,0.03299280256032944,0.034064650535583496,0.06436000764369965,0.7325,2.6500000000000004,19.900000000000002,0.024924278259277344,0.0,0.808305561542511,0.7888613939285278,2.0366387367248535
Direct PPO,1095,0.1,0.0,-1.3096781969070435,-0.4019305408000946,0.2943161725997925,True,0.364998996257782,0.03357433155179024,0.03835539147257805,0.08606710284948349,0.715,3.0,19.950000000000003,0.012474536895751953,0.0,0.7330090403556824,0.7453156113624573,2.1316592693328857
Direct PPO,1096,0.1,0.0,-0.5565752387046814,0.7886120080947876,0.27283963561058044,True,0.20854595303535461,0.03638289496302605,0.017018036916851997,0.01948869228363037,0.7125,3.7,19.6,0.027422189712524414,0.0,0.7385491132736206,0.7452790141105652,2.039297580718994
Direct PPO,1097,0.1,0.0,-1.3080552816390991,0.037033263593912125,0.27344202995300293,True,0.35249921679496765,0.03374399244785309,0.02805161103606224,0.06404993683099747,0.7,3.95,19.700000000000003,0.0272977352142334,0.0,0.7828330397605896,0.7731113433837891,1.8810086250305176
Direct PPO,1098,0.1,0.0,-1.2224541902542114,-0.25077617168426514,0.4742331802845001,True,0.39972636103630066,0.02582506835460663,0.01374726090580225,0.07232464849948883,0.6975,4.0,19.200000000000003,0.036261558532714844,0.0,0.633492112159729,0.69500732421875,2.2482779026031494
Direct PPO,1099,0.1,0.0,-1.9130916595458984,0.09447009861469269,0.36984628438949585,True,0.608805239200592,0.029161158949136734,0.02029683068394661,0.025929292663931847,0.6825,4.95,19.05,0.0152740478515625,0.0,0.6542566418647766,0.6940977573394775,2.0025744438171387
Residual PPO,1000,0.1,0.0,-1.2179213762283325,0.20768369734287262,0.34128254652023315,True,0.3628028929233551,0.03195647522807121,0.02081052027642727,0.008829734288156033,0.8175,3.6500000000000004,3.6500000000000004,0.010359764099121094,0.0,0.012940498068928719,0.10092151910066605,0.3451109528541565
Residual PPO,1001,0.1,0.0,-1.0811076164245605,-0.9685990810394287,0.25630688667297363,True,0.3785041272640228,0.03089969791471958,0.011022225022315979,0.01902300864458084,0.7875,4.25,4.25,0.010161638259887695,0.0,0.014579982496798038,0.10658551007509232,0.3494220972061157
Residual PPO,1002,0.1,0.0,-1.428768277168274,-0.28562131524086,0.4242836833000183,True,0.4633115231990814,0.030376095324754715,0.0166544858366251,0.024704057723283768,0.7775,4.6000000000000005,4.6000000000000005,0.013584613800048828,0.0,0.014114473015069962,0.10443510860204697,0.2657070457935333
Residual PPO,1003,0.1,0.0,-1.7183640003204346,-0.48658838868141174,0.34840381145477295,True,0.5444810390472412,0.03514302521944046,0.014177016913890839,0.04236537963151932,0.7675,4.65,4.65,0.010938882827758789,0.0,0.013903419487178326,0.10264088213443756,0.2600427269935608
Residual PPO,1004,0.1,0.0,-1.998679280281067,-0.7396973967552185,0.24154320359230042,True,0.6176131963729858,0.03234899789094925,0.03888331353664398,0.00913390051573515,0.7725,4.55,4.55,0.0,0.0,0.01612088643014431,0.1139887347817421,0.27598655223846436
Residual PPO,1005,0.1,0.0,-1.8766711950302124,0.8611240983009338,0.28618520498275757,True,0.6046352386474609,0.0339590460062027,0.0187526848167181,0.023036951199173927,0.7675,4.65,4.65,0.004113912582397461,0.0,0.014566545374691486,0.10591521114110947,0.29882949590682983
Residual PPO,1006,0.1,0.0,-1.4946178197860718,0.20171388983726501,0.28934937715530396,True,0.43754175305366516,0.023921597748994827,0.01786559447646141,0.024562377482652664,0.7825,4.1000000000000005,5.0,0.0,0.0,0.013279713690280914,0.10146947205066681,0.27763015031814575
Residual PPO,1007,0.1,0.0,-1.8931626081466675,0.6319606900215149,0.39287856221199036,True,0.6387603878974915,0.03099871799349785,0.004382676910609007,0.01640089601278305,0.7575,4.8500000000000005,4.8500000000000005,0.010207176208496094,0.0,0.01270829327404499,0.09880010783672333,0.2765664756298065
Residual PPO,1008,0.1,0.0,-1.749120831489563,0.6261014938354492,0.26522985100746155,True,0.5342838168144226,0.028084347024559975,0.01077946461737156,0.018063154071569443,0.785,4.3,4.3,0.0,0.0,0.014593980275094509,0.10655736923217773,0.2849194407463074
Residual PPO,1009,0.1,0.0,-1.9152493476867676,-0.3461688160896301,0.2149554342031479,True,0.5599989891052246,0.027493806555867195,0.018288876861333847,0.010476518422365189,0.775,4.5,4.5,0.011247634887695312,0.0,0.014401903375983238,0.104964479804039,0.31639382243156433
Residual PPO,1010,0.1,0.0,-1.8575115203857422,0.07161146402359009,0.4753030240535736,True,0.6565483212471008,0.04709966108202934,0.018279356881976128,0.016804389655590057,0.7325,5.3500000000000005,5.3500000000000005,0.019707679748535156,0.0,0.013214589096605778,0.09875571727752686,0.3457989990711212
Residual PPO,1011,0.1,0.0,-1.57381272315979,0.12664707005023956,0.26378002762794495,True,0.4539908468723297,0.03475090116262436,0.04363640397787094,0.04201304540038109,0.805,3.9000000000000004,3.9000000000000004,0.00811910629272461,0.0,0.013073975220322609,0.09969992190599442,0.28878146409988403
Residual PPO,1012,0.1,0.0,-1.5405192375183105,0.561293363571167,0.2715309262275696,True,0.4640429615974426,0.02488807961344719,0.01725563034415245,0.032100290060043335,0.7975,4.05,4.05,0.0008664131164550781,0.0,0.014482849277555943,0.10506540536880493,0.37994471192359924
Residual PPO,1013,0.1,0.0,-0.8082606196403503,-0.8420410752296448,0.401797890663147,True,0.31462031602859497,0.017723048105835915,0.007910612970590591,0.016663968563079834,0.8275,3.45,3.45,0.027242660522460938,0.0,0.015612289309501648,0.10889001935720444,0.4017033278942108
Residual PPO,1014,0.1,0.0,-1.3467140197753906,0.1714046150445938,0.4693894386291504,True,0.44989094138145447,0.025336600840091705,0.014334145933389664,0.02299254760146141,0.7775,4.6000000000000005,4.6000000000000005,0.028067588806152344,0.0,0.01390974409878254,0.10216718912124634,0.34677425026893616
Residual PPO,1015,0.1,0.0,-1.4601455926895142,0.21413566172122955,0.39239153265953064,True,0.45880594849586487,0.01871068775653839,0.014484166167676449,0.04732350632548332,0.79,4.2,4.2,0.012904167175292969,0.0,0.012706818990409374,0.09881574660539627,0.2641352713108063
Residual PPO,1016,0.1,0.0,-1.6580126285552979,-0.11461202055215836,0.3060871958732605,True,0.4961811900138855,0.025842078030109406,0.016627635806798935,0.01567034050822258,0.7875,4.25,4.25,0.0,0.0,0.015635943040251732,0.10889200866222382,0.38328179717063904
Residual PPO,1017,0.1,0.0,-0.62247234582901,0.6426637768745422,0.4917738139629364,True,0.2547685205936432,0.01324312575161457,0.011429732665419579,0.006828932091593742,0.845,3.1,3.1,0.018520593643188477,0.0,0.013617751188576221,0.1041480153799057,0.310139000415802
Residual PPO,1018,0.1,0.0,-1.1090368032455444,-0.0900818482041359,0.4614541530609131,True,0.3614042103290558,0.031467143446207047,0.008857842534780502,0.03287908807396889,0.795,4.1000000000000005,4.1000000000000005,0.011206626892089844,0.0,0.014546043239533901,0.10519455373287201,0.29196253418922424
Residual PPO,1019,0.1,0.0,-1.674609661102295,-0.20800989866256714,0.34006524085998535,True,0.5150960683822632,0.024513648822903633,0.014955663122236729,0.014828525483608246,0.78,4.3,5.050000000000001,0.01030588150024414,0.0,0.014537962153553963,0.10444942861795425,0.2907455265522003
Residual PPO,1020,0.1,0.0,-1.1319496631622314,-0.4326494336128235,0.2227078378200531,True,0.3176060616970062,0.018617143854498863,0.014284887351095676,0.024024805054068565,0.8125,3.75,3.75,0.01406097412109375,0.0,0.014873837120831013,0.10891187936067581,0.2800571024417877
Residual PPO,1021,0.1,0.0,-1.4384177923202515,-0.8382971882820129,0.49743902683258057,True,0.5368556976318359,0.03979075700044632,0.026133611798286438,0.020815927535295486,0.7625,4.75,4.75,0.019771099090576172,0.0,0.013849332928657532,0.10221107304096222,0.29570236802101135
Residual PPO,1022,0.1,0.0,-1.999210000038147,0.8368335366249084,0.37694433331489563,True,0.6849097609519958,0.028974957764148712,0.020819950848817825,0.012916029430925846,0.75,5.0,5.0,0.025017261505126953,0.0,0.013971876353025436,0.10525071620941162,0.27263253927230835
Residual PPO,1023,0.1,0.0,-1.4916963577270508,0.8117974996566772,0.4728805720806122,True,0.5433489680290222,0.03406524658203125,0.012667831033468246,0.013533584773540497,0.7625,4.75,4.75,0.030004024505615234,0.0,0.0135600995272398,0.10229840129613876,0.2976253032684326
Residual PPO,1024,0.1,0.0,-1.51630699634552,-0.48329436779022217,0.3110935389995575,True,0.46418866515159607,0.04227669909596443,0.011572835966944695,0.014097527600824833,0.795,4.1000000000000005,4.1000000000000005,0.0028772354125976562,0.0,0.013981575146317482,0.10245347768068314,0.289154976606369
Residual PPO,1025,0.1,0.0,-0.7683239579200745,0.258014976978302,0.24864348769187927,True,0.20786210894584656,0.02009798027575016,0.010791554115712643,0.02470860816538334,0.8625,2.75,2.75,0.010965585708618164,0.0,0.014473260380327702,0.10614344477653503,0.2871599793434143
Residual PPO,1026,0.1,0.0,-1.7438942193984985,0.19023452699184418,0.2583710551261902,True,0.5125070214271545,0.035522107034921646,0.008373428136110306,0.019386105239391327,0.7625,4.7,5.800000000000001,0.03068065643310547,0.0,0.014053468592464924,0.10239595919847488,0.349271684885025
Residual PPO,1027,0.1,0.0,-1.9580382108688354,0.12429128587245941,0.36954861879348755,True,0.6342258453369141,0.03759576007723808,0.024552980437874794,0.020657597109675407,0.7475,5.0,5.65,0.021619796752929688,0.0,0.01248075719922781,0.09724821895360947,0.29490941762924194
Residual PPO,1028,0.1,0.0,-0.7757433652877808,-0.22796711325645447,0.4025936424732208,True,0.2408178299665451,0.01875506341457367,0.027520155534148216,0.031186643987894058,0.84,3.2,3.2,0.012684822082519531,0.0,0.015842294320464134,0.10960518568754196,0.3376457095146179
Residual PPO,1029,0.1,0.0,-0.7448340058326721,0.6458722352981567,0.214758962392807,True,0.24144601821899414,0.0237519983202219,0.008855607360601425,0.011523213237524033,0.8375,3.25,3.25,0.0047245025634765625,0.0,0.0125450873747468,0.10036682337522507,0.2590821385383606
Residual PPO,1030,0.1,0.0,-1.6447029113769531,-0.9496257901191711,0.4438457489013672,True,0.5958894491195679,0.037493590265512466,0.023204244673252106,0.021169625222682953,0.745,5.2,5.2,0.01596832275390625,0.0,0.014102298766374588,0.10365293174982071,0.28574055433273315
Residual PPO,1031,0.1,0.0,-0.9611496329307556,0.9009804725646973,0.39864641427993774,True,0.361335426568985,0.025103792548179626,0.009147671051323414,0.0014245312195271254,0.8175,3.6500000000000004,3.6500000000000004,0.00824594497680664,0.0,0.015516027808189392,0.1101776510477066,0.30594608187675476
Residual PPO,1032,0.1,0.0,-0.6833899617195129,-0.5306191444396973,0.49894750118255615,True,0.26165294647216797,0.018559720367193222,0.01987452805042267,0.03539326786994934,0.8325,3.35,3.35,0.027138710021972656,0.0,0.014651724137365818,0.10673035681247711,0.3614935874938965
Residual PPO,1033,0.1,0.0,-0.7577928304672241,0.7459949851036072,0.4761985242366791,True,0.3022701144218445,0.019147207960486412,0.004683209583163261,0.02376917190849781,0.8175,3.6500000000000004,3.6500000000000004,0.020423412322998047,0.0,0.014564065262675285,0.10552756488323212,0.3049744665622711
Residual PPO,1034,0.1,0.0,-0.5296080112457275,-0.6777904629707336,0.22327283024787903,True,0.20953916013240814,0.02104797400534153,0.007114316802471876,0.041838388890028,0.835,3.3000000000000003,3.3000000000000003,0.012622594833374023,0.0,0.01738542504608631,0.1159600093960762,0.3466661870479584
Residual PPO,1035,0.1,0.0,-1.5201642513275146,-0.23973245918750763,0.436818927526474,True,0.5003859996795654,0.02849205769598484,0.004589329939335585,0.016338564455509186,0.7775,4.45,4.45,0.020884990692138672,0.0,0.012655447237193584,0.09816934913396835,0.29531919956207275
Residual PPO,1036,0.1,0.0,-1.558912754058838,0.6018440127372742,0.34900519251823425,True,0.4978599548339844,0.024239500984549522,0.022692885249853134,0.022039158269762993,0.7825,4.3500000000000005,4.3500000000000005,0.0212860107421875,0.0,0.01312351319938898,0.10144980251789093,0.30801111459732056
Residual PPO,1037,0.1,0.0,-1.5164998769760132,-0.3818822205066681,0.38270920515060425,True,0.4815329611301422,0.027778493240475655,0.0152830695733428,0.023858457803726196,0.7875,4.25,4.25,0.030458450317382812,0.0,0.013904948718845844,0.1037263423204422,0.2940203547477722
Residual PPO,1038,0.1,0.0,-1.5098652839660645,-0.8029577136039734,0.31811848282814026,True,0.48805734515190125,0.033617518842220306,0.04083620384335518,0.013054744340479374,0.785,4.3,4.3,0.0,0.0,0.013953867368400097,0.1020435243844986,0.2920672297477722
Residual PPO,1039,0.1,0.0,-0.6960156559944153,-0.0387578122317791,0.3661683201789856,True,0.2019432932138443,0.01851576194167137,0.013133260421454906,0.025749146938323975,0.86,2.8000000000000003,2.8000000000000003,0.0306243896484375,0.0,0.01477854698896408,0.10770634561777115,0.3004964590072632
Residual PPO,1040,0.1,0.0,-0.7547146081924438,0.5635512471199036,0.4134989380836487,True,0.26898157596588135,0.026576444506645203,0.016195859760046005,0.038878124207258224,0.835,3.3000000000000003,3.3000000000000003,0.01361703872680664,0.0,0.013678384944796562,0.10461434721946716,0.284965455532074
Residual PPO,1041,0.1,0.0,-0.6478168964385986,-0.19675222039222717,0.46515655517578125,True,0.21820186078548431,0.022078584879636765,0.009933726862072945,0.015805814415216446,0.8275,3.7,3.7,0.01892566680908203,0.0,0.01529582217335701,0.1082909107208252,0.3338485658168793
Residual PPO,1042,0.1,0.0,-1.463887333869934,-0.25558269023895264,0.3728010952472687,True,0.4545862376689911,0.026464024558663368,0.0025113290175795555,0.017298461869359016,0.7775,4.45,4.45,0.012073993682861328,0.0,0.013370700180530548,0.10160234570503235,0.3237915337085724
Residual PPO,1043,0.1,0.0,-1.7490100860595703,-0.7958716750144958,0.31946444511413574,True,0.5655074119567871,0.0337594635784626,0.014626754447817802,0.013448982499539852,0.7725,4.55,4.55,0.015486717224121094,0.0,0.013390768319368362,0.10166286677122116,0.3004567325115204
Residual PPO,1044,0.1,0.0,-1.981444239616394,0.7169352173805237,0.20961801707744598,True,0.599750816822052,0.02809879556298256,0.013604053296148777,0.033107463270425797,0.7725,4.55,4.55,0.019052743911743164,0.0,0.015301861800253391,0.10898119956254959,0.2968160808086395
Residual PPO,1045,0.1,0.0,-0.7272861003875732,-0.39523494243621826,0.4158290922641754,True,0.24048969149589539,0.024463046342134476,0.02247685380280018,0.031807661056518555,0.8425,3.25,3.25,0.01800394058227539,0.0,0.01562783680856228,0.11313808709383011,0.32154005765914917
Residual PPO,1046,0.1,0.0,-1.868130087852478,0.6265861392021179,0.39649125933647156,True,0.6326010227203369,0.043002478778362274,0.018562952056527138,0.049986373633146286,0.755,4.95,4.95,0.01837158203125,0.0,0.012925210408866405,0.09938552975654602,0.2760412096977234
Residual PPO,1047,0.1,0.0,-1.1699552536010742,-0.14992530643939972,0.29876548051834106,True,0.3326430022716522,0.02338927797973156,0.01142683532088995,0.025135276839137077,0.8275,3.45,3.45,0.017110347747802734,0.0,0.014544474892318249,0.10383325070142746,0.3879455029964447
Residual PPO,1048,0.1,0.0,-0.9076822996139526,-0.7630760073661804,0.4824531674385071,True,0.3479815423488617,0.027809880673885345,0.024669388309121132,0.008424518629908562,0.7925,4.25,4.25,0.023651123046875,0.0,0.01520383358001709,0.10939009487628937,0.29278117418289185
Residual PPO,1049,0.1,0.0,-1.6127384901046753,0.09402617067098618,0.43331217765808105,True,0.5334405899047852,0.03149973601102829,0.014780686236917973,0.04165573790669441,0.7675,4.65,4.65,0.019423484802246094,0.0,0.013858025893568993,0.1016024798154831,0.3239322006702423
Residual PPO,1050,0.1,0.0,-1.2507070302963257,-0.40418457984924316,0.49881017208099365,True,0.4361899197101593,0.03125426545739174,0.019293244928121567,0.03400582820177078,0.77,4.6000000000000005,4.6000000000000005,0.026114463806152344,0.0,0.01587449200451374,0.1104801744222641,0.3230776786804199
Residual PPO,1051,0.1,0.0,-0.8433747291564941,-0.6024307608604431,0.2584548592567444,True,0.2661232650279999,0.02126823179423809,0.0062403129413723946,0.016090769320726395,0.83,3.4000000000000004,3.4000000000000004,0.013765811920166016,0.0,0.013921128585934639,0.10193837434053421,0.30541765689849854
Residual PPO,1052,0.1,0.0,-1.577463150024414,-0.03658809885382652,0.32490968704223633,True,0.4729755222797394,0.02720760367810726,0.023725977167487144,0.04977897182106972,0.79,4.2,4.2,0.016382694244384766,0.0,0.013593585230410099,0.1023547425866127,0.2867128551006317
Residual PPO,1053,0.1,0.0,-0.7320424914360046,-0.38764455914497375,0.44851720333099365,True,0.2523999512195587,0.02163519337773323,0.019926298409700394,0.029605818912386894,0.83,3.4000000000000004,3.4000000000000004,0.016495704650878906,0.0,0.01355158630758524,0.1027473583817482,0.3151576519012451
Residual PPO,1054,0.1,0.0,-1.9604523181915283,0.6108824014663696,0.3443475067615509,True,0.6402602791786194,0.03566927835345268,0.012638097628951073,0.021898403763771057,0.76,4.800000000000001,4.800000000000001,0.00992441177368164,0.0,0.013072537258267403,0.10018368065357208,0.28344276547431946
Residual PPO,1055,0.1,0.0,-0.8035520911216736,-0.8197364807128906,0.37500709295272827,True,0.30718016624450684,0.020133337005972862,0.014334466308355331,0.041963230818510056,0.8,4.2,4.2,0.028390884399414062,0.0,0.01382287498563528,0.1031816154718399,0.33623525500297546
Residual PPO,1056,0.1,0.0,-0.6173267960548401,-0.7547652125358582,0.33817118406295776,True,0.2469785362482071,0.020427267998456955,0.00449596019461751,0.021907290443778038,0.8375,3.25,3.25,0.0189971923828125,0.0,0.015037426725029945,0.10819011181592941,0.33912837505340576
Residual PPO,1057,0.1,0.0,-1.4013786315917969,-0.020997419953346252,0.2980625629425049,True,0.4061802327632904,0.024319399148225784,0.00742727005854249,0.01225106418132782,0.8,4.0,4.0,0.004262447357177734,0.0,0.013417234644293785,0.10198342055082321,0.30972155928611755
Residual PPO,1058,0.1,0.0,-1.9344123601913452,-0.6835842132568359,0.34246277809143066,True,0.6317557692527771,0.04241400584578514,0.00971204787492752,0.025641728192567825,0.745,5.1000000000000005,5.1000000000000005,0.017794132232666016,0.0,0.013988244347274303,0.10071898251771927,0.3032151162624359
Residual PPO,1059,0.1,0.0,-1.3239208459854126,-0.34795770049095154,0.3298633396625519,True,0.39761680364608765,0.02600790746510029,0.0246697086840868,0.0009119689930230379,0.8075,3.85,3.85,0.02490091323852539,0.0,0.014026347547769547,0.10350120812654495,0.32586491107940674
Residual PPO,1060,0.1,0.0,-0.5232435464859009,-0.8263487219810486,0.4775193929672241,True,0.2639128863811493,0.01869659125804901,0.011769894510507584,0.04248874634504318,0.83,3.4000000000000004,3.4000000000000004,0.020775794982910156,0.0,0.01468159630894661,0.10635821521282196,0.2946452498435974
Residual PPO,1061,0.1,0.0,-1.0766786336898804,0.09924349933862686,0.28927016258239746,True,0.302101194858551,0.025238126516342163,0.02215963788330555,0.03230184689164162,0.835,3.3000000000000003,3.3000000000000003,0.010999679565429688,0.0,0.015539353713393211,0.11083389073610306,0.29889440536499023
Residual PPO,1062,0.1,0.0,-1.020176649093628,-0.6513675451278687,0.4292861223220825,True,0.3559380769729614,0.02435798943042755,0.010216999799013138,0.011489316821098328,0.7925,4.4,4.4,0.028791427612304688,0.0,0.01525082252919674,0.10904399305582047,0.33001580834388733
Residual PPO,1063,0.1,0.0,-0.5567145943641663,0.6067063212394714,0.2895512878894806,True,0.20422835648059845,0.02265104092657566,0.017013031989336014,0.009100954979658127,0.8575,3.0,3.0,0.02184605598449707,0.0,0.014096303842961788,0.10549446940422058,0.33107948303222656
Residual PPO,1064,0.1,0.0,-1.6129041910171509,-0.13716638088226318,0.24278511106967926,True,0.4626044034957886,0.026263562962412834,0.02007513865828514,0.02137664332985878,0.79,4.2,4.2,0.016488075256347656,0.0,0.012906122021377087,0.09810129553079605,0.25810909271240234
Residual PPO,1065,0.1,0.0,-0.5033138990402222,-0.5932050347328186,0.453745573759079,True,0.21678988635540009,0.02283668890595436,0.013117819093167782,0.021004609763622284,0.8325,3.3000000000000003,3.95,0.02623462677001953,0.0,0.014616844244301319,0.1081288531422615,0.3093717396259308
Residual PPO,1066,0.1,0.0,-1.3762075901031494,0.32575497031211853,0.20805609226226807,True,0.38109415769577026,0.020931635051965714,0.024360986426472664,0.013880806043744087,0.81,3.8000000000000003,3.8000000000000003,0.006259918212890625,0.0,0.014577571302652359,0.10598058998584747,0.29387524724006653
Residual PPO,1067,0.1,0.0,-0.6176835894584656,0.9055254459381104,0.20151829719543457,True,0.25895723700523376,0.016503404825925827,0.006884583737701178,0.03338376060128212,0.84,3.2,3.2,0.008453965187072754,0.0,0.013101615011692047,0.09976144880056381,0.3343598544597626
Residual PPO,1068,0.1,0.0,-0.7787961959838867,0.5352519750595093,0.25048118829727173,True,0.23819449543952942,0.018394477665424347,0.016449762508273125,0.03138047456741333,0.855,2.9000000000000004,2.9000000000000004,0.0051517486572265625,0.0,0.01398747693747282,0.10487889498472214,0.27364885807037354
Residual PPO,1069,0.1,0.0,-0.5076419115066528,0.8446078896522522,0.24751581251621246,True,0.2357713133096695,0.021317875012755394,0.011492867022752762,0.019089998677372932,0.83,3.4000000000000004,3.4000000000000004,0.02914118766784668,0.0,0.014607848599553108,0.10776640474796295,0.310624897480011
Residual PPO,1070,0.1,0.0,-1.6644020080566406,0.9533751606941223,0.22921264171600342,True,0.5255039930343628,0.029837878420948982,0.02428342215716839,0.013730889186263084,0.7875,4.25,4.25,0.0,0.0,0.013932211324572563,0.10355459153652191,0.31601908802986145
Residual PPO,1071,0.1,0.0,-1.6379417181015015,0.7469041347503662,0.26974478363990784,True,0.5090065002441406,0.027856089174747467,0.014613963663578033,0.019047534093260765,0.785,4.3,4.3,0.023313045501708984,0.0,0.01473518367856741,0.10610246658325195,0.31429362297058105
Residual PPO,1072,0.1,0.0,-1.22187077999115,0.3675197660923004,0.4661308228969574,True,0.4119330942630768,0.030975913628935814,0.012573602609336376,0.02450581267476082,0.7875,4.25,4.25,0.01874542236328125,0.0,0.014985451474785805,0.10628868639469147,0.3512919545173645
Residual PPO,1073,0.1,0.0,-1.5133368968963623,0.8512749075889587,0.3800120949745178,True,0.5171481966972351,0.035802118480205536,0.01602163538336754,0.007412509527057409,0.7725,4.95,4.95,0.0081329345703125,0.0,0.01410643383860588,0.10282303392887115,0.34277015924453735
Residual PPO,1074,0.1,0.0,-0.5001789927482605,-0.2884053587913513,0.4962819218635559,True,0.18425396084785461,0.01882549747824669,0.005310872569680214,0.02420041896402836,0.8525,2.95,2.95,0.020721912384033203,0.0,0.015798397362232208,0.11251351237297058,0.35294875502586365
Residual PPO,1075,0.1,0.0,-0.8189709782600403,0.9466501474380493,0.23914383351802826,True,0.3105246126651764,0.019820570945739746,0.009717731736600399,0.03457187861204147,0.8125,3.75,3.75,0.00867009162902832,0.0,0.01544163003563881,0.11000192910432816,0.27125129103660583
Residual PPO,1076,0.1,0.0,-1.445397138595581,-0.562984049320221,0.45283621549606323,True,0.4938935339450836,0.024480901658535004,0.009107665158808231,0.05204563960433006,0.7725,4.55,4.55,0.02391815185546875,0.0,0.013569796457886696,0.10119149833917618,0.3224583864212036
Residual PPO,1077,0.1,0.0,-0.6151338219642639,-0.8893533945083618,0.2694230377674103,True,0.26639324426651,0.020820941776037216,0.008023184724152088,0.027799485251307487,0.8275,3.45,3.45,0.014933347702026367,0.0,0.015999289229512215,0.11363445967435837,0.31629014015197754
Residual PPO,1078,0.1,0.0,-0.6580581068992615,-0.6858707666397095,0.23459486663341522,True,0.23377725481987,0.021055467426776886,0.01441084686666727,0.0028564096428453922,0.8375,3.35,3.35,0.0011091232299804688,0.0,0.015226232819259167,0.10909458994865417,0.26662135124206543
Residual PPO,1079,0.1,0.0,-0.5874135494232178,0.8651593327522278,0.4896434247493744,True,0.28567472100257874,0.02260834351181984,0.009354150854051113,0.027423011139035225,0.825,3.5,3.5,0.02735614776611328,0.0,0.01456504501402378,0.10674019902944565,0.3362702429294586
Residual PPO,1080,0.1,0.0,-0.6397119164466858,0.7102972865104675,0.367546945810318,True,0.24898295104503632,0.02162053994834423,0.010706596076488495,0.014165843836963177,0.8325,3.35,3.35,0.02347421646118164,0.0,0.01531829684972763,0.10969604551792145,0.2949749529361725
Residual PPO,1081,0.1,0.0,-1.3320256471633911,0.8601993322372437,0.3006768822669983,True,0.438219279050827,0.02465260960161686,0.006171076558530331,0.013688727281987667,0.8025,4.4,4.4,0.010567188262939453,0.0,0.014753174036741257,0.10759229212999344,0.2952428162097931
Residual PPO,1082,0.1,0.0,-0.9581221342086792,-0.30673766136169434,0.3117980659008026,True,0.2811906933784485,0.023776089772582054,0.012511365115642548,0.040365464985370636,0.83,3.45,3.45,0.023018836975097656,0.0,0.014866229146718979,0.10863382369279861,0.3148358166217804
Residual PPO,1083,0.1,0.0,-1.3940625190734863,0.6289385557174683,0.21643398702144623,True,0.409185528755188,0.02129335328936577,0.008609486743807793,0.015457144938409328,0.8075,3.85,3.85,0.009490013122558594,0.0,0.01292978972196579,0.10036060959100723,0.26275596022605896
Residual PPO,1084,0.1,0.0,-0.7371216416358948,-0.8951173424720764,0.4071005880832672,True,0.3104737401008606,0.02189761959016323,0.007540660444647074,0.006394207011908293,0.8075,3.9000000000000004,3.9000000000000004,0.005876064300537109,0.0,0.013770836405456066,0.10249538719654083,0.3835395872592926
Residual PPO,1085,0.1,0.0,-0.7224554419517517,-0.08529454469680786,0.4138740301132202,True,0.2225617617368698,0.020926829427480698,0.023931393399834633,0.015373237431049347,0.855,2.9000000000000004,2.9000000000000004,0.019544601440429688,0.0,0.017002196982502937,0.11446390300989151,0.30842071771621704
Residual PPO,1086,0.1,0.0,-0.7490203976631165,-0.7008727788925171,0.4387705326080322,True,0.287314772605896,0.02601918764412403,0.008815239183604717,0.018993370234966278,0.8225,3.5500000000000003,3.5500000000000003,0.01247406005859375,0.0,0.013912094756960869,0.10412337630987167,0.29163676500320435
Residual PPO,1087,0.1,0.0,-1.2718281745910645,-0.8616007566452026,0.3274095356464386,True,0.4285534620285034,0.03056550957262516,0.00841552671045065,0.031993117183446884,0.785,4.3,4.3,0.0099029541015625,0.0,0.014831379987299442,0.1066378578543663,0.3196708559989929
Residual PPO,1088,0.1,0.0,-1.148199200630188,-0.9221230149269104,0.4605681300163269,True,0.4343861937522888,0.03268130123615265,0.02449248917400837,0.020325880497694016,0.785,4.3,4.3,0.019873619079589844,0.0,0.01409522257745266,0.10420939326286316,0.2833634316921234
Residual PPO,1089,0.1,0.0,-1.8535881042480469,0.5890284776687622,0.37915652990341187,True,0.6158028244972229,0.03211956098675728,0.03887150064110756,0.006617811508476734,0.755,4.95,4.95,0.020203113555908203,0.0,0.01374667976051569,0.10154423862695694,0.29329320788383484
Residual PPO,1090,0.1,0.0,-0.9845758080482483,-0.6573527455329895,0.30003631114959717,True,0.31719285249710083,0.02592209354043007,0.020276496186852455,0.04736456647515297,0.81,3.75,4.6000000000000005,0.013284683227539062,0.0,0.016826221719384193,0.11462341248989105,0.37174516916275024
Residual PPO,1091,0.1,0.0,-1.8845704793930054,-0.6914018392562866,0.36124923825263977,True,0.6240230202674866,0.03424607217311859,0.012497644871473312,0.008146436884999275,0.7575,4.8500000000000005,4.8500000000000005,0.022647380828857422,0.0,0.014091862365603447,0.10680439323186874,0.34257772564888
Residual PPO,1092,0.1,0.0,-1.9696727991104126,-0.2278679758310318,0.31251582503318787,True,0.6130357384681702,0.024055717512965202,0.015292046591639519,0.008544892072677612,0.75,5.0,5.0,0.015287399291992188,0.0,0.013546050526201725,0.10195881128311157,0.270439475774765
Residual PPO,1093,0.1,0.0,-0.8791002631187439,0.07968070358037949,0.43002596497535706,True,0.2754235565662384,0.022708561271429062,0.01811733841896057,0.03109884262084961,0.8225,3.5500000000000003,3.5500000000000003,0.012979984283447266,0.0,0.0137474425137043,0.10339925438165665,0.29322946071624756
Residual PPO,1094,0.1,0.0,-0.9031349420547485,-0.5643354058265686,0.2514164447784424,True,0.27427414059638977,0.022198127582669258,0.016974231228232384,0.027339985594153404,0.83,3.4000000000000004,3.4000000000000004,0.013312339782714844,0.0,0.015073013491928577,0.10941081494092941,0.28441527485847473
Residual PPO,1095,0.1,0.0,-1.3096781969070435,-0.4019305408000946,0.2943161725997925,True,0.387893944978714,0.03001129999756813,0.023371808230876923,0.03867750242352486,0.795,4.1000000000000005,4.1000000000000005,0.010474681854248047,0.0,0.01401765737682581,0.10420747101306915,0.312062531709671
Residual PPO,1096,0.1,0.0,-0.5565752387046814,0.7886120080947876,0.27283963561058044,True,0.23494407534599304,0.02531246840953827,0.011055784299969673,0.01296904869377613,0.8425,3.1,3.7,0.012389659881591797,0.0,0.014176257885992527,0.1045975461602211,0.3533423840999603
Residual PPO,1097,0.1,0.0,-1.3080552816390991,0.037033263593912125,0.27344202995300293,True,0.3717142641544342,0.03177010267972946,0.016788024455308914,0.017810190096497536,0.82,3.6,3.6,0.018904685974121094,0.0,0.01539400964975357,0.10866334289312363,0.3094196617603302
Residual PPO,1098,0.1,0.0,-1.2224541902542114,-0.25077617168426514,0.4742331802845001,True,0.40788063406944275,0.027811966836452484,0.022864041849970818,0.02498694136738777,0.7875,4.15,4.75,0.02859783172607422,0.0,0.013416213914752007,0.10205137729644775,0.33601441979408264
Residual PPO,1099,0.1,0.0,-1.9130916595458984,0.09447009861469269,0.36984628438949585,True,0.6170791387557983,0.0421326607465744,0.019991446286439896,0.015451646409928799,0.75,5.0,5.0,0.010348796844482422,0.0,0.013241501525044441,0.10024895519018173,0.34958481788635254
PD+FF,1000,0.0,0.0,-1.2179213762283325,0.20768369734287262,0.34128254652023315,True,0.39136919379234314,0.0498858317732811,0.00018216944590676576,8.522508869646117e-05,0.7275,5.45,5.45,0.0,0.0,9.253983989765402e-06,0.001520100049674511,0.011309412308037281
PD+FF,1001,0.0,0.0,-1.0811076164245605,-0.9685990810394287,0.25630688667297363,True,0.4113299548625946,0.05017565190792084,0.0001892554573714733,8.807434642221779e-05,0.7275,5.45,5.45,0.0,0.0,1.2107148904760834e-05,0.0017172207590192556,0.012563809752464294
PD+FF,1002,0.0,0.0,-1.428768277168274,-0.28562131524086,0.4242836833000183,True,0.4867212176322937,0.06424155831336975,0.0002367127890465781,0.00010997827484970912,0.7,6.0,6.0,0.0,0.0,9.875688192551024e-06,0.0015813339268788695,0.012706439010798931
PD+FF,1003,0.0,0.0,-1.7183640003204346,-0.48658838868141174,0.34840381145477295,True,0.5702425241470337,0.07443037629127502,0.00027939255232922733,0.0001302628224948421,0.6825,6.3500000000000005,6.3500000000000005,0.0,0.0,1.3503862646757625e-05,0.0018862043507397175,0.01448912639170885
PD+FF,1004,0.0,0.0,-1.998679280281067,-0.7396973967552185,0.24154320359230042,True,0.6472413539886475,0.08279843628406525,0.0003115232684649527,0.0001450748968636617,0.6725,6.550000000000001,6.550000000000001,0.0,0.0,1.9440163669059984e-05,0.002270542783662677,0.017156504094600677
PD+FF,1005,0.0,0.0,-1.8766711950302124,0.8611240983009338,0.28618520498275757,True,0.631523847579956,0.08100856095552444,0.0003047782520297915,0.00014202846796251833,0.675,6.5,6.5,0.0,0.0,1.8657719920156524e-05,0.002244742354378104,0.016464684158563614
PD+FF,1006,0.0,0.0,-1.4946178197860718,0.20171388983726501,0.28934937715530396,True,0.4673650860786438,0.059480901807546616,0.0002086157473968342,9.824447624851018e-05,0.7075,5.8500000000000005,5.8500000000000005,0.0,0.0,1.291574244532967e-05,0.0017976233502849936,0.013271658681333065
PD+FF,1007,0.0,0.0,-1.8931626081466675,0.6319606900215149,0.39287856221199036,True,0.6590248942375183,0.08976595848798752,0.00032426786492578685,0.00015194929437711835,0.6625,6.75,6.75,0.0,0.0,1.2814587535103783e-05,0.0019380656303837895,0.013735984452068806
PD+FF,1008,0.0,0.0,-1.749120831489563,0.6261014938354492,0.26522985100746155,True,0.5649934411048889,0.07190040498971939,0.00025792987435124815,0.00012115007848478854,0.6875,6.25,6.25,0.0,0.0,1.7375461538904347e-05,0.0021078025456517935,0.015731336548924446
PD+FF,1009,0.0,0.0,-1.9152493476867676,-0.3461688160896301,0.2149554342031479,True,0.5897302031517029,0.07501934468746185,0.0002777756890282035,0.00012928456999361515,0.6825,6.3500000000000005,6.3500000000000005,0.0,0.0,1.7958480384550057e-05,0.0020973056089133024,0.016424525529146194
PD+FF,1010,0.0,0.0,-1.8575115203857422,0.07161146402359009,0.4753030240535736,True,0.669784665107727,0.09935972094535828,0.0003825050953309983,0.00017739208124112338,0.6525,6.95,6.95,0.0,0.0,7.943538548715878e-06,0.001366750686429441,0.011787151917815208
PD+FF,1011,0.0,0.0,-1.57381272315979,0.12664707005023956,0.26378002762794495,True,0.4848319888114929,0.061548374593257904,0.00022026598162483424,0.00010332273814128712,0.705,5.9,5.9,0.0,0.0,1.3891313756175805e-05,0.0018589613027870655,0.013753852806985378
PD+FF,1012,0.0,0.0,-1.5405192375183105,0.561293363571167,0.2715309262275696,True,0.49596548080444336,0.06263516843318939,0.00022886469378136098,0.00010705483873607591,0.7025,5.95,5.95,0.0,0.0,1.5104847989277914e-05,0.001963128335773945,0.014041231945157051
PD+FF,1013,0.0,0.0,-0.8082606196403503,-0.8420410752296448,0.401797890663147,True,0.3475196063518524,0.043153293430805206,0.0001675401726970449,7.779265433782712e-05,0.7425,5.15,5.15,0.0,0.0,8.645255547889974e-06,0.0014647375792264938,0.010300816036760807
PD+FF,1014,0.0,0.0,-1.3467140197753906,0.1714046150445938,0.4693894386291504,True,0.4703527092933655,0.06307174265384674,0.0002477251982782036,0.00011487104347907007,0.7025,5.95,5.95,0.0,0.0,8.174680260708556e-06,0.0014172138180583715,0.011730053462088108
PD+FF,1015,0.0,0.0,-1.4601455926895142,0.21413566172122955,0.39239153265953064,True,0.48490071296691895,0.0634407326579094,0.0002286761737195775,0.00010717355326050892,0.7,6.0,6.0,0.0,0.0,1.0737347110989504e-05,0.0016144018154591322,0.01325275469571352
PD+FF,1016,0.0,0.0,-1.6580126285552979,-0.11461202055215836,0.3060871958732605,True,0.5239441990852356,0.06754075735807419,0.0002592314558569342,0.0001204273576149717,0.695,6.1000000000000005,6.1000000000000005,0.0,0.0,1.3606318134407047e-05,0.0017798200715333223,0.014452640898525715
PD+FF,1017,0.0,0.0,-0.62247234582901,0.6426637768745422,0.4917738139629364,True,0.28519752621650696,0.03620951995253563,0.0001299832365475595,6.0997186665190384e-05,0.7625,4.75,4.75,0.0,0.0,5.959328973403899e-06,0.0012201081262901425,0.008361628279089928
PD+FF,1018,0.0,0.0,-1.1090368032455444,-0.0900818482041359,0.4614541530609131,True,0.3848990499973297,0.05073089897632599,0.0001719491119729355,8.170118235284463e-05,0.725,5.5,5.5,0.0,0.0,8.032200639718212e-06,0.0013786191120743752,0.010755002498626709
PD+FF,1019,0.0,0.0,-1.674609661102295,-0.20800989866256714,0.34006524085998535,True,0.5413253307342529,0.07049151510000229,0.0002499657275620848,0.0001174947974504903,0.69,6.2,6.2,0.0,0.0,1.2651531505980529e-05,0.001745411311276257,0.014506306499242783
PD+FF,1020,0.0,0.0,-1.1319496631622314,-0.4326494336128235,0.2227078378200531,True,0.3516785204410553,0.043212275952100754,0.00016398723528254777,7.610748434672132e-05,0.7425,5.15,5.15,0.0,0.0,8.466949111607391e-06,0.0014409160939976573,0.010744811035692692
PD+FF,1021,0.0,0.0,-1.4384177923202515,-0.8382971882820129,0.49743902683258057,True,0.5578306913375854,0.0757247656583786,0.00027326575946062803,0.0001280457800021395,0.6825,6.3500000000000005,6.3500000000000005,0.0,0.0,1.1136644388898276e-05,0.0018288372084498405,0.011856011115014553
PD+FF,1022,0.0,0.0,-1.999210000038147,0.8368335366249084,0.37694433331489563,True,0.7060253024101257,0.0961732417345047,0.0003435486287344247,0.00016127314302138984,0.655,6.9,6.9,0.0,0.0,1.4988871043897234e-05,0.002129973378032446,0.014383488334715366
PD+FF,1023,0.0,0.0,-1.4916963577270508,0.8117974996566772,0.4728805720806122,True,0.5634070634841919,0.07583523541688919,0.000292059441562742,0.00013524768291972578,0.6825,6.3500000000000005,6.3500000000000005,0.0,0.0,1.1616323718044441e-05,0.001853868830949068,0.0124141164124012
PD+FF,1024,0.0,0.0,-1.51630699634552,-0.48329436779022217,0.3110935389995575,True,0.49306005239486694,0.062924824655056,0.00024198778555728495,0.00011246983922319487,0.7025,5.95,5.95,0.0,0.0,1.4109899893810507e-05,0.0018929069628939033,0.013781343586742878
PD+FF,1025,0.0,0.0,-0.7683239579200745,0.258014976978302,0.24864348769187927,True,0.2379724681377411,0.02911241166293621,0.00010410708637209609,4.877444007433951e-05,0.785,4.3,4.3,0.0,0.0,4.064035238116048e-06,0.0009878510609269142,0.007569118402898312
PD+FF,1026,0.0,0.0,-1.7438942193984985,0.19023452699184418,0.2583710551261902,True,0.5404785871505737,0.06903725117444992,0.0002507434692233801,0.00011735523003153503,0.6925,6.15,6.15,0.0,0.0,1.5523391994065605e-05,0.0019217288354411721,0.015091853216290474
PD+FF,1027,0.0,0.0,-1.9580382108688354,0.12429128587245941,0.36954861879348755,True,0.6535987257957458,0.0890684649348259,0.0003293035551905632,0.00015373490168713033,0.665,6.7,6.7,0.0,0.0,1.1462567272246815e-05,0.0016547916457057,0.013933063484728336
PD+FF,1028,0.0,0.0,-0.7757433652877808,-0.22796711325645447,0.4025936424732208,True,0.2674235999584198,0.03408209979534149,0.00012557105219457299,5.8620447816792876e-05,0.7675,4.65,4.65,0.0,0.0,4.667063876695465e-06,0.0010792531538754702,0.00797688215970993
PD+FF,1029,0.0,0.0,-0.7448340058326721,0.6458722352981567,0.214758962392807,True,0.2721712589263916,0.03273220360279083,0.00011888256267411634,5.567484186030924e-05,0.7725,4.55,4.55,0.0,0.0,5.7732477216632105e-06,0.0011676131980493665,0.00884232483804226
PD+FF,1030,0.0,0.0,-1.6447029113769531,-0.9496257901191711,0.4438457489013672,True,0.6191850900650024,0.08324293792247772,0.00030121952295303345,0.00014150234346743673,0.6725,6.550000000000001,6.550000000000001,0.0,0.0,1.3882283383281901e-05,0.002034495584666729,0.013323070481419563
PD+FF,1031,0.0,0.0,-0.9611496329307556,0.9009804725646973,0.39864641427993774,True,0.395412415266037,0.04941524192690849,0.0001802272308850661,8.437269571004435e-05,0.7275,5.45,5.45,0.0,0.0,1.0768076208478305e-05,0.0016454384895041585,0.011537126265466213
PD+FF,1032,0.0,0.0,-0.6833899617195129,-0.5306191444396973,0.49894750118255615,True,0.28817546367645264,0.037116989493370056,0.0001285581529373303,6.0355283494573087e-05,0.76,4.800000000000001,4.800000000000001,0.0,0.0,5.8058112699654885e-06,0.0012139761820435524,0.008362779393792152
PD+FF,1033,0.0,0.0,-0.7577928304672241,0.7459949851036072,0.4761985242366791,True,0.3333680033683777,0.04225906729698181,0.0001713000820018351,7.865240331739187e-05,0.745,5.1000000000000005,5.1000000000000005,0.0,0.0,7.841154001653194e-06,0.001407257397659123,0.00961918756365776
PD+FF,1034,0.0,0.0,-0.5296080112457275,-0.6777904629707336,0.22327283024787903,True,0.23305276036262512,0.027834761887788773,0.00010485007805982605,4.883089422946796e-05,0.79,4.2,4.2,0.0,0.0,4.443073976290179e-06,0.0010142256505787373,0.007794696372002363
PD+FF,1035,0.0,0.0,-1.5201642513275146,-0.23973245918750763,0.436818927526474,True,0.5220298767089844,0.06999964267015457,0.00026359205367043614,0.0001227246248163283,0.69,6.2,6.2,0.0,0.0,9.358631359646097e-06,0.0015419472474604845,0.012494298629462719
PD+FF,1036,0.0,0.0,-1.558912754058838,0.6018440127372742,0.34900519251823425,True,0.5252459645271301,0.06770697981119156,0.00025260401889681816,0.00011793676094384864,0.695,6.1000000000000005,6.1000000000000005,0.0,0.0,1.4114476471149828e-05,0.0019164391560479999,0.01447001937776804
PD+FF,1037,0.0,0.0,-1.5164998769760132,-0.3818822205066681,0.38270920515060425,True,0.5074259638786316,0.0662277415394783,0.00024446434690617025,0.00011430310405557975,0.695,6.1000000000000005,6.1000000000000005,0.0,0.0,1.1634341717581265e-05,0.00172640650998801,0.013623314909636974
PD+FF,1038,0.0,0.0,-1.5098652839660645,-0.8029577136039734,0.31811848282814026,True,0.5201565027236938,0.06598910689353943,0.00024105171905830503,0.00011273635027464479,0.6975,6.050000000000001,6.050000000000001,0.0,0.0,1.6223546481342055e-05,0.00204478413797915,0.0144917918369174
PD+FF,1039,0.0,0.0,-0.6960156559944153,-0.0387578122317791,0.3661683201789856,True,0.22868050634860992,0.028877440840005875,0.00011737993190763518,5.412814425653778e-05,0.785,4.3,4.3,0.0,0.0,3.4817796858988004e-06,0.000918391568120569,0.006991086062043905
PD+FF,1040,0.0,0.0,-0.7547146081924438,0.5635512471199036,0.4134989380836487,True,0.2943013608455658,0.03702843561768532,0.0001421621855115518,6.683987157884985e-05,0.76,4.800000000000001,4.800000000000001,0.0,0.0,6.050549018254969e-06,0.0012316314969211817,0.008748949505388737
PD+FF,1041,0.0,0.0,-0.6478168964385986,-0.19675222039222717,0.46515655517578125,True,0.24016302824020386,0.03113195300102234,0.00012586548109538853,5.8172099670628086e-05,0.7775,4.45,4.45,0.0,0.0,3.854061560559785e-06,0.0009833989897742867,0.007169817108660936
PD+FF,1042,0.0,0.0,-1.463887333869934,-0.25558269023895264,0.3728010952472687,True,0.481768935918808,0.06264185160398483,0.00023061392130330205,0.00010768110951175913,0.7025,5.95,5.95,0.0,0.0,1.1459576853667386e-05,0.0016747985500842333,0.013338420540094376
PD+FF,1043,0.0,0.0,-1.7490100860595703,-0.7958716750144958,0.31946444511413574,True,0.5941879749298096,0.07644546777009964,0.00027608638629317284,0.00012926045747008175,0.68,6.4,6.4,0.0,0.0,1.6782942111603916e-05,0.0021224499214440584,0.015799790620803833
PD+FF,1044,0.0,0.0,-1.981444239616394,0.7169352173805237,0.20961801707744598,True,0.6310648322105408,0.08005426079034805,0.0002942763385362923,0.00013759471767116338,0.675,6.5,6.5,0.0,0.0,2.0554389266180806e-05,0.0023016806226223707,0.017258545383810997
PD+FF,1045,0.0,0.0,-0.7272861003875732,-0.39523494243621826,0.4158290922641754,True,0.26832669973373413,0.034033339470624924,0.000123366029583849,5.847505235578865e-05,0.7675,4.65,4.65,0.0,0.0,4.897060989605961e-06,0.0011093238135799766,0.007996262982487679
PD+FF,1046,0.0,0.0,-1.868130087852478,0.6265861392021179,0.39649125933647156,True,0.6510306000709534,0.08856672048568726,0.0003236715856473893,0.00015148089732974768,0.665,6.7,6.7,0.0,0.0,1.268201413040515e-05,0.0019224617863073945,0.013842117041349411
PD+FF,1047,0.0,0.0,-1.1699552536010742,-0.14992530643939972,0.29876548051834106,True,0.3641320466995239,0.04581631347537041,0.00017340652993880212,8.07183314464055e-05,0.735,5.300000000000001,5.300000000000001,0.0,0.0,8.29235250421334e-06,0.001426803763024509,0.010809860192239285
PD+FF,1048,0.0,0.0,-0.9076822996139526,-0.7630760073661804,0.4824531674385071,True,0.3781713843345642,0.04847816750407219,0.00016570357547607273,7.830094546079636e-05,0.73,5.4,5.4,0.0,0.0,9.578472599969245e-06,0.001570045598782599,0.010756651870906353
PD+FF,1049,0.0,0.0,-1.6127384901046753,0.09402617067098618,0.43331217765808105,True,0.5516440868377686,0.07478052377700806,0.0002739012415986508,0.00012818216055165976,0.6825,6.3500000000000005,6.3500000000000005,0.0,0.0,9.226735528500285e-06,0.001473122276365757,0.012505079619586468
PD+FF,1050,0.0,0.0,-1.2507070302963257,-0.40418457984924316,0.49881017208099365,True,0.4567083716392517,0.06132746487855911,0.00022570573491975665,0.00010558211943134665,0.705,5.9,5.9,0.0,0.0,8.130743481160607e-06,0.0014829611172899604,0.011183705180883408
PD+FF,1051,0.0,0.0,-0.8433747291564941,-0.6024307608604431,0.2584548592567444,True,0.2959114611148834,0.03602907061576843,0.00013327223132364452,6.231918086996302e-05,0.7625,4.75,4.75,0.0,0.0,6.45936643195455e-06,0.0012494651600718498,0.00931263342499733
PD+FF,1052,0.0,0.0,-1.577463150024414,-0.03658809885382652,0.32490968704223633,True,0.5016737580299377,0.06477614492177963,0.00023368510301224887,0.00010956959158647805,0.6975,6.050000000000001,6.050000000000001,0.0,0.0,1.2792404959327541e-05,0.0017036354402080178,0.013857802376151085
PD+FF,1053,0.0,0.0,-0.7320424914360046,-0.38764455914497375,0.44851720333099365,True,0.2760452330112457,0.035383179783821106,0.00012128568050684407,5.699795292457566e-05,0.765,4.7,4.7,0.0,0.0,5.115535714139696e-06,0.0011384733952581882,0.008126680739223957
PD+FF,1054,0.0,0.0,-1.9604523181915283,0.6108824014663696,0.3443475067615509,True,0.6611873507499695,0.0881199836730957,0.0003149077820125967,0.00014781007484998554,0.665,6.7,6.7,0.0,0.0,1.4456090866588056e-05,0.002017607446759939,0.014762049540877342
PD+FF,1055,0.0,0.0,-0.8035520911216736,-0.8197364807128906,0.37500709295272827,True,0.3379405438899994,0.04173753410577774,0.0001475450408179313,6.924118497408926e-05,0.745,5.1000000000000005,5.1000000000000005,0.0,0.0,8.249693564721383e-06,0.0014259465970098972,0.010167498141527176
PD+FF,1056,0.0,0.0,-0.6173267960548401,-0.7547652125358582,0.33817118406295776,True,0.2779201567173004,0.03379954770207405,0.00012761447578668594,5.948036050540395e-05,0.77,4.6000000000000005,4.6000000000000005,0.0,0.0,5.943630640103947e-06,0.0011931360932067037,0.008749747648835182
PD+FF,1057,0.0,0.0,-1.4013786315917969,-0.020997419953346252,0.2980625629425049,True,0.43635666370391846,0.055471427738666534,0.00020171543292235583,9.43007689784281e-05,0.715,5.7,5.7,0.0,0.0,1.1329720109642949e-05,0.001669405261054635,0.012582065537571907
PD+FF,1058,0.0,0.0,-1.9344123601913452,-0.6835842132568359,0.34246277809143066,True,0.6558837890625,0.08690709620714188,0.0003242169041186571,0.00015129866369534284,0.6675,6.65,6.65,0.0,0.0,1.5057858945510816e-05,0.002063375897705555,0.014890632592141628
PD+FF,1059,0.0,0.0,-1.3239208459854126,-0.34795770049095154,0.3298633396625519,True,0.42855536937713623,0.05459374561905861,0.0002090749330818653,9.724652773002163e-05,0.7175,5.65,5.65,0.0,0.0,1.1081616321462207e-05,0.0016748777125030756,0.012188461609184742
PD+FF,1060,0.0,0.0,-0.5232435464859009,-0.8263487219810486,0.4775193929672241,True,0.2911730408668518,0.03610130399465561,0.0001407265808666125,6.524972559418529e-05,0.7625,4.75,4.75,0.0,0.0,6.566031515831128e-06,0.0012626153184100986,0.00866315234452486
PD+FF,1061,0.0,0.0,-1.0766786336898804,0.09924349933862686,0.28927016258239746,True,0.3315750062465668,0.04148436710238457,0.00014822487719357014,6.950894749024883e-05,0.7475,5.050000000000001,5.050000000000001,0.0,0.0,7.038037438178435e-06,0.001307438244111836,0.009985548444092274
PD+FF,1062,0.0,0.0,-1.020176649093628,-0.6513675451278687,0.4292861223220825,True,0.3840239346027374,0.04907643049955368,0.0001836131705204025,8.545170567231253e-05,0.7275,5.45,5.45,0.0,0.0,9.545206012262497e-06,0.001567458501085639,0.010929525829851627
PD+FF,1063,0.0,0.0,-0.5567145943641663,0.6067063212394714,0.2895512878894806,True,0.232075035572052,0.028053754940629005,0.00010898220352828503,5.0532697059679776e-05,0.79,4.2,4.2,0.0,0.0,4.247417109581875e-06,0.0010023497743532062,0.007513337302953005
PD+FF,1064,0.0,0.0,-1.6129041910171509,-0.13716638088226318,0.24278511106967926,True,0.4923093616962433,0.062271635979413986,0.00023318857711274177,0.0001086960473912768,0.7025,5.95,5.95,0.0,0.0,1.4441817256738432e-05,0.0018956678686663508,0.01395441871136427
PD+FF,1065,0.0,0.0,-0.5033138990402222,-0.5932050347328186,0.453745573759079,True,0.2405141144990921,0.030054522678256035,0.00010430141992401332,4.934263415634632e-05,0.7825,4.3500000000000005,4.3500000000000005,0.0,0.0,4.4524058466777205e-06,0.001041972078382969,0.007251631002873182
PD+FF,1066,0.0,0.0,-1.3762075901031494,0.32575497031211853,0.20805609226226807,True,0.415297269821167,0.051476724445819855,0.00019222057017032057,9.019601566251367e-05,0.7225,5.550000000000001,5.550000000000001,0.0,0.0,1.117567444453016e-05,0.001662080641835928,0.012309524230659008
PD+FF,1067,0.0,0.0,-0.6176835894584656,0.9055254459381104,0.20151829719543457,True,0.2944870889186859,0.03511269763112068,0.00012674846220761538,5.9195386711508036e-05,0.765,4.7,4.7,0.0,0.0,6.961503004276892e-06,0.0012707604328170419,0.009821220301091671
PD+FF,1068,0.0,0.0,-0.7787961959838867,0.5352519750595093,0.25048118829727173,True,0.26916739344596863,0.03269658237695694,0.0001233189832419157,5.733281432185322e-05,0.7725,4.55,4.55,0.0,0.0,5.418373348220484e-06,0.0011409333674237132,0.00858324021100998
PD+FF,1069,0.0,0.0,-0.5076419115066528,0.8446078896522522,0.24751581251621246,True,0.26616591215133667,0.03177677467465401,0.00011855122284032404,5.5316580983344465e-05,0.775,4.5,4.5,0.0,0.0,5.739279458794044e-06,0.0011535093653947115,0.008807997219264507
PD+FF,1070,0.0,0.0,-1.6644020080566406,0.9533751606941223,0.22921264171600342,True,0.5619850158691406,0.07016897946596146,0.0002622129686642438,0.00012211395369376987,0.69,6.2,6.2,0.0,0.0,2.0166144167887978e-05,0.002261087764054537,0.015840740874409676
PD+FF,1071,0.0,0.0,-1.6379417181015015,0.7469041347503662,0.26974478363990784,True,0.5414777994155884,0.06842929869890213,0.0002566158364061266,0.00011975569213973358,0.6925,6.15,6.15,0.0,0.0,1.7520471374155022e-05,0.0021184554789215326,0.015084301121532917
PD+FF,1072,0.0,0.0,-1.22187077999115,0.3675197660923004,0.4661308228969574,True,0.4337089955806732,0.057268183678388596,0.00021931495575699955,0.00010147508874069899,0.7125,5.75,5.75,0.0,0.0,8.856300155457575e-06,0.0015130192041397095,0.011734899133443832
PD+FF,1073,0.0,0.0,-1.5133368968963623,0.8512749075889587,0.3800120949745178,True,0.5426552295684814,0.06990370899438858,0.00025470092077739537,0.00011921399709535763,0.69,6.2,6.2,0.0,0.0,1.5028509551484603e-05,0.0020089815370738506,0.01445464976131916
PD+FF,1074,0.0,0.0,-0.5001789927482605,-0.2884053587913513,0.4962819218635559,True,0.2087370604276657,0.027106409892439842,8.266921940958127e-05,3.983652641181834e-05,0.7925,4.15,4.15,0.0,0.0,3.1749229947308777e-06,0.0008895934442989528,0.006803547032177448
PD+FF,1075,0.0,0.0,-0.8189709782600403,0.9466501474380493,0.23914383351802826,True,0.3452018201351166,0.04156418517231941,0.00015272514428943396,7.1341433795169e-05,0.7475,5.050000000000001,5.050000000000001,0.0,0.0,9.090457751881331e-06,0.0014684268971905112,0.011009875684976578
PD+FF,1076,0.0,0.0,-1.445397138595581,-0.562984049320221,0.45283621549606323,True,0.517841100692749,0.06897054612636566,0.00026212248485535383,0.00012157461605966091,0.6925,6.15,6.15,0.0,0.0,1.0391700016043615e-05,0.001700479188002646,0.012574740685522556
PD+FF,1077,0.0,0.0,-0.6151338219642639,-0.8893533945083618,0.2694230377674103,True,0.29659128189086914,0.0356009341776371,0.0001307942293351516,6.108212255639955e-05,0.7625,4.75,4.75,0.0,0.0,6.922120974195423e-06,0.001275080954656005,0.009648658335208893
PD+FF,1078,0.0,0.0,-0.6580581068992615,-0.6858707666397095,0.23459486663341522,True,0.261771559715271,0.0314437635242939,0.00011515850201249123,5.3772448154632e-05,0.7775,4.45,4.45,0.0,0.0,5.4144825298863e-06,0.0011281282640993595,0.008513720706105232
PD+FF,1079,0.0,0.0,-0.5874135494232178,0.8651593327522278,0.4896434247493744,True,0.314788818359375,0.039261702448129654,0.0001343217008979991,6.362538260873407e-05,0.7525,4.95,4.95,0.0,0.0,7.494308192690369e-06,0.0013566960114985704,0.009227906353771687
PD+FF,1080,0.0,0.0,-0.6397119164466858,0.7102972865104675,0.367546945810318,True,0.27899789810180664,0.03422284126281738,0.00012424630403984338,5.8178178733214736e-05,0.7675,4.65,4.65,0.0,0.0,5.8750952121044975e-06,0.001193505129776895,0.008645283058285713
PD+FF,1081,0.0,0.0,-1.3320256471633911,0.8601993322372437,0.3006768822669983,True,0.4704139530658722,0.05877021327614784,0.00021218891197349876,9.953153494279832e-05,0.71,5.800000000000001,5.800000000000001,0.0,0.0,1.44744271892705e-05,0.0019134527537971735,0.013501483015716076
PD+FF,1082,0.0,0.0,-0.9581221342086792,-0.30673766136169434,0.3117980659008026,True,0.30847403407096863,0.03852140158414841,0.00013312364171724766,6.27639310550876e-05,0.755,4.9,4.9,0.0,0.0,6.280664820224047e-06,0.0012455666437745094,0.009299513883888721
PD+FF,1083,0.0,0.0,-1.3940625190734863,0.6289385557174683,0.21643398702144623,True,0.4444563388824463,0.05496184527873993,0.00020306059741415083,9.446385956835002e-05,0.7175,5.65,5.65,0.0,0.0,1.3103777746437117e-05,0.0018078421708196402,0.013155719265341759
PD+FF,1084,0.0,0.0,-0.7371216416358948,-0.8951173424720764,0.4071005880832672,True,0.3408970534801483,0.04209991171956062,0.00016214975039474666,7.533330790465698e-05,0.745,5.1000000000000005,5.1000000000000005,0.0,0.0,8.508725841238629e-06,0.0014462436083704233,0.010180558077991009
PD+FF,1085,0.0,0.0,-0.7224554419517517,-0.08529454469680786,0.4138740301132202,True,0.24773134291172028,0.031737565994262695,0.0001205312364618294,5.611169399344362e-05,0.775,4.5,4.5,0.0,0.0,3.9918222682899795e-06,0.0009919918375089765,0.007403410039842129
PD+FF,1086,0.0,0.0,-0.7490203976631165,-0.7008727788925171,0.4387705326080322,True,0.31671342253685,0.03980909287929535,0.00013926900282967836,6.539145397255197e-05,0.7525,4.95,4.95,0.0,0.0,7.126707714633085e-06,0.0013361951569095254,0.009272490628063679
PD+FF,1087,0.0,0.0,-1.2718281745910645,-0.8616007566452026,0.3274095356464386,True,0.4593591094017029,0.05755477398633957,0.0002050886396318674,9.61863697739318e-05,0.7125,5.75,5.75,0.0,0.0,1.3800278793496545e-05,0.0018711313605308533,0.01319077517837286
PD+FF,1088,0.0,0.0,-1.148199200630188,-0.9221230149269104,0.4605681300163269,True,0.4635917842388153,0.05956573411822319,0.00021822054986841977,0.00010216540977125987,0.7075,5.8500000000000005,5.8500000000000005,0.0,0.0,1.2867847544839606e-05,0.0018383797723799944,0.012763573788106441
PD+FF,1089,0.0,0.0,-1.8535881042480469,0.5890284776687622,0.37915652990341187,True,0.6356735229492188,0.08534636348485947,0.0003050636441912502,0.00014305097283795476,0.67,6.6000000000000005,6.6000000000000005,0.0,0.0,1.3038928045716602e-05,0.0019239109242334962,0.01397843100130558
PD+FF,1090,0.0,0.0,-0.9845758080482483,-0.6573527455329895,0.30003631114959717,True,0.34752190113067627,0.042881857603788376,0.00015634199371561408,7.318266580114141e-05,0.7425,5.15,5.15,0.0,0.0,8.43202360556461e-06,0.0014439901569858193,0.010463055223226547
PD+FF,1091,0.0,0.0,-1.8845704793930054,-0.6914018392562866,0.36124923825263977,True,0.6462498903274536,0.08598387241363525,0.0003230402653571218,0.00015058780263643712,0.6675,6.65,6.65,0.0,0.0,1.437987248209538e-05,0.0020256105344742537,0.014707434922456741
PD+FF,1092,0.0,0.0,-1.9696727991104126,-0.2278679758310318,0.31251582503318787,True,0.6357013583183289,0.08385485410690308,0.00031666667200624943,0.00014748392277397215,0.67,6.6000000000000005,6.6000000000000005,0.0,0.0,1.3772720194538124e-05,0.0018425118178129196,0.015308795496821404
PD+FF,1093,0.0,0.0,-0.8791002631187439,0.07968070358037949,0.43002596497535706,True,0.30111825466156006,0.0389493964612484,0.00014332127466332167,6.590200064238161e-05,0.7525,4.95,4.95,0.0,0.0,5.609120762528619e-06,0.0011815131874755025,0.0087656918913126
PD+FF,1094,0.0,0.0,-0.9031349420547485,-0.5643354058265686,0.2514164447784424,True,0.30558618903160095,0.0372929610311985,0.00013920907804276794,6.490687519544736e-05,0.7575,4.8500000000000005,4.8500000000000005,0.0,0.0,6.771007065253798e-06,0.001282185665331781,0.009487378410995007
PD+FF,1095,0.0,0.0,-1.3096781969070435,-0.4019305408000946,0.2943161725997925,True,0.4184468388557434,0.05271773785352707,0.0001884035737020895,8.844371768645942e-05,0.72,5.6000000000000005,5.6000000000000005,0.0,0.0,1.09184311440913e-05,0.0016577324131503701,0.012138254940509796
PD+FF,1096,0.0,0.0,-0.5565752387046814,0.7886120080947876,0.27283963561058044,True,0.26499274373054504,0.03180014714598656,0.00011330512643326074,5.322689321474172e-05,0.775,4.5,4.5,0.0,0.0,5.604987563856412e-06,0.001145572168752551,0.00862413365393877
PD+FF,1097,0.0,0.0,-1.3080552816390991,0.037033263593912125,0.27344202995300293,True,0.40036290884017944,0.050373587757349014,0.000175523673533462,8.263412019005045e-05,0.725,5.5,5.5,0.0,0.0,9.877560842141975e-06,0.0015530158998444676,0.011713707819581032
PD+FF,1098,0.0,0.0,-1.2224541902542114,-0.25077617168426514,0.4742331802845001,True,0.4310409426689148,0.05725039169192314,0.00019462080672383308,9.196031896863133e-05,0.7125,5.75,5.75,0.0,0.0,8.197649549401831e-06,0.0014352664584293962,0.011510597541928291
PD+FF,1099,0.0,0.0,-1.9130916595458984,0.09447009861469269,0.36984628438949585,True,0.6363836526870728,0.08618996292352676,0.0003134555008728057,0.00014679772721137851,0.6675,6.65,6.65,0.0,0.0,1.1412694220780395e-05,0.0016335556283593178,0.01408309955149889
Direct PPO,1000,0.0,0.0,-1.2179213762283325,0.20768369734287262,0.34128254652023315,True,0.34486833214759827,0.0052655828185379505,0.0053647044114768505,3.814704086835263e-06,0.8475,3.0500000000000003,3.0500000000000003,0.005285739898681641,0.0,0.0027040981221944094,0.009908687323331833,0.5646498799324036
Direct PPO,1001,0.0,0.0,-1.0811076164245605,-0.9685990810394287,0.25630688667297363,True,0.34045088291168213,0.0033165619242936373,0.0023882382083684206,1.4928392033652926e-07,0.8675,2.6500000000000004,2.6500000000000004,0.006179869174957275,0.0,0.003050529630854726,0.011656650342047215,0.555042564868927
Direct PPO,1002,0.0,0.0,-1.428768277168274,-0.28562131524086,0.4242836833000183,True,0.45265331864356995,0.009009947068989277,0.008449619635939598,2.35713582696917e-06,0.815,3.7,3.7,0.008435249328613281,0.0,0.0019621283281594515,0.010284572839736938,0.3480825424194336
Direct PPO,1003,0.0,0.0,-1.7183640003204346,-0.48658838868141174,0.34840381145477295,True,0.5297473669052124,0.005713071208447218,0.005642169155180454,3.606158088587108e-06,0.8075,3.85,3.85,0.005583763122558594,0.0,0.002838145475834608,0.011779037304222584,0.561067521572113
Direct PPO,1004,0.0,0.0,-1.998679280281067,-0.7396973967552185,0.24154320359230042,True,0.5953494310379028,0.0024159937165677547,0.0022820874582976103,1.222009473167418e-06,0.8075,3.85,3.85,0.013925671577453613,0.0,0.003220556303858757,0.011840608902275562,0.6542999744415283
Direct PPO,1005,0.0,0.0,-1.8766711950302124,0.8611240983009338,0.28618520498275757,True,0.5781915783882141,0.003782586194574833,0.0032004753593355417,1.6987509070531814e-06,0.8075,3.85,3.85,0.002863168716430664,0.0,0.002974259201437235,0.011794154532253742,0.5970212817192078
Direct PPO,1006,0.0,0.0,-1.4946178197860718,0.20171388983726501,0.28934937715530396,True,0.4190289378166199,0.003303237957879901,0.003313864581286907,2.47359480454179e-06,0.835,3.3000000000000003,3.3000000000000003,0.0029168128967285156,0.0,0.0027123880572617054,0.010093485936522484,0.5753740668296814
Direct PPO,1007,0.0,0.0,-1.8931626081466675,0.6319606900215149,0.39287856221199036,True,0.6249327659606934,0.010108619928359985,0.0073570930399000645,2.028345079452265e-06,0.785,4.3,4.3,0.0073566436767578125,0.0,0.0023158991243690252,0.01159131620079279,0.423511803150177
Direct PPO,1008,0.0,0.0,-1.749120831489563,0.6261014938354492,0.26522985100746155,True,0.5105019807815552,0.0028684965800493956,0.002566478680819273,1.0132921488548163e-06,0.82,3.6,3.6,0.0026149749755859375,0.0,0.002862662309780717,0.011816390790045261,0.610139787197113
Direct PPO,1009,0.0,0.0,-1.9152493476867676,-0.3461688160896301,0.2149554342031479,True,0.5383998155593872,0.003029011655598879,0.0027452539652585983,1.8063374227494933e-06,0.8175,3.6500000000000004,3.6500000000000004,0.035452306270599365,0.0,0.00320445466786623,0.012078842148184776,0.6570936441421509
Direct PPO,1010,0.0,0.0,-1.8575115203857422,0.07161146402359009,0.4753030240535736,True,0.6519129872322083,0.019162612035870552,0.009961697272956371,1.0694039929148857e-06,0.7625,4.75,4.75,0.009840965270996094,0.0,0.0011233451077714562,0.006910867989063263,0.23625533282756805
Direct PPO,1011,0.0,0.0,-1.57381272315979,0.12664707005023956,0.26378002762794495,True,0.43572816252708435,0.00257285893894732,0.00253269262611866,8.046762332014623e-07,0.8325,3.35,3.35,0.0031076669692993164,0.0,0.0027951663359999657,0.010059604421257973,0.5955573916435242
Direct PPO,1012,0.0,0.0,-1.5405192375183105,0.561293363571167,0.2715309262275696,True,0.4392140209674835,0.0029012488666921854,0.002732533263042569,2.980237695737742e-06,0.835,3.3000000000000003,3.3000000000000003,0.0023932456970214844,0.0,0.0028374434914439917,0.011670919135212898,0.6276106238365173
Direct PPO,1013,0.0,0.0,-0.8082606196403503,-0.8420410752296448,0.401797890663147,True,0.28581202030181885,0.007098378147929907,0.007666989229619503,8.016833817237057e-06,0.8725,2.5500000000000003,2.5500000000000003,0.007666587829589844,0.0,0.002357827266678214,0.01104985736310482,0.4113115668296814
Direct PPO,1014,0.0,0.0,-1.3467140197753906,0.1714046150445938,0.4693894386291504,True,0.4432498812675476,0.011238468810915947,0.009802624583244324,1.998735797315021e-06,0.8125,3.75,3.75,0.009700298309326172,0.0,0.0010669127805158496,0.006487458478659391,0.2390282303094864
Direct PPO,1015,0.0,0.0,-1.4601455926895142,0.21413566172122955,0.39239153265953064,True,0.4490751028060913,0.0077215032652020454,0.007338595576584339,1.4013361351317144e-06,0.82,3.6,3.6,0.007338047027587891,0.0,0.00222547585144639,0.009617351926863194,0.40645912289619446
Direct PPO,1016,0.0,0.0,-1.6580126285552979,-0.11461202055215836,0.3060871958732605,True,0.48126259446144104,0.003878160612657666,0.003946490585803986,6.259941756070475e-07,0.82,3.6,3.6,0.0036859512329101562,0.0,0.0028771492652595043,0.010980932042002678,0.5338375568389893
Direct PPO,1017,0.0,0.0,-0.62247234582901,0.6426637768745422,0.4917738139629364,True,0.23559726774692535,0.010523567907512188,0.010379733517765999,2.5631868538766867e-06,0.865,2.7,2.7,0.01020050048828125,0.0,0.0007823366322554648,0.006585409399122,0.1877453476190567
Direct PPO,1018,0.0,0.0,-1.1090368032455444,-0.0900818482041359,0.4614541530609131,True,0.35064294934272766,0.00973979476839304,0.009585409425199032,1.0979366038554872e-07,0.835,3.3000000000000003,3.3000000000000003,0.009504318237304688,0.0,0.0012830812484025955,0.007807910908013582,0.25392669439315796
Direct PPO,1019,0.0,0.0,-1.674609661102295,-0.20800989866256714,0.34006524085998535,True,0.503002405166626,0.00538934301584959,0.005314324051141739,2.622758074721787e-06,0.8125,3.75,3.75,0.005230903625488281,0.0,0.002858889987692237,0.011560846120119095,0.49960950016975403
Direct PPO,1020,0.0,0.0,-1.1319496631622314,-0.4326494336128235,0.2227078378200531,True,0.29060494899749756,0.002655528951436281,0.0025317477993667126,8.64706805714377e-07,0.8675,2.6500000000000004,2.6500000000000004,0.021298885345458984,0.0,0.0032992723863571882,0.011769784614443779,0.6589163541793823
Direct PPO,1021,0.0,0.0,-1.4384177923202515,-0.8382971882820129,0.49743902683258057,True,0.5215913653373718,0.013534264639019966,0.010510132648050785,2.589890755189117e-07,0.795,4.1000000000000005,4.1000000000000005,0.01030731201171875,0.0,0.000852803757879883,0.007170915137976408,0.19937513768672943
Direct PPO,1022,0.0,0.0,-1.999210000038147,0.8368335366249084,0.37694433331489563,True,0.6676454544067383,0.009607710875570774,0.006766033824533224,4.262386937625706e-06,0.78,4.4,4.4,0.006756782531738281,0.0,0.002468637190759182,0.011728083714842796,0.4704638123512268
Direct PPO,1023,0.0,0.0,-1.4916963577270508,0.8117974996566772,0.4728805720806122,True,0.525661826133728,0.01297710370272398,0.009897854179143906,7.547077984781936e-07,0.7975,4.05,4.05,0.009784698486328125,0.0,0.001095248619094491,0.008178680203855038,0.22961804270744324
Direct PPO,1024,0.0,0.0,-1.51630699634552,-0.48329436779022217,0.3110935389995575,True,0.44180670380592346,0.0038865115493535995,0.004143766593188047,3.0252479632508766e-08,0.83,3.4000000000000004,3.4000000000000004,0.003915309906005859,0.0,0.0030176250729709864,0.011653457768261433,0.6307569742202759
Direct PPO,1025,0.0,0.0,-0.7683239579200745,0.258014976978302,0.24864348769187927,True,0.18845577538013458,0.002171052386984229,0.0023024901747703552,3.5166765428584768e-06,0.89,2.2,2.2,0.0010230541229248047,0.0,0.002927289344370365,0.010708375833928585,0.5958549380302429
Direct PPO,1026,0.0,0.0,-1.7438942193984985,0.19023452699184418,0.2583710551261902,True,0.493155300617218,0.0025710007175803185,0.00242538726888597,3.7252905258355895e-06,0.8225,3.5500000000000003,3.5500000000000003,0.007594048976898193,0.0,0.002859322354197502,0.010273633524775505,0.5742406249046326
Direct PPO,1027,0.0,0.0,-1.9580382108688354,0.12429128587245941,0.36954861879348755,True,0.6261717677116394,0.008390210568904877,0.006477138493210077,7.770664751660661e-07,0.785,4.3,4.3,0.006459712982177734,0.0,0.0025381590239703655,0.010134974494576454,0.4955086410045624
Direct PPO,1028,0.0,0.0,-0.7757433652877808,-0.22796711325645447,0.4025936424732208,True,0.22244837880134583,0.007359260693192482,0.0077014644630253315,2.5034448754013283e-06,0.875,2.5,2.5,0.007700920104980469,0.0,0.002275546081364155,0.01083886157721281,0.38387927412986755
Direct PPO,1029,0.0,0.0,-0.7448340058326721,0.6458722352981567,0.214758962392807,True,0.21180370450019836,0.0026194509118795395,0.0027509378269314766,3.1143551950663095e-06,0.8875,2.25,2.25,0.0007873177528381348,0.0,0.00279085710644722,0.011201612651348114,0.5023524165153503
Direct PPO,1030,0.0,0.0,-1.6447029113769531,-0.9496257901191711,0.4438457489013672,True,0.579450249671936,0.011297174729406834,0.009064474143087864,3.4343984225415625e-06,0.7925,4.15,4.15,0.009021759033203125,0.0,0.0015662329969927669,0.009423297829926014,0.30459171533584595
Direct PPO,1031,0.0,0.0,-0.9611496329307556,0.9009804725646973,0.39864641427993774,True,0.3340567350387573,0.007954222150146961,0.007569815032184124,5.5731020438543055e-06,0.855,2.9000000000000004,2.9000000000000004,0.007580280303955078,0.0,0.001959135290235281,0.010440725833177567,0.3437858819961548
Direct PPO,1032,0.0,0.0,-0.6833899617195129,-0.5306191444396973,0.49894750118255615,True,0.23976048827171326,0.010039741173386574,0.010546116158366203,8.653819350001868e-07,0.87,2.6,2.6,0.010336875915527344,0.0,0.0009333427879028022,0.007110437378287315,0.2014022320508957
Direct PPO,1033,0.0,0.0,-0.7577928304672241,0.7459949851036072,0.4761985242366791,True,0.2801743149757385,0.010231370106339455,0.009986399672925472,1.220239340682383e-07,0.8575,2.85,2.85,0.009863853454589844,0.0,0.0009489235235378146,0.00734208757057786,0.20003849267959595
Direct PPO,1034,0.0,0.0,-0.5296080112457275,-0.6777904629707336,0.22327283024787903,True,0.17629677057266235,0.0032526860013604164,0.002518657362088561,3.308074383312487e-06,0.89,2.2,2.2,0.0,0.0,0.0028213132172822952,0.011204289272427559,0.5150842070579529
Direct PPO,1035,0.0,0.0,-1.5201642513275146,-0.23973245918750763,0.436818927526474,True,0.49262547492980957,0.01024632714688778,0.008846601471304893,3.5777757148025557e-06,0.805,3.9000000000000004,3.9000000000000004,0.008815765380859375,0.0,0.0017877222271636128,0.00968282949179411,0.30444473028182983
Direct PPO,1036,0.0,0.0,-1.558912754058838,0.6018440127372742,0.34900519251823425,True,0.4776363670825958,0.005982618313282728,0.0056721484288573265,1.7288045910390792e-06,0.82,3.6,3.6,0.005615234375,0.0,0.002630661940202117,0.011691615916788578,0.5417180061340332
Direct PPO,1037,0.0,0.0,-1.5164998769760132,-0.3818822205066681,0.38270920515060425,True,0.46802353858947754,0.007075279485434294,0.006976516451686621,1.967394609891926e-06,0.8175,3.6500000000000004,3.6500000000000004,0.006971836090087891,0.0,0.002578945364803076,0.011676587164402008,0.45891714096069336
Direct PPO,1038,0.0,0.0,-1.5098652839660645,-0.8029577136039734,0.31811848282814026,True,0.46283090114593506,0.0040942090563476086,0.004422654397785664,2.1159921743674204e-06,0.83,3.4000000000000004,3.4000000000000004,0.0042400360107421875,0.0,0.0027768644504249096,0.011693121865391731,0.5511147379875183
Direct PPO,1039,0.0,0.0,-0.6960156559944153,-0.0387578122317791,0.3661683201789856,True,0.1871076226234436,0.006119713652879,0.006343554705381393,3.1590857361152302e-06,0.8875,2.25,2.25,0.006321430206298828,0.0,0.0024618892930448055,0.010157627053558826,0.44575685262680054
Direct PPO,1040,0.0,0.0,-0.7547146081924438,0.5635512471199036,0.4134989380836487,True,0.24260595440864563,0.008130177855491638,0.008084730245172977,2.755046750735346e-07,0.875,2.5,2.5,0.008080482482910156,0.0,0.0017647483618929982,0.009845340624451637,0.3149908483028412
Direct PPO,1041,0.0,0.0,-0.6478168964385986,-0.19675222039222717,0.46515655517578125,True,0.20007899403572083,0.009332232177257538,0.009688615798950195,2.7050401740780217e-07,0.88,2.4000000000000004,2.4000000000000004,0.0095977783203125,0.0,0.0012876370456069708,0.008170131593942642,0.24033086001873016
Direct PPO,1042,0.0,0.0,-1.463887333869934,-0.25558269023895264,0.3728010952472687,True,0.4416196942329407,0.006605504546314478,0.006601439323276281,1.490379759161442e-06,0.825,3.5,3.5,0.006587982177734375,0.0,0.00272208359092474,0.011632566340267658,0.463742196559906
Direct PPO,1043,0.0,0.0,-1.7490100860595703,-0.7958716750144958,0.31946444511413574,True,0.5444912910461426,0.004198110196739435,0.004478228744119406,8.347084303750307e-07,0.8125,3.75,3.75,0.004303455352783203,0.0,0.0028208522126078606,0.011772598139941692,0.5265517830848694
Direct PPO,1044,0.0,0.0,-1.981444239616394,0.7169352173805237,0.20961801707744598,True,0.5732439160346985,0.0032657270785421133,0.002921165432780981,2.2501380954054184e-06,0.8125,3.75,3.75,0.03359717130661011,0.0,0.003008495084941387,0.012170174159109592,0.5890440344810486
Direct PPO,1045,0.0,0.0,-0.7272861003875732,-0.39523494243621826,0.4158290922641754,True,0.21918712556362152,0.007722504436969757,0.008162655867636204,1.224515358444478e-06,0.8775,2.45,2.45,0.00815582275390625,0.0,0.0020956224761903286,0.010365605354309082,0.36642932891845703
Direct PPO,1046,0.0,0.0,-1.868130087852478,0.6265861392021179,0.39649125933647156,True,0.6169769763946533,0.010220391675829887,0.007485887035727501,9.113399812576972e-08,0.785,4.3,4.3,0.007485866546630859,0.0,0.002242798451334238,0.011345213279128075,0.4014210104942322
Direct PPO,1047,0.0,0.0,-1.1699552536010742,-0.14992530643939972,0.29876548051834106,True,0.31385305523872375,0.003507265355437994,0.0036627596709877253,8.940732527662476e-07,0.8575,2.85,2.85,0.0033316612243652344,0.0,0.0031381139997392893,0.011329789645969868,0.638089656829834
Direct PPO,1048,0.0,0.0,-0.9076822996139526,-0.7630760073661804,0.4824531674385071,True,0.32545265555381775,0.009654447436332703,0.010146694257855415,4.861333309236215e-07,0.85,3.0,3.0,0.01000213623046875,0.0,0.0011140743736177683,0.00788766611367464,0.22764509916305542
Direct PPO,1049,0.0,0.0,-1.6127384901046753,0.09402617067098618,0.43331217765808105,True,0.5257978439331055,0.01084069162607193,0.008738357573747635,1.1661379630822921e-06,0.7975,4.05,4.05,0.008713245391845703,0.0,0.0016809921944513917,0.008435818366706371,0.31354498863220215
Direct PPO,1050,0.0,0.0,-1.2507070302963257,-0.40418457984924316,0.49881017208099365,True,0.4258343577384949,0.011972814798355103,0.010539095848798752,2.5356125661346596e-06,0.8125,3.75,3.75,0.0103302001953125,0.0,0.0008873805054463446,0.007166434545069933,0.1959177851676941
Direct PPO,1051,0.0,0.0,-0.8433747291564941,-0.6024307608604431,0.2584548592567444,True,0.23391787707805634,0.0026578770484775305,0.0024222834035754204,2.741813887041644e-06,0.885,2.3000000000000003,2.3000000000000003,0.0013036727905273438,0.0,0.0030003204010427,0.011514161713421345,0.6061887145042419
Direct PPO,1052,0.0,0.0,-1.577463150024414,-0.03658809885382652,0.32490968704223633,True,0.46017327904701233,0.004656359553337097,0.004704299382865429,4.9174232117366046e-06,0.8225,3.5500000000000003,3.5500000000000003,0.0045588016510009766,0.0,0.00287538836710155,0.010738835670053959,0.58651202917099
Direct PPO,1053,0.0,0.0,-0.7320424914360046,-0.38764455914497375,0.44851720333099365,True,0.2289840430021286,0.008760273456573486,0.009211561642587185,1.8183003476224258e-06,0.8725,2.5500000000000003,2.5500000000000003,0.009160041809082031,0.0,0.001574783236719668,0.00915637705475092,0.2837497293949127
Direct PPO,1054,0.0,0.0,-1.9604523181915283,0.6108824014663696,0.3443475067615509,True,0.6232014298439026,0.006724710110574961,0.005488718394190073,4.530146725301165e-06,0.79,4.2,4.2,0.0054187774658203125,0.0,0.002759466180577874,0.011933062225580215,0.5469380617141724
Direct PPO,1055,0.0,0.0,-0.8035520911216736,-0.8197364807128906,0.37500709295272827,True,0.2754996418952942,0.006226127967238426,0.006686813198029995,5.962905333944946e-07,0.875,2.5,2.5,0.00667572021484375,0.0,0.002624370390549302,0.011344687081873417,0.4740158021450043
Direct PPO,1056,0.0,0.0,-0.6173267960548401,-0.7547652125358582,0.33817118406295776,True,0.21783724427223206,0.0049777948297560215,0.005228648893535137,5.781653271696996e-06,0.89,2.3000000000000003,2.3000000000000003,0.005138874053955078,0.0,0.002733757020905614,0.011462453752756119,0.4664081037044525
Direct PPO,1057,0.0,0.0,-1.4013786315917969,-0.020997419953346252,0.2980625629425049,True,0.3888503909111023,0.0035381705965846777,0.0036388032604008913,3.6358912893774686e-06,0.84,3.2,3.2,0.0033102035522460938,0.0,0.002813378581777215,0.010595782659947872,0.5523059368133545
Direct PPO,1058,0.0,0.0,-1.9344123601913452,-0.6835842132568359,0.34246277809143066,True,0.6165701746940613,0.005831089802086353,0.005404214840382338,3.367821818756056e-06,0.7925,4.15,4.15,0.005328655242919922,0.0,0.002839915221557021,0.011867815628647804,0.5282652974128723
Direct PPO,1059,0.0,0.0,-1.3239208459854126,-0.34795770049095154,0.3298633396625519,True,0.37845155596733093,0.0046362061984837055,0.004900946281850338,1.5199684639810584e-06,0.8425,3.1500000000000004,3.1500000000000004,0.004778385162353516,0.0,0.0029313224367797375,0.011672706343233585,0.5959351062774658
Direct PPO,1060,0.0,0.0,-0.5232435464859009,-0.8263487219810486,0.4775193929672241,True,0.23356948792934418,0.009279887191951275,0.010012062266469002,7.59968725105864e-06,0.87,2.6,2.6,0.009883880615234375,0.0,0.0010766451014205813,0.007484476547688246,0.2157813012599945
Direct PPO,1061,0.0,0.0,-1.0766786336898804,0.09924349933862686,0.28927016258239746,True,0.2822975814342499,0.003237680299207568,0.003312448738142848,3.904112872987753e-06,0.865,2.7,2.7,0.002913236618041992,0.0,0.002774105640128255,0.009868988767266273,0.5322882533073425
Direct PPO,1062,0.0,0.0,-1.020176649093628,-0.6513675451278687,0.4292861223220825,True,0.33127447962760925,0.008118035271763802,0.00860618893057108,3.6959377212042455e-06,0.85,3.0,3.0,0.008585929870605469,0.0,0.0019091342110186815,0.010108601301908493,0.34616386890411377
Direct PPO,1063,0.0,0.0,-0.5567145943641663,0.6067063212394714,0.2895512878894806,True,0.17892932891845703,0.003503759391605854,0.0033198746386915445,1.221923298544425e-06,0.8875,2.25,2.25,0.0030922889709472656,0.0,0.0023829785641282797,0.011031021364033222,0.4093274176120758
Direct PPO,1064,0.0,0.0,-1.6129041910171509,-0.13716638088226318,0.24278511106967926,True,0.4410572052001953,0.0022803156170994043,0.0022807165514677763,7.748631674076023e-07,0.8325,3.35,3.35,0.01271665096282959,0.0,0.0031658150255680084,0.011133907362818718,0.5950151681900024
Direct PPO,1065,0.0,0.0,-0.5033138990402222,-0.5932050347328186,0.453745573759079,True,0.1881934255361557,0.008772943168878555,0.009361086413264275,2.6855170744966017e-06,0.8925,2.15,2.15,0.009298324584960938,0.0,0.0013739338610321283,0.00841579306870699,0.25754883885383606
Direct PPO,1066,0.0,0.0,-1.3762075901031494,0.32575497031211853,0.20805609226226807,True,0.35669949650764465,0.002844957634806633,0.002977400552481413,1.7890502590489632e-07,0.8525,2.95,2.95,0.032720088958740234,0.0,0.0030962862074375153,0.011085549369454384,0.6935980916023254
Direct PPO,1067,0.0,0.0,-0.6176835894584656,0.9055254459381104,0.20151829719543457,True,0.23316748440265656,0.0033372389152646065,0.0032250997610390186,3.4147817586926976e-06,0.8625,2.75,2.75,0.0013904571533203125,0.0,0.002393927425146103,0.010672025382518768,0.43427279591560364
Direct PPO,1068,0.0,0.0,-0.7787961959838867,0.5352519750595093,0.25048118829727173,True,0.21175961196422577,0.0023066368885338306,0.0023161950521171093,1.0728946335802902e-06,0.8875,2.25,2.25,0.0015627145767211914,0.0,0.0027299472130835056,0.0113121522590518,0.5778514742851257
Direct PPO,1069,0.0,0.0,-0.5076419115066528,0.8446078896522522,0.24751581251621246,True,0.20967206358909607,0.0028261446859687567,0.0022940936032682657,1.2517127743194578e-06,0.8675,2.6500000000000004,2.6500000000000004,0.0022513866424560547,0.0,0.0020339370239526033,0.010167833417654037,0.33307594060897827
Direct PPO,1070,0.0,0.0,-1.6644020080566406,0.9533751606941223,0.22921264171600342,True,0.4940354526042938,0.002787831239402294,0.0023985416628420353,1.4462542594628758e-06,0.83,3.4000000000000004,3.4000000000000004,0.016781508922576904,0.0,0.0031175888143479824,0.011767767369747162,0.6858643889427185
Direct PPO,1071,0.0,0.0,-1.6379417181015015,0.7469041347503662,0.26974478363990784,True,0.48209357261657715,0.003050208557397127,0.002680671401321888,1.4925456071068766e-07,0.8275,3.45,3.45,0.0029233694076538086,0.0,0.0029105041176080704,0.011799274943768978,0.5387889742851257
Direct PPO,1072,0.0,0.0,-1.22187077999115,0.3675197660923004,0.4661308228969574,True,0.3994886577129364,0.010484409518539906,0.009717900305986404,1.8196276414528256e-06,0.825,3.5,3.5,0.009624481201171875,0.0,0.0011315281735733151,0.007430605590343475,0.24316014349460602
Direct PPO,1073,0.0,0.0,-1.5133368968963623,0.8512749075889587,0.3800120949745178,True,0.49200889468193054,0.007597074843943119,0.006880718749016523,2.980556246257038e-06,0.8175,3.6500000000000004,3.6500000000000004,0.00687408447265625,0.0,0.0024311274755746126,0.011497434228658676,0.45179641246795654
Direct PPO,1074,0.0,0.0,-0.5001789927482605,-0.2884053587913513,0.4962819218635559,True,0.1680462807416916,0.01005837507545948,0.010483259335160255,1.604209955985425e-07,0.89,2.2,2.2,0.010285377502441406,0.0,0.0009629816049709916,0.007144648116081953,0.19830627739429474
Direct PPO,1075,0.0,0.0,-0.8189709782600403,0.9466501474380493,0.23914383351802826,True,0.2779608964920044,0.002829368691891432,0.0022901829797774553,2.23517508857185e-06,0.8625,2.75,2.75,0.0032126903533935547,0.0,0.0027047039475291967,0.011005744338035583,0.5635643601417542
Direct PPO,1076,0.0,0.0,-1.445397138595581,-0.562984049320221,0.45283621549606323,True,0.482519268989563,0.010561151430010796,0.009338918142020702,1.2558811022245209e-06,0.8075,3.85,3.85,0.009278297424316406,0.0,0.0014609822537750006,0.009022092446684837,0.27851247787475586
Direct PPO,1077,0.0,0.0,-0.6151338219642639,-0.8893533945083618,0.2694230377674103,True,0.23373445868492126,0.0034130075946450233,0.0026702163740992546,1.9371520920685725e-06,0.8725,2.5500000000000003,2.5500000000000003,0.0018699169158935547,0.0,0.002856373554095626,0.011241249740123749,0.5508671998977661
Direct PPO,1078,0.0,0.0,-0.6580581068992615,-0.6858707666397095,0.23459486663341522,True,0.20069463551044464,0.002960540819913149,0.0023241061717271805,1.4752150718777557e-06,0.8975,2.0500000000000003,2.0500000000000003,4.0531158447265625e-05,0.0,0.00293084979057312,0.01130563486367464,0.5779286026954651
Direct PPO,1079,0.0,0.0,-0.5874135494232178,0.8651593327522278,0.4896434247493744,True,0.25884202122688293,0.010725553147494793,0.010328455828130245,2.6526522560743615e-06,0.8575,2.85,2.85,0.010159969329833984,0.0,0.0007104668766260147,0.006295394152402878,0.17918331921100616
Direct PPO,1080,0.0,0.0,-0.6397119164466858,0.7102972865104675,0.367546945810318,True,0.22259771823883057,0.006663092412054539,0.0064065055921673775,5.275013336358825e-06,0.8775,2.45,2.45,0.006455183029174805,0.0,0.0019989004358649254,0.010283974930644035,0.3554557263851166
Direct PPO,1081,0.0,0.0,-1.3320256471633911,0.8601993322372437,0.3006768822669983,True,0.40605250000953674,0.004137745592743158,0.0037380538415163755,2.71204294222116e-06,0.845,3.1,3.1,0.0036017894744873047,0.0,0.0028498717583715916,0.011595831252634525,0.5500191450119019
Direct PPO,1082,0.0,0.0,-0.9581221342086792,-0.30673766136169434,0.3117980659008026,True,0.2557496726512909,0.00396738713607192,0.004171203356236219,5.960496878287813e-07,0.8725,2.5500000000000003,2.5500000000000003,0.003947734832763672,0.0,0.003028673119843006,0.011662395671010017,0.5723758339881897
Direct PPO,1083,0.0,0.0,-1.3940625190734863,0.6289385557174683,0.21643398702144623,True,0.3795934319496155,0.0026389982085675,0.002700375858694315,2.014920028159395e-06,0.85,3.0,3.0,0.025307059288024902,0.0,0.003102412912994623,0.011932887136936188,0.6765255928039551
Direct PPO,1084,0.0,0.0,-0.7371216416358948,-0.8951173424720764,0.4071005880832672,True,0.2783544957637787,0.00727701373398304,0.00785448495298624,7.54030361349578e-06,0.875,2.5,2.5,0.007852554321289062,0.0,0.0022339788265526295,0.010686633177101612,0.3882583975791931
Direct PPO,1085,0.0,0.0,-0.7224554419517517,-0.08529454469680786,0.4138740301132202,True,0.20704805850982666,0.0078074256889522076,0.00809453520923853,2.44598822973785e-06,0.88,2.4000000000000004,2.4000000000000004,0.008089065551757812,0.0,0.0018995805876329541,0.009312434121966362,0.3434196412563324
Direct PPO,1086,0.0,0.0,-0.7490203976631165,-0.7008727788925171,0.4387705326080322,True,0.2601057291030884,0.008298937231302261,0.00891253910958767,7.157122468015586e-07,0.8725,2.5500000000000003,2.5500000000000003,0.008878707885742188,0.0,0.0017667756183072925,0.0096543924883008,0.31488877534866333
Direct PPO,1087,0.0,0.0,-1.2718281745910645,-0.8616007566452026,0.3274095356464386,True,0.396633118391037,0.004480504896491766,0.004799469839781523,5.06825415413914e-07,0.845,3.1,3.1,0.004665851593017578,0.0,0.0027412131894379854,0.011521782726049423,0.5633153319358826
Direct PPO,1088,0.0,0.0,-1.148199200630188,-0.9221230149269104,0.4605681300163269,True,0.41101083159446716,0.009294750168919563,0.009557505138218403,2.5637871203798568e-06,0.8325,3.35,3.35,0.009479045867919922,0.0,0.0013987181009724736,0.0088161276653409,0.27051860094070435
Direct PPO,1089,0.0,0.0,-1.8535881042480469,0.5890284776687622,0.37915652990341187,True,0.6000851392745972,0.008701340295374393,0.006848977878689766,3.4874851735366974e-06,0.79,4.2,4.2,0.0068416595458984375,0.0,0.0024244249798357487,0.011455880478024483,0.45929399132728577
Direct PPO,1090,0.0,0.0,-0.9845758080482483,-0.6573527455329895,0.30003631114959717,True,0.285110205411911,0.003610818414017558,0.0037094384897500277,1.043084921548143e-06,0.87,2.6,2.6,0.0033888816833496094,0.0,0.003070172620937228,0.011661757715046406,0.5585477352142334
Direct PPO,1091,0.0,0.0,-1.8845704793930054,-0.6914018392562866,0.36124923825263977,True,0.6078864336013794,0.006973045878112316,0.006150347180664539,4.202330728730885e-06,0.7925,4.15,4.15,0.006120204925537109,0.0,0.0026359420735388994,0.011750781908631325,0.47765791416168213
Direct PPO,1092,0.0,0.0,-1.9696727991104126,-0.2278679758310318,0.31251582503318787,True,0.6005237698554993,0.004491937346756458,0.004201981239020824,1.4009166307005216e-06,0.7975,4.05,4.05,0.003986358642578125,0.0,0.0028646234422922134,0.011349906213581562,0.5697594881057739
Direct PPO,1093,0.0,0.0,-0.8791002631187439,0.07968070358037949,0.43002596497535706,True,0.2618025839328766,0.0084428321570158,0.008638469502329826,3.695835403050296e-06,0.8625,2.75,2.75,0.008617401123046875,0.0,0.0016109684947878122,0.00809652078896761,0.3192249536514282
Direct PPO,1094,0.0,0.0,-0.9031349420547485,-0.5643354058265686,0.2514164447784424,True,0.24369221925735474,0.002558635314926505,0.0023231511004269123,2.7120170216221595e-06,0.88,2.4000000000000004,2.4000000000000004,0.0022569894790649414,0.0,0.0030137847643345594,0.011582293547689915,0.5768418908119202
Direct PPO,1095,0.0,0.0,-1.3096781969070435,-0.4019305408000946,0.2943161725997925,True,0.3636862635612488,0.003314817789942026,0.003491864074021578,1.788139684322232e-06,0.8475,3.0500000000000003,3.0500000000000003,0.0031113624572753906,0.0,0.0029191584326326847,0.011650819331407547,0.5470459461212158
Direct PPO,1096,0.0,0.0,-0.5565752387046814,0.7886120080947876,0.27283963561058044,True,0.2076905369758606,0.0032431792933493853,0.0027678096666932106,5.364723278944439e-07,0.8725,2.5500000000000003,2.5500000000000003,0.0028423070907592773,0.0,0.0022568446584045887,0.010847593657672405,0.37312740087509155
Direct PPO,1097,0.0,0.0,-1.3080552816390991,0.037033263593912125,0.27344202995300293,True,0.3500734865665436,0.002716905204579234,0.0027870116755366325,2.32459683502384e-06,0.85,3.0,3.0,0.002191781997680664,0.0,0.00312935677357018,0.010316700674593449,0.6725095510482788
Direct PPO,1098,0.0,0.0,-1.2224541902542114,-0.25077617168426514,0.4742331802845001,True,0.39918264746665955,0.010606539435684681,0.00993442814797163,1.8820119862539286e-07,0.8225,3.5500000000000003,3.5500000000000003,0.009817123413085938,0.0,0.001211517839692533,0.008179165422916412,0.23272117972373962
Direct PPO,1099,0.0,0.0,-1.9130916595458984,0.09447009861469269,0.36984628438949585,True,0.6083875298500061,0.00821524579077959,0.006490601692348719,9.852947187027894e-07,0.79,4.2,4.2,0.006473541259765625,0.0,0.0026268495712429285,0.010343896225094795,0.4574924409389496
Residual PPO,1000,0.0,0.0,-1.2179213762283325,0.20768369734287262,0.34128254652023315,True,0.36120957136154175,0.013683193363249302,0.005001693498343229,1.3944091733719688e-05,0.8125,3.75,3.75,0.005000114440917969,0.0,3.3793032343965024e-05,0.0019561045337468386,0.05571926385164261
Residual PPO,1001,0.0,0.0,-1.0811076164245605,-0.9685990810394287,0.25630688667297363,True,0.3760833442211151,0.016620410606265068,0.0019275072263553739,1.6550966392969713e-05,0.81,3.8000000000000003,3.8000000000000003,0.0018596649169921875,0.0,4.318963328842074e-05,0.0025740042328834534,0.05437629297375679
Residual PPO,1002,0.0,0.0,-1.428768277168274,-0.28562131524086,0.4242836833000183,True,0.46245697140693665,0.021434780210256577,0.007963348180055618,2.4469538402627222e-05,0.7875,4.25,4.25,0.007960319519042969,0.0,3.219581412849948e-05,0.0019805445335805416,0.05298702046275139
Residual PPO,1003,0.0,0.0,-1.7183640003204346,-0.48658838868141174,0.34840381145477295,True,0.543838620185852,0.023328004404902458,0.005236085969954729,2.6381725547253154e-05,0.7725,4.55,4.55,0.005235195159912109,0.0,3.670249861897901e-05,0.0023248742800205946,0.05634022131562233
Residual PPO,1004,0.0,0.0,-1.998679280281067,-0.7396973967552185,0.24154320359230042,True,0.6163114905357361,0.024074099957942963,0.0014178375713527203,2.4515633413102478e-05,0.7625,4.75,4.75,0.0012950897216796875,0.0,4.413809801917523e-05,0.0027701815124601126,0.055192913860082626
Residual PPO,1005,0.0,0.0,-1.8766711950302124,0.8611240983009338,0.28618520498275757,True,0.602458119392395,0.02085922658443451,0.0029817847535014153,2.1567355361185037e-05,0.7675,4.65,4.65,0.0029582977294921875,0.0,3.913275577360764e-05,0.00249710981734097,0.055166564881801605
Residual PPO,1006,0.0,0.0,-1.4946178197860718,0.20171388983726501,0.28934937715530396,True,0.43632838129997253,0.015342536382377148,0.0031171035952866077,1.1388018720026594e-05,0.795,4.1000000000000005,4.1000000000000005,0.0030965805053710938,0.0,3.6151803215034306e-05,0.002092739101499319,0.053231265395879745
Residual PPO,1007,0.0,0.0,-1.8931626081466675,0.6319606900215149,0.39287856221199036,True,0.6392723321914673,0.02845231257379055,0.00684319855645299,2.6273884941474535e-05,0.755,4.9,4.9,0.006842613220214844,0.0,3.290406311862171e-05,0.002142814453691244,0.05471135675907135
Residual PPO,1008,0.0,0.0,-1.749120831489563,0.6261014938354492,0.26522985100746155,True,0.533538818359375,0.017587458714842796,0.002247939119115472,1.3434510037768632e-05,0.7775,4.45,4.45,0.0021986961364746094,0.0,3.853837915812619e-05,0.002355073345825076,0.05558688938617706
Residual PPO,1009,0.0,0.0,-1.9152493476867676,-0.3461688160896301,0.2149554342031479,True,0.5579289197921753,0.019593173637986183,0.0007689861813560128,1.8362397895543836e-05,0.77,4.6000000000000005,4.6000000000000005,0.0003190040588378906,0.0,4.177825394435786e-05,0.002525720279663801,0.05725100636482239
Residual PPO,1010,0.0,0.0,-1.8575115203857422,0.07161146402359009,0.4753030240535736,True,0.6557148098945618,0.03814190253615379,0.00969989225268364,4.745781552628614e-05,0.74,5.2,5.2,0.009691238403320312,0.0,2.8691438274108805e-05,0.0016017148736864328,0.05450551584362984
Residual PPO,1011,0.0,0.0,-1.57381272315979,0.12664707005023956,0.26378002762794495,True,0.4535141885280609,0.015551380813121796,0.0021974556148052216,1.2921393135911785e-05,0.79,4.2,4.2,0.0021457672119140625,0.0,3.744530840776861e-05,0.0021516012493520975,0.05368965491652489
Residual PPO,1012,0.0,0.0,-1.5405192375183105,0.561293363571167,0.2715309262275696,True,0.46328115463256836,0.015351935289800167,0.0024710961151868105,1.3396152098721359e-05,0.7925,4.15,4.15,0.0024318695068359375,0.0,3.762917185667902e-05,0.0022737891413271427,0.05304685980081558
Residual PPO,1013,0.0,0.0,-0.8082606196403503,-0.8420410752296448,0.401797890663147,True,0.3158614933490753,0.0154860345646739,0.0071718767285346985,2.0352317733340897e-05,0.8175,3.6500000000000004,3.6500000000000004,0.007170677185058594,0.0,4.7975743655115366e-05,0.002410098910331726,0.06542210280895233
Residual PPO,1014,0.0,0.0,-1.3467140197753906,0.1714046150445938,0.4693894386291504,True,0.44937044382095337,0.021657641977071762,0.009526695124804974,3.117717642453499e-05,0.79,4.2,4.2,0.009518623352050781,0.0,2.895778561651241e-05,0.0016169575974345207,0.054989203810691833
Residual PPO,1015,0.0,0.0,-1.4601455926895142,0.21413566172122955,0.39239153265953064,True,0.45922550559043884,0.01915055699646473,0.006839871406555176,1.858260111475829e-05,0.79,4.2,4.2,0.006839275360107422,0.0,3.1763906008563936e-05,0.0018272976158186793,0.05576050654053688
Residual PPO,1016,0.0,0.0,-1.6580126285552979,-0.11461202055215836,0.3060871958732605,True,0.494822233915329,0.01882169023156166,0.0036991529632359743,2.37389267567778e-05,0.7825,4.3500000000000005,4.3500000000000005,0.003688335418701172,0.0,3.6118104617344216e-05,0.0021480745635926723,0.05453181639313698
Residual PPO,1017,0.0,0.0,-0.62247234582901,0.6426637768745422,0.4917738139629364,True,0.25498971343040466,0.012844742275774479,0.010344062931835651,7.2557045314169955e-06,0.8425,3.1500000000000004,3.1500000000000004,0.010333061218261719,0.0,2.990682696690783e-05,0.0018267848063260317,0.050358716398477554
Residual PPO,1018,0.0,0.0,-1.1090368032455444,-0.0900818482041359,0.4614541530609131,True,0.35859066247940063,0.017075959593057632,0.009289258159697056,1.357173914584564e-05,0.8125,3.75,3.75,0.009282112121582031,0.0,3.0020570193300955e-05,0.0017329611582681537,0.05410560593008995
Residual PPO,1019,0.0,0.0,-1.674609661102295,-0.20800989866256714,0.34006524085998535,True,0.514828085899353,0.020960848778486252,0.004948955029249191,1.822301965148654e-05,0.7775,4.45,4.45,0.004947185516357422,0.0,3.52579663740471e-05,0.0021341415122151375,0.05667103826999664
Residual PPO,1020,0.0,0.0,-1.1319496631622314,-0.4326494336128235,0.2227078378200531,True,0.31911933422088623,0.012227031402289867,0.000903709908016026,1.3788575415674131e-05,0.825,3.5,3.5,0.0006151199340820312,0.0,3.7560319469776005e-05,0.002220743102952838,0.05772735923528671
Residual PPO,1021,0.0,0.0,-1.4384177923202515,-0.8382971882820129,0.49743902683258057,True,0.5359554290771484,0.029659701511263847,0.010492485947906971,3.0480723580694757e-05,0.7675,4.65,4.65,0.010480880737304688,0.0,3.4828677598852664e-05,0.002346588531509042,0.05463282763957977
Residual PPO,1022,0.0,0.0,-1.999210000038147,0.8368335366249084,0.37694433331489563,True,0.6856614947319031,0.029940199106931686,0.006273310631513596,2.497606328688562e-05,0.7475,5.050000000000001,5.050000000000001,0.0062732696533203125,0.0,3.501401442917995e-05,0.002356025157496333,0.05289324373006821
Residual PPO,1023,0.0,0.0,-1.4916963577270508,0.8117974996566772,0.4728805720806122,True,0.5421852469444275,0.0260738767683506,0.00964532233774662,3.221473525627516e-05,0.7725,4.55,4.55,0.009636878967285156,0.0,3.101288893958554e-05,0.0020907872822135687,0.05355868861079216
Residual PPO,1024,0.0,0.0,-1.51630699634552,-0.48329436779022217,0.3110935389995575,True,0.4610966444015503,0.018551960587501526,0.003881096839904785,2.3821952709113248e-05,0.7925,4.15,4.15,0.003872394561767578,0.0,3.8642498111585155e-05,0.0023586826864629984,0.056165050715208054
Residual PPO,1025,0.0,0.0,-0.7683239579200745,0.258014976978302,0.24864348769187927,True,0.20762118697166443,0.007234308402985334,0.001686630304902792,5.382567451306386e-06,0.8575,2.85,2.85,0.0015974044799804688,0.0,3.6361616366775706e-05,0.0017345943488180637,0.05492113158106804
Residual PPO,1026,0.0,0.0,-1.7438942193984985,0.19023452699184418,0.2583710551261902,True,0.509953498840332,0.017274774610996246,0.0020020385272800922,1.5804791473783553e-05,0.78,4.4,4.4,0.0019388198852539062,0.0,3.780873157666065e-05,0.0021751970052719116,0.0565347783267498
Residual PPO,1027,0.0,0.0,-1.9580382108688354,0.12429128587245941,0.36954861879348755,True,0.6339989900588989,0.028007719665765762,0.005995755549520254,2.9756920412182808e-05,0.7525,4.95,4.95,0.005995750427246094,0.0,3.274477057857439e-05,0.0018681245855987072,0.05602428689599037
Residual PPO,1028,0.0,0.0,-0.7757433652877808,-0.22796711325645447,0.4025936424732208,True,0.23994915187358856,0.011350352317094803,0.007213898003101349,1.2916766536363866e-05,0.8475,3.0500000000000003,3.0500000000000003,0.007212638854980469,0.0,3.6491335777100176e-05,0.001887945574708283,0.05677872151136398
Residual PPO,1029,0.0,0.0,-0.7448340058326721,0.6458722352981567,0.214758962392807,True,0.2371533215045929,0.008169654756784439,0.0007768401992507279,3.2304915293934755e-06,0.8575,2.85,2.85,0.00034046173095703125,0.0,3.6743782402481884e-05,0.001916992012411356,0.05146240442991257
Residual PPO,1030,0.0,0.0,-1.6447029113769531,-0.9496257901191711,0.4438457489013672,True,0.5955281257629395,0.031078556552529335,0.008641497232019901,3.102056143688969e-05,0.7625,4.75,4.75,0.008636474609375,0.0,3.807864777627401e-05,0.0025685231667011976,0.05486126244068146
Residual PPO,1031,0.0,0.0,-0.9611496329307556,0.9009804725646973,0.39864641427993774,True,0.36069607734680176,0.014625695534050465,0.0070791481994092464,1.0611074685584754e-05,0.8225,3.5500000000000003,3.5500000000000003,0.0070781707763671875,0.0,3.718184962053783e-05,0.002242713002488017,0.05111182481050491
Residual PPO,1032,0.0,0.0,-0.6833899617195129,-0.5306191444396973,0.49894750118255615,True,0.2602449357509613,0.014496737159788609,0.010577704757452011,1.2755440366163384e-05,0.8325,3.35,3.35,0.010565757751464844,0.0,3.37668061547447e-05,0.0019697309471666813,0.05468523129820824
Residual PPO,1033,0.0,0.0,-0.7577928304672241,0.7459949851036072,0.4761985242366791,True,0.3014245629310608,0.014047013595700264,0.009787026792764664,1.764213084243238e-05,0.8325,3.35,3.35,0.009778022766113281,0.0,3.062750329263508e-05,0.0019202418625354767,0.05158557370305061
Residual PPO,1034,0.0,0.0,-0.5296080112457275,-0.6777904629707336,0.22327283024787903,True,0.20482997596263885,0.009737574495375156,0.0009202964720316231,1.0575606211205013e-05,0.8525,2.95,2.95,0.0006427764892578125,0.0,4.088414425496012e-05,0.0020200470462441444,0.05516786500811577
Residual PPO,1035,0.0,0.0,-1.5201642513275146,-0.23973245918750763,0.436818927526474,True,0.5005165338516235,0.024039169773459435,0.008398514240980148,2.8070231564925052e-05,0.7775,4.45,4.45,0.008394241333007812,0.0,3.129054312012158e-05,0.0019297287799417973,0.054543595761060715
Residual PPO,1036,0.0,0.0,-1.558912754058838,0.6018440127372742,0.34900519251823425,True,0.49636030197143555,0.018744464963674545,0.005269885063171387,2.006366958084982e-05,0.785,4.3,4.3,0.005269050598144531,0.0,3.439545616856776e-05,0.0021418447140604258,0.05180274695158005
Residual PPO,1037,0.0,0.0,-1.5164998769760132,-0.3818822205066681,0.38270920515060425,True,0.4807579517364502,0.021110840141773224,0.006482794415205717,2.308582406840287e-05,0.785,4.3,4.3,0.006482601165771484,0.0,3.4506556403357536e-05,0.0021452864166349173,0.05553215369582176
Residual PPO,1038,0.0,0.0,-1.5098652839660645,-0.8029577136039734,0.31811848282814026,True,0.4864528477191925,0.02071700245141983,0.004146654158830643,1.9305562091176398e-05,0.79,4.2,4.2,0.004140377044677734,0.0,4.174105197307654e-05,0.0025852497201412916,0.05634520575404167
Residual PPO,1039,0.0,0.0,-0.6960156559944153,-0.0387578122317791,0.3661683201789856,True,0.20191071927547455,0.009069062769412994,0.005900407675653696,1.5028687812446151e-05,0.86,2.8000000000000003,2.8000000000000003,0.005900382995605469,0.0,3.283248224761337e-05,0.0017022843239828944,0.05457356944680214
Residual PPO,1040,0.0,0.0,-0.7547146081924438,0.5635512471199036,0.4134989380836487,True,0.2632780075073242,0.011347396299242973,0.007605741731822491,1.2641932698898017e-05,0.845,3.1,3.1,0.007603645324707031,0.0,3.1894462154014036e-05,0.0018828596221283078,0.0505857914686203
Residual PPO,1041,0.0,0.0,-0.6478168964385986,-0.19675222039222717,0.46515655517578125,True,0.21441344916820526,0.011732560582458973,0.009408990852534771,1.696733852440957e-05,0.855,2.9000000000000004,2.9000000000000004,0.009401321411132812,0.0,3.134053622488864e-05,0.00176392518915236,0.05626041814684868
Residual PPO,1042,0.0,0.0,-1.463887333869934,-0.25558269023895264,0.3728010952472687,True,0.4538705050945282,0.01926535926759243,0.00613022455945611,2.076398959616199e-05,0.7925,4.15,4.15,0.006130218505859375,0.0,3.403717710170895e-05,0.0020664376206696033,0.05474351346492767
Residual PPO,1043,0.0,0.0,-1.7490100860595703,-0.7958716750144958,0.31946444511413574,True,0.5642242431640625,0.02418181486427784,0.004192560911178589,2.1603709683404304e-05,0.7725,4.55,4.55,0.0041866302490234375,0.0,4.1297098505310714e-05,0.002629309892654419,0.05651281028985977
Residual PPO,1044,0.0,0.0,-1.981444239616394,0.7169352173805237,0.20961801707744598,True,0.5992311835289001,0.018117617815732956,0.0007362143369391561,1.5542596884188242e-05,0.7675,4.65,4.65,0.00012683868408203125,0.0,4.175200228928588e-05,0.0025637918151915073,0.05522153526544571
Residual PPO,1045,0.0,0.0,-0.7272861003875732,-0.39523494243621826,0.4158290922641754,True,0.24043115973472595,0.011921352706849575,0.00768606411293149,1.370856352878036e-05,0.8475,3.0500000000000003,3.0500000000000003,0.007683753967285156,0.0,3.649918653536588e-05,0.0019570868462324142,0.05597039312124252
Residual PPO,1046,0.0,0.0,-1.868130087852478,0.6265861392021179,0.39649125933647156,True,0.631199836730957,0.02813066728413105,0.006969756912440062,2.7617479645414278e-05,0.755,4.9,4.9,0.006968975067138672,0.0,3.281731915194541e-05,0.002126633422449231,0.05283579230308533
Residual PPO,1047,0.0,0.0,-1.1699552536010742,-0.14992530643939972,0.29876548051834106,True,0.3337308168411255,0.012694326229393482,0.0034499196335673332,1.4883230505802203e-05,0.82,3.6,3.6,0.0034356117248535156,0.0,3.581165583455004e-05,0.0021226240787655115,0.05663987994194031
Residual PPO,1048,0.0,0.0,-0.9076822996139526,-0.7630760073661804,0.4824531674385071,True,0.3474729061126709,0.0179937444627285,0.010012884624302387,1.3787170246359892e-05,0.81,3.8000000000000003,3.8000000000000003,0.010003089904785156,0.0,3.533685230650008e-05,0.0021839668042957783,0.056852154433727264
Residual PPO,1049,0.0,0.0,-1.6127384901046753,0.09402617067098618,0.43331217765808105,True,0.5319633483886719,0.025200750678777695,0.008279870264232159,2.606411544547882e-05,0.77,4.6000000000000005,4.6000000000000005,0.008275985717773438,0.0,3.021694465132896e-05,0.0017084799474105239,0.054495058953762054
Residual PPO,1050,0.0,0.0,-1.2507070302963257,-0.40418457984924316,0.49881017208099365,True,0.435098797082901,0.022915424779057503,0.010547056794166565,2.5346645998070017e-05,0.7925,4.15,4.15,0.010535240173339844,0.0,3.057906360481866e-05,0.001916469307616353,0.05565796419978142
Residual PPO,1051,0.0,0.0,-0.8433747291564941,-0.6024307608604431,0.2584548592567444,True,0.26431789994239807,0.011323736049234867,0.0020110695622861385,1.1554316188266966e-05,0.8425,3.1500000000000004,3.1500000000000004,0.0019488334655761719,0.0,3.8478916394524276e-05,0.002121545607224107,0.05782900005578995
Residual PPO,1052,0.0,0.0,-1.577463150024414,-0.03658809885382652,0.32490968704223633,True,0.47278934717178345,0.018222589045763016,0.004399011377245188,1.7068179658963345e-05,0.7875,4.25,4.25,0.00439453125,0.0,3.500355524010956e-05,0.0020509231835603714,0.05524266138672829
Residual PPO,1053,0.0,0.0,-0.7320424914360046,-0.38764455914497375,0.44851720333099365,True,0.24837136268615723,0.012827897444367409,0.00884433463215828,1.0709512025641743e-05,0.845,3.1,3.1,0.008838653564453125,0.0,3.602297874749638e-05,0.001971150515601039,0.05578303709626198
Residual PPO,1054,0.0,0.0,-1.9604523181915283,0.6108824014663696,0.3443475067615509,True,0.6391269564628601,0.025665367022156715,0.005099654197692871,2.1521114831557497e-05,0.755,4.9,4.9,0.0050983428955078125,0.0,3.484204353298992e-05,0.0022281112615019083,0.054321855306625366
Residual PPO,1055,0.0,0.0,-0.8035520911216736,-0.8197364807128906,0.37500709295272827,True,0.3062325417995453,0.0146825285628438,0.006228003650903702,1.1947429811698385e-05,0.8225,3.5500000000000003,3.5500000000000003,0.006227970123291016,0.0,4.855276711168699e-05,0.0023839951027184725,0.0686565712094307
Residual PPO,1056,0.0,0.0,-0.6173267960548401,-0.7547652125358582,0.33817118406295776,True,0.24839964509010315,0.011969815008342266,0.004886659327894449,1.3843806300428696e-05,0.835,3.3000000000000003,3.3000000000000003,0.0048847198486328125,0.0,4.1557195800123736e-05,0.0021719196811318398,0.05485446751117706
Residual PPO,1057,0.0,0.0,-1.4013786315917969,-0.020997419953346252,0.2980625629425049,True,0.40564143657684326,0.01490121427923441,0.003426517592743039,1.451965727028437e-05,0.8025,3.95,3.95,0.0034117698669433594,0.0,3.6218527384335175e-05,0.00209822878241539,0.0564812608063221
Residual PPO,1058,0.0,0.0,-1.9344123601913452,-0.6835842132568359,0.34246277809143066,True,0.6312327980995178,0.028171991929411888,0.0050116428174078465,3.0444767617154866e-05,0.7575,4.8500000000000005,4.8500000000000005,0.005010128021240234,0.0,3.878829738823697e-05,0.0025391168892383575,0.05684269219636917
Residual PPO,1059,0.0,0.0,-1.3239208459854126,-0.34795770049095154,0.3298633396625519,True,0.39726656675338745,0.016073452308773994,0.0045724413357675076,2.0310902982600965e-05,0.805,3.9000000000000004,3.9000000000000004,0.004569053649902344,0.0,3.670670776045881e-05,0.0021998900920152664,0.054955821484327316
Residual PPO,1060,0.0,0.0,-0.5232435464859009,-0.8263487219810486,0.4775193929672241,True,0.26284900307655334,0.01466824859380722,0.009829203598201275,2.043063796008937e-05,0.825,3.5,3.5,0.009819984436035156,0.0,3.732413097168319e-05,0.0021799649111926556,0.052358414977788925
Residual PPO,1061,0.0,0.0,-1.0766786336898804,0.09924349933862686,0.28927016258239746,True,0.3013931214809418,0.010866858996450901,0.0031151194125413895,9.97618099063402e-06,0.8275,3.45,3.45,0.0030946731567382812,0.0,3.347654273966327e-05,0.0019645956344902515,0.055966950953006744
Residual PPO,1062,0.0,0.0,-1.020176649093628,-0.6513675451278687,0.4292861223220825,True,0.3527791202068329,0.016931327059864998,0.00814889743924141,2.018787563429214e-05,0.815,3.7,3.7,0.008145332336425781,0.0,3.599182309699245e-05,0.00219410820864141,0.05415168032050133
Residual PPO,1063,0.0,0.0,-0.5567145943641663,0.6067063212394714,0.2895512878894806,True,0.2001395970582962,0.007652668748050928,0.003128601238131523,7.544506388512673e-06,0.87,2.6,2.6,0.003108501434326172,0.0,2.833274265867658e-05,0.0016585856210440397,0.049730684608221054
Residual PPO,1064,0.0,0.0,-1.6129041910171509,-0.13716638088226318,0.24278511106967926,True,0.4604463279247284,0.016068242490291595,0.0014716737205162644,1.713128949631937e-05,0.79,4.2,4.2,0.0013566017150878906,0.0,3.937203291570768e-05,0.0023101053666323423,0.055054496973752975
Residual PPO,1065,0.0,0.0,-0.5033138990402222,-0.5932050347328186,0.453745573759079,True,0.21397964656352997,0.012054307386279106,0.009028063155710697,1.0082629160024226e-05,0.845,3.1,3.1,0.009021759033203125,0.0,3.362805728102103e-05,0.0019155337940901518,0.056316182017326355
Residual PPO,1066,0.0,0.0,-1.3762075901031494,0.32575497031211853,0.20805609226226807,True,0.38269710540771484,0.011865431442856789,0.000734869041480124,1.1166843250975944e-05,0.8075,3.85,3.85,7.677078247070312e-05,0.0,3.8107777072582394e-05,0.0022899594623595476,0.05479497089982033
Residual PPO,1067,0.0,0.0,-0.6176835894584656,0.9055254459381104,0.20151829719543457,True,0.25913769006729126,0.010138627141714096,0.0007733528036624193,1.1462875590950716e-06,0.84,3.2,3.2,0.0,0.0,3.2689484214643016e-05,0.0019912796560674906,0.04732120409607887
Residual PPO,1068,0.0,0.0,-0.7787961959838867,0.5352519750595093,0.25048118829727173,True,0.23579704761505127,0.008046532981097698,0.0017451985040679574,7.235290468088351e-06,0.855,2.9000000000000004,2.9000000000000004,0.0016617774963378906,0.0,3.756290607270785e-05,0.0018646173411980271,0.05689382180571556
Residual PPO,1069,0.0,0.0,-0.5076419115066528,0.8446078896522522,0.24751581251621246,True,0.233356773853302,0.009373721666634083,0.0016481367638334632,4.902690307062585e-06,0.845,3.1,3.1,0.0015549659729003906,0.0,2.91042906610528e-05,0.0018140068277716637,0.04623532295227051
Residual PPO,1070,0.0,0.0,-1.6644020080566406,0.9533751606941223,0.22921264171600342,True,0.5262418985366821,0.016609590500593185,0.001065391581505537,1.434242949471809e-05,0.785,4.3,4.3,0.0008563995361328125,0.0,4.268900374881923e-05,0.002622287953272462,0.05445069819688797
Residual PPO,1071,0.0,0.0,-1.6379417181015015,0.7469041347503662,0.26974478363990784,True,0.5082069039344788,0.016755225136876106,0.0024014052469283342,1.6636220607324503e-05,0.785,4.3,4.3,0.0023593902587890625,0.0,3.896854832419194e-05,0.0024017952382564545,0.05516229197382927
Residual PPO,1072,0.0,0.0,-1.22187077999115,0.3675197660923004,0.4661308228969574,True,0.4093969762325287,0.018889451399445534,0.009428090415894985,2.451166983519215e-05,0.8,4.0,4.0,0.009420394897460938,0.0,2.908472015406005e-05,0.0017163208685815334,0.05442333593964577
Residual PPO,1073,0.0,0.0,-1.5133368968963623,0.8512749075889587,0.3800120949745178,True,0.5137246251106262,0.02030070498585701,0.006397361401468515,1.7574249795870855e-05,0.785,4.3,4.3,0.006397247314453125,0.0,3.4934513678308576e-05,0.002264054724946618,0.05418814718723297
Residual PPO,1074,0.0,0.0,-0.5001789927482605,-0.2884053587913513,0.4962819218635559,True,0.18452243506908417,0.011624987237155437,0.01050298847258091,5.358542694011703e-06,0.8625,2.75,2.75,0.010491371154785156,0.0,2.989883068948984e-05,0.0016782879829406738,0.054845720529556274
Residual PPO,1075,0.0,0.0,-0.8189709782600403,0.9466501474380493,0.23914383351802826,True,0.30818530917167664,0.011324567720293999,0.001376754604279995,4.068169346282957e-06,0.835,3.3000000000000003,3.3000000000000003,0.0012459754943847656,0.0,3.9092174120014533e-05,0.0022361644078046083,0.04984830319881439
Residual PPO,1076,0.0,0.0,-1.445397138595581,-0.562984049320221,0.45283621549606323,True,0.4946329891681671,0.02471805550158024,0.008953460492193699,3.052285319427028e-05,0.7825,4.3500000000000005,4.3500000000000005,0.008947372436523438,0.0,3.34107389790006e-05,0.0021592318080365658,0.05530257523059845
Residual PPO,1077,0.0,0.0,-0.6151338219642639,-0.8893533945083618,0.2694230377674103,True,0.2660285532474518,0.012759940698742867,0.0023983505088835955,1.127683117374545e-05,0.8275,3.45,3.45,0.0023565292358398438,0.0,4.4798282033298165e-05,0.002282185247167945,0.061846207827329636
Residual PPO,1078,0.0,0.0,-0.6580581068992615,-0.6858707666397095,0.23459486663341522,True,0.2314525544643402,0.010550661943852901,0.0012264832621440291,9.470153599977493e-06,0.845,3.1,3.1,0.0010662078857421875,0.0,4.526311386143789e-05,0.002122973557561636,0.0681757777929306
Residual PPO,1079,0.0,0.0,-0.5874135494232178,0.8651593327522278,0.4896434247493744,True,0.2828395366668701,0.014003831893205643,0.01028369553387165,2.725627382460516e-06,0.83,3.4000000000000004,3.4000000000000004,0.010272979736328125,0.0,3.117424785159528e-05,0.0019661320839077234,0.048200059682130814
Residual PPO,1080,0.0,0.0,-0.6397119164466858,0.7102972865104675,0.367546945810318,True,0.24638023972511292,0.01018393225967884,0.005969057325273752,6.328351446427405e-06,0.85,3.0,3.0,0.005969047546386719,0.0,3.0383576813619584e-05,0.0018432583892717957,0.05107704922556877
Residual PPO,1081,0.0,0.0,-1.3320256471633911,0.8601993322372437,0.3006768822669983,True,0.43536776304244995,0.015148978680372238,0.003529487643390894,1.018291095533641e-05,0.805,3.9000000000000004,3.9000000000000004,0.0035161972045898438,0.0,3.811847636825405e-05,0.0023692846298217773,0.05115561932325363
Residual PPO,1082,0.0,0.0,-0.9581221342086792,-0.30673766136169434,0.3117980659008026,True,0.2785293757915497,0.011386706493794918,0.003936902619898319,8.711430382390972e-06,0.835,3.3000000000000003,3.3000000000000003,0.003928661346435547,0.0,3.5648656194098294e-05,0.0020265495404601097,0.05695311352610588
Residual PPO,1083,0.0,0.0,-1.3940625190734863,0.6289385557174683,0.21643398702144623,True,0.41007572412490845,0.012609317898750305,0.000793584855273366,1.0664884030120447e-05,0.805,3.9000000000000004,3.9000000000000004,0.0003886222839355469,0.0,3.9200651372084394e-05,0.0023789142724126577,0.05405750125646591
Residual PPO,1084,0.0,0.0,-0.7371216416358948,-0.8951173424720764,0.4071005880832672,True,0.30950862169265747,0.01549598015844822,0.007363000884652138,1.9573710233089514e-05,0.8175,3.6500000000000004,3.6500000000000004,0.007361412048339844,0.0,4.517088018474169e-05,0.0024119929876178503,0.055608294904232025
Residual PPO,1085,0.0,0.0,-0.7224554419517517,-0.08529454469680786,0.4138740301132202,True,0.22112040221691132,0.010674087330698967,0.007619136944413185,1.2533023436844815e-05,0.8525,2.95,2.95,0.007616996765136719,0.0,3.308123996248469e-05,0.0017669774824753404,0.05637222155928612
Residual PPO,1086,0.0,0.0,-0.7490203976631165,-0.7008727788925171,0.4387705326080322,True,0.2867248058319092,0.014609170146286488,0.008498967625200748,1.2496888302848674e-05,0.825,3.5,3.5,0.008494377136230469,0.0,4.1397881432203576e-05,0.0022462059278041124,0.05526653304696083
Residual PPO,1087,0.0,0.0,-1.2718281745910645,-0.8616007566452026,0.3274095356464386,True,0.42493703961372375,0.01865224726498127,0.004493757151067257,1.5187599274213426e-05,0.8025,3.95,3.95,0.004489898681640625,0.0,4.246379103278741e-05,0.0025697764940559864,0.05723519250750542
Residual PPO,1088,0.0,0.0,-1.148199200630188,-0.9221230149269104,0.4605681300163269,True,0.43281158804893494,0.02176523581147194,0.009238620288670063,2.279863110743463e-05,0.7925,4.15,4.15,0.0092315673828125,0.0,3.8189857150428e-05,0.0024174940772354603,0.05627141147851944
Residual PPO,1089,0.0,0.0,-1.8535881042480469,0.5890284776687622,0.37915652990341187,True,0.6145689487457275,0.026189425960183144,0.0063577559776604176,2.2602975150221027e-05,0.76,4.800000000000001,4.800000000000001,0.006357669830322266,0.0,3.324971839901991e-05,0.002127031795680523,0.05512060597538948
Residual PPO,1090,0.0,0.0,-0.9845758080482483,-0.6573527455329895,0.30003631114959717,True,0.3150636851787567,0.013553103432059288,0.0035006410907953978,1.2649662494368386e-05,0.83,3.4000000000000004,3.4000000000000004,0.003487110137939453,0.0,3.8386588130379096e-05,0.0022574583999812603,0.05768938735127449
Residual PPO,1091,0.0,0.0,-1.8845704793930054,-0.6914018392562866,0.36124923825263977,True,0.6221154928207397,0.028546929359436035,0.005690254736691713,3.2085401471704245e-05,0.76,4.800000000000001,4.800000000000001,0.005690097808837891,0.0,3.7966987292747945e-05,0.00250461813993752,0.05347930267453194
Residual PPO,1092,0.0,0.0,-1.9696727991104126,-0.2278679758310318,0.31251582503318787,True,0.6117554306983948,0.02473466284573078,0.003925046883523464,2.8546592147904448e-05,0.76,4.800000000000001,4.800000000000001,0.003916740417480469,0.0,3.634329550550319e-05,0.0022382312454283237,0.056606680154800415
Residual PPO,1093,0.0,0.0,-0.8791002631187439,0.07968070358037949,0.43002596497535706,True,0.2733713686466217,0.01256620604544878,0.008186180144548416,1.3415681678452529e-05,0.835,3.3000000000000003,3.3000000000000003,0.008182525634765625,0.0,3.1737450626678765e-05,0.0017536744708195329,0.05455237254500389
Residual PPO,1094,0.0,0.0,-0.9031349420547485,-0.5643354058265686,0.2514164447784424,True,0.2737323045730591,0.011451330035924911,0.001767573761753738,1.1913247362826951e-05,0.8425,3.1500000000000004,3.1500000000000004,0.0016865730285644531,0.0,3.667227065307088e-05,0.0021134186536073685,0.05702207610011101
Residual PPO,1095,0.0,0.0,-1.3096781969070435,-0.4019305408000946,0.2943161725997925,True,0.3864879012107849,0.015200190246105194,0.0032928581349551678,1.3300422324391548e-05,0.8075,3.85,3.85,0.0032758712768554688,0.0,3.847349944408052e-05,0.00230157608166337,0.05379455164074898
Residual PPO,1096,0.0,0.0,-0.5565752387046814,0.7886120080947876,0.27283963561058044,True,0.23160295188426971,0.009051751345396042,0.0025395737029612064,1.7456519572078832e-06,0.85,3.0,3.0,0.002502918243408203,0.0,2.9352713681873865e-05,0.0018053718376904726,0.046985700726509094
Residual PPO,1097,0.0,0.0,-1.3080552816390991,0.037033263593912125,0.27344202995300293,True,0.3694742023944855,0.013029132038354874,0.0025473684072494507,9.136680091614835e-06,0.81,3.8000000000000003,3.8000000000000003,0.0025110244750976562,0.0,3.658982677734457e-05,0.002127721207216382,0.056673675775527954
Residual PPO,1098,0.0,0.0,-1.2224541902542114,-0.25077617168426514,0.4742331802845001,True,0.40753012895584106,0.02020401693880558,0.009726636111736298,1.5817760868230835e-05,0.8,4.0,4.0,0.009717941284179688,0.0,3.0371804314199835e-05,0.0018319077789783478,0.05321934074163437
Residual PPO,1099,0.0,0.0,-1.9130916595458984,0.09447009861469269,0.36984628438949585,True,0.6162301898002625,0.026998097077012062,0.006012442987412214,2.6932717446470633e-05,0.7575,4.8500000000000005,4.8500000000000005,0.006012439727783203,0.0,3.2723961339797825e-05,0.0018719559302553535,0.054744407534599304
PD+FF,1000,0.0,0.01,-1.2179213762283325,0.20768369734287262,0.34128254652023315,True,0.39108040928840637,0.04930952936410904,0.0027720925863832235,0.004257469438016415,0.7275,5.45,5.45,0.001346588134765625,0.0,0.0005028132582083344,0.019656196236610413,0.06773293018341064
PD+FF,1001,0.0,0.01,-1.0811076164245605,-0.9685990810394287,0.25630688667297363,True,0.41101598739624023,0.050657328218221664,0.006205800920724869,0.005948189180344343,0.725,5.5,5.5,0.006162166595458984,0.0,0.0004599415697157383,0.01926494762301445,0.054447293281555176
PD+FF,1002,0.0,0.01,-1.428768277168274,-0.28562131524086,0.4242836833000183,True,0.48714354634284973,0.0654066726565361,0.0030732378363609314,0.0019070914713665843,0.6975,6.050000000000001,6.050000000000001,0.0025234222412109375,0.0,0.0005520648555830121,0.020801585167646408,0.05635717883706093
PD+FF,1003,0.0,0.01,-1.7183640003204346,-0.48658838868141174,0.34840381145477295,True,0.5705417990684509,0.07605613768100739,0.003297504037618637,0.006766608450561762,0.6825,6.3500000000000005,6.3500000000000005,0.0031652450561523438,0.0,0.0005138402339071035,0.019877105951309204,0.053610824048519135
PD+FF,1004,0.0,0.01,-1.998679280281067,-0.7396973967552185,0.24154320359230042,True,0.6470344066619873,0.08306849747896194,0.006751393433660269,0.002896310994401574,0.6725,6.550000000000001,6.550000000000001,0.0015587806701660156,0.0,0.0004768017097376287,0.019531071186065674,0.051809486001729965
PD+FF,1005,0.0,0.01,-1.8766711950302124,0.8611240983009338,0.28618520498275757,True,0.6312302350997925,0.07943353801965714,0.003532429924234748,0.005369454622268677,0.6775,6.45,6.45,0.0032529830932617188,0.0,0.0005001413519494236,0.019811280071735382,0.056945253163576126
PD+FF,1006,0.0,0.01,-1.4946178197860718,0.20171388983726501,0.28934937715530396,True,0.46761104464530945,0.05896781012415886,0.0009345035650767386,0.005005334969609976,0.71,5.800000000000001,5.800000000000001,0.00046062469482421875,0.0,0.000516315980348736,0.020138492807745934,0.055272284895181656
PD+FF,1007,0.0,0.01,-1.8931626081466675,0.6319606900215149,0.39287856221199036,True,0.6593201160430908,0.09032193571329117,0.004557561594992876,0.0016335109248757362,0.6625,6.75,6.75,0.0,0.0,0.0004634367651306093,0.019083909690380096,0.04966926574707031
PD+FF,1008,0.0,0.01,-1.749120831489563,0.6261014938354492,0.26522985100746155,True,0.5653362274169922,0.0729386955499649,0.004388769622892141,0.005178344901651144,0.685,6.300000000000001,6.300000000000001,0.0011186599731445312,0.0,0.0004861583292949945,0.01932765170931816,0.054955851286649704
PD+FF,1009,0.0,0.01,-1.9152493476867676,-0.3461688160896301,0.2149554342031479,True,0.589449405670166,0.07374601066112518,0.0027792807668447495,0.003256084630265832,0.6825,6.3500000000000005,6.3500000000000005,0.003243684768676758,0.0,0.0004529354628175497,0.018455469980835915,0.06312267482280731
PD+FF,1010,0.0,0.01,-1.8575115203857422,0.07161146402359009,0.4753030240535736,True,0.6699979901313782,0.10119674354791641,0.008507288061082363,0.004798398818820715,0.65,7.0,7.0,0.005198478698730469,0.0,0.0005056787049397826,0.019579466432332993,0.05779807269573212
PD+FF,1011,0.0,0.01,-1.57381272315979,0.12664707005023956,0.26378002762794495,True,0.48472273349761963,0.06070612743496895,0.0018028257181867957,0.0026331988628953695,0.705,5.9,5.9,0.003482818603515625,0.0,0.0005144178867340088,0.019896099343895912,0.05717192590236664
PD+FF,1012,0.0,0.01,-1.5405192375183105,0.561293363571167,0.2715309262275696,True,0.4964092969894409,0.06340938061475754,0.004509144928306341,0.0023690483067184687,0.7025,5.95,5.95,0.003212451934814453,0.0,0.0005072960630059242,0.020026899874210358,0.050735075026750565
PD+FF,1013,0.0,0.01,-0.8082606196403503,-0.8420410752296448,0.401797890663147,True,0.3476962149143219,0.04334718734025955,0.003032846376299858,0.0013414464192464948,0.7425,5.15,5.15,0.0023093223571777344,0.0,0.0005019396776333451,0.01994132809340954,0.059215668588876724
PD+FF,1014,0.0,0.01,-1.3467140197753906,0.1714046150445938,0.4693894386291504,True,0.47024422883987427,0.06271674484014511,0.002709274645894766,0.003924359567463398,0.7025,5.95,5.95,0.006677150726318359,0.0,0.00044499721843749285,0.018686959519982338,0.06290742009878159
PD+FF,1015,0.0,0.01,-1.4601455926895142,0.21413566172122955,0.39239153265953064,True,0.4846041798591614,0.06337346136569977,0.0013833619887009263,0.004857953172177076,0.7,6.0,6.0,0.0,0.0,0.0005165887996554375,0.02023378573358059,0.06881392747163773
PD+FF,1016,0.0,0.01,-1.6580126285552979,-0.11461202055215836,0.3060871958732605,True,0.524343729019165,0.06813468039035797,0.0011308585526421666,0.003218594938516617,0.6925,6.15,6.15,0.0,0.0,0.0005116178654134274,0.01988138258457184,0.0518016517162323
PD+FF,1017,0.0,0.01,-0.62247234582901,0.6426637768745422,0.4917738139629364,True,0.2853206396102905,0.03669843077659607,0.005086962599307299,0.00032591348281130195,0.7625,4.75,4.75,0.0,0.0,0.0005079787806607783,0.0201543178409338,0.057447098195552826
PD+FF,1018,0.0,0.01,-1.1090368032455444,-0.0900818482041359,0.4614541530609131,True,0.3852144479751587,0.05032793805003166,0.004536133725196123,0.005376418121159077,0.725,5.5,5.5,0.0003046989440917969,0.0,0.0005034054047428071,0.01959875039756298,0.06318391859531403
PD+FF,1019,0.0,0.01,-1.674609661102295,-0.20800989866256714,0.34006524085998535,True,0.5407804846763611,0.06960140913724899,0.004071311559528112,0.007546526379883289,0.6925,6.15,6.15,0.0026259422302246094,0.0,0.0004780206654686481,0.019063172861933708,0.055911995470523834
PD+FF,1020,0.0,0.01,-1.1319496631622314,-0.4326494336128235,0.2227078378200531,True,0.3520326614379883,0.04223846271634102,9.892691014101729e-05,0.0012672204757109284,0.7425,5.15,5.15,0.0012545585632324219,0.0,0.0005389904836192727,0.02045935019850731,0.07265740633010864
PD+FF,1021,0.0,0.01,-1.4384177923202515,-0.8382971882820129,0.49743902683258057,True,0.5576820373535156,0.0768420472741127,0.0004041011561639607,0.006185580976307392,0.68,6.4,6.4,0.0010266304016113281,0.0,0.0004630832700058818,0.018982676789164543,0.05951560288667679
PD+FF,1022,0.0,0.01,-1.999210000038147,0.8368335366249084,0.37694433331489563,True,0.7060508728027344,0.09711851179599762,0.006490793544799089,0.00338809285312891,0.655,6.9,6.9,0.0015687942504882812,0.0,0.0005237119039520621,0.020209191367030144,0.05370066314935684
PD+FF,1023,0.0,0.01,-1.4916963577270508,0.8117974996566772,0.4728805720806122,True,0.5633859634399414,0.07626469433307648,0.0038288480136543512,0.004558525513857603,0.68,6.4,6.4,0.001216888427734375,0.0,0.00046135601587593555,0.01916556805372238,0.0498172789812088
PD+FF,1024,0.0,0.01,-1.51630699634552,-0.48329436779022217,0.3110935389995575,True,0.49328190088272095,0.0636826604604721,0.0033307792618870735,0.002288756426423788,0.7,6.0,6.0,0.0,0.0,0.000482111208839342,0.019213031977415085,0.05048041790723801
PD+FF,1025,0.0,0.01,-0.7683239579200745,0.258014976978302,0.24864348769187927,True,0.23756156861782074,0.028134463354945183,0.0037876125425100327,0.006291668396443129,0.7875,4.25,4.25,0.0020279884338378906,0.0,0.0005237694713287055,0.020048273727297783,0.06040012836456299
PD+FF,1026,0.0,0.01,-1.7438942193984985,0.19023452699184418,0.2583710551261902,True,0.5405667424201965,0.06916093081235886,0.0028948960825800896,0.002848690142855048,0.6925,6.15,6.15,0.0021920204162597656,0.0,0.000516001193318516,0.020148448646068573,0.0612129271030426
PD+FF,1027,0.0,0.01,-1.9580382108688354,0.12429128587245941,0.36954861879348755,True,0.6532565355300903,0.08809855580329895,0.005979421082884073,0.002892982680350542,0.665,6.7,6.7,0.0024394989013671875,0.0,0.0004680737911257893,0.019008364528417587,0.05669860914349556
PD+FF,1028,0.0,0.01,-0.7757433652877808,-0.22796711325645447,0.4025936424732208,True,0.26709771156311035,0.03399120643734932,0.0023466795682907104,0.00465205404907465,0.77,4.6000000000000005,4.6000000000000005,0.0024237632751464844,0.0,0.0005047880113124847,0.01995318941771984,0.0605812668800354
PD+FF,1029,0.0,0.01,-0.7448340058326721,0.6458722352981567,0.214758962392807,True,0.27326032519340515,0.03220910578966141,0.004404708743095398,0.005170242860913277,0.77,4.6000000000000005,4.6000000000000005,0.0043392181396484375,0.0,0.00047532873577438295,0.019433023408055305,0.05517427995800972
PD+FF,1030,0.0,0.01,-1.6447029113769531,-0.9496257901191711,0.4438457489013672,True,0.6195676922798157,0.08356215059757233,0.002591694239526987,0.009246080182492733,0.67,6.6000000000000005,6.6000000000000005,0.0019350051879882812,0.0,0.000492743740323931,0.019429916515946388,0.05083741620182991
PD+FF,1031,0.0,0.01,-0.9611496329307556,0.9009804725646973,0.39864641427993774,True,0.3953531086444855,0.049938153475522995,0.0032386051025241613,0.0011369806015864015,0.725,5.5,5.5,0.0031957626342773438,0.0,0.000527143245562911,0.020498698577284813,0.05656891688704491
PD+FF,1032,0.0,0.01,-0.6833899617195129,-0.5306191444396973,0.49894750118255615,True,0.2879032790660858,0.03621950373053551,0.001635439693927765,0.007049796171486378,0.76,4.800000000000001,4.800000000000001,0.0016279220581054688,0.0,0.0005241138860583305,0.020246300846338272,0.07344149798154831
PD+FF,1033,0.0,0.01,-0.7577928304672241,0.7459949851036072,0.4761985242366791,True,0.33287113904953003,0.04112996906042099,0.0013451363192871213,0.0021060584113001823,0.7475,5.050000000000001,5.050000000000001,0.0011386871337890625,0.0,0.0004990873858332634,0.01982233300805092,0.05465901270508766
PD+FF,1034,0.0,0.01,-0.5296080112457275,-0.6777904629707336,0.22327283024787903,True,0.2325451672077179,0.027971146628260612,0.0019874509889632463,0.0033910709898918867,0.7925,4.15,4.15,0.0007481575012207031,0.0,0.0005314121372066438,0.02033979445695877,0.06225692853331566
PD+FF,1035,0.0,0.01,-1.5201642513275146,-0.23973245918750763,0.436818927526474,True,0.5219957232475281,0.06905433535575867,0.004674953408539295,0.007531746756285429,0.69,6.2,6.2,0.0013580322265625,0.0,0.0004846056690439582,0.019179431721568108,0.05813481658697128
PD+FF,1036,0.0,0.01,-1.558912754058838,0.6018440127372742,0.34900519251823425,True,0.5261563658714294,0.06915737688541412,0.0019257584353908896,0.005768318194895983,0.6925,6.15,6.15,0.0019078254699707031,0.0,0.00047566776629537344,0.018986402079463005,0.05938982591032982
PD+FF,1037,0.0,0.01,-1.5164998769760132,-0.3818822205066681,0.38270920515060425,True,0.5072857737541199,0.06687025725841522,0.003825569059699774,0.004746126011013985,0.695,6.1000000000000005,6.1000000000000005,0.00040912628173828125,0.0,0.000499403162393719,0.01986774615943432,0.054332420229911804
PD+FF,1038,0.0,0.01,-1.5098652839660645,-0.8029577136039734,0.31811848282814026,True,0.5201268792152405,0.06503783911466599,0.004441321827471256,0.0034331087954342365,0.6975,6.050000000000001,6.050000000000001,0.0023651123046875,0.0,0.0005016638315282762,0.019810819998383522,0.05985536426305771
PD+FF,1039,0.0,0.01,-0.6960156559944153,-0.0387578122317791,0.3661683201789856,True,0.2286297231912613,0.02804678864777088,0.004126417450606823,0.0022886667866259813,0.785,4.3,4.3,0.0036573410034179688,0.0,0.00048263842472806573,0.019470348954200745,0.055089257657527924
PD+FF,1040,0.0,0.01,-0.7547146081924438,0.5635512471199036,0.4134989380836487,True,0.29453590512275696,0.03807404264807701,0.0012600637273862958,0.002574518322944641,0.76,4.800000000000001,4.800000000000001,0.0021800994873046875,0.0,0.00047208365867845714,0.01916835457086563,0.05353877320885658
PD+FF,1041,0.0,0.01,-0.6478168964385986,-0.19675222039222717,0.46515655517578125,True,0.23943957686424255,0.03095065988600254,0.00031531433342024684,0.0018433635123074055,0.7775,4.45,4.45,0.000308990478515625,0.0,0.0004974029725417495,0.01971082016825676,0.05459697172045708
PD+FF,1042,0.0,0.01,-1.463887333869934,-0.25558269023895264,0.3728010952472687,True,0.4815046489238739,0.06234161555767059,0.0006093757110647857,0.0031813594978302717,0.7025,5.95,5.95,0.002140522003173828,0.0,0.00046044852933846414,0.019069720059633255,0.05325726419687271
PD+FF,1043,0.0,0.01,-1.7490100860595703,-0.7958716750144958,0.31946444511413574,True,0.5945333242416382,0.07849127054214478,0.0006328620365820825,0.002334905555471778,0.6775,6.45,6.45,0.002110004425048828,0.0,0.0004962961538694799,0.019701214507222176,0.05416775867342949
PD+FF,1044,0.0,0.01,-1.981444239616394,0.7169352173805237,0.20961801707744598,True,0.6309995055198669,0.07941611856222153,0.004135338589549065,0.0026518721133470535,0.6775,6.45,6.45,0.0028367042541503906,0.0,0.0005011070752516389,0.019433770328760147,0.0700448527932167
PD+FF,1045,0.0,0.01,-0.7272861003875732,-0.39523494243621826,0.4158290922641754,True,0.2686101496219635,0.03429870307445526,0.0035075806081295013,0.002530057681724429,0.7675,4.65,4.65,0.0035104751586914062,0.0,0.0005045105353929102,0.01985042169690132,0.0651518851518631
PD+FF,1046,0.0,0.01,-1.868130087852478,0.6265861392021179,0.39649125933647156,True,0.6512178778648376,0.08784841001033783,0.002545691793784499,0.0048929909244179726,0.6675,6.65,6.65,0.0022497177124023438,0.0,0.0005202986649237573,0.02001735009253025,0.056572794914245605
PD+FF,1047,0.0,0.01,-1.1699552536010742,-0.14992530643939972,0.29876548051834106,True,0.3647648096084595,0.04693925753235817,0.0076185232028365135,0.004739680327475071,0.7325,5.3500000000000005,5.3500000000000005,0.0,0.0,0.0005227655055932701,0.020054958760738373,0.05808839201927185
PD+FF,1048,0.0,0.01,-0.9076822996139526,-0.7630760073661804,0.4824531674385071,True,0.378014475107193,0.04950200393795967,0.003287964966148138,0.004701870959252119,0.73,5.4,5.4,0.005255699157714844,0.0,0.000513704027980566,0.020179813727736473,0.05682956799864769
PD+FF,1049,0.0,0.01,-1.6127384901046753,0.09402617067098618,0.43331217765808105,True,0.5518748760223389,0.07593748718500137,0.00396013306453824,0.0008096604142338037,0.6825,6.3500000000000005,6.3500000000000005,0.0,0.0,0.000491374172270298,0.01947162300348282,0.0562564842402935
PD+FF,1050,0.0,0.01,-1.2507070302963257,-0.40418457984924316,0.49881017208099365,True,0.45679426193237305,0.060989152640104294,0.0033069311175495386,0.005170406773686409,0.705,5.9,5.9,0.0015850067138671875,0.0,0.0005188578506931663,0.02030959352850914,0.05145982652902603
PD+FF,1051,0.0,0.01,-0.8433747291564941,-0.6024307608604431,0.2584548592567444,True,0.29556968808174133,0.03606550022959709,0.001860962831415236,0.0007647456950508058,0.7625,4.75,4.75,0.0066699981689453125,0.0,0.0005450700409710407,0.020739536732435226,0.06806834787130356
PD+FF,1052,0.0,0.01,-1.577463150024414,-0.03658809885382652,0.32490968704223633,True,0.5013367533683777,0.06485703587532043,0.0006215444300323725,0.006501365918666124,0.7,6.0,6.0,0.0029168128967285156,0.0,0.0004692997899837792,0.018813244998455048,0.06382820755243301
PD+FF,1053,0.0,0.01,-0.7320424914360046,-0.38764455914497375,0.44851720333099365,True,0.2754252254962921,0.03511090949177742,0.001563874538987875,0.00214185519143939,0.765,4.7,4.7,0.0033292770385742188,0.0,0.0005368889542296529,0.020549548789858818,0.0625605508685112
PD+FF,1054,0.0,0.01,-1.9604523181915283,0.6108824014663696,0.3443475067615509,True,0.6612784266471863,0.08934937417507172,0.0015008450718596578,0.0015073157846927643,0.665,6.7,6.7,2.2411346435546875e-05,0.0,0.0004889685078524053,0.019543500617146492,0.0501711405813694
PD+FF,1055,0.0,0.01,-0.8035520911216736,-0.8197364807128906,0.37500709295272827,True,0.3383297324180603,0.04061479493975639,0.0023428727872669697,0.001141781685873866,0.7475,5.050000000000001,5.050000000000001,0.0016617774963378906,0.0,0.0004940752405673265,0.01954727992415428,0.048418670892715454
PD+FF,1056,0.0,0.01,-0.6173267960548401,-0.7547652125358582,0.33817118406295776,True,0.2770373225212097,0.0347445085644722,0.0013672964414581656,0.0017985106678679585,0.77,4.6000000000000005,4.6000000000000005,0.0,0.0,0.0004883611691184342,0.019532008096575737,0.05479888617992401
PD+FF,1057,0.0,0.01,-1.4013786315917969,-0.020997419953346252,0.2980625629425049,True,0.4358750879764557,0.05713094770908356,0.0012171363923698664,0.0026374859735369682,0.7125,5.75,5.75,0.0013322830200195312,0.0,0.0004923396045342088,0.019385922700166702,0.05851779878139496
PD+FF,1058,0.0,0.01,-1.9344123601913452,-0.6835842132568359,0.34246277809143066,True,0.6556646823883057,0.08687794953584671,0.0036454929504543543,0.0033269128762185574,0.6675,6.65,6.65,0.0,0.0,0.0005301586352288723,0.02032129466533661,0.05118793994188309
PD+FF,1059,0.0,0.01,-1.3239208459854126,-0.34795770049095154,0.3298633396625519,True,0.42772984504699707,0.0543518140912056,0.003957838285714388,0.0014594163512811065,0.72,5.6000000000000005,5.6000000000000005,0.00018072128295898438,0.0,0.0005330470739863813,0.020543264225125313,0.05627366155385971
PD+FF,1060,0.0,0.01,-0.5232435464859009,-0.8263487219810486,0.4775193929672241,True,0.2915544807910919,0.036405228078365326,0.001620901864953339,0.0015326892025768757,0.76,4.800000000000001,4.800000000000001,0.0038890838623046875,0.0,0.00048215704737231135,0.019271422177553177,0.051408663392066956
PD+FF,1061,0.0,0.01,-1.0766786336898804,0.09924349933862686,0.28927016258239746,True,0.33185112476348877,0.041930586099624634,0.002940783742815256,0.0037121109198778868,0.745,5.1000000000000005,5.1000000000000005,0.0057277679443359375,0.0,0.0005112128565087914,0.020051317289471626,0.05351855978369713
PD+FF,1062,0.0,0.01,-1.020176649093628,-0.6513675451278687,0.4292861223220825,True,0.3839450478553772,0.04944723844528198,0.0037068775855004787,0.0028081268537789583,0.73,5.4,5.4,0.0016503334045410156,0.0,0.0005064723663963377,0.020085876807570457,0.052424270659685135
PD+FF,1063,0.0,0.01,-0.5567145943641663,0.6067063212394714,0.2895512878894806,True,0.23173220455646515,0.027296636253595352,0.0011967297177761793,0.0028859630692750216,0.79,4.2,4.2,0.0009894371032714844,0.0,0.000465691729914397,0.019157731905579567,0.050756990909576416
PD+FF,1064,0.0,0.01,-1.6129041910171509,-0.13716638088226318,0.24278511106967926,True,0.492462158203125,0.06259173154830933,0.002951644128188491,0.009319622069597244,0.7025,5.95,5.95,0.0,0.0,0.00048606927157379687,0.019426757469773293,0.06198481097817421
PD+FF,1065,0.0,0.01,-0.5033138990402222,-0.5932050347328186,0.453745573759079,True,0.24104879796504974,0.03179120272397995,0.0009952810360118747,0.0018912871601060033,0.78,4.4,4.4,0.0005702972412109375,0.0,0.0004969829460605979,0.019861066713929176,0.054067064076662064
PD+FF,1066,0.0,0.01,-1.3762075901031494,0.32575497031211853,0.20805609226226807,True,0.4157542586326599,0.05251224339008331,0.005346494726836681,0.003245227737352252,0.7225,5.550000000000001,5.550000000000001,0.0,0.0,0.0004831541737075895,0.01952432654798031,0.05189847946166992
PD+FF,1067,0.0,0.01,-0.6176835894584656,0.9055254459381104,0.20151829719543457,True,0.2930207848548889,0.03532649576663971,0.0019134285394102335,0.005834590643644333,0.765,4.7,4.7,0.0015883445739746094,0.0,0.0005478341481648386,0.020634476095438004,0.056628745049238205
PD+FF,1068,0.0,0.01,-0.7787961959838867,0.5352519750595093,0.25048118829727173,True,0.26914435625076294,0.03220078721642494,0.0031836871057748795,0.005430359393358231,0.775,4.5,4.5,0.0029821395874023438,0.0,0.0005121104186400771,0.020084423944354057,0.05240342766046524
PD+FF,1069,0.0,0.01,-0.5076419115066528,0.8446078896522522,0.24751581251621246,True,0.26701200008392334,0.031933557242155075,0.0024241257924586535,0.0022516646422445774,0.775,4.5,4.5,0.002777576446533203,0.0,0.0005494214128702879,0.0207841694355011,0.06806939095258713
PD+FF,1070,0.0,0.01,-1.6644020080566406,0.9533751606941223,0.22921264171600342,True,0.5619966983795166,0.07003695517778397,0.005589719861745834,0.0016625176649540663,0.69,6.2,6.2,0.0038738250732421875,0.0,0.0004995828494429588,0.0197051540017128,0.05779024586081505
PD+FF,1071,0.0,0.01,-1.6379417181015015,0.7469041347503662,0.26974478363990784,True,0.5407868027687073,0.06748595833778381,0.004927205387502909,0.007036118768155575,0.695,6.1000000000000005,6.1000000000000005,0.00197601318359375,0.0,0.0004929733113385737,0.01960700750350952,0.059886712580919266
PD+FF,1072,0.0,0.01,-1.22187077999115,0.3675197660923004,0.4661308228969574,True,0.4340127110481262,0.057754550129175186,0.0037942836061120033,0.005801558960229158,0.7125,5.75,5.75,0.0057659149169921875,0.0,0.0005013943300582469,0.019901089370250702,0.06556084752082825
PD+FF,1073,0.0,0.01,-1.5133368968963623,0.8512749075889587,0.3800120949745178,True,0.5434401035308838,0.07147430628538132,0.0017439897637814283,0.007907204329967499,0.6875,6.25,6.25,0.0,0.0,0.00048406366840936244,0.019606057554483414,0.05058087781071663
PD+FF,1074,0.0,0.01,-0.5001789927482605,-0.2884053587913513,0.4962819218635559,True,0.20801901817321777,0.027443386614322662,0.004519000183790922,0.0032641973812133074,0.795,4.1000000000000005,4.1000000000000005,0.0016965866088867188,0.0,0.0005253896815702319,0.020331604406237602,0.08015488088130951
PD+FF,1075,0.0,0.01,-0.8189709782600403,0.9466501474380493,0.23914383351802826,True,0.3457528352737427,0.04264254868030548,0.006606349255889654,0.0047157928347587585,0.745,5.1000000000000005,5.1000000000000005,0.0,0.0,0.0005196837591938674,0.020378313958644867,0.056947898119688034
PD+FF,1076,0.0,0.01,-1.445397138595581,-0.562984049320221,0.45283621549606323,True,0.5175343751907349,0.06888303905725479,0.0059035648591816425,0.0036531370133161545,0.6925,6.15,6.15,0.0004382133483886719,0.0,0.0005453882622532547,0.020388906821608543,0.06409373134374619
PD+FF,1077,0.0,0.01,-0.6151338219642639,-0.8893533945083618,0.2694230377674103,True,0.29666760563850403,0.035795919597148895,0.004534713923931122,0.002945625688880682,0.76,4.800000000000001,4.800000000000001,0.002680540084838867,0.0,0.0004363615589682013,0.01840944029390812,0.057782113552093506
PD+FF,1078,0.0,0.01,-0.6580581068992615,-0.6858707666397095,0.23459486663341522,True,0.2621214985847473,0.032965149730443954,0.0024438370019197464,0.003829698543995619,0.775,4.5,4.5,0.003962516784667969,0.0,0.0005839024670422077,0.021352490410208702,0.0600985586643219
PD+FF,1079,0.0,0.01,-0.5874135494232178,0.8651593327522278,0.4896434247493744,True,0.3143518269062042,0.03918318450450897,0.004075872711837292,0.008692172355949879,0.7525,4.95,4.95,0.004034996032714844,0.0,0.0005324140656739473,0.02031141147017479,0.058906927704811096
PD+FF,1080,0.0,0.01,-0.6397119164466858,0.7102972865104675,0.367546945810318,True,0.279057115316391,0.03380648046731949,0.0034361248835921288,0.007615774869918823,0.77,4.6000000000000005,4.6000000000000005,0.006719112396240234,0.0,0.0004940872895531356,0.019698288291692734,0.058170136064291
PD+FF,1081,0.0,0.01,-1.3320256471633911,0.8601993322372437,0.3006768822669983,True,0.47132164239883423,0.060692090541124344,0.006343754008412361,0.004012504126876593,0.7075,5.8500000000000005,5.8500000000000005,0.007597446441650391,0.0,0.0004919083439745009,0.019693804904818535,0.051980987191200256
PD+FF,1082,0.0,0.01,-0.9581221342086792,-0.30673766136169434,0.3117980659008026,True,0.3088383674621582,0.03891981765627861,0.005769009701907635,6.821523129474372e-05,0.755,4.9,4.9,0.0005388259887695312,0.0,0.00046015746193006635,0.019144313409924507,0.050660956650972366
PD+FF,1083,0.0,0.01,-1.3940625190734863,0.6289385557174683,0.21643398702144623,True,0.44383129477500916,0.05384381487965584,0.0016355940606445074,0.0029544744174927473,0.7175,5.65,5.65,0.0021474361419677734,0.0,0.0004950853763148189,0.019641000777482986,0.0647653341293335
PD+FF,1084,0.0,0.01,-0.7371216416358948,-0.8951173424720764,0.4071005880832672,True,0.34046390652656555,0.03984798491001129,0.002235965570434928,0.002764943055808544,0.7475,5.050000000000001,5.050000000000001,0.0017542839050292969,0.0,0.0005089940968900919,0.020106256008148193,0.06599810719490051
PD+FF,1085,0.0,0.01,-0.7224554419517517,-0.08529454469680786,0.4138740301132202,True,0.24764254689216614,0.031207090243697166,0.0069369119592010975,0.007580159697681665,0.775,4.5,4.5,0.005897998809814453,0.0,0.0005598628195002675,0.020964963361620903,0.06692597270011902
PD+FF,1086,0.0,0.01,-0.7490203976631165,-0.7008727788925171,0.4387705326080322,True,0.3172634541988373,0.03882480040192604,0.0013666268205270171,0.003235657000914216,0.7525,4.95,4.95,0.0008373260498046875,0.0,0.000495733751449734,0.0197871346026659,0.052811264991760254
PD+FF,1087,0.0,0.01,-1.2718281745910645,-0.8616007566452026,0.3274095356464386,True,0.4592081904411316,0.05616430565714836,0.004142501391470432,0.0030617923475801945,0.715,5.7,5.7,0.0031309127807617188,0.0,0.0005199529696255922,0.019993459805846214,0.056363627314567566
PD+FF,1088,0.0,0.01,-1.148199200630188,-0.9221230149269104,0.4605681300163269,True,0.46490564942359924,0.06154731288552284,0.0029649233911186457,0.002441825345158577,0.7025,5.95,5.95,0.0013017654418945312,0.0,0.000540709646884352,0.020915042608976364,0.06190689280629158
PD+FF,1089,0.0,0.01,-1.8535881042480469,0.5890284776687622,0.37915652990341187,True,0.6354219913482666,0.0847306177020073,0.0019238812383264303,0.0019141803495585918,0.67,6.6000000000000005,6.6000000000000005,0.0,0.0,0.00047754435217939317,0.019107911735773087,0.062393251806497574
PD+FF,1090,0.0,0.01,-0.9845758080482483,-0.6573527455329895,0.30003631114959717,True,0.34775105118751526,0.043188706040382385,0.0034873182885348797,0.0055602071806788445,0.7425,5.15,5.15,0.0009450912475585938,0.0,0.0005004832637496293,0.020046642050147057,0.05420013517141342
PD+FF,1091,0.0,0.01,-1.8845704793930054,-0.6914018392562866,0.36124923825263977,True,0.6456940770149231,0.08412642031908035,0.0027001374401152134,0.0022393891122192144,0.67,6.6000000000000005,6.6000000000000005,0.0017366409301757812,0.0,0.0004966726992279291,0.019517136737704277,0.06773416697978973
PD+FF,1092,0.0,0.01,-1.9696727991104126,-0.2278679758310318,0.31251582503318787,True,0.6363406777381897,0.0852285623550415,0.0035840077325701714,0.0034499114844948053,0.6675,6.65,6.65,0.0034704208374023438,0.0,0.0005066619487479329,0.019507979974150658,0.055590976029634476
PD+FF,1093,0.0,0.01,-0.8791002631187439,0.07968070358037949,0.43002596497535706,True,0.3011619746685028,0.03768642246723175,0.0010298779234290123,0.003132235025987029,0.755,4.9,4.9,0.0009202957153320312,0.0,0.0005203477921895683,0.02036168985068798,0.05296316742897034
PD+FF,1094,0.0,0.01,-0.9031349420547485,-0.5643354058265686,0.2514164447784424,True,0.30570194125175476,0.037125762552022934,0.0014905587304383516,0.006212741136550903,0.76,4.800000000000001,4.800000000000001,0.0022902488708496094,0.0,0.0005226835492067039,0.020256483927369118,0.06478152424097061
PD+FF,1095,0.0,0.01,-1.3096781969070435,-0.4019305408000946,0.2943161725997925,True,0.41954687237739563,0.05393471196293831,0.004481122829020023,0.0010650777257978916,0.72,5.6000000000000005,5.6000000000000005,0.0,0.0,0.00052709283772856,0.020115626975893974,0.05893358215689659
PD+FF,1096,0.0,0.01,-0.5565752387046814,0.7886120080947876,0.27283963561058044,True,0.2649249732494354,0.032372597604990005,0.004137171432375908,0.004466708283871412,0.775,4.5,4.5,0.0037522315979003906,0.0,0.0004991243476979434,0.01984918676316738,0.05520354583859444
PD+FF,1097,0.0,0.01,-1.3080552816390991,0.037033263593912125,0.27344202995300293,True,0.40036407113075256,0.050469983369112015,0.0033936742693185806,0.00973179005086422,0.725,5.5,5.5,0.0032553672790527344,0.0,0.0005255999858491123,0.020530812442302704,0.05584467574954033
PD+FF,1098,0.0,0.01,-1.2224541902542114,-0.25077617168426514,0.4742331802845001,True,0.43110206723213196,0.05912363901734352,0.003861264092847705,0.0015863022999837995,0.71,5.800000000000001,5.800000000000001,0.0,0.0,0.0004939743666909635,0.019851185381412506,0.06481660157442093
PD+FF,1099,0.0,0.01,-1.9130916595458984,0.09447009861469269,0.36984628438949585,True,0.6366989016532898,0.08603039383888245,0.005320955067873001,0.001419697655364871,0.67,6.6000000000000005,6.6000000000000005,0.0,0.0,0.0005373882595449686,0.020478418096899986,0.06296072155237198
Direct PPO,1000,0.0,0.01,-1.2179213762283325,0.20768369734287262,0.34128254652023315,True,0.34485214948654175,0.0056120664812624454,0.003501100931316614,0.008518632501363754,0.8475,3.0500000000000003,3.0500000000000003,0.008991718292236328,0.0,0.033503469079732895,0.15168331563472748,0.5652990341186523
Direct PPO,1001,0.0,0.01,-1.0811076164245605,-0.9685990810394287,0.25630688667297363,True,0.34046658873558044,0.003620644100010395,0.006160436198115349,0.006122846156358719,0.8675,2.6500000000000004,2.6500000000000004,0.0051457881927490234,0.0,0.03538393974304199,0.15803635120391846,0.526308536529541
Direct PPO,1002,0.0,0.01,-1.428768277168274,-0.28562131524086,0.4242836833000183,True,0.4527004063129425,0.010344180278480053,0.01164969615638256,0.007537133526057005,0.815,3.7,3.7,0.015653610229492188,0.0,0.03228975459933281,0.1515529602766037,0.5051704049110413
Direct PPO,1003,0.0,0.01,-1.7183640003204346,-0.48658838868141174,0.34840381145477295,True,0.5297085046768188,0.005881380755454302,0.007949874736368656,0.02191769704222679,0.8075,3.85,3.85,0.009073019027709961,0.0,0.03134206309914589,0.14433294534683228,0.5417665243148804
Direct PPO,1004,0.0,0.01,-1.998679280281067,-0.7396973967552185,0.24154320359230042,True,0.5953676700592041,0.0035144537687301636,0.0018883850425481796,0.0067378138191998005,0.8075,3.85,3.85,0.013791084289550781,0.0,0.027861246839165688,0.13707323372364044,0.7090329527854919
Direct PPO,1005,0.0,0.01,-1.8766711950302124,0.8611240983009338,0.28618520498275757,True,0.5782197117805481,0.004466252401471138,0.003583663608878851,0.01089195255190134,0.8075,3.85,3.85,0.00819706916809082,0.0,0.029446162283420563,0.14228184521198273,0.5975971817970276
Direct PPO,1006,0.0,0.01,-1.4946178197860718,0.20171388983726501,0.28934937715530396,True,0.41902461647987366,0.003961281850934029,0.005668249912559986,0.03100864589214325,0.835,3.3000000000000003,3.3000000000000003,0.007363796234130859,0.0,0.03564685955643654,0.15648503601551056,0.5703403949737549
Direct PPO,1007,0.0,0.01,-1.8931626081466675,0.6319606900215149,0.39287856221199036,True,0.6249337196350098,0.009632122702896595,0.005264559295028448,0.009638059884309769,0.7825,4.3500000000000005,4.3500000000000005,0.010761737823486328,0.0,0.03196549788117409,0.14783592522144318,0.4919551908969879
Direct PPO,1008,0.0,0.01,-1.749120831489563,0.6261014938354492,0.26522985100746155,True,0.5105413794517517,0.003603860270231962,0.0028824941255152225,0.027064455673098564,0.82,3.6,3.6,0.005915164947509766,0.0,0.029947400093078613,0.1447252333164215,0.6459342241287231
Direct PPO,1009,0.0,0.01,-1.9152493476867676,-0.3461688160896301,0.2149554342031479,True,0.5383908152580261,0.003697272390127182,0.004098579753190279,0.010582569055259228,0.8175,3.6500000000000004,3.6500000000000004,0.03679531812667847,0.0,0.030335774645209312,0.14303235709667206,0.6365562081336975
Direct PPO,1010,0.0,0.01,-1.8575115203857422,0.07161146402359009,0.4753030240535736,True,0.6519089937210083,0.019717905670404434,0.010742132551968098,0.004297100473195314,0.7625,4.75,4.75,0.014950752258300781,0.0,0.029553022235631943,0.14108891785144806,0.4247261583805084
Direct PPO,1011,0.0,0.01,-1.57381272315979,0.12664707005023956,0.26378002762794495,True,0.4357380270957947,0.0030527417548000813,0.0012557063018903136,0.012346562929451466,0.8325,3.35,3.35,0.005059003829956055,0.0,0.035420265048742294,0.1569516956806183,0.5471935272216797
Direct PPO,1012,0.0,0.01,-1.5405192375183105,0.561293363571167,0.2715309262275696,True,0.4391997754573822,0.00276289414614439,0.001892191474325955,0.008550310507416725,0.8325,3.35,3.35,0.005040645599365234,0.0,0.03122382052242756,0.1468925029039383,0.6176860332489014
Direct PPO,1013,0.0,0.01,-0.8082606196403503,-0.8420410752296448,0.401797890663147,True,0.28586727380752563,0.007599585223942995,0.008896607905626297,0.010496776551008224,0.8725,2.5500000000000003,2.5500000000000003,0.01165461540222168,0.0,0.03462516516447067,0.1561996191740036,0.5904805660247803
Direct PPO,1014,0.0,0.01,-1.3467140197753906,0.1714046150445938,0.4693894386291504,True,0.4432791471481323,0.01200079545378685,0.008316602557897568,0.01505762804299593,0.8125,3.75,3.75,0.018024444580078125,0.0,0.02893592230975628,0.14032337069511414,0.5004072189331055
Direct PPO,1015,0.0,0.01,-1.4601455926895142,0.21413566172122955,0.39239153265953064,True,0.4490879774093628,0.006441089790314436,0.007397443987429142,0.015015881508588791,0.82,3.6,3.6,0.00870513916015625,0.0,0.03244815766811371,0.1503310352563858,0.46965330839157104
Direct PPO,1016,0.0,0.01,-1.6580126285552979,-0.11461202055215836,0.3060871958732605,True,0.48126503825187683,0.004039335995912552,0.00398284662514925,0.012383103370666504,0.82,3.6,3.6,0.006051540374755859,0.0,0.032271500676870346,0.1499180793762207,0.593601405620575
Direct PPO,1017,0.0,0.01,-0.62247234582901,0.6426637768745422,0.4917738139629364,True,0.23555009067058563,0.010550836101174355,0.006323275156319141,0.008378311060369015,0.8625,2.8000000000000003,2.8000000000000003,0.01489400863647461,0.0,0.03253208100795746,0.15442430973052979,0.4720349907875061
Direct PPO,1018,0.0,0.01,-1.1090368032455444,-0.0900818482041359,0.4614541530609131,True,0.3506346046924591,0.00941917672753334,0.00678362837061286,0.009600508958101273,0.8375,3.25,3.25,0.012690067291259766,0.0,0.03163525462150574,0.14943580329418182,0.4648214280605316
Direct PPO,1019,0.0,0.01,-1.674609661102295,-0.20800989866256714,0.34006524085998535,True,0.503003716468811,0.006267171818763018,0.004197392612695694,0.016598934307694435,0.8125,3.75,3.75,0.00965118408203125,0.0,0.0284412931650877,0.13752710819244385,0.5599879622459412
Direct PPO,1020,0.0,0.01,-1.1319496631622314,-0.4326494336128235,0.2227078378200531,True,0.29062551259994507,0.0037416827399283648,0.003066845703870058,0.002896304475143552,0.8675,2.6500000000000004,2.6500000000000004,0.019339680671691895,0.0,0.03108862414956093,0.14719457924365997,0.5729635953903198
Direct PPO,1021,0.0,0.01,-1.4384177923202515,-0.8382971882820129,0.49743902683258057,True,0.5216676592826843,0.013261791318655014,0.010447152890264988,0.016519000753760338,0.795,4.1000000000000005,4.1000000000000005,0.01684856414794922,0.0,0.02477390132844448,0.12860256433486938,0.48356378078460693
Direct PPO,1022,0.0,0.01,-1.999210000038147,0.8368335366249084,0.37694433331489563,True,0.6676306128501892,0.009596600197255611,0.006079983431845903,0.011117487214505672,0.78,4.4,4.4,0.01067352294921875,0.0,0.030363375321030617,0.14304663240909576,0.5502007007598877
Direct PPO,1023,0.0,0.01,-1.4916963577270508,0.8117974996566772,0.4728805720806122,True,0.5256738066673279,0.013419835828244686,0.008442447520792484,0.01395788136869669,0.7925,4.15,4.15,0.014114856719970703,0.0,0.030394503846764565,0.14552798867225647,0.5231087803840637
Direct PPO,1024,0.0,0.01,-1.51630699634552,-0.48329436779022217,0.3110935389995575,True,0.44182896614074707,0.0039081694558262825,0.003984821029007435,0.005506767425686121,0.83,3.4000000000000004,3.4000000000000004,0.007391929626464844,0.0,0.03118717670440674,0.145640030503273,0.6336674094200134
Direct PPO,1025,0.0,0.01,-0.7683239579200745,0.258014976978302,0.24864348769187927,True,0.18853315711021423,0.002409011358395219,0.005967156961560249,0.0029296495486050844,0.89,2.2,2.2,0.004927635192871094,0.0,0.03680460900068283,0.163899764418602,0.6886538863182068
Direct PPO,1026,0.0,0.01,-1.7438942193984985,0.19023452699184418,0.2583710551261902,True,0.49317046999931335,0.0035261770244687796,0.0038479461800307035,0.0021712519228458405,0.8225,3.5500000000000003,3.5500000000000003,0.010128974914550781,0.0,0.03419796749949455,0.1518702656030655,0.6270621418952942
Direct PPO,1027,0.0,0.01,-1.9580382108688354,0.12429128587245941,0.36954861879348755,True,0.6261872053146362,0.008814061060547829,0.0033608537632972,0.0024803236592561007,0.785,4.3,4.3,0.012746334075927734,0.0,0.029886724427342415,0.1391291320323944,0.5361425876617432
Direct PPO,1028,0.0,0.01,-0.7757433652877808,-0.22796711325645447,0.4025936424732208,True,0.22240038216114044,0.007368851453065872,0.009380959905683994,0.00782699789851904,0.875,2.5,2.5,0.011362552642822266,0.0,0.032635584473609924,0.15535232424736023,0.4783385396003723
Direct PPO,1029,0.0,0.01,-0.7448340058326721,0.6458722352981567,0.214758962392807,True,0.2118847668170929,0.0033501717261970043,0.0040715280920267105,0.021154850721359253,0.8875,2.25,2.25,0.007378101348876953,0.0,0.035479836165905,0.1619909256696701,0.5698567032814026
Direct PPO,1030,0.0,0.01,-1.6447029113769531,-0.9496257901191711,0.4438457489013672,True,0.5794920325279236,0.011732671409845352,0.004930934868752956,0.017213135957717896,0.7925,4.15,4.15,0.013652324676513672,0.0,0.028233181685209274,0.13839974999427795,0.4151722490787506
Direct PPO,1031,0.0,0.01,-0.9611496329307556,0.9009804725646973,0.39864641427993774,True,0.33401334285736084,0.008426938205957413,0.009004502557218075,0.015575938858091831,0.855,2.9000000000000004,2.9000000000000004,0.0121612548828125,0.0,0.03326041251420975,0.155015230178833,0.44421398639678955
Direct PPO,1032,0.0,0.01,-0.6833899617195129,-0.5306191444396973,0.49894750118255615,True,0.2396496683359146,0.009544401429593563,0.012871559709310532,0.004807904362678528,0.865,2.75,2.75,0.013589859008789062,0.0,0.03184951841831207,0.15043087303638458,0.4895886182785034
Direct PPO,1033,0.0,0.01,-0.7577928304672241,0.7459949851036072,0.4761985242366791,True,0.28013381361961365,0.010565284639596939,0.009796424768865108,0.021723773330450058,0.855,2.95,2.95,0.0158689022064209,0.0,0.03477545082569122,0.15868157148361206,0.4609873294830322
Direct PPO,1034,0.0,0.01,-0.5296080112457275,-0.6777904629707336,0.22327283024787903,True,0.1764095425605774,0.004487079102545977,0.003406514646485448,0.012998401187360287,0.8975,2.0500000000000003,2.0500000000000003,0.0010955333709716797,0.0,0.03840223327279091,0.1687474399805069,0.6324426531791687
Direct PPO,1035,0.0,0.01,-1.5201642513275146,-0.23973245918750763,0.436818927526474,True,0.4926394522190094,0.010155162774026394,0.007347865495830774,0.019561273977160454,0.805,3.9000000000000004,3.9000000000000004,0.01262664794921875,0.0,0.03148934990167618,0.1481924206018448,0.43818965554237366
Direct PPO,1036,0.0,0.01,-1.558912754058838,0.6018440127372742,0.34900519251823425,True,0.47760525345802307,0.006137582007795572,0.002871007891371846,0.013655007816851139,0.82,3.6,3.6,0.010263919830322266,0.0,0.031190121546387672,0.14740832149982452,0.5407868027687073
Direct PPO,1037,0.0,0.01,-1.5164998769760132,-0.3818822205066681,0.38270920515060425,True,0.46803659200668335,0.006744608748704195,0.009194430895149708,0.013289273716509342,0.8175,3.6500000000000004,3.6500000000000004,0.009511470794677734,0.0,0.033215440809726715,0.1504683494567871,0.4773675501346588
Direct PPO,1038,0.0,0.01,-1.5098652839660645,-0.8029577136039734,0.31811848282814026,True,0.4628138542175293,0.0043191248551011086,0.00423629442229867,0.012483188882470131,0.83,3.4000000000000004,3.4000000000000004,0.008059263229370117,0.0,0.03227487578988075,0.14965605735778809,0.5438205599784851
Direct PPO,1039,0.0,0.01,-0.6960156559944153,-0.0387578122317791,0.3661683201789856,True,0.18708346784114838,0.006822145543992519,0.003261235309764743,0.01709357090294361,0.885,2.3000000000000003,2.3000000000000003,0.011057376861572266,0.0,0.03256058692932129,0.15479277074337006,0.4749562442302704
Direct PPO,1040,0.0,0.01,-0.7547146081924438,0.5635512471199036,0.4134989380836487,True,0.24268634617328644,0.008750169537961483,0.0061655305325984955,0.01818348653614521,0.87,2.6,2.6,0.013809680938720703,0.0,0.032782457768917084,0.15276794135570526,0.5120625495910645
Direct PPO,1041,0.0,0.01,-0.6478168964385986,-0.19675222039222717,0.46515655517578125,True,0.2000042200088501,0.008873369544744492,0.008615260012447834,0.010547568090260029,0.8775,2.45,2.45,0.013405799865722656,0.0,0.03426828607916832,0.1589415818452835,0.5764538049697876
Direct PPO,1042,0.0,0.01,-1.463887333869934,-0.25558269023895264,0.3728010952472687,True,0.44160574674606323,0.006979531142860651,0.006823672913014889,0.006901339162141085,0.8225,3.5500000000000003,3.5500000000000003,0.010110855102539062,0.0,0.03457768261432648,0.15504400432109833,0.5537846088409424
Direct PPO,1043,0.0,0.01,-1.7490100860595703,-0.7958716750144958,0.31946444511413574,True,0.5445308685302734,0.004214512184262276,0.0037124152295291424,0.03366204351186752,0.8125,3.75,3.75,0.007159233093261719,0.0,0.03218170255422592,0.14786788821220398,0.5801277756690979
Direct PPO,1044,0.0,0.01,-1.981444239616394,0.7169352173805237,0.20961801707744598,True,0.5732328295707703,0.004635679069906473,0.002502234186977148,0.011312974616885185,0.8125,3.75,3.75,0.032060444355010986,0.0,0.032546527683734894,0.15026725828647614,0.5619951486587524
Direct PPO,1045,0.0,0.01,-0.7272861003875732,-0.39523494243621826,0.4158290922641754,True,0.2191856950521469,0.007970495149493217,0.006405438296496868,0.03517097607254982,0.8775,2.45,2.45,0.012198925018310547,0.0,0.033785417675971985,0.15720172226428986,0.547766387462616
Direct PPO,1046,0.0,0.01,-1.868130087852478,0.6265861392021179,0.39649125933647156,True,0.6170278191566467,0.00987531803548336,0.006939011160284281,0.02755880542099476,0.785,4.3,4.3,0.011683464050292969,0.0,0.03424696996808052,0.15039508044719696,0.498685359954834
Direct PPO,1047,0.0,0.01,-1.1699552536010742,-0.14992530643939972,0.29876548051834106,True,0.3138763904571533,0.003911028616130352,0.005262491758912802,0.007635124959051609,0.8575,2.85,2.85,0.007365226745605469,0.0,0.03333199396729469,0.15359899401664734,0.6033404469490051
Direct PPO,1048,0.0,0.01,-0.9076822996139526,-0.7630760073661804,0.4824531674385071,True,0.3254225552082062,0.010122508741915226,0.012779485434293747,0.019338008016347885,0.85,3.0,3.0,0.014055252075195312,0.0,0.0352412648499012,0.15979811549186707,0.4542452394962311
Direct PPO,1049,0.0,0.01,-1.6127384901046753,0.09402617067098618,0.43331217765808105,True,0.5257743000984192,0.011269737035036087,0.00899770762771368,0.008482832461595535,0.7975,4.05,4.05,0.011720657348632812,0.0,0.030141541734337807,0.1433250457048416,0.43610715866088867
Direct PPO,1050,0.0,0.01,-1.2507070302963257,-0.40418457984924316,0.49881017208099365,True,0.42581847310066223,0.011181294918060303,0.008155765011906624,0.013525339774787426,0.8075,3.85,3.85,0.01390838623046875,0.0,0.03311317041516304,0.1505540907382965,0.5747588872909546
Direct PPO,1051,0.0,0.01,-0.8433747291564941,-0.6024307608604431,0.2584548592567444,True,0.233838751912117,0.003413743805140257,0.003815931035205722,0.016789721325039864,0.885,2.3000000000000003,2.3000000000000003,0.009562969207763672,0.0,0.03676207363605499,0.16444648802280426,0.5903841853141785
Direct PPO,1052,0.0,0.01,-1.577463150024414,-0.03658809885382652,0.32490968704223633,True,0.46015995740890503,0.005328669212758541,0.004096332471817732,0.040953174233436584,0.8225,3.5500000000000003,3.5500000000000003,0.00886392593383789,0.0,0.03046879544854164,0.1459241509437561,0.5280267596244812
Direct PPO,1053,0.0,0.01,-0.7320424914360046,-0.38764455914497375,0.44851720333099365,True,0.2289246767759323,0.008693419396877289,0.010822393000125885,0.009885513223707676,0.8725,2.5500000000000003,2.5500000000000003,0.01373434066772461,0.0,0.03540332242846489,0.1593562513589859,0.5535225868225098
Direct PPO,1054,0.0,0.01,-1.9604523181915283,0.6108824014663696,0.3443475067615509,True,0.6232438683509827,0.006385843735188246,0.006712178699672222,0.01694541424512863,0.79,4.2,4.2,0.007696628570556641,0.0,0.02996753342449665,0.14103351533412933,0.5287188291549683
Direct PPO,1055,0.0,0.01,-0.8035520911216736,-0.8197364807128906,0.37500709295272827,True,0.27542468905448914,0.004886032547801733,0.004361988976597786,0.004141716752201319,0.875,2.5,2.5,0.008070945739746094,0.0,0.03361654281616211,0.1561952531337738,0.47354358434677124
Direct PPO,1056,0.0,0.01,-0.6173267960548401,-0.7547652125358582,0.33817118406295776,True,0.21787172555923462,0.003977631684392691,0.004128283355385065,0.007783554960042238,0.885,2.35,2.35,0.006510734558105469,0.0,0.03161489591002464,0.15114043653011322,0.4843020439147949
Direct PPO,1057,0.0,0.01,-1.4013786315917969,-0.020997419953346252,0.2980625629425049,True,0.3888455033302307,0.004202941432595253,0.0017222280148416758,0.010629286989569664,0.84,3.2,3.2,0.008880615234375,0.0,0.032598793506622314,0.14967630803585052,0.5952739119529724
Direct PPO,1058,0.0,0.01,-1.9344123601913452,-0.6835842132568359,0.34246277809143066,True,0.6165604591369629,0.0060971747152507305,0.0034988883417099714,0.02163616567850113,0.7925,4.15,4.15,0.009299993515014648,0.0,0.0382181741297245,0.1600138545036316,0.518805980682373
Direct PPO,1059,0.0,0.01,-1.3239208459854126,-0.34795770049095154,0.3298633396625519,True,0.3784637451171875,0.0039018981624394655,0.0036305796820670366,0.01874166540801525,0.8425,3.1500000000000004,3.1500000000000004,0.007719755172729492,0.0,0.03228631243109703,0.14837439358234406,0.681657075881958
Direct PPO,1060,0.0,0.01,-0.5232435464859009,-0.8263487219810486,0.4775193929672241,True,0.23344317078590393,0.009683454409241676,0.007763994857668877,0.00957956351339817,0.87,2.6,2.6,0.014630556106567383,0.0,0.030092531815171242,0.14656051993370056,0.522105872631073
Direct PPO,1061,0.0,0.01,-1.0766786336898804,0.09924349933862686,0.28927016258239746,True,0.28231486678123474,0.0040224394761025906,0.005140053573995829,0.005440419539809227,0.865,2.7,2.7,0.007665395736694336,0.0,0.03712603822350502,0.1629147082567215,0.5479317903518677
Direct PPO,1062,0.0,0.01,-1.020176649093628,-0.6513675451278687,0.4292861223220825,True,0.3311854302883148,0.007077282294631004,0.007692138198763132,0.004243588075041771,0.85,3.0,3.0,0.012824058532714844,0.0,0.030439749360084534,0.1467125415802002,0.49903619289398193
Direct PPO,1063,0.0,0.01,-0.5567145943641663,0.6067063212394714,0.2895512878894806,True,0.17890474200248718,0.003587146522477269,0.00613696314394474,0.004255286883562803,0.8925,2.15,2.15,0.0077190399169921875,0.0,0.03198051452636719,0.15387389063835144,0.5755926966667175
Direct PPO,1064,0.0,0.01,-1.6129041910171509,-0.13716638088226318,0.24278511106967926,True,0.44106319546699524,0.0038004564121365547,0.005945309065282345,0.024085545912384987,0.8325,3.35,3.35,0.018258631229400635,0.0,0.03374714031815529,0.15248551964759827,0.6275438666343689
Direct PPO,1065,0.0,0.01,-0.5033138990402222,-0.5932050347328186,0.453745573759079,True,0.1881725788116455,0.008453374728560448,0.008483742363750935,0.010947169736027718,0.885,2.5500000000000003,2.5500000000000003,0.013502120971679688,0.0,0.03490995243191719,0.16024194657802582,0.5001999139785767
Direct PPO,1066,0.0,0.01,-1.3762075901031494,0.32575497031211853,0.20805609226226807,True,0.3567170202732086,0.004800430499017239,0.0012580371694639325,0.01482840534299612,0.8525,2.95,2.95,0.029616057872772217,0.0,0.03253141790628433,0.15069018304347992,0.669213056564331
Direct PPO,1067,0.0,0.01,-0.6176835894584656,0.9055254459381104,0.20151829719543457,True,0.2330503761768341,0.004476415459066629,0.004777438938617706,0.005515274126082659,0.855,3.0,3.0,0.0022606849670410156,0.0,0.040885988622903824,0.17476017773151398,0.5062873363494873
Direct PPO,1068,0.0,0.01,-0.7787961959838867,0.5352519750595093,0.25048118829727173,True,0.21173857152462006,0.003797919489443302,0.006158777512609959,0.01810598000884056,0.8875,2.25,2.25,0.0052301883697509766,0.0,0.032753024250268936,0.1548698991537094,0.5455805659294128
Direct PPO,1069,0.0,0.01,-0.5076419115066528,0.8446078896522522,0.24751581251621246,True,0.2095835953950882,0.0036522219888865948,0.0024522938765585423,0.02335367351770401,0.8725,2.5500000000000003,2.5500000000000003,0.0045909881591796875,0.0,0.03946206718683243,0.16977961361408234,0.5402436852455139
Direct PPO,1070,0.0,0.01,-1.6644020080566406,0.9533751606941223,0.22921264171600342,True,0.4939839541912079,0.003908258397132158,0.0028926171362400055,0.010060817934572697,0.83,3.4000000000000004,3.4000000000000004,0.013727784156799316,0.0,0.031888995319604874,0.14975203573703766,0.7243779301643372
Direct PPO,1071,0.0,0.01,-1.6379417181015015,0.7469041347503662,0.26974478363990784,True,0.4820288121700287,0.002240729983896017,0.0016447461675852537,0.015696875751018524,0.8275,3.45,3.45,0.004395484924316406,0.0,0.03505992144346237,0.1549960821866989,0.6147059798240662
Direct PPO,1072,0.0,0.01,-1.22187077999115,0.3675197660923004,0.4661308228969574,True,0.399430513381958,0.010948332026600838,0.01041689608246088,0.016839249059557915,0.8225,3.6,3.6,0.015172004699707031,0.0,0.0340740866959095,0.1539452224969864,0.4831887483596802
Direct PPO,1073,0.0,0.01,-1.5133368968963623,0.8512749075889587,0.3800120949745178,True,0.4920203983783722,0.006904209963977337,0.004703735001385212,0.025231581181287766,0.815,3.7,3.7,0.009559154510498047,0.0,0.03418544679880142,0.15287300944328308,0.5014760494232178
Direct PPO,1074,0.0,0.01,-0.5001789927482605,-0.2884053587913513,0.4962819218635559,True,0.16794666647911072,0.00875668041408062,0.005897114053368568,0.013807603158056736,0.8875,2.3000000000000003,2.3000000000000003,0.013165473937988281,0.0,0.031214037910103798,0.15093328058719635,0.45052579045295715
Direct PPO,1075,0.0,0.01,-0.8189709782600403,0.9466501474380493,0.23914383351802826,True,0.2780310809612274,0.004561029374599457,0.004789167549461126,0.017428075894713402,0.865,2.8000000000000003,2.8000000000000003,0.005788326263427734,0.0,0.03690662607550621,0.165938600897789,0.5508795380592346
Direct PPO,1076,0.0,0.01,-1.445397138595581,-0.562984049320221,0.45283621549606323,True,0.4825192391872406,0.008838221430778503,0.0023728159721940756,0.006050947587937117,0.8075,3.85,3.85,0.011117935180664062,0.0,0.03328447788953781,0.15064552426338196,0.46675360202789307
Direct PPO,1077,0.0,0.01,-0.6151338219642639,-0.8893533945083618,0.2694230377674103,True,0.23385821282863617,0.004794748034328222,0.0024227327667176723,0.021262159571051598,0.87,2.6,2.6,0.006650686264038086,0.0,0.030942559242248535,0.15021318197250366,0.6142651438713074
Direct PPO,1078,0.0,0.01,-0.6580581068992615,-0.6858707666397095,0.23459486663341522,True,0.20080289244651794,0.0038194756489247084,0.0034702911507338285,0.00502838334068656,0.8975,2.0500000000000003,2.0500000000000003,0.003767251968383789,0.0,0.0357172004878521,0.16310982406139374,0.5707988142967224
Direct PPO,1079,0.0,0.01,-0.5874135494232178,0.8651593327522278,0.4896434247493744,True,0.2589662969112396,0.010084550827741623,0.011995850130915642,0.017155639827251434,0.855,2.9000000000000004,2.9000000000000004,0.013803958892822266,0.0,0.03520173579454422,0.15678736567497253,0.5960756540298462
Direct PPO,1080,0.0,0.01,-0.6397119164466858,0.7102972865104675,0.367546945810318,True,0.22261545062065125,0.007275260519236326,0.003390164813026786,0.025265369564294815,0.8725,2.5500000000000003,2.5500000000000003,0.010663986206054688,0.0,0.03241131454706192,0.15479175746440887,0.48390209674835205
Direct PPO,1081,0.0,0.01,-1.3320256471633911,0.8601993322372437,0.3006768822669983,True,0.40607190132141113,0.00548489298671484,0.004576401319354773,0.00657590152695775,0.845,3.1,3.1,0.013411998748779297,0.0,0.03377610072493553,0.15511813759803772,0.6148195266723633
Direct PPO,1082,0.0,0.01,-0.9581221342086792,-0.30673766136169434,0.3117980659008026,True,0.2557244896888733,0.003975383471697569,0.004472222179174423,0.01027843076735735,0.87,2.6,2.6,0.008286714553833008,0.0,0.03313157707452774,0.15279057621955872,0.5887362957000732
Direct PPO,1083,0.0,0.01,-1.3940625190734863,0.6289385557174683,0.21643398702144623,True,0.37954288721084595,0.0037526050582528114,0.0015293944161385298,0.03799239173531532,0.8475,3.0500000000000003,3.0500000000000003,0.02876448631286621,0.0,0.030760599300265312,0.14693045616149902,0.6356513500213623
Direct PPO,1084,0.0,0.01,-0.7371216416358948,-0.8951173424720764,0.4071005880832672,True,0.2784249186515808,0.0071272533386945724,0.003907482139766216,0.02147788368165493,0.87,2.7,2.7,0.011364221572875977,0.0,0.033365361392498016,0.15548814833164215,0.4820551872253418
Direct PPO,1085,0.0,0.01,-0.7224554419517517,-0.08529454469680786,0.4138740301132202,True,0.20702286064624786,0.00813938956707716,0.010136768221855164,0.03597821667790413,0.88,2.4000000000000004,2.4000000000000004,0.012724876403808594,0.0,0.036172185093164444,0.16326174139976501,0.4317903518676758
Direct PPO,1086,0.0,0.01,-0.7490203976631165,-0.7008727788925171,0.4387705326080322,True,0.26008978486061096,0.007156601641327143,0.010037433356046677,0.03275999799370766,0.87,2.7,2.7,0.011380195617675781,0.0,0.03573868051171303,0.1605546921491623,0.475616455078125
Direct PPO,1087,0.0,0.01,-1.2718281745910645,-0.8616007566452026,0.3274095356464386,True,0.3966027796268463,0.004664862994104624,0.005935045890510082,0.011837429367005825,0.845,3.1,3.1,0.008396148681640625,0.0,0.033141374588012695,0.1518353968858719,0.5123398303985596
Direct PPO,1088,0.0,0.01,-1.148199200630188,-0.9221230149269104,0.4605681300163269,True,0.41105934977531433,0.010303228162229061,0.008548513054847717,0.011371118016541004,0.8325,3.35,3.35,0.014678001403808594,0.0,0.03304864466190338,0.15526540577411652,0.4410998821258545
Direct PPO,1089,0.0,0.01,-1.8535881042480469,0.5890284776687622,0.37915652990341187,True,0.6000746488571167,0.0073157018050551414,0.00870515312999487,0.01907217502593994,0.7925,4.15,4.15,0.009662628173828125,0.0,0.02980666793882847,0.14132200181484222,0.47080186009407043
Direct PPO,1090,0.0,0.01,-0.9845758080482483,-0.6573527455329895,0.30003631114959717,True,0.28516748547554016,0.0042066690512001514,0.0017927311128005385,0.028335943818092346,0.87,2.6,2.6,0.007107973098754883,0.0,0.03594166040420532,0.15902091562747955,0.5230873823165894
Direct PPO,1091,0.0,0.01,-1.8845704793930054,-0.6914018392562866,0.36124923825263977,True,0.6078623533248901,0.006393650081008673,0.006407118868082762,0.007611722685396671,0.7925,4.15,4.15,0.00793313980102539,0.0,0.031830109655857086,0.14576973021030426,0.4892418384552002
Direct PPO,1092,0.0,0.01,-1.9696727991104126,-0.2278679758310318,0.31251582503318787,True,0.6005316376686096,0.00476941978558898,0.006944130174815655,0.025240745395421982,0.7975,4.05,4.05,0.00860595703125,0.0,0.035694412887096405,0.1514175534248352,0.6111862659454346
Direct PPO,1093,0.0,0.01,-0.8791002631187439,0.07968070358037949,0.43002596497535706,True,0.2617819607257843,0.008146786130964756,0.006845853757113218,0.02476709894835949,0.8625,2.75,2.75,0.013623714447021484,0.0,0.03262877091765404,0.15564560890197754,0.4361010193824768
Direct PPO,1094,0.0,0.01,-0.9031349420547485,-0.5643354058265686,0.2514164447784424,True,0.24372132122516632,0.0032309384550899267,0.0015798675594851375,0.009860525839030743,0.88,2.4000000000000004,2.4000000000000004,0.004103899002075195,0.0,0.03631123900413513,0.16258813440799713,0.6230875253677368
Direct PPO,1095,0.0,0.01,-1.3096781969070435,-0.4019305408000946,0.2943161725997925,True,0.3637159466743469,0.0029601354617625475,0.0005327968392521143,0.011160522699356079,0.8475,3.0500000000000003,3.0500000000000003,0.005584716796875,0.0,0.032540056854486465,0.15095043182373047,0.6038696765899658
Direct PPO,1096,0.0,0.01,-0.5565752387046814,0.7886120080947876,0.27283963561058044,True,0.2077154815196991,0.004124531056731939,0.005916531663388014,0.019012918695807457,0.8725,2.6,2.6,0.006525516510009766,0.0,0.034314557909965515,0.16012264788150787,0.5410704016685486
Direct PPO,1097,0.0,0.01,-1.3080552816390991,0.037033263593912125,0.27344202995300293,True,0.3500934839248657,0.002831174759194255,0.0072816768661141396,0.008944940753281116,0.85,3.0,3.0,0.0075244903564453125,0.0,0.035000625997781754,0.1576850414276123,0.6643446683883667
Direct PPO,1098,0.0,0.01,-1.2224541902542114,-0.25077617168426514,0.4742331802845001,True,0.3991500735282898,0.009573564864695072,0.009157241322100163,0.005344566889107227,0.82,3.75,3.75,0.013364791870117188,0.0,0.030480297282338142,0.14657996594905853,0.4312989115715027
Direct PPO,1099,0.0,0.01,-1.9130916595458984,0.09447009861469269,0.36984628438949585,True,0.608394980430603,0.0074722133576869965,0.0025719532277435064,0.010076021775603294,0.79,4.2,4.2,0.009026527404785156,0.0,0.03547748178243637,0.153158500790596,0.5106139779090881
Residual PPO,1000,0.0,0.01,-1.2179213762283325,0.20768369734287262,0.34128254652023315,True,0.3610546290874481,0.013807699084281921,0.0026438937056809664,0.0059371935203671455,0.8125,3.75,3.75,0.00946187973022461,0.0,0.0006974499556235969,0.02309459075331688,0.07002179324626923
Residual PPO,1001,0.0,0.01,-1.0811076164245605,-0.9685990810394287,0.25630688667297363,True,0.3758980929851532,0.017468256875872612,0.007634780835360289,0.006297094281762838,0.8075,3.85,3.85,0.007744789123535156,0.0,0.0006953670526854694,0.023381324484944344,0.07811591029167175
Residual PPO,1002,0.0,0.01,-1.428768277168274,-0.28562131524086,0.4242836833000183,True,0.46262896060943604,0.023757511749863625,0.010767370462417603,0.004240588750690222,0.79,4.2,4.2,0.012673377990722656,0.0,0.0007531651644967496,0.024074826389551163,0.08534499257802963
Residual PPO,1003,0.0,0.01,-1.7183640003204346,-0.48658838868141174,0.34840381145477295,True,0.5436897277832031,0.024451443925499916,0.00823463499546051,0.00704288249835372,0.7725,4.55,4.55,0.008170604705810547,0.0,0.0007152166217565536,0.022956572473049164,0.07571174949407578
Residual PPO,1004,0.0,0.01,-1.998679280281067,-0.7396973967552185,0.24154320359230042,True,0.6162437200546265,0.024516470730304718,0.006193133536726236,0.002344704233109951,0.7625,4.75,4.75,0.004467010498046875,0.0,0.000635471660643816,0.022381043061614037,0.06387632340192795
Residual PPO,1005,0.0,0.01,-1.8766711950302124,0.8611240983009338,0.28618520498275757,True,0.6023179888725281,0.020881326869130135,0.005218348000198603,0.005726930219680071,0.7675,4.65,4.65,0.007027149200439453,0.0,0.0006747889565303922,0.022827748209238052,0.07083266973495483
Residual PPO,1006,0.0,0.01,-1.4946178197860718,0.20171388983726501,0.28934937715530396,True,0.4363384544849396,0.014482932165265083,0.0032539169769734144,0.007433625403791666,0.795,4.1000000000000005,4.1000000000000005,0.005548954010009766,0.0,0.0007167733274400234,0.023204687982797623,0.07118738442659378
Residual PPO,1007,0.0,0.01,-1.8931626081466675,0.6319606900215149,0.39287856221199036,True,0.6393366456031799,0.029540959745645523,0.005578214768320322,0.0021139353048056364,0.755,4.9,4.9,0.007215023040771484,0.0,0.0006310458993539214,0.022170694544911385,0.05896628275513649
Residual PPO,1008,0.0,0.01,-1.749120831489563,0.6261014938354492,0.26522985100746155,True,0.5339143872261047,0.017744487151503563,0.0028385573532432318,0.00417531980201602,0.7775,4.45,4.45,0.004380702972412109,0.0,0.0006787424208596349,0.02263929694890976,0.0686425045132637
Residual PPO,1009,0.0,0.01,-1.9152493476867676,-0.3461688160896301,0.2149554342031479,True,0.5579963326454163,0.019249603152275085,0.0012000941205769777,0.005138624459505081,0.7725,4.55,4.55,0.004566192626953125,0.0,0.0006345920264720917,0.021658526733517647,0.0843222439289093
Residual PPO,1010,0.0,0.01,-1.8575115203857422,0.07161146402359009,0.4753030240535736,True,0.6558735370635986,0.03911144286394119,0.013560274615883827,0.005746112670749426,0.7375,5.25,5.25,0.01609039306640625,0.0,0.0006846800679340959,0.022600622847676277,0.06656193733215332
Residual PPO,1011,0.0,0.01,-1.57381272315979,0.12664707005023956,0.26378002762794495,True,0.4532683789730072,0.015282432548701763,0.0024195450823754072,0.002905254252254963,0.79,4.2,4.2,0.004986763000488281,0.0,0.0007419835892505944,0.02373400516808033,0.07298233360052109
Residual PPO,1012,0.0,0.01,-1.5405192375183105,0.561293363571167,0.2715309262275696,True,0.4633907079696655,0.015677854418754578,0.006400134414434433,0.004776408430188894,0.7925,4.15,4.15,0.0060672760009765625,0.0,0.0007233969517983496,0.023248864337801933,0.07277653366327286
Residual PPO,1013,0.0,0.01,-0.8082606196403503,-0.8420410752296448,0.401797890663147,True,0.3157399296760559,0.015698255971074104,0.009075798094272614,0.0027684320230036974,0.82,3.6,3.6,0.00942230224609375,0.0,0.0007053294102661312,0.02330201305449009,0.07837899774312973
Residual PPO,1014,0.0,0.01,-1.3467140197753906,0.1714046150445938,0.4693894386291504,True,0.44954586029052734,0.022563369944691658,0.011466438882052898,0.004300280008465052,0.7875,4.25,4.25,0.01840496063232422,0.0,0.000634786847513169,0.02211366407573223,0.07430872321128845
Residual PPO,1015,0.0,0.01,-1.4601455926895142,0.21413566172122955,0.39239153265953064,True,0.4591636657714844,0.01957199163734913,0.006372241303324699,0.006280953995883465,0.79,4.2,4.2,0.006628990173339844,0.0,0.000682484358549118,0.023149652406573296,0.07413820177316666
Residual PPO,1016,0.0,0.01,-1.6580126285552979,-0.11461202055215836,0.3060871958732605,True,0.4951861500740051,0.01896209456026554,0.0032644367311149836,0.0032046206761151552,0.7825,4.3500000000000005,4.3500000000000005,0.004085063934326172,0.0,0.0007057843031361699,0.02316582389175892,0.06694701313972473
Residual PPO,1017,0.0,0.01,-0.62247234582901,0.6426637768745422,0.4917738139629364,True,0.2551458775997162,0.012506927363574505,0.006513519212603569,0.002943758387118578,0.8425,3.1500000000000004,3.1500000000000004,0.01027679443359375,0.0,0.0007292035734280944,0.023860987275838852,0.06852129846811295
Residual PPO,1018,0.0,0.01,-1.1090368032455444,-0.0900818482041359,0.4614541530609131,True,0.3589189648628235,0.017146745696663857,0.007450904697179794,0.007815329357981682,0.8125,3.75,3.75,0.011879444122314453,0.0,0.0007297617848962545,0.02325776033103466,0.08120357990264893
Residual PPO,1019,0.0,0.01,-1.674609661102295,-0.20800989866256714,0.34006524085998535,True,0.5147045254707336,0.02083129622042179,0.005588517989963293,0.008940410800278187,0.78,4.4,4.4,0.007779598236083984,0.0,0.0006535686552524567,0.022056646645069122,0.0711333155632019
Residual PPO,1020,0.0,0.01,-1.1319496631622314,-0.4326494336128235,0.2227078378200531,True,0.3192594051361084,0.011401322670280933,0.0011071150656789541,0.00211801053956151,0.825,3.5,3.5,0.005012035369873047,0.0,0.0007730937795713544,0.024276508018374443,0.09742271900177002
Residual PPO,1021,0.0,0.01,-1.4384177923202515,-0.8382971882820129,0.49743902683258057,True,0.5357723832130432,0.030375905334949493,0.010234768502414227,0.007157608866691589,0.7675,4.65,4.65,0.015352249145507812,0.0,0.0006477376446127892,0.022124500945210457,0.0790741890668869
Residual PPO,1022,0.0,0.01,-1.999210000038147,0.8368335366249084,0.37694433331489563,True,0.6856489777565002,0.032119669020175934,0.008843001909554005,0.0028215614147484303,0.7475,5.050000000000001,5.050000000000001,0.00990152359008789,0.0,0.000687869731336832,0.022951355203986168,0.06974812597036362
Residual PPO,1023,0.0,0.01,-1.4916963577270508,0.8117974996566772,0.4728805720806122,True,0.5423461198806763,0.02757972665131092,0.009495224803686142,0.004557174164801836,0.7725,4.55,4.55,0.013347625732421875,0.0,0.0006371714407578111,0.02217339724302292,0.058795616030693054
Residual PPO,1024,0.0,0.01,-1.51630699634552,-0.48329436779022217,0.3110935389995575,True,0.4612165689468384,0.01913198083639145,0.0032328579109162092,0.0011936569353565574,0.7925,4.15,4.15,0.0050792694091796875,0.0,0.0006680787191726267,0.022297564893960953,0.08810708671808243
Residual PPO,1025,0.0,0.01,-0.7683239579200745,0.258014976978302,0.24864348769187927,True,0.207306906580925,0.007162134163081646,0.0036537437699735165,0.007622604724019766,0.86,2.8000000000000003,2.8000000000000003,0.005378246307373047,0.0,0.0007708969642408192,0.024205774068832397,0.07362408936023712
Residual PPO,1026,0.0,0.01,-1.7438942193984985,0.19023452699184418,0.2583710551261902,True,0.5099834203720093,0.017315581440925598,0.003302609082311392,0.002777801128104329,0.78,4.4,4.4,0.0067615509033203125,0.0,0.0007234388031065464,0.023610595613718033,0.06581408530473709
Residual PPO,1027,0.0,0.01,-1.9580382108688354,0.12429128587245941,0.36954861879348755,True,0.6337667107582092,0.028743555769324303,0.0038858987390995026,0.00344099965877831,0.7525,4.95,4.95,0.011222362518310547,0.0,0.000659233599435538,0.022317269816994667,0.07396475970745087
Residual PPO,1028,0.0,0.01,-0.7757433652877808,-0.22796711325645447,0.4025936424732208,True,0.23990558087825775,0.012428751215338707,0.009774397127330303,0.00435601593926549,0.8475,3.0500000000000003,3.0500000000000003,0.010831356048583984,0.0,0.000719112460501492,0.023674704134464264,0.06969574093818665
Residual PPO,1029,0.0,0.01,-0.7448340058326721,0.6458722352981567,0.214758962392807,True,0.23783192038536072,0.00820268876850605,0.004913574084639549,0.0035559479147195816,0.8575,2.85,2.85,0.006206512451171875,0.0,0.0007246690802276134,0.0237017460167408,0.06603703647851944
Residual PPO,1030,0.0,0.01,-1.6447029113769531,-0.9496257901191711,0.4438457489013672,True,0.5957008600234985,0.031407322734594345,0.0066365948878228664,0.011580968275666237,0.7625,4.75,4.75,0.012011051177978516,0.0,0.0006666099652647972,0.02230801247060299,0.10318013280630112
Residual PPO,1031,0.0,0.01,-0.9611496329307556,0.9009804725646973,0.39864641427993774,True,0.3606243133544922,0.015630779787898064,0.010121677070856094,0.0010243684519082308,0.82,3.6,3.6,0.010164737701416016,0.0,0.0007492253789678216,0.02413882315158844,0.06335911154747009
Residual PPO,1032,0.0,0.01,-0.6833899617195129,-0.5306191444396973,0.49894750118255615,True,0.25998520851135254,0.01402838621288538,0.01329827681183815,0.0069550685584545135,0.8325,3.35,3.35,0.013296127319335938,0.0,0.0007538016652688384,0.023966070264577866,0.0759645625948906
Residual PPO,1033,0.0,0.01,-0.7577928304672241,0.7459949851036072,0.4761985242366791,True,0.3011454939842224,0.013959323056042194,0.00899654719978571,0.004239095374941826,0.83,3.4000000000000004,3.4000000000000004,0.011485099792480469,0.0,0.0006995343137532473,0.023386146873235703,0.07180202007293701
Residual PPO,1034,0.0,0.01,-0.5296080112457275,-0.6777904629707336,0.22327283024787903,True,0.20474037528038025,0.010014383122324944,0.0006934800767339766,0.004849985707551241,0.8475,3.0500000000000003,3.0500000000000003,0.0,0.0,0.0007966216071508825,0.0247616246342659,0.07608266174793243
Residual PPO,1035,0.0,0.01,-1.5201642513275146,-0.23973245918750763,0.436818927526474,True,0.500636100769043,0.02390381135046482,0.004608949646353722,0.008156497031450272,0.7775,4.45,4.45,0.011266708374023438,0.0,0.0006850461941212416,0.022499293088912964,0.07086963951587677
Residual PPO,1036,0.0,0.01,-1.558912754058838,0.6018440127372742,0.34900519251823425,True,0.4968314468860626,0.019891897216439247,0.0046545639634132385,0.00521383760496974,0.785,4.3,4.3,0.008739948272705078,0.0,0.0006718756631016731,0.022336462512612343,0.06903105229139328
Residual PPO,1037,0.0,0.01,-1.5164998769760132,-0.3818822205066681,0.38270920515060425,True,0.48067131638526917,0.021519262343645096,0.008835362270474434,0.006415911018848419,0.785,4.3,4.3,0.00832366943359375,0.0,0.0006977328448556364,0.023065928369760513,0.06987083703279495
Residual PPO,1038,0.0,0.01,-1.5098652839660645,-0.8029577136039734,0.31811848282814026,True,0.4866259694099426,0.019982339814305305,0.004805003292858601,0.003359072143211961,0.79,4.2,4.2,0.007139682769775391,0.0,0.0007052344153635204,0.023254016414284706,0.08738347887992859
Residual PPO,1039,0.0,0.01,-0.6960156559944153,-0.0387578122317791,0.3661683201789856,True,0.20198696851730347,0.009933955036103725,0.0035859043709933758,0.0026541498955339193,0.86,2.8000000000000003,2.8000000000000003,0.010009288787841797,0.0,0.0006930193048901856,0.023081261664628983,0.07442183792591095
Residual PPO,1040,0.0,0.01,-0.7547146081924438,0.5635512471199036,0.4134989380836487,True,0.26324886083602905,0.011421800591051579,0.007505097892135382,0.003534846007823944,0.8475,3.0500000000000003,3.0500000000000003,0.01210927963256836,0.0,0.0006813114159740508,0.022816631942987442,0.07968654483556747
Residual PPO,1041,0.0,0.01,-0.6478168964385986,-0.19675222039222717,0.46515655517578125,True,0.21415290236473083,0.011601717211306095,0.009040839970111847,0.002370953094214201,0.8575,2.85,2.85,0.011035919189453125,0.0,0.000738171162083745,0.023716367781162262,0.08389361947774887
Residual PPO,1042,0.0,0.01,-1.463887333869934,-0.25558269023895264,0.3728010952472687,True,0.45366430282592773,0.01981176622211933,0.006331896409392357,0.0030402229167521,0.79,4.2,4.2,0.009261131286621094,0.0,0.0006533778505399823,0.02246589958667755,0.07733161002397537
Residual PPO,1043,0.0,0.01,-1.7490100860595703,-0.7958716750144958,0.31946444511413574,True,0.5643817782402039,0.026181431487202644,0.0020623879972845316,0.002894048113375902,0.775,4.5,4.5,0.004877567291259766,0.0,0.0007171317120082676,0.02331329695880413,0.07753781974315643
Residual PPO,1044,0.0,0.01,-1.981444239616394,0.7169352173805237,0.20961801707744598,True,0.5991985201835632,0.017526736482977867,0.004070343915373087,0.0012872376246377826,0.7675,4.65,4.65,0.0036716461181640625,0.0,0.0006899806321598589,0.022499971091747284,0.0753808543086052
Residual PPO,1045,0.0,0.01,-0.7272861003875732,-0.39523494243621826,0.4158290922641754,True,0.24052618443965912,0.012873305007815361,0.008095738478004932,0.005785502027720213,0.8475,3.0500000000000003,3.0500000000000003,0.012164592742919922,0.0,0.0007271742215380073,0.02360451966524124,0.08615968376398087
Residual PPO,1046,0.0,0.01,-1.868130087852478,0.6265861392021179,0.39649125933647156,True,0.631342351436615,0.027101702988147736,0.008897334337234497,0.006086036562919617,0.755,4.9,4.9,0.010150909423828125,0.0,0.0007413683924823999,0.02340381219983101,0.07594684511423111
Residual PPO,1047,0.0,0.01,-1.1699552536010742,-0.14992530643939972,0.29876548051834106,True,0.33432823419570923,0.014111973345279694,0.004895173478871584,0.006343413610011339,0.8175,3.6500000000000004,3.6500000000000004,0.004273414611816406,0.0,0.000740301504265517,0.02378316968679428,0.06902339309453964
Residual PPO,1048,0.0,0.01,-0.9076822996139526,-0.7630760073661804,0.4824531674385071,True,0.34722158312797546,0.01965395361185074,0.01357371173799038,0.005008844193071127,0.81,3.8000000000000003,3.8000000000000003,0.014780044555664062,0.0,0.0007434214930981398,0.023794570937752724,0.09501446038484573
Residual PPO,1049,0.0,0.01,-1.6127384901046753,0.09402617067098618,0.43331217765808105,True,0.5320111513137817,0.025944560766220093,0.007531885057687759,0.000640024954918772,0.77,4.6000000000000005,4.6000000000000005,0.009702682495117188,0.0,0.0006781560950912535,0.0226141344755888,0.07266682386398315
Residual PPO,1050,0.0,0.01,-1.2507070302963257,-0.40418457984924316,0.49881017208099365,True,0.43522289395332336,0.022521594539284706,0.009534677490592003,0.005505192093551159,0.79,4.2,4.2,0.013644218444824219,0.0,0.0007216642843559384,0.023617565631866455,0.0696636512875557
Residual PPO,1051,0.0,0.01,-0.8433747291564941,-0.6024307608604431,0.2584548592567444,True,0.2641740143299103,0.011975888162851334,0.00442124018445611,0.0014339369954541326,0.8425,3.1500000000000004,3.1500000000000004,0.010319709777832031,0.0,0.0007895961171016097,0.0249526035040617,0.07203199714422226
Residual PPO,1052,0.0,0.01,-1.577463150024414,-0.03658809885382652,0.32490968704223633,True,0.4726194143295288,0.018796848133206367,0.002802798757329583,0.011576219461858273,0.7875,4.25,4.25,0.009256362915039062,0.0,0.000636021897662431,0.021556761115789413,0.09801805019378662
Residual PPO,1053,0.0,0.01,-0.7320424914360046,-0.38764455914497375,0.44851720333099365,True,0.2481136918067932,0.013507750816643238,0.009244848042726517,0.0054546683095395565,0.845,3.1,3.1,0.013016700744628906,0.0,0.0007766071357764304,0.024337463080883026,0.08128505945205688
Residual PPO,1054,0.0,0.01,-1.9604523181915283,0.6108824014663696,0.3443475067615509,True,0.6390038132667542,0.02663903869688511,0.004339310340583324,0.00518170977011323,0.7575,4.8500000000000005,4.8500000000000005,0.005827426910400391,0.0,0.0006777556263841689,0.02279636263847351,0.06013530120253563
Residual PPO,1055,0.0,0.01,-0.8035520911216736,-0.8197364807128906,0.37500709295272827,True,0.3065381348133087,0.013606816530227661,0.004328084643930197,0.0007532917661592364,0.82,3.6,3.6,0.007248401641845703,0.0,0.0007306691259145737,0.02356388047337532,0.07800113409757614
Residual PPO,1056,0.0,0.01,-0.6173267960548401,-0.7547652125358582,0.33817118406295776,True,0.2478828728199005,0.01262829639017582,0.003225069958716631,0.003344413125887513,0.8325,3.35,3.35,0.004084348678588867,0.0,0.0007020084303803742,0.023343684151768684,0.06774198263883591
Residual PPO,1057,0.0,0.01,-1.4013786315917969,-0.020997419953346252,0.2980625629425049,True,0.40540894865989685,0.016944624483585358,0.0035296157002449036,0.0032054574694484472,0.8025,3.95,3.95,0.007083415985107422,0.0,0.0006816815002821386,0.022524304687976837,0.0825522243976593
Residual PPO,1058,0.0,0.01,-1.9344123601913452,-0.6835842132568359,0.34246277809143066,True,0.6310465931892395,0.02780001610517502,0.0018726021517068148,0.0037430517841130495,0.7575,4.8500000000000005,4.8500000000000005,0.006710052490234375,0.0,0.0007579419179819524,0.023879187181591988,0.07018300890922546
Residual PPO,1059,0.0,0.01,-1.3239208459854126,-0.34795770049095154,0.3298633396625519,True,0.3967122435569763,0.01640433631837368,0.005944933742284775,0.0004993726033717394,0.805,3.9000000000000004,3.9000000000000004,0.005217075347900391,0.0,0.0007280507124960423,0.023687252774834633,0.06083432957530022
Residual PPO,1060,0.0,0.01,-0.5232435464859009,-0.8263487219810486,0.4775193929672241,True,0.26318228244781494,0.015742430463433266,0.007682309485971928,0.002281124470755458,0.825,3.5,3.5,0.014031410217285156,0.0,0.0006993812858127058,0.023161092773079872,0.0633666142821312
Residual PPO,1061,0.0,0.01,-1.0766786336898804,0.09924349933862686,0.28927016258239746,True,0.301605224609375,0.011434212327003479,0.006275853607803583,0.006830930709838867,0.8275,3.45,3.45,0.008483409881591797,0.0,0.0007530450820922852,0.024065112695097923,0.0727752223610878
Residual PPO,1062,0.0,0.01,-1.020176649093628,-0.6513675451278687,0.4292861223220825,True,0.3526294231414795,0.01697758212685585,0.0053930687718093395,0.003447200870141387,0.815,3.7,3.7,0.01128387451171875,0.0,0.0006986052030697465,0.02337293140590191,0.06751348078250885
Residual PPO,1063,0.0,0.01,-0.5567145943641663,0.6067063212394714,0.2895512878894806,True,0.1998402327299118,0.007667337078601122,0.006460476666688919,0.0026810825802385807,0.87,2.6,2.6,0.006725788116455078,0.0,0.0006787875317968428,0.023011285811662674,0.07100991159677505
Residual PPO,1064,0.0,0.01,-1.6129041910171509,-0.13716638088226318,0.24278511106967926,True,0.4606421887874603,0.017313899472355843,0.001358040259219706,0.009589141234755516,0.79,4.2,4.2,0.0019221305847167969,0.0,0.0006961643812246621,0.02282879687845707,0.07951988279819489
Residual PPO,1065,0.0,0.01,-0.5033138990402222,-0.5932050347328186,0.453745573759079,True,0.2143617570400238,0.013199924491345882,0.008979681879281998,0.004149880725890398,0.845,3.1,3.1,0.011754989624023438,0.0,0.0007558928919024765,0.02418585866689682,0.08755895495414734
Residual PPO,1066,0.0,0.01,-1.3762075901031494,0.32575497031211853,0.20805609226226807,True,0.3829764723777771,0.012795904651284218,0.003866844577714801,0.00786571204662323,0.8075,3.85,3.85,0.0,0.0,0.0006895007099956274,0.023066619411110878,0.06965260952711105
Residual PPO,1067,0.0,0.01,-0.6176835894584656,0.9055254459381104,0.20151829719543457,True,0.2582802474498749,0.010812555439770222,0.002094648312777281,0.008546671830117702,0.84,3.2,3.2,0.0015001296997070312,0.0,0.0007900076452642679,0.02465665340423584,0.0687548816204071
Residual PPO,1068,0.0,0.01,-0.7787961959838867,0.5352519750595093,0.25048118829727173,True,0.23590092360973358,0.008723565377295017,0.0051818108186125755,0.004822529852390289,0.855,2.9000000000000004,2.9000000000000004,0.006133556365966797,0.0,0.0007667688187211752,0.024241158738732338,0.07290821522474289
Residual PPO,1069,0.0,0.01,-0.5076419115066528,0.8446078896522522,0.24751581251621246,True,0.23392227292060852,0.009712251834571362,0.0032419576309621334,0.0030641574412584305,0.84,3.2,3.2,0.00519561767578125,0.0,0.0008154804236255586,0.02527771331369877,0.06974318623542786
Residual PPO,1070,0.0,0.01,-1.6644020080566406,0.9533751606941223,0.22921264171600342,True,0.5264190435409546,0.01735297217965126,0.006905639078468084,0.0023222328163683414,0.785,4.3,4.3,0.006634712219238281,0.0,0.0007000088808126748,0.02290770411491394,0.07579223811626434
Residual PPO,1071,0.0,0.01,-1.6379417181015015,0.7469041347503662,0.26974478363990784,True,0.5079296827316284,0.017053190618753433,0.005835056304931641,0.006430174224078655,0.785,4.3,4.3,0.0041866302490234375,0.0,0.0006874671089462936,0.022920476272702217,0.07600576430559158
Residual PPO,1072,0.0,0.01,-1.22187077999115,0.3675197660923004,0.4661308228969574,True,0.40958625078201294,0.01960350200533867,0.012053427286446095,0.006141434423625469,0.8,4.0,4.0,0.01563549041748047,0.0,0.0007143552647903562,0.023355519399046898,0.08272580802440643
Residual PPO,1073,0.0,0.01,-1.5133368968963623,0.8512749075889587,0.3800120949745178,True,0.5142307281494141,0.021004568785429,0.004407815169543028,0.007825233973562717,0.785,4.3,4.3,0.006764411926269531,0.0,0.0006751894834451377,0.022898409515619278,0.06498502194881439
Residual PPO,1074,0.0,0.01,-0.5001789927482605,-0.2884053587913513,0.4962819218635559,True,0.1840944141149521,0.010852474719285965,0.006482444237917662,0.005360351875424385,0.8625,2.75,2.75,0.013007164001464844,0.0,0.0007526036351919174,0.024066872894763947,0.102289579808712
Residual PPO,1075,0.0,0.01,-0.8189709782600403,0.9466501474380493,0.23914383351802826,True,0.30868837237358093,0.011823969893157482,0.006493204273283482,0.007805766072124243,0.8325,3.35,3.35,0.0031359195709228516,0.0,0.0007579384837299585,0.02452753111720085,0.07454186677932739
Residual PPO,1076,0.0,0.01,-1.445397138595581,-0.562984049320221,0.45283621549606323,True,0.4944581091403961,0.024885734543204308,0.002521413378417492,0.002550748409703374,0.7825,4.3500000000000005,4.3500000000000005,0.010061264038085938,0.0,0.0007576631614938378,0.023754291236400604,0.07514678686857224
Residual PPO,1077,0.0,0.01,-0.6151338219642639,-0.8893533945083618,0.2694230377674103,True,0.2662670910358429,0.013157580979168415,0.004986393731087446,0.00357344513759017,0.825,3.5,3.5,0.005766868591308594,0.0,0.0006444294122047722,0.02234089933335781,0.06106455624103546
Residual PPO,1078,0.0,0.01,-0.6580581068992615,-0.6858707666397095,0.23459486663341522,True,0.23154635727405548,0.01199906412512064,0.002259217668324709,0.008614711463451385,0.845,3.1,3.1,0.003885984420776367,0.0,0.0008487107697874308,0.02572758123278618,0.07065553218126297
Residual PPO,1079,0.0,0.01,-0.5874135494232178,0.8651593327522278,0.4896434247493744,True,0.2825595438480377,0.014442053623497486,0.013327784836292267,0.00889682024717331,0.83,3.4000000000000004,3.4000000000000004,0.013406753540039062,0.0,0.0007648844621144235,0.02415691688656807,0.07284260541200638
Residual PPO,1080,0.0,0.01,-0.6397119164466858,0.7102972865104675,0.367546945810318,True,0.24654220044612885,0.011360418051481247,0.0066032400354743,0.00700298510491848,0.8525,2.95,2.95,0.011521339416503906,0.0,0.0007038005860522389,0.0232778899371624,0.07753653079271317
Residual PPO,1081,0.0,0.01,-1.3320256471633911,0.8601993322372437,0.3006768822669983,True,0.43584343791007996,0.01694214530289173,0.009391795843839645,0.007524359039962292,0.805,3.9000000000000004,3.9000000000000004,0.013755321502685547,0.0,0.0006906603812240064,0.023194989189505577,0.06566283106803894
Residual PPO,1082,0.0,0.01,-0.9581221342086792,-0.30673766136169434,0.3117980659008026,True,0.27884528040885925,0.01160412933677435,0.0031237569637596607,0.0006758053204976022,0.835,3.3000000000000003,3.3000000000000003,0.007616519927978516,0.0,0.0006761874537914991,0.022897236049175262,0.08270002156496048
Residual PPO,1083,0.0,0.01,-1.3940625190734863,0.6289385557174683,0.21643398702144623,True,0.4098054766654968,0.012655051425099373,0.0019632684998214245,0.0028364083264023066,0.805,3.9000000000000004,3.9000000000000004,0.005148410797119141,0.0,0.0006957360310479999,0.02315106987953186,0.07787378877401352
Residual PPO,1084,0.0,0.01,-0.7371216416358948,-0.8951173424720764,0.4071005880832672,True,0.30916735529899597,0.013794303871691227,0.003981872461736202,0.0036563812755048275,0.8175,3.6500000000000004,3.6500000000000004,0.008689403533935547,0.0,0.0007587336585856974,0.024287139996886253,0.08863642066717148
Residual PPO,1085,0.0,0.01,-0.7224554419517517,-0.08529454469680786,0.4138740301132202,True,0.22112898528575897,0.011077473871409893,0.012248039245605469,0.009924382902681828,0.8525,2.95,2.95,0.012720584869384766,0.0,0.0008165057515725493,0.0251189935952425,0.07705932855606079
Residual PPO,1086,0.0,0.01,-0.7490203976631165,-0.7008727788925171,0.4387705326080322,True,0.2870336174964905,0.01341170072555542,0.009145480580627918,0.0031774521339684725,0.825,3.5,3.5,0.010035514831542969,0.0,0.0007366169011220336,0.023841384798288345,0.06798958033323288
Residual PPO,1087,0.0,0.01,-1.2718281745910645,-0.8616007566452026,0.3274095356464386,True,0.42515644431114197,0.01817878521978855,0.0066396454349160194,0.004867798648774624,0.8025,3.95,3.95,0.008321285247802734,0.0,0.0007284109597094357,0.023402798920869827,0.06981558352708817
Residual PPO,1088,0.0,0.01,-1.148199200630188,-0.9221230149269104,0.4605681300163269,True,0.4334128797054291,0.023552414029836655,0.009978066198527813,0.0028002706822007895,0.79,4.2,4.2,0.013131141662597656,0.0,0.0007706389296799898,0.024595506489276886,0.06525561213493347
Residual PPO,1089,0.0,0.01,-1.8535881042480469,0.5890284776687622,0.37915652990341187,True,0.6146770119667053,0.0262549240142107,0.006563202012330294,0.0027877353131771088,0.76,4.800000000000001,4.800000000000001,0.006428241729736328,0.0,0.0006568376556970179,0.022131752222776413,0.07256457954645157
Residual PPO,1090,0.0,0.01,-0.9845758080482483,-0.6573527455329895,0.30003631114959717,True,0.31544625759124756,0.013958650641143322,0.0019677255768328905,0.00991094671189785,0.8275,3.45,3.45,0.005915641784667969,0.0,0.0007323714671656489,0.023962125182151794,0.06488615274429321
Residual PPO,1091,0.0,0.01,-1.8845704793930054,-0.6914018392562866,0.36124923825263977,True,0.6216904520988464,0.0271669439971447,0.007071265485137701,0.002170613268390298,0.7575,4.8500000000000005,4.8500000000000005,0.007079124450683594,0.0,0.0006720292149111629,0.02244866080582142,0.08007262647151947
Residual PPO,1092,0.0,0.01,-1.9696727991104126,-0.2278679758310318,0.31251582503318787,True,0.6119735240936279,0.02521837130188942,0.008548058569431305,0.003956947475671768,0.76,4.800000000000001,4.800000000000001,0.008589744567871094,0.0,0.0007313289679586887,0.023017512634396553,0.07031286507844925
Residual PPO,1093,0.0,0.01,-0.8791002631187439,0.07968070358037949,0.43002596497535706,True,0.27335745096206665,0.011709887534379959,0.007606567814946175,0.0021641014609485865,0.835,3.3000000000000003,3.3000000000000003,0.008141040802001953,0.0,0.0007192547200247645,0.023863457143306732,0.07031473517417908
Residual PPO,1094,0.0,0.01,-0.9031349420547485,-0.5643354058265686,0.2514164447784424,True,0.27352818846702576,0.011036662384867668,0.0022432066034525633,0.005252694245427847,0.8425,3.1500000000000004,3.1500000000000004,0.004149913787841797,0.0,0.0007639258401468396,0.02417224459350109,0.09165428578853607
Residual PPO,1095,0.0,0.01,-1.3096781969070435,-0.4019305408000946,0.2943161725997925,True,0.3870965242385864,0.015681210905313492,0.0012293232139199972,0.0011113864602521062,0.8075,3.85,3.85,0.005082607269287109,0.0,0.0007129884324967861,0.023281121626496315,0.06957057118415833
Residual PPO,1096,0.0,0.01,-0.5565752387046814,0.7886120080947876,0.27283963561058044,True,0.23164702951908112,0.00957473088055849,0.006535352673381567,0.0031645558774471283,0.85,3.0,3.0,0.005718708038330078,0.0,0.0007305788458324969,0.02382013574242592,0.061357054859399796
Residual PPO,1097,0.0,0.01,-1.3080552816390991,0.037033263593912125,0.27344202995300293,True,0.3695613443851471,0.014129850082099438,0.007537153549492359,0.008924495428800583,0.81,3.8000000000000003,3.8000000000000003,0.007536888122558594,0.0,0.0007380631286650896,0.02412215620279312,0.06789602339267731
Residual PPO,1098,0.0,0.01,-1.2224541902542114,-0.25077617168426514,0.4742331802845001,True,0.4074231684207916,0.02123251184821129,0.00776398740708828,0.000869519542902708,0.8,4.0,4.0,0.010606765747070312,0.0,0.000701388344168663,0.023169253021478653,0.08469080179929733
Residual PPO,1099,0.0,0.01,-1.9130916595458984,0.09447009861469269,0.36984628438949585,True,0.6163593530654907,0.02659541368484497,0.00044056380284018815,0.0014983166474848986,0.7575,4.8500000000000005,4.8500000000000005,0.006671905517578125,0.0,0.0007751467637717724,0.02394000254571438,0.07533539831638336
PD+FF,1000,0.0,0.03,-1.2179213762283325,0.20768369734287262,0.34128254652023315,True,0.3905508816242218,0.04858331382274628,0.007976836524903774,0.012927495874464512,0.7275,5.45,5.45,0.010146141052246094,0.0,0.004451101645827293,0.058517321944236755,0.19057762622833252
PD+FF,1001,0.0,0.03,-1.0811076164245605,-0.9685990810394287,0.25630688667297363,True,0.4104434549808502,0.052070293575525284,0.01895872689783573,0.017964359372854233,0.725,5.5,5.5,0.018803119659423828,0.0,0.0040418533608317375,0.05716165155172348,0.1632155179977417
PD+FF,1002,0.0,0.03,-1.428768277168274,-0.28562131524086,0.4242836833000183,True,0.48809534311294556,0.06826247274875641,0.009392726235091686,0.0055169309489429,0.6925,6.15,6.15,0.008440017700195312,0.0,0.004889259580522776,0.06192529946565628,0.16909344494342804
PD+FF,1003,0.0,0.03,-1.7183640003204346,-0.48658838868141174,0.34840381145477295,True,0.5712294578552246,0.07967329025268555,0.010441786609590054,0.020274315029382706,0.6775,6.45,6.45,0.010036468505859375,0.0,0.004516659304499626,0.058961763978004456,0.15543527901172638
PD+FF,1004,0.0,0.03,-1.998679280281067,-0.7396973967552185,0.24154320359230042,True,0.6469495892524719,0.08431015908718109,0.020390810444951057,0.008551320061087608,0.67,6.6000000000000005,6.6000000000000005,0.006305694580078125,0.0,0.004134463611990213,0.057648949325084686,0.15543854236602783
PD+FF,1005,0.0,0.03,-1.8766711950302124,0.8611240983009338,0.28618520498275757,True,0.6307383179664612,0.07686438411474228,0.010577005334198475,0.015827177092432976,0.6825,6.3500000000000005,6.3500000000000005,0.010925769805908203,0.0,0.004349802155047655,0.05835006758570671,0.17056266963481903
PD+FF,1006,0.0,0.03,-1.4946178197860718,0.20171388983726501,0.28934937715530396,True,0.468130886554718,0.05807232856750488,0.0024940609000623226,0.015205863863229752,0.71,5.800000000000001,5.800000000000001,0.005024909973144531,0.0,0.004511995706707239,0.05965662747621536,0.1657067984342575
PD+FF,1007,0.0,0.03,-1.8931626081466675,0.6319606900215149,0.39287856221199036,True,0.659930408000946,0.09159688651561737,0.013350836001336575,0.0048145633190870285,0.66,6.800000000000001,6.800000000000001,0.0015344619750976562,0.0,0.004066127818077803,0.056480731815099716,0.14917346835136414
PD+FF,1008,0.0,0.03,-1.749120831489563,0.6261014938354492,0.26522985100746155,True,0.5664466619491577,0.07567859441041946,0.012648947536945343,0.015692083165049553,0.6825,6.3500000000000005,6.3500000000000005,0.004605293273925781,0.0,0.0041993833146989346,0.056691717356443405,0.16484473645687103
PD+FF,1009,0.0,0.03,-1.9152493476867676,-0.3461688160896301,0.2149554342031479,True,0.5891023278236389,0.07198921591043472,0.008762164041399956,0.010002036578953266,0.6825,6.3500000000000005,6.3500000000000005,0.011629104614257812,0.0,0.003918173257261515,0.05460919812321663,0.1872226744890213
PD+FF,1010,0.0,0.03,-1.8575115203857422,0.07161146402359009,0.4753030240535736,True,0.6707857251167297,0.10582347959280014,0.025789529085159302,0.014612716622650623,0.645,7.1000000000000005,7.1000000000000005,0.016897201538085938,0.0,0.004496291279792786,0.058262962847948074,0.18429110944271088
PD+FF,1011,0.0,0.03,-1.57381272315979,0.12664707005023956,0.26378002762794495,True,0.4845345616340637,0.059253253042697906,0.005305186379700899,0.008106732740998268,0.71,5.800000000000001,5.800000000000001,0.011781692504882812,0.0,0.004511453676968813,0.05909371376037598,0.17553101480007172
PD+FF,1012,0.0,0.03,-1.5405192375183105,0.561293363571167,0.2715309262275696,True,0.4975461959838867,0.06552454084157944,0.013759317807853222,0.007207600399851799,0.7,6.0,6.0,0.010091781616210938,0.0,0.004444863647222519,0.059049054980278015,0.15155987441539764
PD+FF,1013,0.0,0.03,-0.8082606196403503,-0.8420410752296448,0.401797890663147,True,0.3481983542442322,0.04454696923494339,0.009071108885109425,0.004174279980361462,0.745,5.1000000000000005,5.1000000000000005,0.0076274871826171875,0.0,0.004449072759598494,0.05931827425956726,0.17772135138511658
PD+FF,1014,0.0,0.03,-1.3467140197753906,0.1714046150445938,0.4693894386291504,True,0.4708848297595978,0.06321706622838974,0.008610828779637814,0.011773365549743176,0.7025,5.95,5.95,0.022773265838623047,0.0,0.003941666800528765,0.05582203343510628,0.18872994184494019
PD+FF,1015,0.0,0.03,-1.4601455926895142,0.21413566172122955,0.39239153265953064,True,0.48415592312812805,0.0638568252325058,0.003898593131452799,0.01438426785171032,0.7025,5.95,5.95,0.0,0.0,0.004560100380331278,0.06016668677330017,0.18557162582874298
PD+FF,1016,0.0,0.03,-1.6580126285552979,-0.11461202055215836,0.3060871958732605,True,0.5252037644386292,0.06980033963918686,0.002924972912296653,0.009541044943034649,0.6925,6.15,6.15,0.0,0.0,0.004486092831939459,0.059051577001810074,0.15538182854652405
PD+FF,1017,0.0,0.03,-0.62247234582901,0.6426637768745422,0.4917738139629364,True,0.28573206067085266,0.038870517164468765,0.015095901675522327,0.0010665723821148276,0.765,4.7,4.7,0.0,0.0,0.004526010248810053,0.060065872967243195,0.1723444163799286
PD+FF,1018,0.0,0.03,-1.1090368032455444,-0.0900818482041359,0.4614541530609131,True,0.38605037331581116,0.05031805485486984,0.01349222008138895,0.016291623935103416,0.7275,5.45,5.45,0.003001689910888672,0.0,0.00447137700393796,0.05844055861234665,0.19107380509376526
PD+FF,1019,0.0,0.03,-1.674609661102295,-0.20800989866256714,0.34006524085998535,True,0.5401148200035095,0.06820594519376755,0.012139609083533287,0.022617541253566742,0.6975,6.050000000000001,6.050000000000001,0.008937835693359375,0.0,0.004205881617963314,0.05680931359529495,0.16748115420341492
PD+FF,1020,0.0,0.03,-1.1319496631622314,-0.4326494336128235,0.2227078378200531,True,0.3528077006340027,0.04092715308070183,0.00022838855511508882,0.0039116875268518925,0.7425,5.15,5.15,0.011765480041503906,0.0,0.004783744923770428,0.06095853075385094,0.21815259754657745
PD+FF,1021,0.0,0.03,-1.4384177923202515,-0.8382971882820129,0.49743902683258057,True,0.5576063990592957,0.07953387498855591,0.0013054657028988004,0.018426524475216866,0.675,6.5,6.5,0.009673118591308594,0.0,0.004077016841620207,0.05620164796710014,0.17884136736392975
PD+FF,1022,0.0,0.03,-1.999210000038147,0.8368335366249084,0.37694433331489563,True,0.706265389919281,0.0993909016251564,0.01939552277326584,0.009973609820008278,0.6525,6.95,6.95,0.007972240447998047,0.0,0.004591087810695171,0.05972704663872719,0.16817116737365723
PD+FF,1023,0.0,0.03,-1.4916963577270508,0.8117974996566772,0.4728805720806122,True,0.5636250972747803,0.07770194858312607,0.011670785024762154,0.013427000492811203,0.6775,6.45,6.45,0.011456966400146484,0.0,0.00405079685151577,0.056745745241642,0.14982187747955322
PD+FF,1024,0.0,0.03,-1.51630699634552,-0.48329436779022217,0.3110935389995575,True,0.493845671415329,0.06580090522766113,0.00967315398156643,0.006646839436143637,0.695,6.1000000000000005,6.1000000000000005,0.0,0.0,0.004245576448738575,0.05696374922990799,0.14809051156044006
PD+FF,1025,0.0,0.03,-0.7683239579200745,0.258014976978302,0.24864348769187927,True,0.2368191033601761,0.026817400008440018,0.011158145032823086,0.018969984725117683,0.7875,4.25,4.25,0.006501674652099609,0.0,0.004681507125496864,0.059986136853694916,0.18021845817565918
PD+FF,1026,0.0,0.03,-1.7438942193984985,0.19023452699184418,0.2583710551261902,True,0.5408118367195129,0.07003600895404816,0.00841665081679821,0.008757727220654488,0.69,6.2,6.2,0.012501239776611328,0.0,0.0045265560038387775,0.05981983244419098,0.15559066832065582
PD+FF,1027,0.0,0.03,-1.9580382108688354,0.12429128587245941,0.36954861879348755,True,0.6526622772216797,0.08658397942781448,0.017439253628253937,0.008562560193240643,0.6675,6.65,6.65,0.012900829315185547,0.0,0.004125059582293034,0.056551940739154816,0.1700814813375473
PD+FF,1028,0.0,0.03,-0.7757433652877808,-0.22796711325645447,0.4025936424732208,True,0.26689139008522034,0.03433883190155029,0.007240068633109331,0.013985863886773586,0.775,4.5,4.5,0.007605552673339844,0.0,0.004508801735937595,0.0595095269382,0.18174566328525543
PD+FF,1029,0.0,0.03,-0.7448340058326721,0.6458722352981567,0.214758962392807,True,0.27568456530570984,0.033026862889528275,0.0133247384801507,0.015404856763780117,0.7625,4.75,4.75,0.013569355010986328,0.0,0.004231687635183334,0.05802635848522186,0.16655534505844116
PD+FF,1030,0.0,0.03,-1.6447029113769531,-0.9496257901191711,0.4438457489013672,True,0.6204192638397217,0.08464598655700684,0.0074338833801448345,0.027986060827970505,0.6675,6.65,6.65,0.01145029067993164,0.0,0.00432337773963809,0.057619232684373856,0.15898194909095764
PD+FF,1031,0.0,0.03,-0.9611496329307556,0.9009804725646973,0.39864641427993774,True,0.395440936088562,0.05147582292556763,0.009980988688766956,0.003243936225771904,0.7225,5.550000000000001,5.550000000000001,0.010076522827148438,0.0,0.004659975413233042,0.06087213754653931,0.170854389667511
PD+FF,1032,0.0,0.03,-0.6833899617195129,-0.5306191444396973,0.49894750118255615,True,0.28745290637016296,0.035259414464235306,0.005144343711435795,0.021035457029938698,0.76,4.800000000000001,4.800000000000001,0.005110740661621094,0.0,0.004675643518567085,0.060491543263196945,0.20640520751476288
PD+FF,1033,0.0,0.03,-0.7577928304672241,0.7459949851036072,0.4761985242366791,True,0.3321952819824219,0.0394924096763134,0.0038200002163648605,0.006390716414898634,0.75,5.0,5.0,0.005290031433105469,0.0,0.0044304970651865005,0.05909854546189308,0.16399943828582764
PD+FF,1034,0.0,0.03,-0.5296080112457275,-0.6777904629707336,0.22327283024787903,True,0.2322891652584076,0.030078861862421036,0.005872577428817749,0.010110919363796711,0.795,4.1000000000000005,4.1000000000000005,0.0023965835571289062,0.0,0.004745539743453264,0.06073305383324623,0.18680119514465332
PD+FF,1035,0.0,0.03,-1.5201642513275146,-0.23973245918750763,0.436818927526474,True,0.5221832394599915,0.06768982112407684,0.013555162586271763,0.022433273494243622,0.6925,6.15,6.15,0.007623195648193359,0.0,0.004284351132810116,0.057052623480558395,0.17489945888519287
PD+FF,1036,0.0,0.03,-1.558912754058838,0.6018440127372742,0.34900519251823425,True,0.5280520915985107,0.07240736484527588,0.0061078364960849285,0.017478695139288902,0.6875,6.25,6.25,0.006846427917480469,0.0,0.0041686659678816795,0.055867671966552734,0.17832492291927338
PD+FF,1037,0.0,0.03,-1.5164998769760132,-0.3818822205066681,0.38270920515060425,True,0.5072298049926758,0.06868797540664673,0.011385723948478699,0.014098893851041794,0.6925,6.15,6.15,0.0025277137756347656,0.0,0.004395986907184124,0.058906860649585724,0.14584866166114807
PD+FF,1038,0.0,0.03,-1.5098652839660645,-0.8029577136039734,0.31811848282814026,True,0.5201906561851501,0.06354917585849762,0.013378252275288105,0.010265827178955078,0.7,6.0,6.0,0.008284568786621094,0.0,0.004382660612463951,0.058601852506399155,0.1729496717453003
PD+FF,1039,0.0,0.03,-0.6960156559944153,-0.0387578122317791,0.3661683201789856,True,0.22863906621932983,0.027408568188548088,0.012190877459943295,0.00694560632109642,0.78,4.4,4.4,0.011971473693847656,0.0,0.004314277786761522,0.058247607201337814,0.1686587780714035
PD+FF,1040,0.0,0.03,-0.7547146081924438,0.5635512471199036,0.4134989380836487,True,0.2951105535030365,0.04109007492661476,0.003643186530098319,0.007767960894852877,0.7575,4.8500000000000005,4.8500000000000005,0.006967067718505859,0.0,0.004201302770525217,0.057235267013311386,0.16026435792446136
PD+FF,1041,0.0,0.03,-0.6478168964385986,-0.19675222039222717,0.46515655517578125,True,0.23808777332305908,0.031129522249102592,0.0008802717784419656,0.005644406192004681,0.7775,4.45,4.45,0.0016579627990722656,0.0,0.004446685314178467,0.058972228318452835,0.16395628452301025
PD+FF,1042,0.0,0.03,-1.463887333869934,-0.25558269023895264,0.3728010952472687,True,0.4810352921485901,0.06226639077067375,0.0013796797720715404,0.00958877895027399,0.7025,5.95,5.95,0.009690284729003906,0.0,0.004053772892802954,0.05670824274420738,0.15966476500034332
PD+FF,1043,0.0,0.03,-1.7490100860595703,-0.7958716750144958,0.31946444511413574,True,0.5953013300895691,0.08281391113996506,0.0013511510333046317,0.007241841405630112,0.6675,6.65,6.65,0.0070247650146484375,0.0,0.004333493299782276,0.05811312794685364,0.15622887015342712
PD+FF,1044,0.0,0.03,-1.981444239616394,0.7169352173805237,0.20961801707744598,True,0.6309971213340759,0.07867570966482162,0.012914289720356464,0.007721753790974617,0.68,6.4,6.4,0.009076595306396484,0.0,0.004343120846897364,0.05735588073730469,0.2101355493068695
PD+FF,1045,0.0,0.03,-0.7272861003875732,-0.39523494243621826,0.4158290922641754,True,0.2694084346294403,0.035388506948947906,0.010378857143223286,0.0076500545255839825,0.7675,4.65,4.65,0.012700557708740234,0.0,0.004497143905609846,0.05933862924575806,0.1954588145017624
PD+FF,1046,0.0,0.03,-1.868130087852478,0.6265861392021179,0.39649125933647156,True,0.65171217918396,0.08674562722444534,0.007902942597866058,0.014907199889421463,0.67,6.6000000000000005,6.6000000000000005,0.007527351379394531,0.0,0.0045844935812056065,0.0592522919178009,0.16971062123775482
PD+FF,1047,0.0,0.03,-1.1699552536010742,-0.14992530643939972,0.29876548051834106,True,0.36616209149360657,0.05001634731888771,0.022508341819047928,0.014375925064086914,0.7275,5.45,5.45,0.0,0.0,0.004640388768166304,0.05993291363120079,0.1739719957113266
PD+FF,1048,0.0,0.03,-0.9076822996139526,-0.7630760073661804,0.4824531674385071,True,0.3777919113636017,0.052243661135435104,0.01015425194054842,0.013967263512313366,0.7275,5.45,5.45,0.017210960388183594,0.0,0.004547838121652603,0.06006225571036339,0.1708046942949295
PD+FF,1049,0.0,0.03,-1.6127384901046753,0.09402617067098618,0.43331217765808105,True,0.5525410771369934,0.07889328896999359,0.011462277732789516,0.0026669956278055906,0.6775,6.45,6.45,0.0,0.0,0.004349253140389919,0.057862136512994766,0.1688099354505539
PD+FF,1050,0.0,0.03,-1.2507070302963257,-0.40418457984924316,0.49881017208099365,True,0.4572564959526062,0.060752592980861664,0.00958656333386898,0.01561899296939373,0.7075,5.8500000000000005,5.8500000000000005,0.0057220458984375,0.0,0.004593756981194019,0.06057164818048477,0.1526610106229782
PD+FF,1051,0.0,0.03,-0.8433747291564941,-0.6024307608604431,0.2584548592567444,True,0.29507726430892944,0.03720305860042572,0.005849672947078943,0.002238327171653509,0.7675,4.65,4.65,0.020422935485839844,0.0,0.0048504965379834175,0.06168988719582558,0.20325320959091187
PD+FF,1052,0.0,0.03,-1.577463150024414,-0.03658809885382652,0.32490968704223633,True,0.5007384419441223,0.06558092683553696,0.0015227408148348331,0.019306980073451996,0.7,6.0,6.0,0.010692119598388672,0.0,0.004120688885450363,0.05592893064022064,0.1697801798582077
PD+FF,1053,0.0,0.03,-0.7320424914360046,-0.38764455914497375,0.44851720333099365,True,0.2743174731731415,0.03580306097865105,0.004795375745743513,0.006313767749816179,0.7625,4.75,4.75,0.014603137969970703,0.0,0.004790938924998045,0.06121503934264183,0.1913413107395172
PD+FF,1054,0.0,0.03,-1.9604523181915283,0.6108824014663696,0.3443475067615509,True,0.6619160175323486,0.09230484068393707,0.0038723198231309652,0.004282207693904638,0.665,6.7,6.7,0.0009036064147949219,0.0,0.004279826767742634,0.057810135185718536,0.15046444535255432
PD+FF,1055,0.0,0.03,-0.8035520911216736,-0.8197364807128906,0.37500709295272827,True,0.3392864167690277,0.03870099037885666,0.0070294830948114395,0.0035636236425489187,0.75,5.0,5.0,0.0056705474853515625,0.0,0.004381515085697174,0.058189429342746735,0.14543674886226654
PD+FF,1056,0.0,0.03,-0.6173267960548401,-0.7547652125358582,0.33817118406295776,True,0.27562713623046875,0.037520118057727814,0.0038573199417442083,0.005280654411762953,0.7725,4.55,4.55,0.0,0.0,0.004348589573055506,0.05819161981344223,0.16444797813892365
PD+FF,1057,0.0,0.03,-1.4013786315917969,-0.020997419953346252,0.2980625629425049,True,0.43499550223350525,0.06094411388039589,0.0037367783952504396,0.00807261373847723,0.7075,5.8500000000000005,5.8500000000000005,0.004708290100097656,0.0,0.00434204051271081,0.057618148624897,0.17511692643165588
PD+FF,1058,0.0,0.03,-1.9344123601913452,-0.6835842132568359,0.34246277809143066,True,0.655556321144104,0.08724738657474518,0.010349821299314499,0.010252533480525017,0.665,6.7,6.7,0.0026187896728515625,0.0,0.004637579899281263,0.060195162892341614,0.1534861922264099
PD+FF,1059,0.0,0.03,-1.3239208459854126,-0.34795770049095154,0.3298633396625519,True,0.426174521446228,0.054498907178640366,0.01191119384020567,0.004202172160148621,0.725,5.5,5.5,0.0014514923095703125,0.0,0.004704331047832966,0.061038803309202194,0.15364661812782288
PD+FF,1060,0.0,0.03,-0.5232435464859009,-0.8263487219810486,0.4775193929672241,True,0.292493999004364,0.037972286343574524,0.0045941779389977455,0.004485165700316429,0.7575,4.8500000000000005,4.8500000000000005,0.012452125549316406,0.0,0.004286644980311394,0.05757978558540344,0.15431781113147736
PD+FF,1061,0.0,0.03,-1.0766786336898804,0.09924349933862686,0.28927016258239746,True,0.33248254656791687,0.04351554438471794,0.00911357719451189,0.011255497112870216,0.745,5.1000000000000005,5.1000000000000005,0.017844200134277344,0.0,0.004544313531368971,0.05978509411215782,0.1607193499803543
PD+FF,1062,0.0,0.03,-1.020176649093628,-0.6513675451278687,0.4292861223220825,True,0.3840606212615967,0.050707053393125534,0.010815957561135292,0.008309020660817623,0.73,5.4,5.4,0.008704185485839844,0.0,0.004479715134948492,0.05984150990843773,0.15724840760231018
PD+FF,1063,0.0,0.03,-0.5567145943641663,0.6067063212394714,0.2895512878894806,True,0.23125697672367096,0.027758419513702393,0.003662042086943984,0.008563384413719177,0.7925,4.15,4.15,0.003139495849609375,0.0,0.004156696610152721,0.0571928471326828,0.15229202806949615
PD+FF,1064,0.0,0.03,-1.6129041910171509,-0.13716638088226318,0.24278511106967926,True,0.4928412437438965,0.06380301713943481,0.008387814275920391,0.027963507920503616,0.7,6.0,6.0,0.0,0.0,0.004246011842042208,0.057245250791311264,0.18591780960559845
PD+FF,1065,0.0,0.03,-0.5033138990402222,-0.5932050347328186,0.453745573759079,True,0.24230754375457764,0.036189738661050797,0.003105074167251587,0.005731054116040468,0.7775,4.45,4.45,0.004326343536376953,0.0,0.004437949042767286,0.059342674911022186,0.16863510012626648
PD+FF,1066,0.0,0.03,-1.3762075901031494,0.32575497031211853,0.20805609226226807,True,0.41695332527160645,0.05540243908762932,0.015663592144846916,0.009569640271365643,0.72,5.6000000000000005,5.6000000000000005,0.0,0.0,0.004261221271008253,0.05807224661111832,0.1525098979473114
PD+FF,1067,0.0,0.03,-0.6176835894584656,0.9055254459381104,0.20151829719543457,True,0.29049721360206604,0.03683314472436905,0.005537289660423994,0.017535781487822533,0.765,4.7,4.7,0.004956960678100586,0.0,0.004874815233051777,0.06156204640865326,0.16972284018993378
PD+FF,1068,0.0,0.03,-0.7787961959838867,0.5352519750595093,0.25048118829727173,True,0.26918309926986694,0.031995441764593124,0.009685918688774109,0.016190027818083763,0.78,4.4,4.4,0.009529590606689453,0.0,0.004564356058835983,0.05999308452010155,0.15765368938446045
PD+FF,1069,0.0,0.03,-0.5076419115066528,0.8446078896522522,0.24751581251621246,True,0.26879245042800903,0.03288029134273529,0.007103703450411558,0.006788257975131273,0.775,4.5,4.5,0.009013652801513672,0.0,0.004899310879409313,0.06208495795726776,0.20386287569999695
PD+FF,1070,0.0,0.03,-1.6644020080566406,0.9533751606941223,0.22921264171600342,True,0.5620946288108826,0.07050938159227371,0.01686243899166584,0.005227229092270136,0.69,6.2,6.2,0.012218952178955078,0.0,0.004323229659348726,0.05785646289587021,0.17334790527820587
PD+FF,1071,0.0,0.03,-1.6379417181015015,0.7469041347503662,0.26974478363990784,True,0.5394887328147888,0.06601937860250473,0.014833471737802029,0.02099582552909851,0.6975,6.050000000000001,6.050000000000001,0.006415843963623047,0.0,0.004293398931622505,0.05775192752480507,0.1797131597995758
PD+FF,1072,0.0,0.03,-1.22187077999115,0.3675197660923004,0.4661308228969574,True,0.4347418248653412,0.059301625937223434,0.011527552269399166,0.01761012338101864,0.71,5.800000000000001,5.800000000000001,0.01802349090576172,0.0,0.004446336999535561,0.05930134654045105,0.19660647213459015
PD+FF,1073,0.0,0.03,-1.5133368968963623,0.8512749075889587,0.3800120949745178,True,0.5451146364212036,0.0750446543097496,0.004797747358679771,0.023642849177122116,0.6825,6.3500000000000005,6.3500000000000005,0.0,0.0,0.0042389980517327785,0.05825774744153023,0.14232903718948364
PD+FF,1074,0.0,0.03,-0.5001789927482605,-0.2884053587913513,0.4962819218635559,True,0.20668981969356537,0.028907211497426033,0.01339284423738718,0.009872020222246647,0.7975,4.05,4.05,0.006134033203125,0.0,0.0047018639743328094,0.06087306886911392,0.24050135910511017
PD+FF,1075,0.0,0.03,-0.8189709782600403,0.9466501474380493,0.23914383351802826,True,0.34718769788742065,0.04557589814066887,0.01956350915133953,0.014183812774717808,0.74,5.2,5.2,0.0003466606140136719,0.0,0.00460711307823658,0.060767218470573425,0.17092615365982056
PD+FF,1076,0.0,0.03,-1.445397138595581,-0.562984049320221,0.45283621549606323,True,0.5172351002693176,0.06924831122159958,0.01720765046775341,0.011178473941981792,0.69,6.2,6.2,0.004150867462158203,0.0,0.004809039179235697,0.060539789497852325,0.19126978516578674
PD+FF,1077,0.0,0.03,-0.6151338219642639,-0.8893533945083618,0.2694230377674103,True,0.2973262667655945,0.037815626710653305,0.013819302432239056,0.0087536396458745,0.755,4.9,4.9,0.011696815490722656,0.0,0.0038722744211554527,0.05493994802236557,0.16025492548942566
PD+FF,1078,0.0,0.03,-0.6580581068992615,-0.6858707666397095,0.23459486663341522,True,0.26319849491119385,0.03689474239945412,0.007246706634759903,0.011547603644430637,0.7725,4.55,4.55,0.012634515762329102,0.0,0.0052115158177912235,0.06385353952646255,0.17942167818546295
PD+FF,1079,0.0,0.03,-0.5874135494232178,0.8651593327522278,0.4896434247493744,True,0.3139912784099579,0.0395505465567112,0.01238332036882639,0.026132924482226372,0.75,5.0,5.0,0.012288093566894531,0.0,0.0047335852868855,0.060639895498752594,0.17672555148601532
PD+FF,1080,0.0,0.03,-0.6397119164466858,0.7102972865104675,0.367546945810318,True,0.27958613634109497,0.034431539475917816,0.010488472878932953,0.022956036031246185,0.7725,4.55,4.55,0.020618438720703125,0.0,0.004399257246404886,0.05865883454680443,0.16765256226062775
PD+FF,1081,0.0,0.03,-1.3320256471633911,0.8601993322372437,0.3006768822669983,True,0.47352415323257446,0.06500092893838882,0.01945222169160843,0.012226945720613003,0.7025,5.95,5.95,0.023284912109375,0.0,0.004305471666157246,0.058338891714811325,0.16230608522891998
PD+FF,1082,0.0,0.03,-0.9581221342086792,-0.30673766136169434,0.3117980659008026,True,0.3096795082092285,0.040698375552892685,0.017056947574019432,7.825253123883158e-05,0.755,4.9,4.9,0.009847879409790039,0.0,0.004092657007277012,0.05717219039797783,0.15367008745670319
PD+FF,1083,0.0,0.03,-1.3940625190734863,0.6289385557174683,0.21643398702144623,True,0.4427146315574646,0.05258173868060112,0.004998868331313133,0.00890791043639183,0.72,5.6000000000000005,5.6000000000000005,0.01027226448059082,0.0,0.004350613337010145,0.058091867715120316,0.19141484797000885
PD+FF,1084,0.0,0.03,-0.7371216416358948,-0.8951173424720764,0.4071005880832672,True,0.3397050201892853,0.03614204749464989,0.006582506932318211,0.008272604085505009,0.755,4.9,4.9,0.006083965301513672,0.0,0.004516580607742071,0.059863459318876266,0.19707919657230377
PD+FF,1085,0.0,0.03,-0.7224554419517517,-0.08529454469680786,0.4138740301132202,True,0.2479996383190155,0.03149862959980965,0.020997364073991776,0.02269292250275612,0.7725,4.55,4.55,0.01802206039428711,0.0,0.00500602787360549,0.062613844871521,0.2007596343755722
PD+FF,1086,0.0,0.03,-0.7490203976631165,-0.7008727788925171,0.4387705326080322,True,0.31844258308410645,0.037529997527599335,0.004051920026540756,0.009740524925291538,0.75,5.0,5.0,0.0027780532836914062,0.0,0.0044037941843271255,0.05902411416172981,0.15133261680603027
PD+FF,1087,0.0,0.03,-1.2718281745910645,-0.8616007566452026,0.3274095356464386,True,0.4589947462081909,0.05398062616586685,0.012658929452300072,0.00901484489440918,0.7175,5.65,5.65,0.010601520538330078,0.0,0.004564728122204542,0.05934346839785576,0.16908270120620728
PD+FF,1088,0.0,0.03,-1.148199200630188,-0.9221230149269104,0.4605681300163269,True,0.46771374344825745,0.06592489778995514,0.009037850424647331,0.007451371755450964,0.695,6.1000000000000005,6.1000000000000005,0.004441261291503906,0.0,0.004768072627484798,0.061924975365400314,0.168650820851326
PD+FF,1089,0.0,0.03,-1.8535881042480469,0.5890284776687622,0.37915652990341187,True,0.6350389719009399,0.08396267890930176,0.0052369507029652596,0.005461002234369516,0.67,6.6000000000000005,6.6000000000000005,0.0,0.0,0.004190050531178713,0.056549109518527985,0.18710780143737793
PD+FF,1090,0.0,0.03,-0.9845758080482483,-0.6573527455329895,0.30003631114959717,True,0.34855249524116516,0.044936444610357285,0.010178692638874054,0.016760358586907387,0.7425,5.15,5.15,0.008762359619140625,0.0,0.004436305724084377,0.059798333793878555,0.16260778903961182
PD+FF,1091,0.0,0.03,-1.8845704793930054,-0.6914018392562866,0.36124923825263977,True,0.6448142528533936,0.08087285608053207,0.008594745770096779,0.006879480555653572,0.6775,6.45,6.45,0.005898475646972656,0.0,0.004363074898719788,0.05764926224946976,0.20317678153514862
PD+FF,1092,0.0,0.03,-1.9696727991104126,-0.2278679758310318,0.31251582503318787,True,0.6377809047698975,0.08826881647109985,0.011349462904036045,0.010377549566328526,0.6625,6.75,6.75,0.011059284210205078,0.0,0.004450805019587278,0.057801589369773865,0.16677887737751007
PD+FF,1093,0.0,0.03,-0.8791002631187439,0.07968070358037949,0.43002596497535706,True,0.3014430105686188,0.03590814769268036,0.003352485131472349,0.009280306287109852,0.7575,4.8500000000000005,4.8500000000000005,0.00304412841796875,0.0,0.004638077225536108,0.06083348020911217,0.15889182686805725
PD+FF,1094,0.0,0.03,-0.9031349420547485,-0.5643354058265686,0.2514164447784424,True,0.3062170743942261,0.03797486424446106,0.004428626503795385,0.018719205632805824,0.76,4.800000000000001,4.800000000000001,0.007728099822998047,0.0,0.004653641954064369,0.06040313467383385,0.19473238289356232
PD+FF,1095,0.0,0.03,-1.3096781969070435,-0.4019305408000946,0.2943161725997925,True,0.42183995246887207,0.056957900524139404,0.013070881366729736,0.0031632252503186464,0.7175,5.65,5.65,0.00101470947265625,0.0,0.004652806557714939,0.059793584048748016,0.17680980265140533
PD+FF,1096,0.0,0.03,-0.5565752387046814,0.7886120080947876,0.27283963561058044,True,0.2650600075721741,0.034378696233034134,0.012629942037165165,0.013295110315084457,0.7725,4.55,4.55,0.012519359588623047,0.0,0.00444539962336421,0.05929306894540787,0.1555345058441162
PD+FF,1097,0.0,0.03,-1.3080552816390991,0.037033263593912125,0.27344202995300293,True,0.4004318118095398,0.05128824710845947,0.010513613000512123,0.02910424768924713,0.7225,5.550000000000001,5.550000000000001,0.010114669799804688,0.0,0.004650624934583902,0.06097405031323433,0.1675233542919159
PD+FF,1098,0.0,0.03,-1.2224541902542114,-0.25077617168426514,0.4742331802845001,True,0.43176448345184326,0.06360428035259247,0.011208532378077507,0.004886752460151911,0.705,5.9,5.9,0.0,0.0,0.004368932452052832,0.05894957855343819,0.19440218806266785
PD+FF,1099,0.0,0.03,-1.9130916595458984,0.09447009861469269,0.36984628438949585,True,0.6375607252120972,0.08617395907640457,0.015347441658377647,0.004321535583585501,0.6725,6.550000000000001,6.550000000000001,9.059906005859375e-06,0.0,0.004748115781694651,0.06072801724076271,0.2034875750541687
Direct PPO,1000,0.0,0.03,-1.2179213762283325,0.20768369734287262,0.34128254652023315,True,0.34484991431236267,0.007252082694321871,0.010547899641096592,0.023739047348499298,0.845,3.0500000000000003,5.6000000000000005,0.013111591339111328,0.0,0.18827399611473083,0.36950233578681946,1.2329825162887573
Direct PPO,1001,0.0,0.03,-1.0811076164245605,-0.9685990810394287,0.25630688667297363,True,0.34051430225372314,0.007744878530502319,0.012620770372450352,0.018358396366238594,0.865,2.85,2.85,0.010072708129882812,0.0,0.19567985832691193,0.379926860332489,1.0788854360580444
Direct PPO,1002,0.0,0.03,-1.428768277168274,-0.28562131524086,0.4242836833000183,True,0.452846497297287,0.014638660475611687,0.018526505678892136,0.013328539207577705,0.81,4.05,4.05,0.02735280990600586,0.0,0.17883089184761047,0.36179521679878235,0.9785578846931458
Direct PPO,1003,0.0,0.03,-1.7183640003204346,-0.48658838868141174,0.34840381145477295,True,0.529715359210968,0.011558936908841133,0.010806885547935963,0.05058251693844795,0.805,3.85,10.15,0.014917373657226562,0.0,0.17219585180282593,0.34508830308914185,1.059564471244812
Direct PPO,1004,0.0,0.03,-1.998679280281067,-0.7396973967552185,0.24154320359230042,True,0.5954753160476685,0.012000063434243202,0.012739301659166813,0.02770225703716278,0.8075,3.85,3.85,0.013021647930145264,0.0,0.15719333291053772,0.33654823899269104,0.9846032857894897
Direct PPO,1005,0.0,0.03,-1.8766711950302124,0.8611240983009338,0.28618520498275757,True,0.5783311128616333,0.008669150061905384,0.005317805800586939,0.03199740871787071,0.8075,3.8000000000000003,16.400000000000002,0.016347408294677734,0.0,0.1681419461965561,0.348958283662796,0.9342108964920044
Direct PPO,1006,0.0,0.03,-1.4946178197860718,0.20171388983726501,0.28934937715530396,True,0.41905584931373596,0.007455579936504364,0.012668364681303501,0.045778948813676834,0.8325,3.3000000000000003,12.350000000000001,0.01546180248260498,0.0,0.1937040239572525,0.3746989071369171,1.0966577529907227
Direct PPO,1007,0.0,0.03,-1.8931626081466675,0.6319606900215149,0.39287856221199036,True,0.6249758005142212,0.011462103575468063,0.0107069481164217,0.01937621831893921,0.78,4.55,4.55,0.01724100112915039,0.0,0.17382365465164185,0.3524307608604431,1.0341691970825195
Direct PPO,1008,0.0,0.03,-1.749120831489563,0.6261014938354492,0.26522985100746155,True,0.5106955170631409,0.010106408037245274,0.014261089265346527,0.0720977634191513,0.82,3.6,3.6,0.010869741439819336,0.0,0.17216672003269196,0.3518710732460022,1.079411506652832
Direct PPO,1009,0.0,0.03,-1.9152493476867676,-0.3461688160896301,0.2149554342031479,True,0.5383982062339783,0.007956275716423988,0.01253771036863327,0.011637376621365547,0.815,3.6500000000000004,11.5,0.03945660591125488,0.0,0.16865283250808716,0.3483441174030304,0.8926464319229126
Direct PPO,1010,0.0,0.03,-1.8575115203857422,0.07161146402359009,0.4753030240535736,True,0.651931643486023,0.022006867453455925,0.01409565843641758,0.013143414631485939,0.76,4.800000000000001,4.800000000000001,0.02462482452392578,0.0,0.16841334104537964,0.34355849027633667,0.9573882818222046
Direct PPO,1011,0.0,0.03,-1.57381272315979,0.12664707005023956,0.26378002762794495,True,0.4358287751674652,0.008993872441351414,0.01030384935438633,0.010865967720746994,0.8325,3.35,3.35,0.011528491973876953,0.0,0.19569316506385803,0.3738575279712677,1.1619102954864502
Direct PPO,1012,0.0,0.03,-1.5405192375183105,0.561293363571167,0.2715309262275696,True,0.43924838304519653,0.0086622079834342,0.0034706967417150736,0.054226431995630264,0.8325,3.35,3.35,0.009146690368652344,0.0,0.17772053182125092,0.361771821975708,1.0023099184036255
Direct PPO,1013,0.0,0.03,-0.8082606196403503,-0.8420410752296448,0.401797890663147,True,0.28607186675071716,0.010578379034996033,0.007237845566123724,0.007968935184180737,0.8625,3.0,3.0,0.01822209358215332,0.0,0.19458512961864471,0.3804691433906555,1.1768254041671753
Direct PPO,1014,0.0,0.03,-1.3467140197753906,0.1714046150445938,0.4693894386291504,True,0.4433961510658264,0.015424292534589767,0.004451175685971975,0.024491090327501297,0.81,4.0,4.0,0.03322267532348633,0.0,0.16170334815979004,0.34010979533195496,0.992882490158081
Direct PPO,1015,0.0,0.03,-1.4601455926895142,0.21413566172122955,0.39239153265953064,True,0.4491939842700958,0.008743642829358578,0.007102683652192354,0.03613658994436264,0.815,3.9000000000000004,3.9000000000000004,0.00816202163696289,0.0,0.18532755970954895,0.3696693778038025,1.1184566020965576
Direct PPO,1016,0.0,0.03,-1.6580126285552979,-0.11461202055215836,0.3060871958732605,True,0.48133787512779236,0.009704476222395897,0.004451279528439045,0.035387422889471054,0.8175,3.6,6.050000000000001,0.013936161994934082,0.0,0.1840818077325821,0.36420902609825134,1.013443946838379
Direct PPO,1017,0.0,0.03,-0.62247234582901,0.6426637768745422,0.4917738139629364,True,0.23564410209655762,0.014635159634053707,0.004137155134230852,0.02351674996316433,0.8625,2.8000000000000003,2.8000000000000003,0.022295475006103516,0.0,0.18700043857097626,0.37764498591423035,0.9837316870689392
Direct PPO,1018,0.0,0.03,-1.1090368032455444,-0.0900818482041359,0.4614541530609131,True,0.35066232085227966,0.010716664604842663,0.016210876405239105,0.021952562034130096,0.825,3.6,3.6,0.017479419708251953,0.0,0.18119724094867706,0.3603355884552002,1.1440463066101074
Direct PPO,1019,0.0,0.03,-1.674609661102295,-0.20800989866256714,0.34006524085998535,True,0.5030304789543152,0.009260816499590874,0.003729684744030237,0.049487728625535965,0.8075,3.95,16.25,0.016558170318603516,0.0,0.1641388088464737,0.3389797806739807,1.0283905267715454
Direct PPO,1020,0.0,0.03,-1.1319496631622314,-0.4326494336128235,0.2227078378200531,True,0.2907123565673828,0.007944043725728989,0.008542108349502087,0.004886070266366005,0.8625,2.6500000000000004,17.150000000000002,0.015505731105804443,0.0,0.17429013550281525,0.3599598705768585,1.049582839012146
Direct PPO,1021,0.0,0.03,-1.4384177923202515,-0.8382971882820129,0.49743902683258057,True,0.521815299987793,0.013103240169584751,0.004750299733132124,0.05313362181186676,0.7875,4.1000000000000005,4.800000000000001,0.027647972106933594,0.0,0.1471899449825287,0.32120275497436523,1.0348994731903076
Direct PPO,1022,0.0,0.03,-1.999210000038147,0.8368335366249084,0.37694433331489563,True,0.6676568984985352,0.01208378653973341,0.01022898219525814,0.03281683474779129,0.7725,4.95,6.65,0.016743183135986328,0.0,0.17261013388633728,0.3486175835132599,1.1641980409622192
Direct PPO,1023,0.0,0.03,-1.4916963577270508,0.8117974996566772,0.4728805720806122,True,0.5257063508033752,0.015315384604036808,0.0025242639239877462,0.02940765768289566,0.7825,4.4,14.850000000000001,0.021468639373779297,0.0,0.17452411353588104,0.3537708520889282,1.0786617994308472
Direct PPO,1024,0.0,0.03,-1.51630699634552,-0.48329436779022217,0.3110935389995575,True,0.44196224212646484,0.00954979844391346,0.01359659992158413,0.014288769103586674,0.83,3.35,17.0,0.012375116348266602,0.0,0.1739812046289444,0.3542371094226837,1.185456395149231
Direct PPO,1025,0.0,0.03,-0.7683239579200745,0.258014976978302,0.24864348769187927,True,0.18884888291358948,0.008517980575561523,0.02029387652873993,0.009252771735191345,0.89,2.2,2.2,0.011790275573730469,0.0,0.20556658506393433,0.3957008719444275,1.0777745246887207
Direct PPO,1026,0.0,0.03,-1.7438942193984985,0.19023452699184418,0.2583710551261902,True,0.49325037002563477,0.00833150465041399,0.022015048190951347,0.006921730004251003,0.8225,3.5500000000000003,3.5500000000000003,0.014825224876403809,0.0,0.1840842068195343,0.3621111810207367,0.9868968725204468
Direct PPO,1027,0.0,0.03,-1.9580382108688354,0.12429128587245941,0.36954861879348755,True,0.6262420415878296,0.011049753054976463,0.005385873839259148,0.011494049802422523,0.7775,4.25,15.350000000000001,0.021327495574951172,0.0,0.16398020088672638,0.3352769613265991,0.9834452867507935
Direct PPO,1028,0.0,0.03,-0.7757433652877808,-0.22796711325645447,0.4025936424732208,True,0.22233930230140686,0.00889354757964611,0.013100611045956612,0.02008393406867981,0.8725,2.7,2.7,0.017804622650146484,0.0,0.18268199265003204,0.3767470717430115,0.949234127998352
Direct PPO,1029,0.0,0.03,-0.7448340058326721,0.6458722352981567,0.214758962392807,True,0.212208092212677,0.00903225690126419,0.010384274646639824,0.04687086120247841,0.8875,2.75,2.75,0.020459771156311035,0.0,0.19509774446487427,0.3873261511325836,0.948104202747345
Direct PPO,1030,0.0,0.03,-1.6447029113769531,-0.9496257901191711,0.4438457489013672,True,0.5795830488204956,0.012965839356184006,0.007937592454254627,0.04883871227502823,0.7825,4.3,4.95,0.020835399627685547,0.0,0.1613856554031372,0.33782958984375,1.014907717704773
Direct PPO,1031,0.0,0.03,-0.9611496329307556,0.9009804725646973,0.39864641427993774,True,0.3339548408985138,0.0102669857442379,0.006956513039767742,0.04268638417124748,0.85,3.45,11.700000000000001,0.018256664276123047,0.0,0.1873234212398529,0.37332871556282043,1.0838996171951294
Direct PPO,1032,0.0,0.03,-0.6833899617195129,-0.5306191444396973,0.49894750118255615,True,0.23953063786029816,0.010930703952908516,0.017522422596812248,0.012694263830780983,0.8575,3.4000000000000004,3.4000000000000004,0.01896047592163086,0.0,0.1789088398218155,0.3667280077934265,0.9025892615318298
Direct PPO,1033,0.0,0.03,-0.7577928304672241,0.7459949851036072,0.4761985242366791,True,0.28013354539871216,0.01199297234416008,0.013741526752710342,0.042833175510168076,0.85,3.5500000000000003,3.5500000000000003,0.0269620418548584,0.0,0.1935742199420929,0.3838341236114502,1.0090903043746948
Direct PPO,1034,0.0,0.03,-0.5296080112457275,-0.6777904629707336,0.22327283024787903,True,0.17685730755329132,0.013182356022298336,0.00749265868216753,0.01762254536151886,0.895,2.35,2.35,0.004606127738952637,0.0,0.21635004878044128,0.40835991501808167,1.0516356229782104
Direct PPO,1035,0.0,0.03,-1.5201642513275146,-0.23973245918750763,0.436818927526474,True,0.4926837384700775,0.010494546964764595,0.009769311174750328,0.05525635555386543,0.795,3.9000000000000004,18.2,0.019822120666503906,0.0,0.17506639659404755,0.35179808735847473,1.0969616174697876
Direct PPO,1036,0.0,0.03,-1.558912754058838,0.6018440127372742,0.34900519251823425,True,0.4776403307914734,0.009091516025364399,0.004918663762509823,0.038416214287281036,0.82,3.6,3.6,0.016730785369873047,0.0,0.17561116814613342,0.3533526360988617,1.1117013692855835
Direct PPO,1037,0.0,0.03,-1.5164998769760132,-0.3818822205066681,0.38270920515060425,True,0.46810078620910645,0.009109559468925,0.012203759513795376,0.027534523978829384,0.8075,3.95,3.95,0.014404296875,0.0,0.17961281538009644,0.35393330454826355,1.042202353477478
Direct PPO,1038,0.0,0.03,-1.5098652839660645,-0.8029577136039734,0.31811848282814026,True,0.46282702684402466,0.008994671516120434,0.01446637324988842,0.036827363073825836,0.83,3.4000000000000004,3.4000000000000004,0.013163328170776367,0.0,0.1819724142551422,0.3635227084159851,1.0408302545547485
Direct PPO,1039,0.0,0.03,-0.6960156559944153,-0.0387578122317791,0.3661683201789856,True,0.1870977282524109,0.008836416527628899,0.0011645592749118805,0.04750565066933632,0.885,2.3000000000000003,2.3000000000000003,0.018290281295776367,0.0,0.18351157009601593,0.374310702085495,1.1379989385604858
Direct PPO,1040,0.0,0.03,-0.7547146081924438,0.5635512471199036,0.4134989380836487,True,0.2429521679878235,0.011899223551154137,0.003991491626948118,0.02523898519575596,0.8625,2.6500000000000004,4.6000000000000005,0.023325443267822266,0.0,0.18635112047195435,0.3737693428993225,1.06147038936615
Direct PPO,1041,0.0,0.03,-0.6478168964385986,-0.19675222039222717,0.46515655517578125,True,0.19993846118450165,0.010334345512092113,0.0070889657363295555,0.02304367534816265,0.87,2.6,10.15,0.018932104110717773,0.0,0.19022591412067413,0.3813095688819885,1.0130455493927002
Direct PPO,1042,0.0,0.03,-1.463887333869934,-0.25558269023895264,0.3728010952472687,True,0.44164150953292847,0.010333591140806675,0.007005017716437578,0.018573695793747902,0.8225,3.5,13.25,0.01890850067138672,0.0,0.1866438090801239,0.36992940306663513,1.1113333702087402
Direct PPO,1043,0.0,0.03,-1.7490100860595703,-0.7958716750144958,0.31946444511413574,True,0.5446814298629761,0.010886586271226406,0.0047111292369663715,0.04448661580681801,0.8075,3.85,18.3,0.010320663452148438,0.0,0.18346963822841644,0.358950674533844,1.1495866775512695
Direct PPO,1044,0.0,0.03,-1.981444239616394,0.7169352173805237,0.20961801707744598,True,0.5732696652412415,0.01108386181294918,0.005182531196624041,0.025050228461623192,0.805,4.25,4.25,0.028950393199920654,0.0,0.18589647114276886,0.3647891581058502,1.024655818939209
Direct PPO,1045,0.0,0.03,-0.7272861003875732,-0.39523494243621826,0.4158290922641754,True,0.21927988529205322,0.009909362532198429,0.008640197105705738,0.040845710784196854,0.875,2.6,2.6,0.01845693588256836,0.0,0.19242851436138153,0.38551461696624756,0.9459970593452454
Direct PPO,1046,0.0,0.03,-1.868130087852478,0.6265861392021179,0.39649125933647156,True,0.6171644330024719,0.010723059996962547,0.00525013729929924,0.05338026583194733,0.785,4.3,4.3,0.01820826530456543,0.0,0.17905451357364655,0.3517526388168335,1.012435793876648
Direct PPO,1047,0.0,0.03,-1.1699552536010742,-0.14992530643939972,0.29876548051834106,True,0.31407904624938965,0.010943182744085789,0.018817782402038574,0.039333269000053406,0.855,2.85,16.400000000000002,0.015126705169677734,0.0,0.1855030655860901,0.3728591799736023,1.1146836280822754
Direct PPO,1048,0.0,0.03,-0.9076822996139526,-0.7630760073661804,0.4824531674385071,True,0.32535210251808167,0.011653066612780094,0.012903684750199318,0.025896580889821053,0.8375,3.45,3.45,0.02046823501586914,0.0,0.19507206976413727,0.38216397166252136,1.012575626373291
Direct PPO,1049,0.0,0.03,-1.6127384901046753,0.09402617067098618,0.43331217765808105,True,0.5257736444473267,0.01455816999077797,0.007687547709792852,0.023097984492778778,0.795,4.1000000000000005,4.1000000000000005,0.01851177215576172,0.0,0.17293725907802582,0.3490615785121918,0.968876302242279
Direct PPO,1050,0.0,0.03,-1.2507070302963257,-0.40418457984924316,0.49881017208099365,True,0.4258480668067932,0.010859016329050064,0.006263734772801399,0.02874637395143509,0.8025,4.15,4.15,0.018477439880371094,0.0,0.18604221940040588,0.3627369701862335,1.0477566719055176
Direct PPO,1051,0.0,0.03,-0.8433747291564941,-0.6024307608604431,0.2584548592567444,True,0.23377805948257446,0.008926675654947758,0.005886190105229616,0.0459049716591835,0.885,2.3000000000000003,2.3000000000000003,0.02120065689086914,0.0,0.20687878131866455,0.3976510465145111,1.1279326677322388
Direct PPO,1052,0.0,0.03,-1.577463150024414,-0.03658809885382652,0.32490968704223633,True,0.46016621589660645,0.008328490890562534,0.004516813904047012,0.08494576811790466,0.82,3.5500000000000003,6.9,0.013858795166015625,0.0,0.1710449457168579,0.35650449991226196,0.9372562766075134
Direct PPO,1053,0.0,0.03,-0.7320424914360046,-0.38764455914497375,0.44851720333099365,True,0.22884991765022278,0.010073733516037464,0.014049448072910309,0.033582430332899094,0.865,3.4000000000000004,3.4000000000000004,0.019966602325439453,0.0,0.19492405652999878,0.38390225172042847,1.0903804302215576
Direct PPO,1054,0.0,0.03,-1.9604523181915283,0.6108824014663696,0.3443475067615509,True,0.6234127283096313,0.012369652278721333,0.007877801544964314,0.025546154007315636,0.7875,4.3,4.3,0.009065628051757812,0.0,0.17505404353141785,0.34986189007759094,0.9956445693969727
Direct PPO,1055,0.0,0.03,-0.8035520911216736,-0.8197364807128906,0.37500709295272827,True,0.27529582381248474,0.006084150169044733,0.007016520481556654,0.019818777218461037,0.8675,2.7,2.7,0.011917829513549805,0.0,0.18631711602210999,0.3772329092025757,1.0881680250167847
Direct PPO,1056,0.0,0.03,-0.6173267960548401,-0.7547652125358582,0.33817118406295776,True,0.21800599992275238,0.010170317254960537,0.001145172631368041,0.022630631923675537,0.8825,2.35,3.2,0.006994485855102539,0.0,0.1800236850976944,0.37281039357185364,1.004299283027649
Direct PPO,1057,0.0,0.03,-1.4013786315917969,-0.020997419953346252,0.2980625629425049,True,0.38895347714424133,0.010740602388978004,0.007766908034682274,0.029404589906334877,0.84,3.2,3.2,0.019750118255615234,0.0,0.17938494682312012,0.36247265338897705,1.0462143421173096
Direct PPO,1058,0.0,0.03,-1.9344123601913452,-0.6835842132568359,0.34246277809143066,True,0.6165680885314941,0.009308736771345139,0.010749568231403828,0.03562905266880989,0.7925,4.1000000000000005,8.75,0.013974189758300781,0.0,0.2054997682571411,0.376356303691864,1.121297836303711
Direct PPO,1059,0.0,0.03,-1.3239208459854126,-0.34795770049095154,0.3298633396625519,True,0.37857121229171753,0.007613183930516243,0.002098017605021596,0.045601796358823776,0.8425,3.1500000000000004,3.1500000000000004,0.011535167694091797,0.0,0.17987003922462463,0.36274731159210205,1.0691208839416504
Direct PPO,1060,0.0,0.03,-0.5232435464859009,-0.8263487219810486,0.4775193929672241,True,0.2331618070602417,0.010970059782266617,0.002687647473067045,0.025828702375292778,0.8575,3.1500000000000004,3.7,0.021308183670043945,0.0,0.16984787583351135,0.3548126518726349,1.1187330484390259
Direct PPO,1061,0.0,0.03,-1.0766786336898804,0.09924349933862686,0.28927016258239746,True,0.2824573814868927,0.009701777249574661,0.007648213766515255,0.008616799488663673,0.865,2.7,2.7,0.013103723526000977,0.0,0.20310305058956146,0.39490553736686707,1.1101610660552979
Direct PPO,1062,0.0,0.03,-1.020176649093628,-0.6513675451278687,0.4292861223220825,True,0.3310873210430145,0.007999260909855366,0.006306626368314028,0.013101006858050823,0.8425,3.2,3.2,0.018561840057373047,0.0,0.179780051112175,0.36343005299568176,1.000328540802002
Direct PPO,1063,0.0,0.03,-0.5567145943641663,0.6067063212394714,0.2895512878894806,True,0.1788632869720459,0.008181584998965263,0.006403256207704544,0.016029350459575653,0.8825,2.4000000000000004,8.85,0.013649940490722656,0.0,0.1842225342988968,0.37618523836135864,1.157381296157837
Direct PPO,1064,0.0,0.03,-1.6129041910171509,-0.13716638088226318,0.24278511106967926,True,0.4412064552307129,0.012992313131690025,0.017622651532292366,0.05679692327976227,0.8325,3.35,3.35,0.030051767826080322,0.0,0.1862756311893463,0.3676571249961853,1.0832871198654175
Direct PPO,1065,0.0,0.03,-0.5033138990402222,-0.5932050347328186,0.453745573759079,True,0.18823659420013428,0.010364600457251072,0.013239632360637188,0.03547599911689758,0.875,2.6,6.3500000000000005,0.02025127410888672,0.0,0.1951790302991867,0.3850909173488617,1.0281590223312378
Direct PPO,1066,0.0,0.03,-1.3762075901031494,0.32575497031211853,0.20805609226226807,True,0.356884241104126,0.012560732662677765,0.009313584305346012,0.04244954138994217,0.8475,2.95,18.75,0.023227214813232422,0.0,0.18135039508342743,0.36767715215682983,1.0667364597320557
Direct PPO,1067,0.0,0.03,-0.6176835894584656,0.9055254459381104,0.20151829719543457,True,0.2329493910074234,0.01129511184990406,0.014160193502902985,0.020415745675563812,0.85,3.35,3.35,0.004426240921020508,0.0,0.2269715666770935,0.4178657531738281,1.0881520509719849
Direct PPO,1068,0.0,0.03,-0.7787961959838867,0.5352519750595093,0.25048118829727173,True,0.21175935864448547,0.00819808803498745,0.013414291664958,0.07347099483013153,0.88,2.6,3.2,0.013625025749206543,0.0,0.18783095479011536,0.3825240731239319,1.0838781595230103
Direct PPO,1069,0.0,0.03,-0.5076419115066528,0.8446078896522522,0.24751581251621246,True,0.20939169824123383,0.009148123674094677,0.006243458483368158,0.0643923282623291,0.865,3.0500000000000003,3.6,0.009869575500488281,0.0,0.21863816678524017,0.40931037068367004,1.2354307174682617
Direct PPO,1070,0.0,0.03,-1.6644020080566406,0.9533751606941223,0.22921264171600342,True,0.49388858675956726,0.008694624528288841,0.005639903713017702,0.00865184236317873,0.825,3.4000000000000004,8.200000000000001,0.01309502124786377,0.0,0.17967954277992249,0.3631137013435364,1.0498569011688232
Direct PPO,1071,0.0,0.03,-1.6379417181015015,0.7469041347503662,0.26974478363990784,True,0.48196738958358765,0.008200888521969318,0.004917793907225132,0.05021308362483978,0.8275,3.45,3.45,0.007734537124633789,0.0,0.1914418786764145,0.3731158375740051,1.0168625116348267
Direct PPO,1072,0.0,0.03,-1.22187077999115,0.3675197660923004,0.4661308228969574,True,0.39936336874961853,0.013416687957942486,0.00998039823025465,0.05093001574277878,0.8175,3.85,4.800000000000001,0.020046234130859375,0.0,0.18620893359184265,0.36859405040740967,0.9648681879043579
Direct PPO,1073,0.0,0.03,-1.5133368968963623,0.8512749075889587,0.3800120949745178,True,0.4921160042285919,0.011084655299782753,0.0077730100601911545,0.0728239119052887,0.81,3.9000000000000004,3.9000000000000004,0.01405191421508789,0.0,0.1858258694410324,0.3644161820411682,1.0979465246200562
Direct PPO,1074,0.0,0.03,-0.5001789927482605,-0.2884053587913513,0.4962819218635559,True,0.16790352761745453,0.009249820373952389,0.014311221428215504,0.025961102917790413,0.8775,2.7,2.7,0.01817798614501953,0.0,0.1791871339082718,0.3690450191497803,0.996921181678772
Direct PPO,1075,0.0,0.03,-0.8189709782600403,0.9466501474380493,0.23914383351802826,True,0.2782171368598938,0.012697810307145119,0.019057178869843483,0.03660193458199501,0.8525,3.3000000000000003,3.3000000000000003,0.011937737464904785,0.0,0.20679442584514618,0.4005618691444397,1.1163266897201538
Direct PPO,1076,0.0,0.03,-1.445397138595581,-0.562984049320221,0.45283621549606323,True,0.4825669527053833,0.0084896394982934,0.014740587212145329,0.021937938407063484,0.795,4.05,5.15,0.015841960906982422,0.0,0.18578268587589264,0.36427849531173706,1.007697582244873
Direct PPO,1077,0.0,0.03,-0.6151338219642639,-0.8893533945083618,0.2694230377674103,True,0.2341470569372177,0.011037950403988361,0.011276043951511383,0.058618854731321335,0.86,3.0,17.85,0.015205144882202148,0.0,0.1815636307001114,0.3688758313655853,1.0286697149276733
Direct PPO,1078,0.0,0.03,-0.6580581068992615,-0.6858707666397095,0.23459486663341522,True,0.2010774165391922,0.008647588081657887,0.004499351140111685,0.06964041292667389,0.89,2.5,10.25,0.009157896041870117,0.0,0.20103824138641357,0.38905927538871765,1.0381988286972046
Direct PPO,1079,0.0,0.03,-0.5874135494232178,0.8651593327522278,0.4896434247493744,True,0.25922834873199463,0.009759761393070221,0.012821593321859837,0.04766293615102768,0.855,2.9000000000000004,5.300000000000001,0.021100521087646484,0.0,0.1938672810792923,0.37848764657974243,1.2188063859939575
Direct PPO,1080,0.0,0.03,-0.6397119164466858,0.7102972865104675,0.367546945810318,True,0.22283869981765747,0.010088339447975159,0.0049964371137320995,0.03372793644666672,0.87,2.6500000000000004,3.3000000000000003,0.0186922550201416,0.0,0.18510769307613373,0.3780593276023865,0.9851423501968384
Direct PPO,1081,0.0,0.03,-1.3320256471633911,0.8601993322372437,0.3006768822669983,True,0.4061831533908844,0.010841093957424164,0.005505523644387722,0.01703832671046257,0.8425,3.1500000000000004,3.1500000000000004,0.029442787170410156,0.0,0.18589170277118683,0.3726693093776703,1.0053437948226929
Direct PPO,1082,0.0,0.03,-0.9581221342086792,-0.30673766136169434,0.3117980659008026,True,0.2557933032512665,0.009736906737089157,0.00625191442668438,0.024787288159132004,0.87,2.6,2.6,0.013512849807739258,0.0,0.18572689592838287,0.3740547299385071,1.059257984161377
Direct PPO,1083,0.0,0.03,-1.3940625190734863,0.6289385557174683,0.21643398702144623,True,0.3795356750488281,0.010001587681472301,0.010606138035655022,0.04262995347380638,0.8475,3.0500000000000003,3.0500000000000003,0.03532296419143677,0.0,0.1782958209514618,0.3617631793022156,1.3677184581756592
Direct PPO,1084,0.0,0.03,-0.7371216416358948,-0.8951173424720764,0.4071005880832672,True,0.27867186069488525,0.008748418651521206,0.00864117220044136,0.0015811502235010266,0.855,2.8000000000000003,12.600000000000001,0.02058720588684082,0.0,0.1871826946735382,0.3712988495826721,1.1636942625045776
Direct PPO,1085,0.0,0.03,-0.7224554419517517,-0.08529454469680786,0.4138740301132202,True,0.20709703862667084,0.01204743329435587,0.005612969398498535,0.044258084148168564,0.875,2.5500000000000003,2.5500000000000003,0.02134561538696289,0.0,0.1973154991865158,0.38853517174720764,0.9996703267097473
Direct PPO,1086,0.0,0.03,-0.7490203976631165,-0.7008727788925171,0.4387705326080322,True,0.260140597820282,0.007827311754226685,0.009911291301250458,0.02197570726275444,0.865,3.0,4.1000000000000005,0.015276432037353516,0.0,0.19311901926994324,0.37745288014411926,0.9520509243011475
Direct PPO,1087,0.0,0.03,-1.2718281745910645,-0.8616007566452026,0.3274095356464386,True,0.39662668108940125,0.007759233936667442,0.010157225653529167,0.03296637907624245,0.845,3.1,3.1,0.012741804122924805,0.0,0.18268492817878723,0.36546391248703003,1.0931997299194336
Direct PPO,1088,0.0,0.03,-1.148199200630188,-0.9221230149269104,0.4605681300163269,True,0.41108763217926025,0.01201642770320177,0.005485048517584801,0.03779410943388939,0.83,3.5,3.5,0.02119588851928711,0.0,0.18942448496818542,0.3731871247291565,0.9316836595535278
Direct PPO,1089,0.0,0.03,-1.8535881042480469,0.5890284776687622,0.37915652990341187,True,0.6001725792884827,0.012425254099071026,0.013683483004570007,0.03732045739889145,0.7875,4.5,4.5,0.014793872833251953,0.0,0.17300158739089966,0.34956860542297363,1.0150035619735718
Direct PPO,1090,0.0,0.03,-0.9845758080482483,-0.6573527455329895,0.30003631114959717,True,0.2853216230869293,0.007107575889676809,0.012144040316343307,0.08453850448131561,0.87,2.6,2.6,0.011173486709594727,0.0,0.1950395256280899,0.3806018531322479,0.9704126715660095
Direct PPO,1091,0.0,0.03,-1.8845704793930054,-0.6914018392562866,0.36124923825263977,True,0.6078340411186218,0.008467630483210087,0.007900496013462543,0.016043825075030327,0.7925,4.15,4.15,0.008141756057739258,0.0,0.17451097071170807,0.35222533345222473,1.021391749382019
Direct PPO,1092,0.0,0.03,-1.9696727991104126,-0.2278679758310318,0.31251582503318787,True,0.600595235824585,0.010524289682507515,0.012936629354953766,0.055822476744651794,0.795,4.05,10.8,0.015479087829589844,0.0,0.19032402336597443,0.3579813539981842,1.1917475461959839
Direct PPO,1093,0.0,0.03,-0.8791002631187439,0.07968070358037949,0.43002596497535706,True,0.26184719800949097,0.010951235890388489,0.004137569107115269,0.03603319078683853,0.86,2.85,2.85,0.024835824966430664,0.0,0.18894456326961517,0.379807710647583,1.0139394998550415
Direct PPO,1094,0.0,0.03,-0.9031349420547485,-0.5643354058265686,0.2514164447784424,True,0.24385122954845428,0.009242481552064419,0.010154398158192635,0.020741494372487068,0.88,2.4000000000000004,2.4000000000000004,0.008674860000610352,0.0,0.20611761510372162,0.39569613337516785,1.1474673748016357
Direct PPO,1095,0.0,0.03,-1.3096781969070435,-0.4019305408000946,0.2943161725997925,True,0.3638824224472046,0.00910058245062828,0.010661114938557148,0.02799195982515812,0.8475,3.0500000000000003,3.0500000000000003,0.009908676147460938,0.0,0.1787930130958557,0.36350175738334656,0.941313624382019
Direct PPO,1096,0.0,0.03,-0.5565752387046814,0.7886120080947876,0.27283963561058044,True,0.20784074068069458,0.008994687348604202,0.012711785733699799,0.05930086225271225,0.8675,2.6,18.05,0.014314651489257812,0.0,0.20096200704574585,0.3930610418319702,1.1289269924163818
Direct PPO,1097,0.0,0.03,-1.3080552816390991,0.037033263593912125,0.27344202995300293,True,0.3502303957939148,0.009283836930990219,0.013853264041244984,0.016337867826223373,0.85,3.0,3.0,0.013714313507080078,0.0,0.19441047310829163,0.3817366659641266,1.0611547231674194
Direct PPO,1098,0.0,0.03,-1.2224541902542114,-0.25077617168426514,0.4742331802845001,True,0.39912694692611694,0.010071237571537495,0.00732005387544632,0.008622094057500362,0.815,3.8000000000000003,3.8000000000000003,0.017747879028320312,0.0,0.17372508347034454,0.3546130359172821,0.9820166230201721
Direct PPO,1099,0.0,0.03,-1.9130916595458984,0.09447009861469269,0.36984628438949585,True,0.6084632873535156,0.010336951352655888,0.016135873273015022,0.007868163287639618,0.785,4.55,5.25,0.012754440307617188,0.0,0.19076435267925262,0.36504286527633667,0.9749847650527954
Residual PPO,1000,0.0,0.03,-1.2179213762283325,0.20768369734287262,0.34128254652023315,True,0.3608247637748718,0.015431990846991539,0.005531183909624815,0.017590489238500595,0.8075,3.85,3.85,0.018566131591796875,0.0,0.006000386085361242,0.06766155362129211,0.20299920439720154
Residual PPO,1001,0.0,0.03,-1.0811076164245605,-0.9685990810394287,0.25630688667297363,True,0.3756304979324341,0.020526478067040443,0.018058469519019127,0.018817685544490814,0.7975,4.05,4.05,0.018421649932861328,0.0,0.005867904983460903,0.06813782453536987,0.20521868765354156
Residual PPO,1002,0.0,0.03,-1.428768277168274,-0.28562131524086,0.4242836833000183,True,0.46332183480262756,0.029353193938732147,0.015518021769821644,0.01251870859414339,0.79,4.2,4.2,0.027496814727783203,0.0,0.006468757521361113,0.07070845365524292,0.21926423907279968
Residual PPO,1003,0.0,0.03,-1.7183640003204346,-0.48658838868141174,0.34840381145477295,True,0.5438138842582703,0.028390146791934967,0.013172987848520279,0.02116519585251808,0.7725,4.55,4.55,0.012813091278076172,0.0,0.006114589050412178,0.06740140914916992,0.20312772691249847
Residual PPO,1004,0.0,0.03,-1.998679280281067,-0.7396973967552185,0.24154320359230042,True,0.616215705871582,0.02758326567709446,0.017120545729994774,0.007088768761605024,0.7625,4.75,4.75,0.009872913360595703,0.0,0.0053474921733140945,0.06506866961717606,0.19254891574382782
Residual PPO,1005,0.0,0.03,-1.8766711950302124,0.8611240983009338,0.28618520498275757,True,0.6023380756378174,0.02320978417992592,0.009714625775814056,0.0175155121833086,0.77,4.65,4.65,0.015484333038330078,0.0,0.005725193303078413,0.06654929369688034,0.21112187206745148
Residual PPO,1006,0.0,0.03,-1.4946178197860718,0.20171388983726501,0.28934937715530396,True,0.43668118119239807,0.01401932630687952,0.0026257934514433146,0.022098015993833542,0.795,4.1000000000000005,4.1000000000000005,0.009778022766113281,0.0,0.006141283083707094,0.06834471970796585,0.2104542851448059
Residual PPO,1007,0.0,0.03,-1.8931626081466675,0.6319606900215149,0.39287856221199036,True,0.6398288607597351,0.03353414684534073,0.011953567154705524,0.006358569487929344,0.755,4.9,4.9,0.01010274887084961,0.0,0.005427986849099398,0.06518404930830002,0.17518503963947296
Residual PPO,1008,0.0,0.03,-1.749120831489563,0.6261014938354492,0.26522985100746155,True,0.5348772406578064,0.020731505006551743,0.01320765819400549,0.012530028820037842,0.7775,4.45,4.45,0.007842540740966797,0.0,0.005758204031735659,0.065697081387043,0.2056748867034912
Residual PPO,1009,0.0,0.03,-1.9152493476867676,-0.3461688160896301,0.2149554342031479,True,0.5582399368286133,0.02054665796458721,0.004015760961920023,0.01521207857877016,0.7725,4.55,4.55,0.013439178466796875,0.0,0.00541450921446085,0.06367883086204529,0.18598408997058868
Residual PPO,1010,0.0,0.03,-1.8575115203857422,0.07161146402359009,0.4753030240535736,True,0.6563836336135864,0.04329551383852959,0.024256505072116852,0.01710413210093975,0.7375,5.25,5.25,0.027764320373535156,0.0,0.00593063049018383,0.06639962643384933,0.20236288011074066
Residual PPO,1011,0.0,0.03,-1.57381272315979,0.12664707005023956,0.26378002762794495,True,0.4533613324165344,0.017442338168621063,0.005557164084166288,0.008442630060017109,0.7925,4.15,4.15,0.009728431701660156,0.0,0.006367500405758619,0.06956043094396591,0.21926045417785645
Residual PPO,1012,0.0,0.03,-1.5405192375183105,0.561293363571167,0.2715309262275696,True,0.4637899100780487,0.018855076283216476,0.01372916717082262,0.014594604261219501,0.79,4.2,4.2,0.012346267700195312,0.0,0.006189713254570961,0.06793484091758728,0.21814830601215363
Residual PPO,1013,0.0,0.03,-0.8082606196403503,-0.8420410752296448,0.401797890663147,True,0.3156614303588867,0.017856644466519356,0.012291387654840946,0.008209706284105778,0.815,3.7,3.7,0.01479196548461914,0.0,0.0059565468691289425,0.06820371001958847,0.23169049620628357
Residual PPO,1014,0.0,0.03,-1.3467140197753906,0.1714046150445938,0.4693894386291504,True,0.45008978247642517,0.026138262823224068,0.013810022734105587,0.012892141006886959,0.7875,4.25,4.25,0.03520679473876953,0.0,0.005463380832225084,0.06523492932319641,0.2237798422574997
Residual PPO,1015,0.0,0.03,-1.4601455926895142,0.21413566172122955,0.39239153265953064,True,0.45942020416259766,0.022421395406126976,0.005314631387591362,0.018776072189211845,0.7925,4.15,4.15,0.005143642425537109,0.0,0.005844760220497847,0.06816788762807846,0.19774426519870758
Residual PPO,1016,0.0,0.03,-1.6580126285552979,-0.11461202055215836,0.3060871958732605,True,0.496157169342041,0.02153191529214382,0.000934418523684144,0.00964473094791174,0.7825,4.3500000000000005,4.3500000000000005,0.0032596588134765625,0.0,0.006002558395266533,0.067742720246315,0.19268231093883514
Residual PPO,1017,0.0,0.03,-0.62247234582901,0.6426637768745422,0.4917738139629364,True,0.2558857500553131,0.015589762479066849,0.005168747156858444,0.008687791414558887,0.835,3.3000000000000003,3.3000000000000003,0.014296531677246094,0.0,0.006273552775382996,0.06987792998552322,0.1988086849451065
Residual PPO,1018,0.0,0.03,-1.1090368032455444,-0.0900818482041359,0.4614541530609131,True,0.35970255732536316,0.018925566226243973,0.01005492266267538,0.023636873811483383,0.8125,3.75,3.75,0.01591348648071289,0.0,0.006262757815420628,0.06838180869817734,0.24484451115131378
Residual PPO,1019,0.0,0.03,-1.674609661102295,-0.20800989866256714,0.34006524085998535,True,0.514654815196991,0.0219013299793005,0.010850273072719574,0.02682456001639366,0.78,4.4,4.4,0.012424945831298828,0.0,0.005522876977920532,0.0645449087023735,0.21239641308784485
Residual PPO,1020,0.0,0.03,-1.1319496631622314,-0.4326494336128235,0.2227078378200531,True,0.3197222352027893,0.012183008715510368,0.002784437034279108,0.006070559378713369,0.825,3.5,3.5,0.014823675155639648,0.0,0.006614867132157087,0.07134371995925903,0.2879220247268677
Residual PPO,1021,0.0,0.03,-1.4384177923202515,-0.8382971882820129,0.49743902683258057,True,0.5356751680374146,0.03308718651533127,0.008236865513026714,0.021437155082821846,0.76,4.800000000000001,4.800000000000001,0.02580118179321289,0.0,0.005493149161338806,0.06468294560909271,0.2212289273738861
Residual PPO,1022,0.0,0.03,-1.999210000038147,0.8368335366249084,0.37694433331489563,True,0.685645341873169,0.036564189940690994,0.01904970221221447,0.008603752590715885,0.75,5.0,5.0,0.017035961151123047,0.0,0.005918318871408701,0.06712228804826736,0.20536671578884125
Residual PPO,1023,0.0,0.03,-1.4916963577270508,0.8117974996566772,0.4728805720806122,True,0.5428048372268677,0.03153209015727043,0.012048397213220596,0.01375439204275608,0.7725,4.55,4.55,0.02188396453857422,0.0,0.0054862480610609055,0.06498263031244278,0.1743176430463791
Residual PPO,1024,0.0,0.03,-1.51630699634552,-0.48329436779022217,0.3110935389995575,True,0.46160146594047546,0.02186576835811138,0.006957483012229204,0.0038341872859746218,0.795,4.1000000000000005,4.1000000000000005,0.009567499160766602,0.0,0.005645351484417915,0.06476608663797379,0.20014116168022156
Residual PPO,1025,0.0,0.03,-0.7683239579200745,0.258014976978302,0.24864348769187927,True,0.2067704200744629,0.009089064784348011,0.014745265245437622,0.022557348012924194,0.86,2.8000000000000003,2.8000000000000003,0.011930465698242188,0.0,0.006647920235991478,0.07117843627929688,0.2208801805973053
Residual PPO,1026,0.0,0.03,-1.7438942193984985,0.19023452699184418,0.2583710551261902,True,0.510341227054596,0.0197749026119709,0.012218491174280643,0.008431890979409218,0.78,4.4,4.4,0.015713214874267578,0.0,0.006190182641148567,0.0692145824432373,0.1972583830356598
Residual PPO,1027,0.0,0.03,-1.9580382108688354,0.12429128587245941,0.36954861879348755,True,0.6334006786346436,0.031033679842948914,0.010858909226953983,0.010577099397778511,0.7525,4.95,4.95,0.02214336395263672,0.0,0.005600189324468374,0.06527574360370636,0.19279587268829346
Residual PPO,1028,0.0,0.03,-0.7757433652877808,-0.22796711325645447,0.4025936424732208,True,0.23995409905910492,0.015022944658994675,0.014158457517623901,0.013057147152721882,0.85,3.0,3.0,0.016933917999267578,0.0,0.006207440514117479,0.06945302337408066,0.20932666957378387
Residual PPO,1029,0.0,0.03,-0.7448340058326721,0.6458722352981567,0.214758962392807,True,0.2394552230834961,0.013128135353326797,0.012341883964836597,0.010654539801180363,0.8575,2.85,2.85,0.016538143157958984,0.0,0.006193567533046007,0.06951479613780975,0.18299371004104614
Residual PPO,1030,0.0,0.03,-1.6447029113769531,-0.9496257901191711,0.4438457489013672,True,0.5963964462280273,0.03376778960227966,0.001809065812267363,0.03488025441765785,0.76,4.800000000000001,4.800000000000001,0.02124309539794922,0.0,0.005637148395180702,0.06532992422580719,0.194889098405838
Residual PPO,1031,0.0,0.03,-0.9611496329307556,0.9009804725646973,0.39864641427993774,True,0.36071014404296875,0.018718251958489418,0.014670336619019508,0.002977668307721615,0.8175,3.6500000000000004,3.6500000000000004,0.015203475952148438,0.0,0.006441841833293438,0.07072334736585617,0.18788643181324005
Residual PPO,1032,0.0,0.03,-0.6833899617195129,-0.5306191444396973,0.49894750118255615,True,0.2597687840461731,0.015080676414072514,0.01705634966492653,0.021445464342832565,0.83,3.4000000000000004,3.4000000000000004,0.017047882080078125,0.0,0.006500581279397011,0.07079795002937317,0.21662478148937225
Residual PPO,1033,0.0,0.03,-0.7577928304672241,0.7459949851036072,0.4761985242366791,True,0.3007625341415405,0.015183968469500542,0.006292451173067093,0.01298107486218214,0.83,3.4000000000000004,3.4000000000000004,0.017399311065673828,0.0,0.006047154311090708,0.06902503222227097,0.19464915990829468
Residual PPO,1034,0.0,0.03,-0.5296080112457275,-0.6777904629707336,0.22327283024787903,True,0.20492702722549438,0.01549977995455265,0.004659703467041254,0.014570516534149647,0.8425,3.1500000000000004,3.1500000000000004,0.0,0.0,0.006762868259102106,0.07227494567632675,0.22437964379787445
Residual PPO,1035,0.0,0.03,-1.5201642513275146,-0.23973245918750763,0.436818927526474,True,0.5010730624198914,0.02524213306605816,0.00827614776790142,0.02433222159743309,0.775,4.75,4.75,0.01718902587890625,0.0,0.005872057285159826,0.06604453921318054,0.2051829993724823
Residual PPO,1036,0.0,0.03,-1.558912754058838,0.6018440127372742,0.34900519251823425,True,0.4978731870651245,0.02307990938425064,0.006108659319579601,0.015496687032282352,0.785,4.3,4.3,0.0156097412109375,0.0,0.005728508345782757,0.06488358974456787,0.20178109407424927
Residual PPO,1037,0.0,0.03,-1.5164998769760132,-0.3818822205066681,0.38270920515060425,True,0.48082420229911804,0.02430553361773491,0.01463482528924942,0.019162718206644058,0.7875,4.25,4.25,0.011072635650634766,0.0,0.005950959865003824,0.0673663318157196,0.20772799849510193
Residual PPO,1038,0.0,0.03,-1.5098652839660645,-0.8029577136039734,0.31811848282814026,True,0.48717358708381653,0.020231347531080246,0.012708092108368874,0.010200964286923409,0.79,4.2,4.2,0.012024402618408203,0.0,0.005997979082167149,0.06787510961294174,0.2227877825498581
Residual PPO,1039,0.0,0.03,-0.6960156559944153,-0.0387578122317791,0.3661683201789856,True,0.2023531049489975,0.01336559560149908,0.008508075028657913,0.00794690940529108,0.86,2.8000000000000003,2.8000000000000003,0.019496917724609375,0.0,0.005925650708377361,0.06801526993513107,0.20973162353038788
Residual PPO,1040,0.0,0.03,-0.7547146081924438,0.5635512471199036,0.4134989380836487,True,0.2633500397205353,0.014056317508220673,0.006558516062796116,0.010570849291980267,0.8475,3.0500000000000003,3.0500000000000003,0.019845008850097656,0.0,0.00582180405035615,0.06680279970169067,0.2003132402896881
Residual PPO,1041,0.0,0.03,-0.6478168964385986,-0.19675222039222717,0.46515655517578125,True,0.21381834149360657,0.013098819181323051,0.007002884987741709,0.007227922324091196,0.8575,2.85,2.85,0.013515949249267578,0.0,0.006289047189056873,0.06950516998767853,0.19755412638187408
Residual PPO,1042,0.0,0.03,-1.463887333869934,-0.25558269023895264,0.3728010952472687,True,0.4534752666950226,0.022174475714564323,0.005655467510223389,0.009121647104620934,0.79,4.2,4.2,0.014789104461669922,0.0,0.005561278201639652,0.06589853018522263,0.1945764422416687
Residual PPO,1043,0.0,0.03,-1.7490100860595703,-0.7958716750144958,0.31946444511413574,True,0.5649069547653198,0.031252577900886536,0.003997704945504665,0.008120626211166382,0.7775,4.45,4.45,0.006255149841308594,0.0,0.006046554073691368,0.06756791472434998,0.1932009756565094
Residual PPO,1044,0.0,0.03,-1.981444239616394,0.7169352173805237,0.20961801707744598,True,0.5993618965148926,0.018923839554190636,0.011930204927921295,0.003929811529815197,0.7675,4.65,4.65,0.009934425354003906,0.0,0.005855030380189419,0.06563758105039597,0.2258991152048111
Residual PPO,1045,0.0,0.03,-0.7272861003875732,-0.39523494243621826,0.4158290922641754,True,0.2410304695367813,0.01586509682238102,0.010993704199790955,0.017773795872926712,0.8475,3.0500000000000003,3.0500000000000003,0.020610809326171875,0.0,0.0062135993503034115,0.06912315636873245,0.2574189007282257
Residual PPO,1046,0.0,0.03,-1.868130087852478,0.6265861392021179,0.39649125933647156,True,0.6317365765571594,0.026514945551753044,0.012150331400334835,0.018146978691220284,0.755,4.9,4.9,0.014950275421142578,0.0,0.006349396426230669,0.06856568157672882,0.20128093659877777
Residual PPO,1047,0.0,0.03,-1.1699552536010742,-0.14992530643939972,0.29876548051834106,True,0.3357721269130707,0.019763866439461708,0.022665852680802345,0.01897345669567585,0.8175,3.6500000000000004,3.6500000000000004,0.005035877227783203,0.0,0.006348493974655867,0.06986351311206818,0.20828427374362946
Residual PPO,1048,0.0,0.03,-0.9076822996139526,-0.7630760073661804,0.4824531674385071,True,0.346866250038147,0.023859024047851562,0.01950833760201931,0.014911085367202759,0.8075,3.85,3.85,0.023756027221679688,0.0,0.006381774786859751,0.06998427212238312,0.2223234921693802
Residual PPO,1049,0.0,0.03,-1.6127384901046753,0.09402617067098618,0.43331217765808105,True,0.5323230028152466,0.029415955767035484,0.006911232601851225,0.0018599971663206816,0.77,4.6000000000000005,4.6000000000000005,0.011264801025390625,0.0,0.005828730762004852,0.06641621887683868,0.2135898619890213
Residual PPO,1050,0.0,0.03,-1.2507070302963257,-0.40418457984924316,0.49881017208099365,True,0.4357067346572876,0.022927267476916313,0.009438118897378445,0.016416501253843307,0.7875,4.25,4.25,0.01871490478515625,0.0,0.006223075557500124,0.0695226863026619,0.1952325701713562
Residual PPO,1051,0.0,0.03,-0.8433747291564941,-0.6024307608604431,0.2584548592567444,True,0.264175683259964,0.01649947464466095,0.00803630892187357,0.004416563548147678,0.84,3.2,3.2,0.025788307189941406,0.0,0.0067526549100875854,0.07292351871728897,0.21141932904720306
Residual PPO,1052,0.0,0.03,-1.577463150024414,-0.03658809885382652,0.32490968704223633,True,0.47249525785446167,0.021705947816371918,0.002115685725584626,0.03401022404432297,0.79,4.2,4.2,0.018033981323242188,0.0,0.0054118018597364426,0.06351667642593384,0.20470191538333893
Residual PPO,1053,0.0,0.03,-0.7320424914360046,-0.38764455914497375,0.44851720333099365,True,0.24770013988018036,0.015960577875375748,0.008995912037789822,0.016354195773601532,0.8475,3.0500000000000003,3.0500000000000003,0.021780967712402344,0.0,0.0066495174542069435,0.07094664871692657,0.24605205655097961
Residual PPO,1054,0.0,0.03,-1.9604523181915283,0.6108824014663696,0.3443475067615509,True,0.6392596364021301,0.03145715594291687,0.001617561443708837,0.015020879916846752,0.76,4.800000000000001,4.800000000000001,0.006198883056640625,0.0,0.0057709431275725365,0.06636406481266022,0.17957322299480438
Residual PPO,1055,0.0,0.03,-0.8035520911216736,-0.8197364807128906,0.37500709295272827,True,0.3074236810207367,0.012988395057618618,0.00545404851436615,0.0023282961919903755,0.8175,3.6500000000000004,3.6500000000000004,0.008225440979003906,0.0,0.00614807428792119,0.06857600808143616,0.19633102416992188
Residual PPO,1056,0.0,0.03,-0.6173267960548401,-0.7547652125358582,0.33817118406295776,True,0.2470657229423523,0.01710098423063755,0.0012204289669170976,0.010138158686459064,0.83,3.4000000000000004,3.4000000000000004,0.00489044189453125,0.0,0.005909648258239031,0.06781081110239029,0.20276227593421936
Residual PPO,1057,0.0,0.03,-1.4013786315917969,-0.020997419953346252,0.2980625629425049,True,0.4052252769470215,0.022801052778959274,0.0026014477480202913,0.009365316480398178,0.8,4.0,4.0,0.013519763946533203,0.0,0.005837579257786274,0.06602594256401062,0.24815461039543152
Residual PPO,1058,0.0,0.03,-1.9344123601913452,-0.6835842132568359,0.34246277809143066,True,0.6308113932609558,0.028464961796998978,0.006687374785542488,0.011152384802699089,0.7575,4.8500000000000005,4.8500000000000005,0.010297298431396484,0.0,0.006441563367843628,0.06964975595474243,0.20594286918640137
Residual PPO,1059,0.0,0.03,-1.3239208459854126,-0.34795770049095154,0.3298633396625519,True,0.3958324193954468,0.018942218273878098,0.010958043858408928,0.0014594901585951447,0.8075,3.85,3.85,0.007705211639404297,0.0,0.006185047794133425,0.06925754994153976,0.17737366259098053
Residual PPO,1060,0.0,0.03,-0.5232435464859009,-0.8263487219810486,0.4775193929672241,True,0.2640003263950348,0.019283561035990715,0.002532698679715395,0.006875041406601667,0.8175,3.8000000000000003,3.8000000000000003,0.021379470825195312,0.0,0.005961586721241474,0.06775164604187012,0.1895509511232376
Residual PPO,1061,0.0,0.03,-1.0766786336898804,0.09924349933862686,0.28927016258239746,True,0.30213043093681335,0.0148936677724123,0.011567579582333565,0.020837411284446716,0.8275,3.45,3.45,0.018215179443359375,0.0,0.006441056728363037,0.07078632712364197,0.19692008197307587
Residual PPO,1062,0.0,0.03,-1.020176649093628,-0.6513675451278687,0.4292861223220825,True,0.35272538661956787,0.019330136477947235,0.00196486571803689,0.010540277697145939,0.81,3.8000000000000003,3.8000000000000003,0.019225120544433594,0.0,0.005987140350043774,0.06864040344953537,0.17459821701049805
Residual PPO,1063,0.0,0.03,-0.5567145943641663,0.6067063212394714,0.2895512878894806,True,0.19974151253700256,0.012086300179362297,0.011660126969218254,0.008084549568593502,0.8625,2.8000000000000003,2.8000000000000003,0.012470245361328125,0.0,0.005815894342958927,0.06744326651096344,0.20599353313446045
Residual PPO,1064,0.0,0.03,-1.6129041910171509,-0.13716638088226318,0.24278511106967926,True,0.46111637353897095,0.021931789815425873,0.008046434260904789,0.02881622314453125,0.79,4.2,4.2,0.0017728805541992188,0.0,0.005842115264385939,0.06632457673549652,0.20876699686050415
Residual PPO,1065,0.0,0.03,-0.5033138990402222,-0.5932050347328186,0.453745573759079,True,0.21547387540340424,0.017224960029125214,0.00801135040819645,0.013008134439587593,0.84,3.2,3.2,0.016814708709716797,0.0,0.006427365355193615,0.07081911712884903,0.20767882466316223
Residual PPO,1066,0.0,0.03,-1.3762075901031494,0.32575497031211853,0.20805609226226807,True,0.3837249279022217,0.018085481598973274,0.012901914305984974,0.022888557985424995,0.805,3.9000000000000004,3.9000000000000004,0.0,0.0,0.005848322995007038,0.06756407022476196,0.18446023762226105
Residual PPO,1067,0.0,0.03,-0.6176835894584656,0.9055254459381104,0.20151829719543457,True,0.2568497955799103,0.015485149808228016,0.005526301451027393,0.02547285705804825,0.84,3.2,3.2,0.003573894500732422,0.0,0.006808120291680098,0.07225876301527023,0.2047567367553711
Residual PPO,1068,0.0,0.03,-0.7787961959838867,0.5352519750595093,0.25048118829727173,True,0.23630906641483307,0.012426076456904411,0.011201838031411171,0.01445186510682106,0.8575,2.85,2.85,0.01393747329711914,0.0,0.006536419037729502,0.07111798226833344,0.21841146051883698
Residual PPO,1069,0.0,0.03,-0.5076419115066528,0.8446078896522522,0.24751581251621246,True,0.23518411815166473,0.012213094159960747,0.00797227956354618,0.009086175821721554,0.84,3.2,3.2,0.011556625366210938,0.0,0.007034153677523136,0.07430016249418259,0.2092749923467636
Residual PPO,1070,0.0,0.03,-1.6644020080566406,0.9533751606941223,0.22921264171600342,True,0.5268670916557312,0.020879950374364853,0.017604392021894455,0.006672156509011984,0.7875,4.25,4.25,0.016788482666015625,0.0,0.005926224868744612,0.06679925322532654,0.22482942044734955
Residual PPO,1071,0.0,0.03,-1.6379417181015015,0.7469041347503662,0.26974478363990784,True,0.5076496601104736,0.020441079512238503,0.013255086727440357,0.019234247505664825,0.79,4.2,4.2,0.006607532501220703,0.0,0.005825524218380451,0.06666989624500275,0.2266237586736679
Residual PPO,1072,0.0,0.03,-1.22187077999115,0.3675197660923004,0.4661308228969574,True,0.41009435057640076,0.02258499152958393,0.017647556960582733,0.01817602664232254,0.8,4.0,4.0,0.026731491088867188,0.0,0.00618830556049943,0.06890827417373657,0.24802647531032562
Residual PPO,1073,0.0,0.03,-1.5133368968963623,0.8512749075889587,0.3800120949745178,True,0.5154661536216736,0.02484113536775112,0.0009099632734432817,0.023576773703098297,0.7825,4.3500000000000005,4.3500000000000005,0.0061092376708984375,0.0,0.005775250494480133,0.06716415286064148,0.1932302564382553
Residual PPO,1074,0.0,0.03,-0.5001789927482605,-0.2884053587913513,0.4962819218635559,True,0.18364207446575165,0.011996442452073097,0.0077671511098742485,0.01652546226978302,0.8625,2.75,2.75,0.01689434051513672,0.0,0.0065192305482923985,0.07103181630373001,0.30446162819862366
Residual PPO,1075,0.0,0.03,-0.8189709782600403,0.9466501474380493,0.23914383351802826,True,0.3099028170108795,0.01607649214565754,0.01938030682504177,0.023881077766418457,0.8275,3.45,3.45,0.0063207149505615234,0.0,0.0064700995571911335,0.07184134423732758,0.22376325726509094
Residual PPO,1076,0.0,0.03,-1.445397138595581,-0.562984049320221,0.45283621549606323,True,0.49442756175994873,0.02670748345553875,0.015927908942103386,0.0076350555755198,0.78,4.4,4.4,0.01189565658569336,0.0,0.006469595246016979,0.06947822868824005,0.2251366823911667
Residual PPO,1077,0.0,0.03,-0.6151338219642639,-0.8893533945083618,0.2694230377674103,True,0.26697874069213867,0.016827154904603958,0.015417489223182201,0.011011493392288685,0.8225,3.5500000000000003,3.5500000000000003,0.012788772583007812,0.0,0.005452651996165514,0.06497709453105927,0.1833578646183014
Residual PPO,1078,0.0,0.03,-0.6580581068992615,-0.6858707666397095,0.23459486663341522,True,0.23186883330345154,0.016576072201132774,0.005620860029011965,0.02597726136445999,0.845,3.1,3.1,0.008906841278076172,0.0,0.007259744219481945,0.07527125626802444,0.19760578870773315
Residual PPO,1079,0.0,0.03,-0.5874135494232178,0.8651593327522278,0.4896434247493744,True,0.28217971324920654,0.015782104805111885,0.018127217888832092,0.0266987644135952,0.83,3.4000000000000004,3.4000000000000004,0.018552303314208984,0.0,0.00660013547167182,0.0710964947938919,0.21673902869224548
Residual PPO,1080,0.0,0.03,-0.6397119164466858,0.7102972865104675,0.367546945810318,True,0.24698767066001892,0.015147821977734566,0.00656393775716424,0.021043812856078148,0.85,3.0,3.0,0.021599769592285156,0.0,0.006091136950999498,0.06855088472366333,0.2295958548784256
Residual PPO,1081,0.0,0.03,-1.3320256471633911,0.8601993322372437,0.3006768822669983,True,0.4374390244483948,0.022355079650878906,0.020026087760925293,0.02218623273074627,0.805,3.9000000000000004,3.9000000000000004,0.03288412094116211,0.0,0.005858277436345816,0.06755577772855759,0.18993863463401794
Residual PPO,1082,0.0,0.03,-0.9581221342086792,-0.30673766136169434,0.3117980659008026,True,0.2796763479709625,0.015428765676915646,0.01142479944974184,0.0018818804528564215,0.835,3.3000000000000003,3.3000000000000003,0.01570272445678711,0.0,0.005751000251621008,0.06729881465435028,0.18756785988807678
Residual PPO,1083,0.0,0.03,-1.3940625190734863,0.6289385557174683,0.21643398702144623,True,0.4094492197036743,0.01620452105998993,0.003650685539469123,0.008378476835787296,0.805,3.9000000000000004,3.9000000000000004,0.019287705421447754,0.0,0.0059228865429759026,0.06758774071931839,0.2258400022983551
Residual PPO,1084,0.0,0.03,-0.7371216416358948,-0.8951173424720764,0.4071005880832672,True,0.30863288044929504,0.012881562113761902,0.0068623898550868034,0.011329283937811852,0.805,3.9000000000000004,3.9000000000000004,0.016649723052978516,0.0,0.006436600815504789,0.0709921345114708,0.2618659436702728
Residual PPO,1085,0.0,0.03,-0.7224554419517517,-0.08529454469680786,0.4138740301132202,True,0.22137413918972015,0.015234200283885002,0.0216632429510355,0.029569508507847786,0.85,3.0,3.0,0.02169179916381836,0.0,0.007046153303235769,0.07383348792791367,0.22764649987220764
Residual PPO,1086,0.0,0.03,-0.7490203976631165,-0.7008727788925171,0.4387705326080322,True,0.287946879863739,0.013179062865674496,0.009368440136313438,0.009402142837643623,0.8225,3.6500000000000004,3.6500000000000004,0.011980056762695312,0.0,0.006300578825175762,0.06980594247579575,0.19600673019886017
Residual PPO,1087,0.0,0.03,-1.2718281745910645,-0.8616007566452026,0.3274095356464386,True,0.42580124735832214,0.019147947430610657,0.012081334367394447,0.014915204606950283,0.795,4.15,4.15,0.01510763168334961,0.0,0.006154760718345642,0.06792505830526352,0.210578054189682
Residual PPO,1088,0.0,0.03,-1.148199200630188,-0.9221230149269104,0.4605681300163269,True,0.4347982704639435,0.028043244034051895,0.01093373354524374,0.008281059563159943,0.785,4.3,4.3,0.019205093383789062,0.0,0.006614333484321833,0.07191642373800278,0.1953834742307663
Residual PPO,1089,0.0,0.03,-1.8535881042480469,0.5890284776687622,0.37915652990341187,True,0.6152682304382324,0.02952084317803383,0.006345772184431553,0.008377550169825554,0.7575,4.8500000000000005,4.8500000000000005,0.005175590515136719,0.0,0.0055647739209234715,0.06447679549455643,0.21732276678085327
Residual PPO,1090,0.0,0.03,-0.9845758080482483,-0.6573527455329895,0.30003631114959717,True,0.3163352608680725,0.016777753829956055,0.008061722852289677,0.02976716123521328,0.8225,3.5500000000000003,3.5500000000000003,0.012170791625976562,0.0,0.006259755697101355,0.0701567605137825,0.19233636558055878
Residual PPO,1091,0.0,0.03,-1.8845704793930054,-0.6914018392562866,0.36124923825263977,True,0.621020495891571,0.02575768157839775,0.010659153573215008,0.006279728841036558,0.755,4.9,4.9,0.008831501007080078,0.0,0.005769732408225536,0.0657319501042366,0.21406380832195282
Residual PPO,1092,0.0,0.03,-1.9696727991104126,-0.2278679758310318,0.31251582503318787,True,0.6124809980392456,0.02716895192861557,0.01670834980905056,0.011785944923758507,0.7575,4.8500000000000005,4.8500000000000005,0.016676902770996094,0.0,0.006223147269338369,0.06713266670703888,0.20865894854068756
Residual PPO,1093,0.0,0.03,-0.8791002631187439,0.07968070358037949,0.43002596497535706,True,0.2736192047595978,0.012640067376196384,0.004925202578306198,0.006640186533331871,0.835,3.3000000000000003,3.3000000000000003,0.01386713981628418,0.0,0.006216167472302914,0.0702991709113121,0.18798746168613434
Residual PPO,1094,0.0,0.03,-0.9031349420547485,-0.5643354058265686,0.2514164447784424,True,0.2733879089355469,0.012717040255665779,0.005946853663772345,0.015705782920122147,0.8425,3.1500000000000004,3.1500000000000004,0.008508682250976562,0.0,0.006537877023220062,0.07106911391019821,0.23952677845954895
Residual PPO,1095,0.0,0.03,-1.3096781969070435,-0.4019305408000946,0.2943161725997925,True,0.3884342610836029,0.018891997635364532,0.01124582439661026,0.0031474323477596045,0.805,3.9000000000000004,3.9000000000000004,0.008837223052978516,0.0,0.0060845413245260715,0.06817755103111267,0.20917785167694092
Residual PPO,1096,0.0,0.03,-0.5565752387046814,0.7886120080947876,0.27283963561058044,True,0.23200920224189758,0.012459979392588139,0.014998451806604862,0.009507061913609505,0.85,3.0,3.0,0.011031627655029297,0.0,0.006287368014454842,0.06995706260204315,0.18271087110042572
Residual PPO,1097,0.0,0.03,-1.3080552816390991,0.037033263593912125,0.27344202995300293,True,0.36986252665519714,0.0186628270894289,0.01605207473039627,0.026989197358489037,0.81,3.8000000000000003,3.8000000000000003,0.016033649444580078,0.0,0.0063206497579813,0.07073993980884552,0.20159651339054108
Residual PPO,1098,0.0,0.03,-1.2224541902542114,-0.25077617168426514,0.4742331802845001,True,0.40731799602508545,0.025142312049865723,0.0028039920143783092,0.0025390945374965668,0.8,4.0,4.0,0.011622905731201172,0.0,0.006048310082405806,0.06832423806190491,0.2516796588897705
Residual PPO,1099,0.0,0.03,-1.9130916595458984,0.09447009861469269,0.36984628438949585,True,0.6168605089187622,0.0277087464928627,0.014457626268267632,0.0045214151032269,0.7575,4.8500000000000005,4.8500000000000005,0.006801128387451172,0.0,0.006649881601333618,0.07041372358798981,0.2202274650335312
PD+FF,1000,0.0,0.05,-1.2179213762283325,0.20768369734287262,0.34128254652023315,True,0.39030852913856506,0.048421479761600494,0.013182015158236027,0.021597567945718765,0.7275,5.45,5.45,0.019077777862548828,0.0,0.012339215725660324,0.09741866588592529,0.31346744298934937
PD+FF,1001,0.0,0.05,-1.0811076164245605,-0.9685990810394287,0.25630688667297363,True,0.4099345803260803,0.05403925105929375,0.03171147406101227,0.029980693012475967,0.7225,5.550000000000001,5.550000000000001,0.03144359588623047,0.0,0.011205422692000866,0.09516514837741852,0.2719837427139282
PD+FF,1002,0.0,0.05,-1.428768277168274,-0.28562131524086,0.4242836833000183,True,0.4892938435077667,0.07177969813346863,0.015716077759861946,0.009127414785325527,0.6875,6.25,6.25,0.02129364013671875,0.0,0.0135683324187994,0.1032213643193245,0.28182992339134216
PD+FF,1003,0.0,0.05,-1.7183640003204346,-0.48658838868141174,0.34840381145477295,True,0.572430431842804,0.08385904878377914,0.01758977770805359,0.03378221020102501,0.6725,6.550000000000001,6.550000000000001,0.01691150665283203,0.0,0.012510186992585659,0.09819162636995316,0.2590552866458893
PD+FF,1004,0.0,0.05,-1.998679280281067,-0.7396973967552185,0.24154320359230042,True,0.6475302577018738,0.08650404959917068,0.03403392434120178,0.01420931052416563,0.6675,6.65,6.65,0.011047840118408203,0.0,0.011467364616692066,0.09597571194171906,0.2590678036212921
PD+FF,1005,0.0,0.05,-1.8766711950302124,0.8611240983009338,0.28618520498275757,True,0.630445122718811,0.07516972720623016,0.01762906089425087,0.02628413960337639,0.6875,6.25,6.25,0.018598556518554688,0.0,0.012039804831147194,0.09698698669672012,0.28418126702308655
PD+FF,1006,0.0,0.05,-1.4946178197860718,0.20171388983726501,0.28934937715530396,True,0.4686877131462097,0.05735766142606735,0.004061962477862835,0.025405697524547577,0.7125,5.75,5.75,0.00958871841430664,0.0,0.012487794272601604,0.09925035387277603,0.27614131569862366
PD+FF,1007,0.0,0.05,-1.8931626081466675,0.6319606900215149,0.39287856221199036,True,0.6605672240257263,0.09308084100484848,0.022149035707116127,0.00799915473908186,0.6575,6.8500000000000005,6.8500000000000005,0.003222942352294922,0.0,0.011270747520029545,0.09406351298093796,0.24869650602340698
PD+FF,1008,0.0,0.05,-1.749120831489563,0.6261014938354492,0.26522985100746155,True,0.5678756237030029,0.07915043830871582,0.020912377163767815,0.026205774396657944,0.6775,6.45,6.45,0.008091449737548828,0.0,0.011605769395828247,0.09415850043296814,0.27473339438438416
PD+FF,1009,0.0,0.05,-1.9152493476867676,-0.3461688160896301,0.2149554342031479,True,0.5891678929328918,0.07138123363256454,0.014746378175914288,0.01674758456647396,0.685,6.300000000000001,6.300000000000001,0.020012855529785156,0.0,0.010810197331011295,0.09081881493330002,0.3139832019805908
PD+FF,1010,0.0,0.05,-1.8575115203857422,0.07161146402359009,0.4753030240535736,True,0.672296941280365,0.11198357492685318,0.04307430982589722,0.024426795542240143,0.6375,7.25,7.25,0.028588294982910156,0.0,0.01233912818133831,0.09667240083217621,0.27055975794792175
PD+FF,1011,0.0,0.05,-1.57381272315979,0.12664707005023956,0.26378002762794495,True,0.4843883812427521,0.05814202502369881,0.008818021044135094,0.013580542989075184,0.7125,5.75,5.75,0.020079612731933594,0.0,0.012496690265834332,0.09837771207094193,0.29397115111351013
PD+FF,1012,0.0,0.05,-1.5405192375183105,0.561293363571167,0.2715309262275696,True,0.49885424971580505,0.06830845773220062,0.023011432960629463,0.012047071009874344,0.7,6.0,6.0,0.016970157623291016,0.0,0.012312548235058784,0.09817105531692505,0.25328004360198975
PD+FF,1013,0.0,0.05,-0.8082606196403503,-0.8420410752296448,0.401797890663147,True,0.3490367531776428,0.04678521305322647,0.015112281776964664,0.007007280830293894,0.7475,5.050000000000001,5.050000000000001,0.012942790985107422,0.0,0.012343461625277996,0.0987619012594223,0.2962265908718109
PD+FF,1014,0.0,0.05,-1.3467140197753906,0.1714046150445938,0.4693894386291504,True,0.47206535935401917,0.0650477185845375,0.01451362855732441,0.019623300060629845,0.705,5.9,5.9,0.038928985595703125,0.0,0.01095985434949398,0.09323924779891968,0.3145523965358734
PD+FF,1015,0.0,0.05,-1.4601455926895142,0.21413566172122955,0.39239153265953064,True,0.4843169152736664,0.06536504626274109,0.006421147845685482,0.023910604417324066,0.7025,5.95,5.95,0.0,0.0,0.012496206909418106,0.09993200749158859,0.26159343123435974
PD+FF,1016,0.0,0.05,-1.6580126285552979,-0.11461202055215836,0.3060871958732605,True,0.5261448621749878,0.07206449657678604,0.004722490441054106,0.015864495187997818,0.6925,6.15,6.15,0.0,0.0,0.01244044117629528,0.09838731586933136,0.259033203125
PD+FF,1017,0.0,0.05,-0.62247234582901,0.6426637768745422,0.4917738139629364,True,0.28639283776283264,0.042420025914907455,0.02510080300271511,0.0018091168021783233,0.765,4.7,4.7,0.0,0.0,0.012562640942633152,0.10002493113279343,0.28724151849746704
PD+FF,1018,0.0,0.05,-1.1090368032455444,-0.0900818482041359,0.4614541530609131,True,0.3869955837726593,0.05131739377975464,0.022450214251875877,0.027207311242818832,0.73,5.4,5.4,0.005708217620849609,0.0,0.012412535957992077,0.09737199544906616,0.31896424293518066
PD+FF,1019,0.0,0.05,-1.674609661102295,-0.20800989866256714,0.34006524085998535,True,0.5396825671195984,0.06724327802658081,0.02021205797791481,0.03768908977508545,0.6975,6.050000000000001,6.050000000000001,0.015324592590332031,0.0,0.01165972650051117,0.0946262925863266,0.2790502905845642
PD+FF,1020,0.0,0.05,-1.1319496631622314,-0.4326494336128235,0.2227078378200531,True,0.35367143154144287,0.040527381002902985,0.0004421706835273653,0.006556766573339701,0.7425,5.15,5.15,0.02332758903503418,0.0,0.013273441232740879,0.10154560953378677,0.36364778876304626
PD+FF,1021,0.0,0.05,-1.4384177923202515,-0.8382971882820129,0.49743902683258057,True,0.558100700378418,0.08285193145275116,0.0022500583436340094,0.030667657032608986,0.67,6.6000000000000005,6.6000000000000005,0.0186004638671875,0.0,0.011310436762869358,0.09359747171401978,0.2981667220592499
PD+FF,1022,0.0,0.05,-1.999210000038147,0.8368335366249084,0.37694433331489563,True,0.7066370248794556,0.10210476815700531,0.0323047898709774,0.01656109094619751,0.65,7.0,7.0,0.014575481414794922,0.0,0.012721857987344265,0.09938640147447586,0.2853975296020508
PD+FF,1023,0.0,0.05,-1.4916963577270508,0.8117974996566772,0.4728805720806122,True,0.5642920136451721,0.07984597980976105,0.019517812877893448,0.022295944392681122,0.675,6.5,6.5,0.022124767303466797,0.0,0.011215677484869957,0.09442239999771118,0.24982750415802002
PD+FF,1024,0.0,0.05,-1.51630699634552,-0.48329436779022217,0.3110935389995575,True,0.4945823848247528,0.06866318732500076,0.01601755991578102,0.011004575528204441,0.6925,6.15,6.15,0.0028121471405029297,0.0,0.011793723329901695,0.09493646025657654,0.24681967496871948
PD+FF,1025,0.0,0.05,-0.7683239579200745,0.258014976978302,0.24864348769187927,True,0.23618324100971222,0.026449987664818764,0.018531089648604393,0.0316472202539444,0.79,4.2,4.2,0.010974884033203125,0.0,0.012997012585401535,0.09995707869529724,0.30029356479644775
PD+FF,1026,0.0,0.05,-1.7438942193984985,0.19023452699184418,0.2583710551261902,True,0.5412085652351379,0.07173918187618256,0.013941186480224133,0.014667834155261517,0.69,6.2,6.2,0.02366185188293457,0.0,0.012559661641716957,0.09964708238840103,0.2586837410926819
PD+FF,1027,0.0,0.05,-1.9580382108688354,0.12429128587245941,0.36954861879348755,True,0.652249276638031,0.08568765968084335,0.028901202604174614,0.014234073460102081,0.67,6.6000000000000005,6.6000000000000005,0.023701190948486328,0.0,0.011442256160080433,0.09425925463438034,0.2834644317626953
PD+FF,1028,0.0,0.05,-0.7757433652877808,-0.22796711325645447,0.4025936424732208,True,0.26679566502571106,0.03525330126285553,0.012132260948419571,0.02331952191889286,0.7725,4.55,4.55,0.012786865234375,0.0,0.012517784722149372,0.09912436455488205,0.30290985107421875
PD+FF,1029,0.0,0.05,-0.7448340058326721,0.6458722352981567,0.214758962392807,True,0.2785661816596985,0.036161065101623535,0.02224765531718731,0.025639090687036514,0.755,4.9,4.9,0.022912263870239258,0.0,0.011743978597223759,0.09666983038187027,0.2779359817504883
PD+FF,1030,0.0,0.05,-1.6447029113769531,-0.9496257901191711,0.4438457489013672,True,0.6215336322784424,0.08637890219688416,0.012279798276722431,0.046726930886507034,0.665,6.7,6.7,0.022941112518310547,0.0,0.011984581127762794,0.09599709510803223,0.2671356499195099
PD+FF,1031,0.0,0.05,-0.9611496329307556,0.9009804725646973,0.39864641427993774,True,0.3956431448459625,0.05359866842627525,0.016725998371839523,0.005350808147341013,0.7175,5.65,5.65,0.018295764923095703,0.0,0.012926206924021244,0.10136092454195023,0.2852177023887634
PD+FF,1032,0.0,0.05,-0.6833899617195129,-0.5306191444396973,0.49894750118255615,True,0.2871745526790619,0.03548146039247513,0.008648858405649662,0.035023197531700134,0.7625,4.75,4.75,0.008588790893554688,0.0,0.012979870662093163,0.10081813484430313,0.33943963050842285
PD+FF,1033,0.0,0.05,-0.7577928304672241,0.7459949851036072,0.4761985242366791,True,0.3316839933395386,0.03869335353374481,0.006301985587924719,0.010676003992557526,0.7525,4.95,4.95,0.009440898895263672,0.0,0.012293719686567783,0.09844261407852173,0.27334001660346985
PD+FF,1034,0.0,0.05,-0.5296080112457275,-0.6777904629707336,0.22327283024787903,True,0.23241060972213745,0.034116461873054504,0.009759103879332542,0.0168309286236763,0.7975,4.05,4.05,0.0040454864501953125,0.0,0.01317337341606617,0.10116638243198395,0.3113454580307007
PD+FF,1035,0.0,0.05,-1.5201642513275146,-0.23973245918750763,0.436818927526474,True,0.5229774117469788,0.06716997176408768,0.022434402257204056,0.03733482584357262,0.6925,6.15,6.15,0.013895511627197266,0.0,0.011870983988046646,0.09495586156845093,0.29166558384895325
PD+FF,1036,0.0,0.05,-1.558912754058838,0.6018440127372742,0.34900519251823425,True,0.530075192451477,0.07607734203338623,0.010294698178768158,0.029189186170697212,0.6825,6.3500000000000005,6.3500000000000005,0.013495445251464844,0.0,0.011554385535418987,0.09291643649339676,0.29726049304008484
PD+FF,1037,0.0,0.05,-1.5164998769760132,-0.3818822205066681,0.38270920515060425,True,0.5073246955871582,0.07112514972686768,0.01895006000995636,0.023452218621969223,0.6925,6.15,6.15,0.004837512969970703,0.0,0.01218301523476839,0.0980507880449295,0.2421177625656128
PD+FF,1038,0.0,0.05,-1.5098652839660645,-0.8029577136039734,0.31811848282814026,True,0.520481526851654,0.06266207993030548,0.022320013493299484,0.01709904335439205,0.7,6.1000000000000005,6.1000000000000005,0.014201641082763672,0.0,0.012145486660301685,0.09756749868392944,0.28608354926109314
PD+FF,1039,0.0,0.05,-0.6960156559944153,-0.0387578122317791,0.3661683201789856,True,0.22882576286792755,0.02819703333079815,0.020256027579307556,0.011602567508816719,0.7775,4.45,4.45,0.02028512954711914,0.0,0.011977002024650574,0.09706071764230728,0.28223708271980286
PD+FF,1040,0.0,0.05,-0.7547146081924438,0.5635512471199036,0.4134989380836487,True,0.2958381772041321,0.0451262928545475,0.006025656126439571,0.012961579486727715,0.755,5.15,5.15,0.011755943298339844,0.0,0.011660071089863777,0.09538301825523376,0.2680777311325073
PD+FF,1041,0.0,0.05,-0.6478168964385986,-0.19675222039222717,0.46515655517578125,True,0.23703834414482117,0.03205610439181328,0.0014580971328541636,0.009446506388485432,0.7775,4.45,4.45,0.004534244537353516,0.0,0.012345420196652412,0.09827004373073578,0.27331578731536865
PD+FF,1042,0.0,0.05,-1.463887333869934,-0.25558269023895264,0.3728010952472687,True,0.4806666672229767,0.0628972053527832,0.00215533166192472,0.015997016802430153,0.705,5.9,5.9,0.017688751220703125,0.0,0.01124151237308979,0.09446536749601364,0.2660721242427826
PD+FF,1043,0.0,0.05,-1.7490100860595703,-0.7958716750144958,0.31946444511413574,True,0.5962321162223816,0.08741655200719833,0.0020714851561933756,0.012148652225732803,0.66,6.800000000000001,6.800000000000001,0.011938095092773438,0.0,0.012014001607894897,0.0967809185385704,0.2583477199077606
PD+FF,1044,0.0,0.05,-1.981444239616394,0.7169352173805237,0.20961801707744598,True,0.6312539577484131,0.07870300114154816,0.02169424667954445,0.012792280875146389,0.685,6.300000000000001,6.300000000000001,0.015316009521484375,0.0,0.012007953599095345,0.09544278681278229,0.3502262234687805
PD+FF,1045,0.0,0.05,-0.7272861003875732,-0.39523494243621826,0.4158290922641754,True,0.27029672265052795,0.037116214632987976,0.017249904572963715,0.012771818786859512,0.7675,4.65,4.65,0.021891117095947266,0.0,0.012480996549129486,0.0988861694931984,0.3257651627063751
PD+FF,1046,0.0,0.05,-1.868130087852478,0.6265861392021179,0.39649125933647156,True,0.6523290872573853,0.08608401566743851,0.013269800692796707,0.0249223280698061,0.67,6.6000000000000005,6.6000000000000005,0.012806415557861328,0.0,0.0127097824588418,0.09866077452898026,0.28284844756126404
PD+FF,1047,0.0,0.05,-1.1699552536010742,-0.14992530643939972,0.29876548051834106,True,0.3677160143852234,0.054033853113651276,0.037399113178253174,0.02401190996170044,0.7175,5.65,5.65,0.0,0.0,0.012876244261860847,0.0998934730887413,0.2898558974266052
PD+FF,1048,0.0,0.05,-0.9076822996139526,-0.7630760073661804,0.4824531674385071,True,0.3779732286930084,0.05584577098488808,0.01701049506664276,0.023236099630594254,0.7275,5.45,5.45,0.029109954833984375,0.0,0.012607802636921406,0.10001414269208908,0.2847800552845001
PD+FF,1049,0.0,0.05,-1.6127384901046753,0.09402617067098618,0.43331217765808105,True,0.5535735487937927,0.08267102390527725,0.01896732859313488,0.004524194169789553,0.6725,6.550000000000001,6.550000000000001,0.0,0.0,0.012074370868504047,0.09641274809837341,0.2813633680343628
PD+FF,1050,0.0,0.05,-1.2507070302963257,-0.40418457984924316,0.49881017208099365,True,0.4582820534706116,0.06113933399319649,0.015866927802562714,0.026068227365612984,0.7075,5.8500000000000005,5.8500000000000005,0.009861946105957031,0.0,0.012729847803711891,0.10092585533857346,0.25602880120277405
PD+FF,1051,0.0,0.05,-0.8433747291564941,-0.6024307608604431,0.2584548592567444,True,0.29474636912345886,0.0396241769194603,0.009836661629378796,0.0037130070850253105,0.77,4.6000000000000005,4.6000000000000005,0.03417539596557617,0.0,0.013460193760693073,0.1026969626545906,0.338439017534256
PD+FF,1052,0.0,0.05,-1.577463150024414,-0.03658809885382652,0.32490968704223633,True,0.5005354881286621,0.06714849174022675,0.0024360893294215202,0.03211159259080887,0.695,6.1000000000000005,6.1000000000000005,0.018466472625732422,0.0,0.011346044018864632,0.09300225228071213,0.28082406520843506
PD+FF,1053,0.0,0.05,-0.7320424914360046,-0.38764455914497375,0.44851720333099365,True,0.2735750675201416,0.03808388486504555,0.008030258119106293,0.010484490543603897,0.7625,4.75,4.75,0.025870800018310547,0.0,0.013299079611897469,0.10193418711423874,0.3201259672641754
PD+FF,1054,0.0,0.05,-1.9604523181915283,0.6108824014663696,0.3443475067615509,True,0.6628127098083496,0.09574438631534576,0.006241486873477697,0.007057811599224806,0.6625,6.75,6.75,0.0017871856689453125,0.0,0.011868205852806568,0.09627611190080643,0.2507579028606415
PD+FF,1055,0.0,0.05,-0.8035520911216736,-0.8197364807128906,0.37500709295272827,True,0.340300977230072,0.03723376244306564,0.011718292720615864,0.005985477473586798,0.75,5.0,5.0,0.009678840637207031,0.0,0.012156684882938862,0.09690013527870178,0.2425505369901657
PD+FF,1056,0.0,0.05,-0.6173267960548401,-0.7547652125358582,0.33817118406295776,True,0.27455344796180725,0.04124816507101059,0.006346727255731821,0.008762517012655735,0.775,4.5,4.5,0.0,0.0,0.01206908281892538,0.09693212807178497,0.2740970253944397
PD+FF,1057,0.0,0.05,-1.4013786315917969,-0.020997419953346252,0.2980625629425049,True,0.43421897292137146,0.06531674414873123,0.0062639410607516766,0.013507048599421978,0.7,6.0,6.0,0.008562564849853516,0.0,0.012013697065412998,0.095907062292099,0.29186367988586426
PD+FF,1058,0.0,0.05,-1.9344123601913452,-0.6835842132568359,0.34246277809143066,True,0.6556050181388855,0.08805482089519501,0.01705523394048214,0.017178582027554512,0.665,6.7,6.7,0.0063629150390625,0.0,0.012845182791352272,0.10022557526826859,0.25578439235687256
PD+FF,1059,0.0,0.05,-1.3239208459854126,-0.34795770049095154,0.3298633396625519,True,0.4248918890953064,0.055514413863420486,0.01986742950975895,0.0069453101605176926,0.7325,5.3500000000000005,5.3500000000000005,0.0027327537536621094,0.0,0.013027612119913101,0.10152064263820648,0.25103628635406494
PD+FF,1060,0.0,0.05,-0.5232435464859009,-0.8263487219810486,0.4775193929672241,True,0.2935927212238312,0.04066373035311699,0.0075678289867937565,0.007437799591571093,0.7525,4.95,4.95,0.02101612091064453,0.0,0.011895558796823025,0.09595382213592529,0.2572270333766937
PD+FF,1061,0.0,0.05,-1.0766786336898804,0.09924349933862686,0.28927016258239746,True,0.33321914076805115,0.04593854397535324,0.015290229581296444,0.018800118938088417,0.7425,5.15,5.15,0.029962539672851562,0.0,0.012610414996743202,0.09958962351083755,0.2679201662540436
PD+FF,1062,0.0,0.05,-1.020176649093628,-0.6513675451278687,0.4292861223220825,True,0.3844607472419739,0.05258845165371895,0.017931414768099785,0.013812282122671604,0.73,5.4,5.4,0.01575326919555664,0.0,0.012394369579851627,0.09953582286834717,0.2620726227760315
PD+FF,1063,0.0,0.05,-0.5567145943641663,0.6067063212394714,0.2895512878894806,True,0.2310635894536972,0.03068549744784832,0.006130469962954521,0.014240608550608158,0.795,4.1000000000000005,4.1000000000000005,0.005290508270263672,0.0,0.011538523249328136,0.0952705442905426,0.25382712483406067
PD+FF,1064,0.0,0.05,-1.6129041910171509,-0.13716638088226318,0.24278511106967926,True,0.49336865544319153,0.06575135141611099,0.013822579756379128,0.04660770669579506,0.7,6.0,6.0,0.0,0.0,0.011749304831027985,0.09514417499303818,0.30985087156295776
PD+FF,1065,0.0,0.05,-0.5033138990402222,-0.5932050347328186,0.453745573759079,True,0.24381548166275024,0.04148484393954277,0.005216862540692091,0.009571063332259655,0.775,4.5,4.5,0.008081912994384766,0.0,0.012320121750235558,0.09886665642261505,0.28330010175704956
PD+FF,1066,0.0,0.05,-1.3762075901031494,0.32575497031211853,0.20805609226226807,True,0.4182906746864319,0.05919421464204788,0.025978857651352882,0.015893733128905296,0.715,5.7,5.7,0.0,0.0,0.01181813795119524,0.09672177582979202,0.25418204069137573
PD+FF,1067,0.0,0.05,-0.6176835894584656,0.9055254459381104,0.20151829719543457,True,0.2881959080696106,0.03957643359899521,0.0091620534658432,0.029237836599349976,0.7625,4.75,4.75,0.008327484130859375,0.0,0.013528742827475071,0.10258568078279495,0.2828168272972107
PD+FF,1068,0.0,0.05,-0.7787961959838867,0.5352519750595093,0.25048118829727173,True,0.2693306803703308,0.032843779772520065,0.016189010813832283,0.02694983221590519,0.7775,4.45,4.45,0.017057180404663086,0.0,0.01266841683536768,0.09995043277740479,0.26290473341941833
PD+FF,1069,0.0,0.05,-0.5076419115066528,0.8446078896522522,0.24751581251621246,True,0.27104589343070984,0.034663088619709015,0.011783954687416553,0.011325350031256676,0.775,4.5,4.5,0.015249252319335938,0.0,0.013599713332951069,0.10343591123819351,0.33965691924095154
PD+FF,1070,0.0,0.05,-1.6644020080566406,0.9533751606941223,0.22921264171600342,True,0.5624053478240967,0.07197370380163193,0.02813803404569626,0.008791747502982616,0.6875,6.25,6.25,0.02056407928466797,0.0,0.011948124505579472,0.09616358578205109,0.28890547156333923
PD+FF,1071,0.0,0.05,-1.6379417181015015,0.7469041347503662,0.26974478363990784,True,0.5383702516555786,0.06515572965145111,0.02474333345890045,0.03495572507381439,0.6975,6.1000000000000005,6.1000000000000005,0.010855674743652344,0.0,0.011896909214556217,0.09613097459077835,0.29953962564468384
PD+FF,1072,0.0,0.05,-1.22187077999115,0.3675197660923004,0.4661308228969574,True,0.43574023246765137,0.061606474220752716,0.01926194503903389,0.02941625751554966,0.7075,5.8500000000000005,5.8500000000000005,0.030274391174316406,0.0,0.01233824621886015,0.09879035502672195,0.32765206694602966
PD+FF,1073,0.0,0.05,-1.5133368968963623,0.8512749075889587,0.3800120949745178,True,0.5474026203155518,0.07929487526416779,0.007855415344238281,0.03937903046607971,0.6775,6.45,6.45,0.0,0.0,0.011726216413080692,0.09697621315717697,0.2371716946363449
PD+FF,1074,0.0,0.05,-0.5001789927482605,-0.2884053587913513,0.4962819218635559,True,0.2055281698703766,0.031295616179704666,0.02226976491510868,0.01647888869047165,0.8,4.0,4.0,0.010571479797363281,0.0,0.013054405339062214,0.10145241767168045,0.4008479714393616
PD+FF,1075,0.0,0.05,-0.8189709782600403,0.9466501474380493,0.23914383351802826,True,0.34960711002349854,0.049463145434856415,0.03252093121409416,0.023653173819184303,0.735,5.300000000000001,5.300000000000001,0.0019359588623046875,0.0,0.01278297882527113,0.1012517437338829,0.2849045991897583
PD+FF,1076,0.0,0.05,-1.445397138595581,-0.562984049320221,0.45283621549606323,True,0.5174388289451599,0.07034031301736832,0.028510311618447304,0.018704276531934738,0.6875,6.25,6.25,0.0078582763671875,0.0,0.013321020640432835,0.10077214241027832,0.3184475302696228
PD+FF,1077,0.0,0.05,-0.6151338219642639,-0.8893533945083618,0.2694230377674103,True,0.2983691096305847,0.041672829538583755,0.023104216903448105,0.01456132996827364,0.7375,5.3500000000000005,5.3500000000000005,0.0215914249420166,0.0,0.010744249448180199,0.09156335890293121,0.2671021819114685
PD+FF,1078,0.0,0.05,-0.6580581068992615,-0.6858707666397095,0.23459486663341522,True,0.2644376754760742,0.04166945070028305,0.012050512246787548,0.019265593960881233,0.7675,4.65,4.65,0.021305322647094727,0.0,0.014466661028563976,0.10640990734100342,0.29901543259620667
PD+FF,1079,0.0,0.05,-0.5874135494232178,0.8651593327522278,0.4896434247493744,True,0.3140358626842499,0.04055449366569519,0.020694367587566376,0.04357336834073067,0.745,5.1000000000000005,5.1000000000000005,0.020544052124023438,0.0,0.013136218301951885,0.10102878510951996,0.2945444583892822
PD+FF,1080,0.0,0.05,-0.6397119164466858,0.7102972865104675,0.367546945810318,True,0.2804439961910248,0.036853451281785965,0.017541876062750816,0.038296204060316086,0.7725,4.55,4.55,0.034515380859375,0.0,0.012209617532789707,0.09768185019493103,0.2771373391151428
PD+FF,1081,0.0,0.05,-1.3320256471633911,0.8601993322372437,0.3006768822669983,True,0.47614020109176636,0.06984143704175949,0.03255793824791908,0.020440490916371346,0.695,6.1000000000000005,6.1000000000000005,0.03896903991699219,0.0,0.011875828728079796,0.09695502370595932,0.270460844039917
PD+FF,1082,0.0,0.05,-0.9581221342086792,-0.30673766136169434,0.3117980659008026,True,0.31066974997520447,0.04364083707332611,0.028347685933113098,8.956342935562134e-05,0.7525,4.95,4.95,0.019157886505126953,0.0,0.011358148418366909,0.09526961296796799,0.2566795349121094
PD+FF,1083,0.0,0.05,-1.3940625190734863,0.6289385557174683,0.21643398702144623,True,0.44191861152648926,0.05271711200475693,0.008368419483304024,0.014862067066133022,0.7225,5.550000000000001,5.550000000000001,0.018423795700073242,0.0,0.012061613611876965,0.0966462567448616,0.3181954622268677
PD+FF,1084,0.0,0.05,-0.7371216416358948,-0.8951173424720764,0.4071005880832672,True,0.3392711579799652,0.033813703805208206,0.010933456011116505,0.01378047838807106,0.755,4.9,4.9,0.015110015869140625,0.0,0.01253319252282381,0.09971614927053452,0.32816213369369507
PD+FF,1085,0.0,0.05,-0.7224554419517517,-0.08529454469680786,0.4138740301132202,True,0.24905496835708618,0.03350364789366722,0.035056620836257935,0.037806157022714615,0.77,4.6000000000000005,4.6000000000000005,0.030143260955810547,0.0,0.013898163102567196,0.10430367290973663,0.33459311723709106
PD+FF,1086,0.0,0.05,-0.7490203976631165,-0.7008727788925171,0.4387705326080322,True,0.31972602009773254,0.03720424324274063,0.0067386385053396225,0.01624659076333046,0.75,5.0,5.0,0.008552074432373047,0.0,0.01221964880824089,0.09831841289997101,0.2498759925365448
PD+FF,1087,0.0,0.05,-1.2718281745910645,-0.8616007566452026,0.3274095356464386,True,0.4591415822505951,0.052735812962055206,0.021177062764763832,0.01496825646609068,0.7175,5.65,5.65,0.01807117462158203,0.0,0.012620232999324799,0.09873044490814209,0.2818017601966858
PD+FF,1088,0.0,0.05,-1.148199200630188,-0.9221230149269104,0.4605681300163269,True,0.4707069396972656,0.07075738906860352,0.015114794485270977,0.012461507692933083,0.69,6.2,6.2,0.007578849792480469,0.0,0.01322795171290636,0.10316010564565659,0.275439977645874
PD+FF,1089,0.0,0.05,-1.8535881042480469,0.5890284776687622,0.37915652990341187,True,0.6349138021469116,0.08388204127550125,0.008550439961254597,0.009006984531879425,0.6675,6.65,6.65,0.0,0.0,0.01158921979367733,0.09396212548017502,0.31182268261909485
PD+FF,1090,0.0,0.05,-0.9845758080482483,-0.6573527455329895,0.30003631114959717,True,0.34964948892593384,0.048008643090724945,0.016870511695742607,0.02796074189245701,0.7425,5.15,5.15,0.017729759216308594,0.0,0.012307467870414257,0.09962708503007889,0.2710154950618744
PD+FF,1091,0.0,0.05,-1.8845704793930054,-0.6914018392562866,0.36124923825263977,True,0.6440125703811646,0.07817310839891434,0.014491060748696327,0.011520447209477425,0.6825,6.3500000000000005,6.3500000000000005,0.01005697250366211,0.0,0.012100241146981716,0.0959746465086937,0.33861979842185974
PD+FF,1092,0.0,0.05,-1.9696727991104126,-0.2278679758310318,0.31251582503318787,True,0.6393997073173523,0.09165506064891815,0.01911298558115959,0.017306702211499214,0.6525,6.95,6.95,0.018645763397216797,0.0,0.012334751896560192,0.09632532298564911,0.27796661853790283
PD+FF,1093,0.0,0.05,-0.8791002631187439,0.07968070358037949,0.43002596497535706,True,0.30185237526893616,0.03520748391747475,0.0056740278378129005,0.01542897429317236,0.76,4.800000000000001,4.800000000000001,0.0055904388427734375,0.0,0.012873481959104538,0.1013607531785965,0.2648206055164337
PD+FF,1094,0.0,0.05,-0.9031349420547485,-0.5643354058265686,0.2514164447784424,True,0.3072529733181,0.04034559428691864,0.007368531543761492,0.031226564198732376,0.7625,4.75,4.75,0.013170719146728516,0.0,0.012917278334498405,0.10061413794755936,0.32468289136886597
PD+FF,1095,0.0,0.05,-1.3096781969070435,-0.4019305408000946,0.2943161725997925,True,0.4242553412914276,0.06066541373729706,0.02166021429002285,0.0052631692960858345,0.7125,5.8500000000000005,5.8500000000000005,0.002254486083984375,0.0,0.012832608073949814,0.09931956976652145,0.29468607902526855
PD+FF,1096,0.0,0.05,-0.5565752387046814,0.7886120080947876,0.27283963561058044,True,0.26537805795669556,0.03733879700303078,0.021122558042407036,0.022123301401734352,0.77,4.6000000000000005,4.6000000000000005,0.021285533905029297,0.0,0.012337250635027885,0.0987914651632309,0.2559748589992523
PD+FF,1097,0.0,0.05,-1.3080552816390991,0.037033263593912125,0.27344202995300293,True,0.4005867540836334,0.052903857082128525,0.017635595053434372,0.04847653582692146,0.7225,5.550000000000001,5.550000000000001,0.016975879669189453,0.0,0.012900423258543015,0.10152978450059891,0.27920204401016235
PD+FF,1098,0.0,0.05,-1.2224541902542114,-0.25077617168426514,0.4742331802845001,True,0.43264153599739075,0.06875334680080414,0.018551193177700043,0.008189576677978039,0.695,6.1000000000000005,6.1000000000000005,0.0,0.0,0.01211575698107481,0.09816782176494598,0.3239876329898834
PD+FF,1099,0.0,0.05,-1.9130916595458984,0.09447009861469269,0.36984628438949585,True,0.6386525630950928,0.08680319786071777,0.025372669100761414,0.007227273657917976,0.675,6.5,6.5,0.0027060508728027344,0.0,0.013183122500777245,0.10115399211645126,0.3436809182167053
Direct PPO,1000,0.0,0.05,-1.2179213762283325,0.20768369734287262,0.34128254652023315,True,0.3449214994907379,0.009696048684418201,0.018366027623414993,0.06216441094875336,0.835,3.0500000000000003,17.8,0.01598978042602539,0.0,0.3754010796546936,0.5268073678016663,1.6770106554031372
Direct PPO,1001,0.0,0.05,-1.0811076164245605,-0.9685990810394287,0.25630688667297363,True,0.34061020612716675,0.0141178909689188,0.01709713228046894,0.030308369547128677,0.82,3.1500000000000004,17.2,0.013257980346679688,0.0,0.39153873920440674,0.5388723015785217,1.6385127305984497
Direct PPO,1002,0.0,0.05,-1.428768277168274,-0.28562131524086,0.4242836833000183,True,0.4531008005142212,0.020502585917711258,0.021702170372009277,0.024511205032467842,0.78,4.6000000000000005,14.65,0.03725433349609375,0.0,0.3466118574142456,0.5049728155136108,1.2929129600524902
Direct PPO,1003,0.0,0.05,-1.7183640003204346,-0.48658838868141174,0.34840381145477295,True,0.529877781867981,0.019555771723389626,0.013205005787312984,0.07659751176834106,0.79,3.85,15.700000000000001,0.02096271514892578,0.0,0.33393701910972595,0.48925819993019104,1.384505033493042
Direct PPO,1004,0.0,0.05,-1.998679280281067,-0.7396973967552185,0.24154320359230042,True,0.5957185626029968,0.021954214200377464,0.027721047401428223,0.060987841337919235,0.7725,3.85,19.6,0.013652324676513672,0.0,0.3175961375236511,0.47836044430732727,1.4118601083755493
Direct PPO,1005,0.0,0.05,-1.8766711950302124,0.8611240983009338,0.28618520498275757,True,0.578486442565918,0.014379292726516724,0.0027792034670710564,0.05562490224838257,0.77,4.3,18.7,0.0250093936920166,0.0,0.3434216380119324,0.5038860440254211,1.2770028114318848
Direct PPO,1006,0.0,0.05,-1.4946178197860718,0.20171388983726501,0.28934937715530396,True,0.4191724359989166,0.013093646615743637,0.02678374946117401,0.07125062495470047,0.815,3.3000000000000003,19.3,0.021536707878112793,0.0,0.380403995513916,0.5297117829322815,1.686949372291565
Direct PPO,1007,0.0,0.05,-1.8931626081466675,0.6319606900215149,0.39287856221199036,True,0.6251257658004761,0.017775116488337517,0.020046766847372055,0.024819517508149147,0.75,5.15,14.850000000000001,0.02547931671142578,0.0,0.3231329917907715,0.4847485423088074,1.2042983770370483
Direct PPO,1008,0.0,0.05,-1.749120831489563,0.6261014938354492,0.26522985100746155,True,0.5109631419181824,0.01779637113213539,0.02852039225399494,0.08792470395565033,0.7975,3.6,18.400000000000002,0.018637657165527344,0.0,0.34548884630203247,0.5031765699386597,1.3901394605636597
Direct PPO,1009,0.0,0.05,-1.9152493476867676,-0.3461688160896301,0.2149554342031479,True,0.5384530425071716,0.013442808762192726,0.02519938535988331,0.02324116788804531,0.79,4.2,19.0,0.0421566367149353,0.0,0.3398606777191162,0.4995346665382385,1.238831877708435
Direct PPO,1010,0.0,0.05,-1.8575115203857422,0.07161146402359009,0.4753030240535736,True,0.6520339846611023,0.026102324947714806,0.017272861674427986,0.012574438005685806,0.7425,4.800000000000001,18.400000000000002,0.030137062072753906,0.0,0.32489606738090515,0.4791626036167145,1.3551726341247559
Direct PPO,1011,0.0,0.05,-1.57381272315979,0.12664707005023956,0.26378002762794495,True,0.43602675199508667,0.01627606898546219,0.01524423249065876,0.022410806268453598,0.8075,3.4000000000000004,16.85,0.014778614044189453,0.0,0.3887958228588104,0.5325320959091187,1.4797066450119019
Direct PPO,1012,0.0,0.05,-1.5405192375183105,0.561293363571167,0.2715309262275696,True,0.439418226480484,0.016863970085978508,0.004979575052857399,0.09164610505104065,0.8075,3.8000000000000003,16.95,0.01104593276977539,0.0,0.3618709444999695,0.5150790214538574,1.504201889038086
Direct PPO,1013,0.0,0.05,-0.8082606196403503,-0.8420410752296448,0.401797890663147,True,0.28627386689186096,0.015015196055173874,0.00448442529886961,0.012691007927060127,0.85,3.5500000000000003,18.05,0.021007299423217773,0.0,0.3696187734603882,0.5301923751831055,1.457414150238037
Direct PPO,1014,0.0,0.05,-1.3467140197753906,0.1714046150445938,0.4693894386291504,True,0.4436264634132385,0.020511064678430557,0.008945931680500507,0.018372632563114166,0.775,4.45,16.55,0.046675682067871094,0.0,0.30658984184265137,0.4730929136276245,1.3329566717147827
Direct PPO,1015,0.0,0.05,-1.4601455926895142,0.21413566172122955,0.39239153265953064,True,0.4494239389896393,0.015510229393839836,0.003932385239750147,0.05912984907627106,0.7825,4.3,18.900000000000002,0.013806819915771484,0.0,0.36019209027290344,0.5214536190032959,1.5851774215698242
Direct PPO,1016,0.0,0.05,-1.6580126285552979,-0.11461202055215836,0.3060871958732605,True,0.48162418603897095,0.019552478566765785,0.006256517954170704,0.018605083227157593,0.7875,3.6,18.25,0.022860169410705566,0.0,0.36955738067626953,0.5204063057899475,1.4802165031433105
Direct PPO,1017,0.0,0.05,-0.62247234582901,0.6426637768745422,0.4917738139629364,True,0.23598149418830872,0.02239699475467205,0.012696107849478722,0.038156505674123764,0.84,2.85,19.25,0.02402019500732422,0.0,0.36443012952804565,0.5310038924217224,1.2867368459701538
Direct PPO,1018,0.0,0.05,-1.1090368032455444,-0.0900818482041359,0.4614541530609131,True,0.3508785665035248,0.015796931460499763,0.032384928315877914,0.060733404010534286,0.805,3.6,14.450000000000001,0.019333362579345703,0.0,0.34928545355796814,0.5035873055458069,1.5355865955352783
Direct PPO,1019,0.0,0.05,-1.674609661102295,-0.20800989866256714,0.34006524085998535,True,0.5031557083129883,0.015467255376279354,0.007856946438550949,0.08615056425333023,0.78,3.95,19.150000000000002,0.017830848693847656,0.0,0.32778340578079224,0.4828251004219055,1.5056381225585938
Direct PPO,1020,0.0,0.05,-1.1319496631622314,-0.4326494336128235,0.2227078378200531,True,0.29090073704719543,0.013533513993024826,0.0161886066198349,0.011698730289936066,0.8425,2.6500000000000004,18.0,0.02004218101501465,0.0,0.36007505655288696,0.518335223197937,1.4561638832092285
Direct PPO,1021,0.0,0.05,-1.4384177923202515,-0.8382971882820129,0.49743902683258057,True,0.5220062136650085,0.01525635551661253,0.0071917031891644,0.08478626608848572,0.745,4.1000000000000005,17.05,0.03461790084838867,0.0,0.28188246488571167,0.4490091800689697,1.2574187517166138
Direct PPO,1022,0.0,0.05,-1.999210000038147,0.8368335366249084,0.37694433331489563,True,0.6677348017692566,0.016691522672772408,0.017687419429421425,0.05527440831065178,0.7625,4.95,17.5,0.019080162048339844,0.0,0.3425345718860626,0.49805620312690735,1.5861676931381226
Direct PPO,1023,0.0,0.05,-1.4916963577270508,0.8117974996566772,0.4728805720806122,True,0.5258408188819885,0.02025437168776989,0.005659430753439665,0.022086644545197487,0.765,4.4,16.75,0.02775859832763672,0.0,0.3394773006439209,0.49782276153564453,1.3365838527679443
Direct PPO,1024,0.0,0.05,-1.51630699634552,-0.48329436779022217,0.3110935389995575,True,0.4422280490398407,0.01654195785522461,0.021480830386281013,0.028512561693787575,0.82,3.35,19.6,0.017354965209960938,0.0,0.3460155427455902,0.50177001953125,1.4735267162322998
Direct PPO,1025,0.0,0.05,-0.7683239579200745,0.258014976978302,0.24864348769187927,True,0.18937867879867554,0.015461058355867863,0.033917758613824844,0.010331553407013416,0.8775,2.2,18.900000000000002,0.017515182495117188,0.0,0.4139893054962158,0.5683416128158569,1.423807978630066
Direct PPO,1026,0.0,0.05,-1.7438942193984985,0.19023452699184418,0.2583710551261902,True,0.4934702515602112,0.01645154319703579,0.037152115255594254,0.020061831921339035,0.79,3.95,17.400000000000002,0.01892310380935669,0.0,0.364241361618042,0.5165517926216125,1.3526846170425415
Direct PPO,1027,0.0,0.05,-1.9580382108688354,0.12429128587245941,0.36954861879348755,True,0.6263196468353271,0.015568808652460575,0.01954205520451069,0.02537868171930313,0.7525,5.15,17.650000000000002,0.02818012237548828,0.0,0.3232513964176178,0.4795319736003876,1.3409360647201538
Direct PPO,1028,0.0,0.05,-0.7757433652877808,-0.22796711325645447,0.4025936424732208,True,0.22252339124679565,0.01328874658793211,0.016364023089408875,0.024659667164087296,0.8525,2.7,18.0,0.020523548126220703,0.0,0.3585476875305176,0.5278818607330322,1.3603452444076538
Direct PPO,1029,0.0,0.05,-0.7448340058326721,0.6458722352981567,0.214758962392807,True,0.21269407868385315,0.015764327719807625,0.018178153783082962,0.050970904529094696,0.86,2.85,19.8,0.030039191246032715,0.0,0.3956516683101654,0.5582942962646484,1.3785916566848755
Direct PPO,1030,0.0,0.05,-1.6447029113769531,-0.9496257901191711,0.4438457489013672,True,0.5797494649887085,0.017512068152427673,0.020102858543395996,0.09105241298675537,0.76,4.95,16.35,0.02330493927001953,0.0,0.3034936189651489,0.4684637784957886,1.3459645509719849
Direct PPO,1031,0.0,0.05,-0.9611496329307556,0.9009804725646973,0.39864641427993774,True,0.3340097963809967,0.016658911481499672,0.008790940046310425,0.04369371011853218,0.8,3.85,19.05,0.023522377014160156,0.0,0.35732707381248474,0.5159999132156372,1.3808681964874268
Direct PPO,1032,0.0,0.05,-0.6833899617195129,-0.5306191444396973,0.49894750118255615,True,0.23954303562641144,0.015553202480077744,0.022072209045290947,0.024305501952767372,0.8225,3.1,19.5,0.025513172149658203,0.0,0.3428381383419037,0.5113784670829773,1.3887416124343872
Direct PPO,1033,0.0,0.05,-0.7577928304672241,0.7459949851036072,0.4761985242366791,True,0.2802726626396179,0.015386774204671383,0.02444114349782467,0.05178390443325043,0.8325,3.9000000000000004,15.5,0.03526711463928223,0.0,0.3703007400035858,0.5376163721084595,1.4720747470855713
Direct PPO,1034,0.0,0.05,-0.5296080112457275,-0.6777904629707336,0.22327283024787903,True,0.1779889166355133,0.025089118629693985,0.015244819223880768,0.03458627685904503,0.8525,3.0500000000000003,17.05,0.009305000305175781,0.0,0.4323693811893463,0.5802829265594482,1.5606615543365479
Direct PPO,1035,0.0,0.05,-1.5201642513275146,-0.23973245918750763,0.436818927526474,True,0.492876797914505,0.01688441075384617,0.024639341980218887,0.04498932510614395,0.78,3.9000000000000004,18.55,0.02747821807861328,0.0,0.3376908600330353,0.48873046040534973,1.5468178987503052
Direct PPO,1036,0.0,0.05,-1.558912754058838,0.6018440127372742,0.34900519251823425,True,0.4777546525001526,0.013953869231045246,0.010528339073061943,0.03477803245186806,0.7825,3.6,19.6,0.020392894744873047,0.0,0.34595298767089844,0.49811720848083496,1.6760222911834717
Direct PPO,1037,0.0,0.05,-1.5164998769760132,-0.3818822205066681,0.38270920515060425,True,0.468288391828537,0.01616353541612625,0.021372469142079353,0.006873606704175472,0.775,3.95,19.900000000000002,0.020508289337158203,0.0,0.34639203548431396,0.49117231369018555,1.455313801765442
Direct PPO,1038,0.0,0.05,-1.5098652839660645,-0.8029577136039734,0.31811848282814026,True,0.462966650724411,0.016399962827563286,0.025520795956254005,0.06424173712730408,0.805,3.5,17.25,0.016163349151611328,0.0,0.3605963885784149,0.5185455083847046,1.4819256067276
Direct PPO,1039,0.0,0.05,-0.6960156559944153,-0.0387578122317791,0.3661683201789856,True,0.18760143220424652,0.014521952718496323,0.0037941383197903633,0.022670064121484756,0.84,2.25,17.75,0.027016878128051758,0.0,0.36659833788871765,0.5359570980072021,1.3697662353515625
Direct PPO,1040,0.0,0.05,-0.7547146081924438,0.5635512471199036,0.4134989380836487,True,0.2432670295238495,0.017077680677175522,0.014287604950368404,0.029263753443956375,0.815,2.75,19.900000000000002,0.03177070617675781,0.0,0.3584837317466736,0.5255331993103027,1.5735745429992676
Direct PPO,1041,0.0,0.05,-0.6478168964385986,-0.19675222039222717,0.46515655517578125,True,0.20023733377456665,0.017723755910992622,0.008089820854365826,0.0456496924161911,0.835,2.6500000000000004,14.25,0.024672508239746094,0.0,0.3685588836669922,0.5347315073013306,1.3768736124038696
Direct PPO,1042,0.0,0.05,-1.463887333869934,-0.25558269023895264,0.3728010952472687,True,0.44174620509147644,0.015609025955200195,0.010784689337015152,0.028500767424702644,0.8025,3.5,14.55,0.02249765396118164,0.0,0.3667103946208954,0.5227782726287842,1.3353160619735718
Direct PPO,1043,0.0,0.05,-1.7490100860595703,-0.7958716750144958,0.31946444511413574,True,0.5449828505516052,0.020550141111016273,0.017265358939766884,0.024780863896012306,0.7775,3.85,19.900000000000002,0.014012336730957031,0.0,0.3602534830570221,0.5083318948745728,1.5610220432281494
Direct PPO,1044,0.0,0.05,-1.981444239616394,0.7169352173805237,0.20961801707744598,True,0.5733726620674133,0.01694655790925026,0.008575446903705597,0.03658230975270271,0.7725,4.3500000000000005,14.8,0.0257912278175354,0.0,0.37166714668273926,0.5190607309341431,1.4224350452423096
Direct PPO,1045,0.0,0.05,-0.7272861003875732,-0.39523494243621826,0.4158290922641754,True,0.21968068182468414,0.016196666285395622,0.01407660823315382,0.048492468893527985,0.855,3.0500000000000003,19.700000000000003,0.02573537826538086,0.0,0.38391733169555664,0.5460671186447144,1.3162550926208496
Direct PPO,1046,0.0,0.05,-1.868130087852478,0.6265861392021179,0.39649125933647156,True,0.617376983165741,0.015055598691105843,0.002655063522979617,0.07724128663539886,0.7575,5.050000000000001,15.55,0.026108264923095703,0.0,0.3463800251483917,0.49570173025131226,1.3572165966033936
Direct PPO,1047,0.0,0.05,-1.1699552536010742,-0.14992530643939972,0.29876548051834106,True,0.3144785463809967,0.019294587895274162,0.034580159932374954,0.07381267845630646,0.81,2.85,19.450000000000003,0.021777868270874023,0.0,0.37555795907974243,0.5325928330421448,1.5675427913665771
Direct PPO,1048,0.0,0.05,-0.9076822996139526,-0.7630760073661804,0.4824531674385071,True,0.32541343569755554,0.014741465449333191,0.01543405745178461,0.026221226900815964,0.8275,3.45,16.5,0.022948265075683594,0.0,0.37048763036727905,0.5291296243667603,1.2742501497268677
Direct PPO,1049,0.0,0.05,-1.6127384901046753,0.09402617067098618,0.43331217765808105,True,0.5259624123573303,0.02206515520811081,0.007619265001267195,0.04332329332828522,0.775,4.1000000000000005,17.2,0.02077198028564453,0.0,0.34030747413635254,0.4927618205547333,1.3881515264511108
Direct PPO,1050,0.0,0.05,-1.2507070302963257,-0.40418457984924316,0.49881017208099365,True,0.4259251356124878,0.013520803302526474,0.010612688027322292,0.035982437431812286,0.7675,4.2,19.400000000000002,0.02924823760986328,0.0,0.3497961163520813,0.5033502578735352,1.3034181594848633
Direct PPO,1051,0.0,0.05,-0.8433747291564941,-0.6024307608604431,0.2584548592567444,True,0.23385637998580933,0.015627773478627205,0.013390419073402882,0.029612764716148376,0.855,2.6500000000000004,19.450000000000003,0.03476572036743164,0.0,0.40680986642837524,0.5608242750167847,1.5466008186340332
Direct PPO,1052,0.0,0.05,-1.577463150024414,-0.03658809885382652,0.32490968704223633,False,0.4602647125720978,0.014296059496700764,0.013548140414059162,0.11776771396398544,0.785,3.6,nan,0.01810455322265625,0.0,0.33637091517448425,0.5027040839195251,1.234089970588684
Direct PPO,1053,0.0,0.05,-0.7320424914360046,-0.38764455914497375,0.44851720333099365,True,0.2289741188287735,0.013883376494050026,0.018217038363218307,0.053620558232069016,0.8425,2.7,18.8,0.027407407760620117,0.0,0.3814931809902191,0.5396525263786316,1.4547228813171387
Direct PPO,1054,0.0,0.05,-1.9604523181915283,0.6108824014663696,0.3443475067615509,True,0.6237111687660217,0.02046278305351734,0.007573609706014395,0.04824381321668625,0.7775,4.3,18.7,0.01007843017578125,0.0,0.3458912670612335,0.4964664578437805,1.4608962535858154
Direct PPO,1055,0.0,0.05,-0.8035520911216736,-0.8197364807128906,0.37500709295272827,True,0.2752789855003357,0.011448382399976254,0.01365791168063879,0.035329800099134445,0.835,2.7,17.85,0.015686988830566406,0.0,0.36979973316192627,0.534494161605835,1.4306186437606812
Direct PPO,1056,0.0,0.05,-0.6173267960548401,-0.7547652125358582,0.33817118406295776,True,0.21853603422641754,0.021007748320698738,0.006825458258390427,0.029114190489053726,0.86,2.4000000000000004,17.55,0.008380651473999023,0.0,0.3537720739841461,0.5249525904655457,1.3704235553741455
Direct PPO,1057,0.0,0.05,-1.4013786315917969,-0.020997419953346252,0.2980625629425049,True,0.38920333981513977,0.01802210509777069,0.013732162304222584,0.044417381286621094,0.8125,3.2,17.45,0.029295921325683594,0.0,0.3552609086036682,0.5141980648040771,1.4874062538146973
Direct PPO,1058,0.0,0.05,-1.9344123601913452,-0.6835842132568359,0.34246277809143066,True,0.616692841053009,0.0176473967730999,0.02356586791574955,0.03378894925117493,0.775,4.3,15.450000000000001,0.018185138702392578,0.0,0.3937300741672516,0.5257662534713745,1.511898398399353
Direct PPO,1059,0.0,0.05,-1.3239208459854126,-0.34795770049095154,0.3298633396625519,True,0.37882083654403687,0.015108087100088596,0.0037946098018437624,0.0499473512172699,0.83,3.1500000000000004,13.3,0.013234376907348633,0.0,0.3587148189544678,0.5198990106582642,1.336294174194336
Direct PPO,1060,0.0,0.05,-0.5232435464859009,-0.8263487219810486,0.4775193929672241,True,0.23308995366096497,0.013744835741817951,0.005700644571334124,0.04162340238690376,0.84,3.1500000000000004,15.3,0.0257718563079834,0.0,0.32477593421936035,0.49592700600624084,1.3585126399993896
Direct PPO,1061,0.0,0.05,-1.0766786336898804,0.09924349933862686,0.28927016258239746,True,0.2827581465244293,0.017004430294036865,0.008403482846915722,0.07568863034248352,0.8425,2.85,19.950000000000003,0.015337467193603516,0.0,0.3916589617729187,0.5545191764831543,1.2964199781417847
Direct PPO,1062,0.0,0.05,-1.020176649093628,-0.6513675451278687,0.4292861223220825,True,0.3311194181442261,0.014963574707508087,0.012444308027625084,0.02970152348279953,0.8175,3.25,19.650000000000002,0.027732372283935547,0.0,0.3566263020038605,0.5176993012428284,1.4090827703475952
Direct PPO,1063,0.0,0.05,-0.5567145943641663,0.6067063212394714,0.2895512878894806,True,0.17910557985305786,0.015191921964287758,0.01784640923142433,0.04331474378705025,0.8475,2.95,19.650000000000002,0.022896766662597656,0.0,0.3699946999549866,0.5348777770996094,1.3461649417877197
Direct PPO,1064,0.0,0.05,-1.6129041910171509,-0.13716638088226318,0.24278511106967926,True,0.441541463136673,0.02297285757958889,0.02946881204843521,0.05469544976949692,0.7925,3.35,19.5,0.03838127851486206,0.0,0.37161388993263245,0.5235950350761414,1.4721825122833252
Direct PPO,1065,0.0,0.05,-0.5033138990402222,-0.5932050347328186,0.453745573759079,True,0.1883532702922821,0.01634790375828743,0.02843812108039856,0.004124957136809826,0.8375,3.0,19.85,0.02633523941040039,0.0,0.3718385696411133,0.5336516499519348,1.466593861579895
Direct PPO,1066,0.0,0.05,-1.3762075901031494,0.32575497031211853,0.20805609226226807,True,0.35724732279777527,0.021226976066827774,0.017690937966108322,0.07374509423971176,0.8225,3.1,19.950000000000003,0.01737797260284424,0.0,0.3698851764202118,0.5330643057823181,1.4689922332763672
Direct PPO,1067,0.0,0.05,-0.6176835894584656,0.9055254459381104,0.20151829719543457,True,0.23303654789924622,0.020269792526960373,0.02126471884548664,0.04320565238595009,0.8075,3.35,19.900000000000002,0.005409836769104004,0.0,0.4410870373249054,0.5861183404922485,1.5138460397720337
Direct PPO,1068,0.0,0.05,-0.7787961959838867,0.5352519750595093,0.25048118829727173,False,0.2118297815322876,0.014701902866363525,0.017245490103960037,0.11395704746246338,0.83,3.2,nan,0.01939380168914795,0.0,0.37805333733558655,0.5450400710105896,1.45176100730896
Direct PPO,1069,0.0,0.05,-0.5076419115066528,0.8446078896522522,0.24751581251621246,True,0.20940034091472626,0.017466269433498383,0.01125605683773756,0.05255074054002762,0.8375,3.6,18.3,0.013370513916015625,0.0,0.43615061044692993,0.5842103958129883,1.5608608722686768
Direct PPO,1070,0.0,0.05,-1.6644020080566406,0.9533751606941223,0.22921264171600342,True,0.49383994936943054,0.015287755988538265,0.01539779081940651,0.039261527359485626,0.8025,3.45,18.150000000000002,0.017551302909851074,0.0,0.3721263110637665,0.5261168479919434,1.4760345220565796
Direct PPO,1071,0.0,0.05,-1.6379417181015015,0.7469041347503662,0.26974478363990784,True,0.48202040791511536,0.016239220276474953,0.01168192457407713,0.07632267475128174,0.8025,3.45,19.5,0.012275218963623047,0.0,0.37932008504867554,0.5332931876182556,1.3429654836654663
Direct PPO,1072,0.0,0.05,-1.22187077999115,0.3675197660923004,0.4661308228969574,True,0.39940014481544495,0.018668293952941895,0.008304398506879807,0.0814116895198822,0.8025,3.85,11.600000000000001,0.023413658142089844,0.0,0.3596278727054596,0.5166398286819458,1.3278748989105225
Direct PPO,1073,0.0,0.05,-1.5133368968963623,0.8512749075889587,0.3800120949745178,True,0.4924272298812866,0.019501257687807083,0.01900644414126873,0.06483833491802216,0.78,4.15,16.400000000000002,0.020401477813720703,0.0,0.35901254415512085,0.5131826996803284,1.3993875980377197
Direct PPO,1074,0.0,0.05,-0.5001789927482605,-0.2884053587913513,0.4962819218635559,True,0.1681824028491974,0.016838831827044487,0.025068864226341248,0.06981992721557617,0.8425,2.7,19.950000000000003,0.025325775146484375,0.0,0.34762251377105713,0.5173696875572205,1.4391125440597534
Direct PPO,1075,0.0,0.05,-0.8189709782600403,0.9466501474380493,0.23914383351802826,True,0.2785246670246124,0.02277608960866928,0.03155328705906868,0.06661427766084671,0.845,3.35,18.75,0.014321684837341309,0.0,0.41366127133369446,0.5692719221115112,1.4544360637664795
Direct PPO,1076,0.0,0.05,-1.445397138595581,-0.562984049320221,0.45283621549606323,True,0.48265185952186584,0.01398446410894394,0.03253104165196419,0.0381421260535717,0.7775,4.2,18.8,0.018714427947998047,0.0,0.35945984721183777,0.5128400325775146,1.3068286180496216
Direct PPO,1077,0.0,0.05,-0.6151338219642639,-0.8893533945083618,0.2694230377674103,True,0.23451954126358032,0.018692143261432648,0.021826568990945816,0.0956171303987503,0.805,3.45,19.700000000000003,0.022763490676879883,0.0,0.3630114793777466,0.5216452479362488,1.4728795289993286
Direct PPO,1078,0.0,0.05,-0.6580581068992615,-0.6858707666397095,0.23459486663341522,True,0.20144233107566833,0.015728706493973732,0.011261511594057083,0.09199601411819458,0.8725,2.5,10.25,0.016523122787475586,0.0,0.40392813086509705,0.5558451414108276,1.3849029541015625
Direct PPO,1079,0.0,0.05,-0.5874135494232178,0.8651593327522278,0.4896434247493744,True,0.25928211212158203,0.01329880766570568,0.011330902576446533,0.0697653517127037,0.825,2.95,17.0,0.0317530632019043,0.0,0.36916759610176086,0.5235010385513306,1.615640640258789
Direct PPO,1080,0.0,0.05,-0.6397119164466858,0.7102972865104675,0.367546945810318,True,0.22296223044395447,0.013351871632039547,0.013256379403173923,0.034818995743989944,0.845,2.6500000000000004,18.400000000000002,0.023851394653320312,0.0,0.359145849943161,0.5324448347091675,1.2612569332122803
Direct PPO,1081,0.0,0.05,-1.3320256471633911,0.8601993322372437,0.3006768822669983,True,0.406427800655365,0.017854200676083565,0.004950744099915028,0.030157428234815598,0.8175,3.5,19.400000000000002,0.04706144332885742,0.0,0.37350624799728394,0.532305896282196,1.458093523979187
Direct PPO,1082,0.0,0.05,-0.9581221342086792,-0.30673766136169434,0.3117980659008026,True,0.25606995820999146,0.017517710104584694,0.008747965097427368,0.03924960643053055,0.86,2.6,18.8,0.0130615234375,0.0,0.37326234579086304,0.5366312861442566,1.4822214841842651
Direct PPO,1083,0.0,0.05,-1.3940625190734863,0.6289385557174683,0.21643398702144623,True,0.3797357380390167,0.018819067627191544,0.01837346889078617,0.08230284601449966,0.8225,3.0500000000000003,19.900000000000002,0.04146599769592285,0.0,0.3621489107608795,0.5201628804206848,1.5889033079147339
Direct PPO,1084,0.0,0.05,-0.7371216416358948,-0.8951173424720764,0.4071005880832672,True,0.27889442443847656,0.014266345649957657,0.020440462976694107,0.007731339428573847,0.8225,3.45,15.8,0.023655414581298828,0.0,0.36528894305229187,0.5230687856674194,1.594961404800415
Direct PPO,1085,0.0,0.05,-0.7224554419517517,-0.08529454469680786,0.4138740301132202,True,0.20739184319972992,0.018144622445106506,0.005208097398281097,0.057023316621780396,0.8525,2.95,19.5,0.03172874450683594,0.0,0.37711814045906067,0.5399453043937683,1.3621851205825806
Direct PPO,1086,0.0,0.05,-0.7490203976631165,-0.7008727788925171,0.4387705326080322,True,0.2602365016937256,0.01331993006169796,0.011335928924381733,0.02559151127934456,0.8525,3.0500000000000003,17.85,0.022895097732543945,0.0,0.369813472032547,0.5262360572814941,1.2958741188049316
Direct PPO,1087,0.0,0.05,-1.2718281745910645,-0.8616007566452026,0.3274095356464386,True,0.3967131972312927,0.013631710782647133,0.016918865963816643,0.04965938627719879,0.83,3.1,17.55,0.016208887100219727,0.0,0.3587324917316437,0.516743540763855,1.5039571523666382
Direct PPO,1088,0.0,0.05,-1.148199200630188,-0.9221230149269104,0.4605681300163269,True,0.4110875129699707,0.015481613576412201,0.010339152999222279,0.035651810467243195,0.8175,3.4000000000000004,17.8,0.029246807098388672,0.0,0.36148062348365784,0.519128680229187,1.281886100769043
Direct PPO,1089,0.0,0.05,-1.8535881042480469,0.5890284776687622,0.37915652990341187,True,0.6004322171211243,0.02142283320426941,0.015371181070804596,0.042946476489305496,0.745,4.95,17.5,0.01609039306640625,0.0,0.3380015194416046,0.49329885840415955,1.332716464996338
Direct PPO,1090,0.0,0.05,-0.9845758080482483,-0.6573527455329895,0.30003631114959717,False,0.28555959463119507,0.012743513099849224,0.022194109857082367,0.11979154497385025,0.8475,2.6,nan,0.019458532333374023,0.0,0.3863026201725006,0.5398516654968262,1.3778319358825684
Direct PPO,1091,0.0,0.05,-1.8845704793930054,-0.6914018392562866,0.36124923825263977,True,0.6078575253486633,0.013267292641103268,0.013191784732043743,0.015727313235402107,0.775,4.15,16.85,0.013337373733520508,0.0,0.33521613478660583,0.49319472908973694,1.3577611446380615
Direct PPO,1092,0.0,0.05,-1.9696727991104126,-0.2278679758310318,0.31251582503318787,True,0.6007069945335388,0.01787778176367283,0.017979703843593597,0.07279607653617859,0.7775,4.05,19.650000000000002,0.02084493637084961,0.0,0.3698121905326843,0.504555344581604,1.6560280323028564
Direct PPO,1093,0.0,0.05,-0.8791002631187439,0.07968070358037949,0.43002596497535706,True,0.26218682527542114,0.01664993353188038,0.006961503066122532,0.05595700070261955,0.8175,2.9000000000000004,19.700000000000003,0.03742647171020508,0.0,0.3749958276748657,0.5403575301170349,1.3723450899124146
Direct PPO,1094,0.0,0.05,-0.9031349420547485,-0.5643354058265686,0.2514164447784424,True,0.24414758384227753,0.016964050009846687,0.020975297316908836,0.02870200388133526,0.86,2.6500000000000004,19.450000000000003,0.012583255767822266,0.0,0.4179479777812958,0.5687307715415955,1.5347627401351929
Direct PPO,1095,0.0,0.05,-1.3096781969070435,-0.4019305408000946,0.2943161725997925,True,0.36419984698295593,0.017255166545510292,0.019090672954916954,0.031960032880306244,0.8225,3.6,13.850000000000001,0.014744281768798828,0.0,0.3596746623516083,0.5238265991210938,1.2891536951065063
Direct PPO,1096,0.0,0.05,-0.5565752387046814,0.7886120080947876,0.27283963561058044,True,0.2078465223312378,0.015161368995904922,0.01848171278834343,0.08001476526260376,0.8325,2.6500000000000004,19.450000000000003,0.018337249755859375,0.0,0.40214645862579346,0.5592129826545715,1.4228174686431885
Direct PPO,1097,0.0,0.05,-1.3080552816390991,0.037033263593912125,0.27344202995300293,True,0.35054099559783936,0.01759220100939274,0.01729137822985649,0.03600693866610527,0.8275,3.0,19.55,0.01719951629638672,0.0,0.3850787580013275,0.5430794358253479,1.5647095441818237
Direct PPO,1098,0.0,0.05,-1.2224541902542114,-0.25077617168426514,0.4742331802845001,True,0.399222731590271,0.01448378898203373,0.007172896061092615,0.015246409922838211,0.7925,4.2,18.35,0.023428916931152344,0.0,0.3390581011772156,0.5007535219192505,1.2749881744384766
Direct PPO,1099,0.0,0.05,-1.9130916595458984,0.09447009861469269,0.36984628438949585,True,0.6086771488189697,0.0184621624648571,0.03354718163609505,0.012736872769892216,0.76,4.55,19.55,0.0187225341796875,0.0,0.36387088894844055,0.5092188119888306,1.3471651077270508
Residual PPO,1000,0.0,0.05,-1.2179213762283325,0.20768369734287262,0.34128254652023315,True,0.3607267439365387,0.01863778382539749,0.012832502834498882,0.029070181772112846,0.8075,3.85,3.85,0.02608203887939453,0.0,0.01653517410159111,0.11251924932003021,0.33702385425567627
Residual PPO,1001,0.0,0.05,-1.0811076164245605,-0.9685990810394287,0.25630688667297363,True,0.37566515803337097,0.024951672181487083,0.027730263769626617,0.031280118972063065,0.7975,4.05,4.05,0.028296947479248047,0.0,0.01595970429480076,0.11246982216835022,0.3347395062446594
Residual PPO,1002,0.0,0.05,-1.428768277168274,-0.28562131524086,0.4242836833000183,True,0.4644230604171753,0.03537696227431297,0.019576478749513626,0.020472224801778793,0.7875,4.25,4.25,0.04117918014526367,0.0,0.01771710254251957,0.11703204363584518,0.3626047372817993
Residual PPO,1003,0.0,0.05,-1.7183640003204346,-0.48658838868141174,0.34840381145477295,True,0.5445395708084106,0.03399818018078804,0.017961695790290833,0.035288576036691666,0.7725,4.55,4.55,0.017170429229736328,0.0,0.01676112413406372,0.1117217019200325,0.3347702622413635
Residual PPO,1004,0.0,0.05,-1.998679280281067,-0.7396973967552185,0.24154320359230042,True,0.6166431307792664,0.03304073587059975,0.028548672795295715,0.011810499243438244,0.7625,4.75,4.75,0.014042377471923828,0.0,0.014641006477177143,0.10771595686674118,0.3213523328304291
Residual PPO,1005,0.0,0.05,-1.8766711950302124,0.8611240983009338,0.28618520498275757,True,0.6027949452400208,0.02674986608326435,0.014081851579248905,0.02966686151921749,0.77,4.65,4.65,0.026034116744995117,0.0,0.01567601040005684,0.11002600193023682,0.3486897051334381
Residual PPO,1006,0.0,0.05,-1.4946178197860718,0.20171388983726501,0.28934937715530396,True,0.43752631545066833,0.01477425079792738,0.002606440568342805,0.03658176213502884,0.795,4.1000000000000005,4.1000000000000005,0.013266801834106445,0.0,0.016843870282173157,0.11343161761760712,0.34491172432899475
Residual PPO,1007,0.0,0.05,-1.8931626081466675,0.6319606900215149,0.39287856221199036,True,0.6405912041664124,0.038303133100271225,0.022190570831298828,0.01054373849183321,0.7525,4.9,6.0,0.011516094207763672,0.0,0.014894920401275158,0.10802897810935974,0.28313127160072327
Residual PPO,1008,0.0,0.05,-1.749120831489563,0.6261014938354492,0.26522985100746155,True,0.5361289381980896,0.026396935805678368,0.024722212925553322,0.021169986575841904,0.7725,4.55,4.55,0.010888099670410156,0.0,0.015701958909630775,0.108437180519104,0.3397655189037323
Residual PPO,1009,0.0,0.05,-1.9152493476867676,-0.3461688160896301,0.2149554342031479,True,0.5586128234863281,0.023784214630723,0.007000716403126717,0.025107240304350853,0.7725,4.55,4.55,0.026096105575561523,0.0,0.014933270402252674,0.10573071241378784,0.33480334281921387
Residual PPO,1010,0.0,0.05,-1.8575115203857422,0.07161146402359009,0.4753030240535736,True,0.6572179198265076,0.05042995512485504,0.03671695291996002,0.028873199597001076,0.7375,5.25,5.25,0.03810310363769531,0.0,0.016245996579527855,0.10995544493198395,0.3286909759044647
Residual PPO,1011,0.0,0.05,-1.57381272315979,0.12664707005023956,0.26378002762794495,True,0.4541204571723938,0.021320698782801628,0.010065204463899136,0.013766581192612648,0.7925,4.1000000000000005,4.75,0.013760566711425781,0.0,0.01743956468999386,0.11522883176803589,0.36459410190582275
Residual PPO,1012,0.0,0.05,-1.5405192375183105,0.561293363571167,0.2715309262275696,True,0.4646632671356201,0.024306824430823326,0.02073829621076584,0.02222537249326706,0.785,4.3,4.3,0.017702579498291016,0.0,0.016931885853409767,0.11245385557413101,0.35568514466285706
Residual PPO,1013,0.0,0.05,-0.8082606196403503,-0.8420410752296448,0.401797890663147,True,0.3162214159965515,0.02180182747542858,0.01487321499735117,0.013564125634729862,0.8125,3.75,3.75,0.021476268768310547,0.0,0.016356272622942924,0.11293894052505493,0.3849467933177948
Residual PPO,1014,0.0,0.05,-1.3467140197753906,0.1714046150445938,0.4693894386291504,True,0.45073801279067993,0.03112972341477871,0.01449015736579895,0.021425550803542137,0.7875,4.25,4.25,0.05028676986694336,0.005,0.014994358643889427,0.10814207792282104,0.365710586309433
Residual PPO,1015,0.0,0.05,-1.4601455926895142,0.21413566172122955,0.39239153265953064,True,0.4599977433681488,0.02740536630153656,0.006053129211068153,0.03115249052643776,0.7925,4.15,4.15,0.0023055076599121094,0.0,0.016012296080589294,0.11296192556619644,0.3277561068534851
Residual PPO,1016,0.0,0.05,-1.6580126285552979,-0.11461202055215836,0.3060871958732605,True,0.49744969606399536,0.02667076699435711,0.0029760056640952826,0.016093818470835686,0.7825,4.3500000000000005,4.3500000000000005,0.0009303092956542969,0.0,0.016397008672356606,0.1120440810918808,0.3182240128517151
Residual PPO,1017,0.0,0.05,-0.62247234582901,0.6426637768745422,0.4917738139629364,True,0.2569712996482849,0.022086769342422485,0.014935077168047428,0.014294951222836971,0.82,4.0,4.0,0.016909122467041016,0.0,0.01714160479605198,0.11552806198596954,0.32444095611572266
Residual PPO,1018,0.0,0.05,-1.1090368032455444,-0.0900818482041359,0.4614541530609131,True,0.36071476340293884,0.022678451612591743,0.018304163590073586,0.0393369235098362,0.8125,3.75,3.75,0.01842498779296875,0.0,0.01714697852730751,0.11324223130941391,0.407423734664917
Residual PPO,1019,0.0,0.05,-1.674609661102295,-0.20800989866256714,0.34006524085998535,True,0.5152440071105957,0.026643332093954086,0.01817016862332821,0.04473447427153587,0.7825,4.3,5.5,0.015411853790283203,0.0,0.014970898628234863,0.10635557770729065,0.3501599431037903
Residual PPO,1020,0.0,0.05,-1.1319496631622314,-0.4326494336128235,0.2227078378200531,True,0.3204355835914612,0.01463446207344532,0.005806119181215763,0.009835148230195045,0.8225,3.5,4.5,0.023438692092895508,0.0,0.018102100118994713,0.11818145215511322,0.46941307187080383
Residual PPO,1021,0.0,0.05,-1.4384177923202515,-0.8382971882820129,0.49743902683258057,True,0.5359377861022949,0.03730851039290428,0.004936353303492069,0.03568191081285477,0.76,4.800000000000001,4.800000000000001,0.03565073013305664,0.0,0.014962843619287014,0.10695411264896393,0.3572177290916443
Residual PPO,1022,0.0,0.05,-1.999210000038147,0.8368335366249084,0.37694433331489563,True,0.6857882738113403,0.041300658136606216,0.030547404661774635,0.01457809004932642,0.7475,5.050000000000001,5.050000000000001,0.023223400115966797,0.0,0.016273314133286476,0.1114552915096283,0.3282710313796997
Residual PPO,1023,0.0,0.05,-1.4916963577270508,0.8117974996566772,0.4728805720806122,True,0.5435947775840759,0.03630329295992851,0.017437035217881203,0.023000333458185196,0.77,4.6000000000000005,4.6000000000000005,0.02910137176513672,0.0,0.015063458122313023,0.10768213123083115,0.28124406933784485
Residual PPO,1024,0.0,0.05,-1.51630699634552,-0.48329436779022217,0.3110935389995575,True,0.46235254406929016,0.02643093653023243,0.013187986798584461,0.006592937745153904,0.795,4.1000000000000005,4.1000000000000005,0.013226747512817383,0.0,0.015433358028531075,0.10718093067407608,0.3318447172641754
Residual PPO,1025,0.0,0.05,-0.7683239579200745,0.258014976978302,0.24864348769187927,True,0.20648744702339172,0.012572439387440681,0.026694010943174362,0.037176817655563354,0.8625,2.75,2.75,0.01755046844482422,0.0,0.018192369490861893,0.1178240105509758,0.3631110191345215
Residual PPO,1026,0.0,0.05,-1.7438942193984985,0.19023452699184418,0.2583710551261902,True,0.5111266374588013,0.025231024250388145,0.02264096401631832,0.013915564864873886,0.78,4.4,4.4,0.024242162704467773,0.0,0.016933152452111244,0.11457894742488861,0.32496538758277893
Residual PPO,1027,0.0,0.05,-1.9580382108688354,0.12429128587245941,0.36954861879348755,True,0.6332818865776062,0.03324417397379875,0.02192589081823826,0.018026966601610184,0.7525,4.95,4.95,0.03228425979614258,0.0,0.015240563079714775,0.10775085538625717,0.3187248110771179
Residual PPO,1028,0.0,0.05,-0.7757433652877808,-0.22796711325645447,0.4025936424732208,True,0.24039602279663086,0.018178777769207954,0.01750274747610092,0.02173636481165886,0.8475,3.0500000000000003,3.0500000000000003,0.021514892578125,0.0,0.01701960898935795,0.11506631970405579,0.3490143418312073
Residual PPO,1029,0.0,0.05,-0.7448340058326721,0.6458722352981567,0.214758962392807,True,0.24140402674674988,0.019610576331615448,0.0186175387352705,0.018145518377423286,0.855,2.9000000000000004,2.9000000000000004,0.031420350074768066,0.0,0.01693345233798027,0.11494090408086777,0.30576834082603455
Residual PPO,1030,0.0,0.05,-1.6447029113769531,-0.9496257901191711,0.4438457489013672,True,0.5973746180534363,0.03694805130362511,0.005575217772275209,0.05817990377545357,0.755,4.95,4.95,0.029346466064453125,0.0,0.015469234436750412,0.10837622731924057,0.29643797874450684
Residual PPO,1031,0.0,0.05,-0.9611496329307556,0.9009804725646973,0.39864641427993774,True,0.360935777425766,0.02227102406322956,0.017709214240312576,0.0046966224908828735,0.8125,3.85,3.85,0.019428253173828125,0.0,0.017716240137815475,0.11721610277891159,0.3153386116027832
Residual PPO,1032,0.0,0.05,-0.6833899617195129,-0.5306191444396973,0.49894750118255615,True,0.26000717282295227,0.018600504845380783,0.019359063357114792,0.03636324778199196,0.83,3.4000000000000004,3.4000000000000004,0.01929950714111328,0.0,0.017756212502717972,0.11706487834453583,0.35786595940589905
Residual PPO,1033,0.0,0.05,-0.7577928304672241,0.7459949851036072,0.4761985242366791,True,0.3006857633590698,0.01758226752281189,0.002536939224228263,0.02133120223879814,0.815,3.9000000000000004,3.9000000000000004,0.028232812881469727,0.0,0.016646362841129303,0.11465734988451004,0.3245134651660919
Residual PPO,1034,0.0,0.05,-0.5296080112457275,-0.6777904629707336,0.22327283024787903,True,0.20547479391098022,0.02370624989271164,0.009279261343181133,0.024178728461265564,0.8425,3.1500000000000004,3.1500000000000004,0.0032080411911010742,0.0,0.01841174066066742,0.11928243190050125,0.3572506308555603
Residual PPO,1035,0.0,0.05,-1.5201642513275146,-0.23973245918750763,0.436818927526474,True,0.501653254032135,0.028327422216534615,0.019457226619124413,0.04024495556950569,0.77,4.8500000000000005,4.8500000000000005,0.022079944610595703,0.0,0.01603919267654419,0.10933247208595276,0.3366105854511261
Residual PPO,1036,0.0,0.05,-1.558912754058838,0.6018440127372742,0.34900519251823425,True,0.4990279972553253,0.02677137777209282,0.010876251384615898,0.025732683017849922,0.7825,4.4,4.4,0.02134227752685547,0.0,0.015672823414206505,0.1072411984205246,0.33614519238471985
Residual PPO,1037,0.0,0.05,-1.5164998769760132,-0.3818822205066681,0.38270920515060425,True,0.4811854362487793,0.029362056404352188,0.020579131320118904,0.031721483916044235,0.79,4.2,4.2,0.012692928314208984,0.0,0.01634596846997738,0.11162957549095154,0.34184616804122925
Residual PPO,1038,0.0,0.05,-1.5098652839660645,-0.8029577136039734,0.31811848282814026,True,0.48798543214797974,0.022593166679143906,0.022350087761878967,0.01700260490179062,0.785,4.25,4.800000000000001,0.015956878662109375,0.0,0.01646626926958561,0.1127500832080841,0.36603471636772156
Residual PPO,1039,0.0,0.05,-0.6960156559944153,-0.0387578122317791,0.3661683201789856,True,0.20297646522521973,0.01779155805706978,0.017877092584967613,0.013024869374930859,0.86,2.8000000000000003,2.8000000000000003,0.027471542358398438,0.0,0.016224676743149757,0.11270782351493835,0.34515252709388733
Residual PPO,1040,0.0,0.05,-0.7547146081924438,0.5635512471199036,0.4134989380836487,True,0.26372286677360535,0.019167674705386162,0.005868969950824976,0.017491096630692482,0.8475,3.0500000000000003,3.0500000000000003,0.02603626251220703,0.0,0.01592516154050827,0.11062952131032944,0.3283310532569885
Residual PPO,1041,0.0,0.05,-0.6478168964385986,-0.19675222039222717,0.46515655517578125,True,0.21424610912799835,0.01741795614361763,0.003923512063920498,0.012116874568164349,0.85,3.0,3.0,0.017334938049316406,0.0,0.017099754884839058,0.11467844247817993,0.31836649775505066
Residual PPO,1042,0.0,0.05,-1.463887333869934,-0.25558269023895264,0.3728010952472687,True,0.4535616338253021,0.0262539591640234,0.003958130721002817,0.015221768990159035,0.7875,4.2,4.8500000000000005,0.019081592559814453,0.0,0.015269888564944267,0.10930518805980682,0.3218308389186859
Residual PPO,1043,0.0,0.05,-1.7490100860595703,-0.7958716750144958,0.31946444511413574,True,0.565666675567627,0.03742029890418053,0.010246050544083118,0.01250272337347269,0.7725,4.55,4.55,0.006213665008544922,0.0,0.016490235924720764,0.11166583746671677,0.31379735469818115
Residual PPO,1044,0.0,0.05,-1.981444239616394,0.7169352173805237,0.20961801707744598,True,0.5999627113342285,0.024571431800723076,0.019194208085536957,0.006631482858210802,0.7675,4.65,4.65,0.0154571533203125,0.0,0.01595832221210003,0.10865887254476547,0.3760192394256592
Residual PPO,1045,0.0,0.05,-0.7272861003875732,-0.39523494243621826,0.4158290922641754,True,0.24200032651424408,0.019878340885043144,0.015650970861315727,0.03099311701953411,0.845,3.1,3.1,0.027870655059814453,0.0,0.017046086490154266,0.11465011537075043,0.425616592168808
Residual PPO,1046,0.0,0.05,-1.868130087852478,0.6265861392021179,0.39649125933647156,True,0.6324408054351807,0.027472933754324913,0.014968116767704487,0.02997967228293419,0.7425,5.15,5.8500000000000005,0.01866006851196289,0.0,0.017345529049634933,0.11342336237430573,0.33228257298469543
Residual PPO,1047,0.0,0.05,-1.1699552536010742,-0.14992530643939972,0.29876548051834106,True,0.33748379349708557,0.027374442666769028,0.04097696393728256,0.0313975065946579,0.815,3.7,3.7,0.006112337112426758,0.0,0.017357269302010536,0.1155642494559288,0.3448428511619568
Residual PPO,1048,0.0,0.05,-0.9076822996139526,-0.7630760073661804,0.4824531674385071,True,0.3470073640346527,0.028738556429743767,0.024294350296258926,0.024834806099534035,0.8075,3.85,3.85,0.0314335823059082,0.0,0.017489328980445862,0.11603596061468124,0.3562207818031311
Residual PPO,1049,0.0,0.05,-1.6127384901046753,0.09402617067098618,0.43331217765808105,True,0.5330811142921448,0.036069098860025406,0.0096367746591568,0.003043806878849864,0.7725,4.55,4.55,0.011639595031738281,0.0,0.01594354771077633,0.10988309234380722,0.34885767102241516
Residual PPO,1050,0.0,0.05,-1.2507070302963257,-0.40418457984924316,0.49881017208099365,True,0.4365828335285187,0.02507747709751129,0.013286931440234184,0.027158621698617935,0.7825,4.3500000000000005,4.3500000000000005,0.022426605224609375,0.0,0.01700315810739994,0.11518312245607376,0.30876466631889343
Residual PPO,1051,0.0,0.05,-0.8433747291564941,-0.6024307608604431,0.2584548592567444,True,0.2644430994987488,0.02252090722322464,0.010477841831743717,0.007435531821101904,0.8375,3.25,3.25,0.03989076614379883,0.0,0.018449360504746437,0.12056910246610641,0.35233259201049805
Residual PPO,1052,0.0,0.05,-1.577463150024414,-0.03658809885382652,0.32490968704223633,True,0.47256234288215637,0.025980139151215553,0.007447552401572466,0.0553324855864048,0.79,4.2,4.2,0.02546977996826172,0.0,0.014840842224657536,0.10546310991048813,0.3124508261680603
Residual PPO,1053,0.0,0.05,-0.7320424914360046,-0.38764455914497375,0.44851720333099365,True,0.24744130671024323,0.01928027719259262,0.007814469747245312,0.0270713921636343,0.845,3.4000000000000004,3.4000000000000004,0.02930736541748047,0.0,0.018208825960755348,0.11742424219846725,0.39720872044563293
Residual PPO,1054,0.0,0.05,-1.9604523181915283,0.6108824014663696,0.3443475067615509,True,0.6398516893386841,0.03840159252285957,0.0024199492763727903,0.024104198440909386,0.7625,4.75,4.75,0.005392551422119141,0.0,0.01576605625450611,0.10955159366130829,0.29678764939308167
Residual PPO,1055,0.0,0.05,-0.8035520911216736,-0.8197364807128906,0.37500709295272827,True,0.30860450863838196,0.014763835817575455,0.012157061137259007,0.003982387483119965,0.8125,4.2,4.2,0.008219242095947266,0.0,0.016821445897221565,0.11341026425361633,0.32097581028938293
Residual PPO,1056,0.0,0.05,-0.6173267960548401,-0.7547652125358582,0.33817118406295776,True,0.2465946227312088,0.02427797205746174,0.006711707916110754,0.017051270231604576,0.825,3.85,3.85,0.0047454833984375,0.0,0.01617155410349369,0.11224048584699631,0.3362395465373993
Residual PPO,1057,0.0,0.05,-1.4013786315917969,-0.020997419953346252,0.2980625629425049,True,0.4054615795612335,0.03108089603483677,0.001322009484283626,0.015467616729438305,0.8,4.0,4.0,0.018234729766845703,0.0,0.015939263626933098,0.10910166800022125,0.4098902940750122
Residual PPO,1058,0.0,0.05,-1.9344123601913452,-0.6835842132568359,0.34246277809143066,True,0.6309670805931091,0.03187985718250275,0.015657762065529823,0.018398521468043327,0.7575,4.8500000000000005,4.8500000000000005,0.0128326416015625,0.0,0.017549432814121246,0.11496839672327042,0.3340897560119629
Residual PPO,1059,0.0,0.05,-1.3239208459854126,-0.34795770049095154,0.3298633396625519,True,0.3954409956932068,0.024386251345276833,0.017213555052876472,0.002620249753817916,0.805,3.9000000000000004,3.9000000000000004,0.00935506820678711,0.0,0.01687443070113659,0.11438676714897156,0.2936212122440338
Residual PPO,1060,0.0,0.05,-0.5232435464859009,-0.8263487219810486,0.4775193929672241,True,0.2650652229785919,0.024169806391000748,0.004746866412460804,0.011448144912719727,0.81,3.8000000000000003,3.8000000000000003,0.02736377716064453,0.0,0.016389047726988792,0.1123211532831192,0.3125767111778259
Residual PPO,1061,0.0,0.05,-1.0766786336898804,0.09924349933862686,0.28927016258239746,True,0.3027956783771515,0.020052138715982437,0.015799110755324364,0.034803636372089386,0.8275,3.45,3.45,0.026794910430908203,0.0,0.01757751777768135,0.11712034791707993,0.32659029960632324
Residual PPO,1062,0.0,0.05,-1.020176649093628,-0.6513675451278687,0.4292861223220825,True,0.35357996821403503,0.024612881243228912,0.01024539489299059,0.017875485122203827,0.7925,4.25,4.25,0.02596426010131836,0.0,0.01637493632733822,0.11350620537996292,0.289284348487854
Residual PPO,1063,0.0,0.05,-0.5567145943641663,0.6067063212394714,0.2895512878894806,True,0.20054392516613007,0.019249068573117256,0.015520629473030567,0.013429820537567139,0.845,3.1,3.1,0.016852378845214844,0.0,0.01582263968884945,0.11128279566764832,0.3264337182044983
Residual PPO,1064,0.0,0.05,-1.6129041910171509,-0.13716638088226318,0.24278511106967926,True,0.46176788210868835,0.028366945683956146,0.015166242606937885,0.04810528829693794,0.7875,4.25,4.25,0.0040585994720458984,0.0,0.015910910442471504,0.10950613021850586,0.34462305903434753
Residual PPO,1065,0.0,0.05,-0.5033138990402222,-0.5932050347328186,0.453745573759079,True,0.21693678200244904,0.022951530292630196,0.008307833224534988,0.021294403821229935,0.8325,3.35,3.35,0.02098560333251953,0.0,0.017587626352906227,0.1173083484172821,0.34078556299209595
Residual PPO,1066,0.0,0.05,-1.3762075901031494,0.32575497031211853,0.20805609226226807,True,0.3849187195301056,0.026062631979584694,0.023152239620685577,0.03688114508986473,0.805,3.9000000000000004,3.9000000000000004,0.0,0.0,0.015938445925712585,0.11170919239521027,0.3023395240306854
Residual PPO,1067,0.0,0.05,-0.6176835894584656,0.9055254459381104,0.20151829719543457,True,0.2558816969394684,0.022378498688340187,0.009540906175971031,0.04176832735538483,0.8375,3.3000000000000003,3.3000000000000003,0.004880189895629883,0.0,0.018566960468888283,0.11960844695568085,0.3387809991836548
Residual PPO,1068,0.0,0.05,-0.7787961959838867,0.5352519750595093,0.25048118829727173,True,0.2369055598974228,0.017010878771543503,0.017141222953796387,0.024030745029449463,0.8575,2.85,2.85,0.020847082138061523,0.0,0.017841404303908348,0.11757033318281174,0.3571324646472931
Residual PPO,1069,0.0,0.05,-0.5076419115066528,0.8446078896522522,0.24751581251621246,True,0.23672163486480713,0.016098560765385628,0.01345108263194561,0.01486306730657816,0.8275,3.8000000000000003,3.8000000000000003,0.017045974731445312,0.0,0.019124245271086693,0.12264714390039444,0.34886136651039124
Residual PPO,1070,0.0,0.05,-1.6644020080566406,0.9533751606941223,0.22921264171600342,True,0.5274389386177063,0.026085227727890015,0.02707871049642563,0.010479334741830826,0.7825,4.5,4.5,0.025085926055908203,0.0,0.016274303197860718,0.11072096973657608,0.3660254180431366
Residual PPO,1071,0.0,0.05,-1.6379417181015015,0.7469041347503662,0.26974478363990784,True,0.5077411532402039,0.025130674242973328,0.020667020231485367,0.032011255621910095,0.79,4.2,4.2,0.007948875427246094,0.0,0.015953419730067253,0.11048702895641327,0.37479913234710693
Residual PPO,1072,0.0,0.05,-1.22187077999115,0.3675197660923004,0.4661308228969574,True,0.41077089309692383,0.027269272133708,0.023212037980556488,0.0299326553940773,0.795,4.0,4.9,0.03635978698730469,0.0,0.016994914039969444,0.11423127353191376,0.40912535786628723
Residual PPO,1073,0.0,0.05,-1.5133368968963623,0.8512749075889587,0.3800120949745178,True,0.5170859694480896,0.031285759061574936,0.007209690287709236,0.039324503391981125,0.7825,4.3500000000000005,4.3500000000000005,0.003909587860107422,0.0,0.015783218666911125,0.11115897446870804,0.31448403000831604
Residual PPO,1074,0.0,0.05,-0.5001789927482605,-0.2884053587913513,0.4962819218635559,True,0.18373283743858337,0.016863161697983742,0.01906508021056652,0.02786131389439106,0.8575,2.8000000000000003,3.4000000000000004,0.01906299591064453,0.0,0.01790659688413143,0.11778116226196289,0.5021042823791504
Residual PPO,1075,0.0,0.05,-0.8189709782600403,0.9466501474380493,0.23914383351802826,True,0.31203389167785645,0.023585090413689613,0.03286729380488396,0.03976525366306305,0.8075,3.85,3.85,0.008283615112304688,0.0,0.01768496073782444,0.11892123520374298,0.3681228458881378
Residual PPO,1076,0.0,0.05,-1.445397138595581,-0.562984049320221,0.45283621549606323,True,0.49471762776374817,0.030277783051133156,0.03344228118658066,0.012706372886896133,0.77,4.5,5.2,0.012726783752441406,0.0,0.01772281713783741,0.114902064204216,0.3695344626903534
Residual PPO,1077,0.0,0.05,-0.6151338219642639,-0.8893533945083618,0.2694230377674103,True,0.2679533362388611,0.022441862151026726,0.0271768756210804,0.018512068316340446,0.815,3.5500000000000003,5.300000000000001,0.01938605308532715,0.0,0.014929023571312428,0.10755521804094315,0.30378270149230957
Residual PPO,1078,0.0,0.05,-0.6580581068992615,-0.6858707666397095,0.23459486663341522,True,0.23253150284290314,0.022113043814897537,0.00901772826910019,0.04275273159146309,0.8425,3.1500000000000004,3.1500000000000004,0.012997627258300781,0.0,0.019894765689969063,0.12466764450073242,0.3236995041370392
Residual PPO,1079,0.0,0.05,-0.5874135494232178,0.8651593327522278,0.4896434247493744,True,0.2825546860694885,0.017974143847823143,0.021862149238586426,0.044478315860033035,0.83,3.4000000000000004,3.4000000000000004,0.023733139038085938,0.0,0.01812714710831642,0.11796873062849045,0.35766467452049255
Residual PPO,1080,0.0,0.05,-0.6397119164466858,0.7102972865104675,0.367546945810318,True,0.24782361090183258,0.019602829590439796,0.005612468346953392,0.03526265174150467,0.845,3.35,3.35,0.030552387237548828,0.0,0.016746124252676964,0.11373520642518997,0.3794538080692291
Residual PPO,1081,0.0,0.05,-1.3320256471633911,0.8601993322372437,0.3006768822669983,True,0.4393302798271179,0.02851157821714878,0.029545830562710762,0.03643466904759407,0.805,3.9000000000000004,3.9000000000000004,0.050568580627441406,0.005,0.016008062288165092,0.11168015003204346,0.3152084946632385
Residual PPO,1082,0.0,0.05,-0.9581221342086792,-0.30673766136169434,0.3117980659008026,True,0.2807675302028656,0.021898513659834862,0.02171192318201065,0.0029005571268498898,0.835,3.3000000000000003,3.3000000000000003,0.022469043731689453,0.0,0.015739215537905693,0.1115967184305191,0.31068670749664307
Residual PPO,1083,0.0,0.05,-1.3940625190734863,0.6289385557174683,0.21643398702144623,True,0.40943050384521484,0.022080861032009125,0.004784205928444862,0.01390533335506916,0.8025,3.95,3.95,0.035178184509277344,0.0,0.016190962865948677,0.11194143444299698,0.3396540582180023
Residual PPO,1084,0.0,0.05,-0.7371216416358948,-0.8951173424720764,0.4071005880832672,True,0.3084036111831665,0.015308181755244732,0.016834430396556854,0.018604174256324768,0.795,4.1000000000000005,4.1000000000000005,0.02686333656311035,0.0,0.017670786008238792,0.11771318316459656,0.42593914270401
Residual PPO,1085,0.0,0.05,-0.7224554419517517,-0.08529454469680786,0.4138740301132202,True,0.2220592200756073,0.021740255877375603,0.030880998820066452,0.04865110665559769,0.8475,3.0500000000000003,3.0500000000000003,0.029390811920166016,0.0,0.01924911141395569,0.12209229916334152,0.37245839834213257
Residual PPO,1086,0.0,0.05,-0.7490203976631165,-0.7008727788925171,0.4387705326080322,True,0.28918343782424927,0.015747955068945885,0.008580129593610764,0.015508532524108887,0.8125,3.8000000000000003,3.8000000000000003,0.015070915222167969,0.0,0.01725674420595169,0.11557597666978836,0.3193880021572113
Residual PPO,1087,0.0,0.05,-1.2718281745910645,-0.8616007566452026,0.3274095356464386,True,0.4266898036003113,0.021876513957977295,0.017971782013773918,0.025167565792798996,0.785,4.800000000000001,4.800000000000001,0.020658016204833984,0.0,0.016788046807050705,0.11229193210601807,0.3498254716396332
Residual PPO,1088,0.0,0.05,-1.148199200630188,-0.9221230149269104,0.4605681300163269,True,0.4367748200893402,0.03390577435493469,0.01256671641021967,0.013732688501477242,0.77,4.6000000000000005,4.6000000000000005,0.023308753967285156,0.0,0.018029825761914253,0.11886373162269592,0.323673814535141
Residual PPO,1089,0.0,0.05,-1.8535881042480469,0.5890284776687622,0.37915652990341187,True,0.6160756349563599,0.035719964653253555,0.0063028717413544655,0.013920843601226807,0.7575,4.8500000000000005,4.8500000000000005,0.0025305747985839844,0.0,0.015224860981106758,0.10666818916797638,0.3605475127696991
Residual PPO,1090,0.0,0.05,-0.9845758080482483,-0.6573527455329895,0.30003631114959717,True,0.3173927068710327,0.021209001541137695,0.01599869132041931,0.04970845952630043,0.82,3.6,3.6,0.0175478458404541,0.0,0.017155300825834274,0.11621388047933578,0.3130751848220825
Residual PPO,1091,0.0,0.05,-1.8845704793930054,-0.6914018392562866,0.36124923825263977,True,0.6207819581031799,0.026134243234992027,0.014764581806957722,0.010077430866658688,0.755,4.9,4.9,0.010194778442382812,0.0,0.0158913042396307,0.10906890779733658,0.3570251166820526
Residual PPO,1092,0.0,0.05,-1.9696727991104126,-0.2278679758310318,0.31251582503318787,True,0.6132217049598694,0.030273418873548508,0.025144126266241074,0.01934358850121498,0.7525,5.050000000000001,5.050000000000001,0.025004863739013672,0.0,0.01690361276268959,0.11078701913356781,0.3407999575138092
Residual PPO,1093,0.0,0.05,-0.8791002631187439,0.07968070358037949,0.43002596497535706,True,0.2740573287010193,0.016164397820830345,0.0017521553672850132,0.01116136647760868,0.8325,3.35,3.35,0.024837255477905273,0.0,0.01708352379500866,0.11662430316209793,0.3044085204601288
Residual PPO,1094,0.0,0.05,-0.9031349420547485,-0.5643354058265686,0.2514164447784424,True,0.2734651267528534,0.016793670132756233,0.011125416494905949,0.026161842048168182,0.84,3.6,3.6,0.011834383010864258,0.0,0.017831986770033836,0.11759980022907257,0.3944642245769501
Residual PPO,1095,0.0,0.05,-1.3096781969070435,-0.4019305408000946,0.2943161725997925,True,0.38995519280433655,0.02430230937898159,0.02209453657269478,0.005055622663348913,0.805,3.9000000000000004,3.9000000000000004,0.011502265930175781,0.0,0.016691606491804123,0.1130184680223465,0.3466870188713074
Residual PPO,1096,0.0,0.05,-0.5565752387046814,0.7886120080947876,0.27283963561058044,True,0.23288004100322723,0.016929324716329575,0.022769276052713394,0.015940384939312935,0.8425,3.45,3.45,0.015584468841552734,0.0,0.017199842259287834,0.11574195325374603,0.3046109974384308
Residual PPO,1097,0.0,0.05,-1.3080552816390991,0.037033263593912125,0.27344202995300293,True,0.37036123871803284,0.02525104209780693,0.022686081007122993,0.045361220836639404,0.81,3.85,3.85,0.022654056549072266,0.0,0.017317216843366623,0.11725863814353943,0.3307727873325348
Residual PPO,1098,0.0,0.05,-1.2224541902542114,-0.25077617168426514,0.4742331802845001,True,0.40760090947151184,0.03177681565284729,0.0040259333327412605,0.004185732454061508,0.7975,4.05,4.05,0.01203298568725586,0.0,0.01656501181423664,0.11311168223619461,0.4093804359436035
Residual PPO,1099,0.0,0.05,-1.9130916595458984,0.09447009861469269,0.36984628438949585,True,0.6174864768981934,0.03100336529314518,0.02987075410783291,0.007584779057651758,0.7475,5.5,5.5,0.005993366241455078,0.0,0.01830453611910343,0.1169028952717781,0.3755907714366913
PD+FF,1000,0.0,0.1,-1.2179213762283325,0.20768369734287262,0.34128254652023315,True,0.3892488181591034,0.04913170263171196,0.025663238018751144,0.04322560131549835,0.715,6.0,8.9,0.03740692138671875,0.0,0.049065057188272476,0.19426216185092926,0.6207127571105957
PD+FF,1001,0.0,0.1,-1.0811076164245605,-0.9685990810394287,0.25630688667297363,True,0.40912917256355286,0.060539744794368744,0.06628312915563583,0.059964872896671295,0.72,5.550000000000001,6.15,0.06596088409423828,0.025,0.04476001486182213,0.1901845484972,0.5436806082725525
PD+FF,1002,0.0,0.1,-1.428768277168274,-0.28562131524086,0.4242836833000183,True,0.4935247302055359,0.08302364498376846,0.033700235188007355,0.01696537807583809,0.655,6.800000000000001,12.15,0.0547337532043457,0.015,0.05413166433572769,0.20645204186439514,0.560905933380127
PD+FF,1003,0.0,0.1,-1.7183640003204346,-0.48658838868141174,0.34840381145477295,True,0.576157808303833,0.09556184709072113,0.042771704494953156,0.06805569678544998,0.66,6.800000000000001,6.800000000000001,0.04065132141113281,0.0,0.04991060867905617,0.19616100192070007,0.518072783946991
PD+FF,1004,0.0,0.1,-1.998679280281067,-0.7396973967552185,0.24154320359230042,True,0.6515082120895386,0.09535907208919525,0.07036606222391129,0.030791938304901123,0.645,6.9,17.75,0.022344112396240234,0.0,0.04552910104393959,0.19109195470809937,0.5181027054786682
PD+FF,1005,0.0,0.1,-1.8766711950302124,0.8611240983009338,0.28618520498275757,True,0.6310317516326904,0.07541566342115402,0.03701012581586838,0.0531131811439991,0.685,6.5,6.5,0.04265642166137695,0.0,0.04762526974081993,0.19290703535079956,0.5676418542861938
PD+FF,1006,0.0,0.1,-1.4946178197860718,0.20171388983726501,0.28934937715530396,True,0.4698289930820465,0.055747807025909424,0.0054253991693258286,0.05173937603831291,0.7125,5.9,5.9,0.022056102752685547,0.0,0.049563709646463394,0.19772319495677948,0.5522388219833374
PD+FF,1007,0.0,0.1,-1.8931626081466675,0.6319606900215149,0.39287856221199036,True,0.661484956741333,0.09617208689451218,0.0450921431183815,0.014996143989264965,0.6525,6.95,6.95,0.008921623229980469,0.0,0.04500150680541992,0.1880229115486145,0.49755164980888367
PD+FF,1008,0.0,0.1,-1.749120831489563,0.6261014938354492,0.26522985100746155,True,0.5722590088844299,0.08949273079633713,0.03915003314614296,0.05293969064950943,0.66,6.7,18.0,0.022273540496826172,0.0,0.046235341578722,0.1881745606660843,0.5494133234024048
PD+FF,1009,0.0,0.1,-1.9152493476867676,-0.3461688160896301,0.2149554342031479,True,0.5890190005302429,0.07293272763490677,0.02827688306570053,0.0315638929605484,0.665,6.7,9.3,0.040703773498535156,0.0,0.04314473271369934,0.18161018192768097,0.6295487284660339
PD+FF,1010,0.0,0.1,-1.8575115203857422,0.07161146402359009,0.4753030240535736,True,0.6782642602920532,0.1310606449842453,0.08980389684438705,0.05059560760855675,0.5925,7.8500000000000005,18.45,0.05785560607910156,0.05,0.048955801874399185,0.19293653964996338,0.5359326601028442
PD+FF,1011,0.0,0.1,-1.57381272315979,0.12664707005023956,0.26378002762794495,True,0.4836302399635315,0.05404345318675041,0.017700545489788055,0.027688084170222282,0.7175,5.6000000000000005,6.15,0.041758060455322266,0.0,0.04975433647632599,0.19625625014305115,0.5900256037712097
PD+FF,1012,0.0,0.1,-1.5405192375183105,0.561293363571167,0.2715309262275696,True,0.5023284554481506,0.07646555453538895,0.046706847846508026,0.02401052601635456,0.69,6.050000000000001,15.05,0.03564929962158203,0.0,0.04911888390779495,0.19582819938659668,0.5049505233764648
PD+FF,1013,0.0,0.1,-0.8082606196403503,-0.8420410752296448,0.401797890663147,True,0.35179999470710754,0.05625231936573982,0.028051355853676796,0.014114017598330975,0.745,5.1000000000000005,5.1000000000000005,0.0319819450378418,0.0,0.04926148056983948,0.1971767097711563,0.5923289656639099
PD+FF,1014,0.0,0.1,-1.3467140197753906,0.1714046150445938,0.4693894386291504,True,0.4779016077518463,0.07474176585674286,0.03042825683951378,0.04054737836122513,0.6875,6.3500000000000005,10.75,0.0806884765625,0.105,0.04367655888199806,0.18648700416088104,0.6274866461753845
PD+FF,1015,0.0,0.1,-1.4601455926895142,0.21413566172122955,0.39239153265953064,True,0.4860645532608032,0.0730547234416008,0.018587492406368256,0.04665378853678703,0.6725,6.65,18.95,0.0,0.0,0.049438390880823135,0.19905805587768555,0.5228474140167236
PD+FF,1016,0.0,0.1,-1.6580126285552979,-0.11461202055215836,0.3060871958732605,True,0.5294774174690247,0.07925796508789062,0.009775144048035145,0.029352664947509766,0.685,6.2,14.05,0.0,0.0,0.04942615330219269,0.19625771045684814,0.517603874206543
PD+FF,1017,0.0,0.1,-0.62247234582901,0.6426637768745422,0.4917738139629364,True,0.2905077636241913,0.056945182383060455,0.05112770199775696,0.004306563176214695,0.75,5.2,8.700000000000001,0.0,0.0,0.05020580440759659,0.19989433884620667,0.5740875005722046
PD+FF,1018,0.0,0.1,-1.1090368032455444,-0.0900818482041359,0.4614541530609131,True,0.38945162296295166,0.05671091377735138,0.044482167810201645,0.05079556256532669,0.705,5.9,16.900000000000002,0.017765045166015625,0.0,0.04948953539133072,0.19454386830329895,0.6379584074020386
PD+FF,1019,0.0,0.1,-1.674609661102295,-0.20800989866256714,0.34006524085998535,True,0.5406533479690552,0.06875913590192795,0.040629949420690536,0.07570996880531311,0.6825,6.2,19.25,0.03135967254638672,0.0,0.04586917161941528,0.18806971609592438,0.55795818567276
PD+FF,1020,0.0,0.1,-1.1319496631622314,-0.4326494336128235,0.2227078378200531,True,0.35621437430381775,0.04339957609772682,0.0055670845322310925,0.01192659605294466,0.7175,5.7,5.7,0.054112911224365234,0.015,0.05301724001765251,0.20298835635185242,0.7239782810211182
PD+FF,1021,0.0,0.1,-1.4384177923202515,-0.8382971882820129,0.49743902683258057,True,0.5603688955307007,0.09153342247009277,0.004886820912361145,0.06124502420425415,0.6275,7.15,16.8,0.04424238204956055,0.0,0.045199763029813766,0.18712368607521057,0.5956864356994629
PD+FF,1022,0.0,0.1,-1.999210000038147,0.8368335366249084,0.37694433331489563,True,0.7072809338569641,0.10679017007350922,0.06955923140048981,0.031862806528806686,0.6475,7.050000000000001,7.050000000000001,0.028143882751464844,0.0,0.05076048895716667,0.19852317869663239,0.5751927495002747
PD+FF,1023,0.0,0.1,-1.4916963577270508,0.8117974996566772,0.4728805720806122,True,0.5685146450996399,0.08898328989744186,0.03255479782819748,0.044204890727996826,0.655,6.7,16.7,0.049841880798339844,0.0,0.04448685795068741,0.1880166381597519,0.49982619285583496
PD+FF,1024,0.0,0.1,-1.51630699634552,-0.48329436779022217,0.3110935389995575,True,0.4975176751613617,0.078633613884449,0.0353868342936039,0.024070775136351585,0.675,6.65,17.0,0.012340545654296875,0.0,0.04704686254262924,0.1895195096731186,0.4936143755912781
PD+FF,1025,0.0,0.1,-0.7683239579200745,0.258014976978302,0.24864348769187927,True,0.23564989864826202,0.03148825839161873,0.03717648610472679,0.06330426037311554,0.7875,4.05,10.5,0.022244930267333984,0.0,0.05193117633461952,0.19983896613121033,0.6010215282440186
PD+FF,1026,0.0,0.1,-1.7438942193984985,0.19023452699184418,0.2583710551261902,True,0.5436760783195496,0.0794527679681778,0.027703838422894478,0.028792819008231163,0.6675,6.7,19.85,0.051511287689208984,0.01,0.049966223537921906,0.19890974462032318,0.5171173214912415
PD+FF,1027,0.0,0.1,-1.9580382108688354,0.12429128587245941,0.36954861879348755,True,0.6520655155181885,0.08464110642671585,0.05945565924048424,0.02876899391412735,0.6725,6.800000000000001,18.150000000000002,0.051807403564453125,0.0125,0.04542342573404312,0.18810465931892395,0.5662321448326111
PD+FF,1028,0.0,0.1,-0.7757433652877808,-0.22796711325645447,0.4025936424732208,True,0.26765385270118713,0.040588777512311935,0.02811702899634838,0.04691840335726738,0.7625,4.6000000000000005,13.25,0.03222799301147461,0.0,0.04993162304162979,0.19799888134002686,0.6049022078514099
PD+FF,1029,0.0,0.1,-0.7448340058326721,0.6458722352981567,0.214758962392807,True,0.2878585457801819,0.0525522455573082,0.04404035955667496,0.04968990758061409,0.6925,6.6000000000000005,6.6000000000000005,0.048280954360961914,0.0,0.04692719131708145,0.19325532019138336,0.5549473166465759
PD+FF,1030,0.0,0.1,-1.6447029113769531,-0.9496257901191711,0.4438457489013672,True,0.6255924105644226,0.09034813195466995,0.028180517256259918,0.08715091645717621,0.6475,6.9,14.5,0.04960441589355469,0.0,0.04755339398980141,0.19132253527641296,0.5332488417625427
PD+FF,1031,0.0,0.1,-0.9611496329307556,0.9009804725646973,0.39864641427993774,True,0.39673614501953125,0.06066674739122391,0.027660466730594635,0.010713234543800354,0.6925,6.2,7.75,0.03219747543334961,0.0,0.05153650417923927,0.20236840844154358,0.5711568593978882
PD+FF,1032,0.0,0.1,-0.6833899617195129,-0.5306191444396973,0.49894750118255615,True,0.2873944938182831,0.03873826563358307,0.017707034945487976,0.06944317370653152,0.71,5.65,17.400000000000002,0.01766204833984375,0.0,0.05173705518245697,0.2012937217950821,0.6720922589302063
PD+FF,1033,0.0,0.1,-0.7577928304672241,0.7459949851036072,0.4761985242366791,True,0.33131834864616394,0.039859626442193985,0.00984068401157856,0.03805842623114586,0.75,4.95,5.6000000000000005,0.02516007423400879,0.0,0.048872534185647964,0.19636830687522888,0.546671450138092
PD+FF,1034,0.0,0.1,-0.5296080112457275,-0.6777904629707336,0.22327283024787903,True,0.23404313623905182,0.048959098756313324,0.022918224334716797,0.03529701009392738,0.7825,4.05,5.050000000000001,0.01143491268157959,0.0,0.052616942673921585,0.2021661102771759,0.6218149065971375
PD+FF,1035,0.0,0.1,-1.5201642513275146,-0.23973245918750763,0.436818927526474,True,0.5262819528579712,0.06862707436084747,0.04320266842842102,0.07457149028778076,0.6825,6.4,13.350000000000001,0.024916648864746094,0.0,0.04735145345330238,0.18975944817066193,0.583461344242096
PD+FF,1036,0.0,0.1,-1.558912754058838,0.6018440127372742,0.34900519251823425,True,0.5356374382972717,0.08606202900409698,0.022757478058338165,0.059473611414432526,0.6675,6.8500000000000005,8.25,0.030171871185302734,0.0,0.0461612232029438,0.18560758233070374,0.5945861339569092
PD+FF,1037,0.0,0.1,-1.5164998769760132,-0.3818822205066681,0.38270920515060425,True,0.5094349384307861,0.0793871060013771,0.038545235991477966,0.047524888068437576,0.67,6.9,12.350000000000001,0.008135795593261719,0.0,0.048077020794153214,0.19501902163028717,0.4840456247329712
PD+FF,1038,0.0,0.1,-1.5098652839660645,-0.8029577136039734,0.31811848282814026,True,0.5228236317634583,0.06319144368171692,0.04565878584980965,0.03386018052697182,0.6775,6.300000000000001,7.3500000000000005,0.029602527618408203,0.0,0.04827089607715607,0.1944054365158081,0.5679879188537598
PD+FF,1039,0.0,0.1,-0.6960156559944153,-0.0387578122317791,0.3661683201789856,True,0.23044756054878235,0.03540956974029541,0.04003944620490074,0.023433126509189606,0.7375,5.3500000000000005,17.75,0.04168987274169922,0.0,0.047853101044893265,0.19403542578220367,0.5661771893501282
PD+FF,1040,0.0,0.1,-0.7547146081924438,0.5635512471199036,0.4134989380836487,True,0.29893919825553894,0.05597618222236633,0.014905916526913643,0.026270708069205284,0.7375,5.3500000000000005,5.3500000000000005,0.023807048797607422,0.0,0.04659266397356987,0.19073708355426788,0.5354712009429932
PD+FF,1041,0.0,0.1,-0.6478168964385986,-0.19675222039222717,0.46515655517578125,True,0.2346857488155365,0.03688468411564827,0.004152367822825909,0.01815149560570717,0.7575,4.6000000000000005,13.65,0.02127695083618164,0.0,0.049239348620176315,0.19623249769210815,0.5465115904808044
PD+FF,1042,0.0,0.1,-1.463887333869934,-0.25558269023895264,0.3728010952472687,True,0.4812012314796448,0.06759727746248245,0.004089652560651302,0.031257931143045425,0.6975,5.9,18.7,0.03680753707885742,0.0,0.044760894030332565,0.18889516592025757,0.5310453772544861
PD+FF,1043,0.0,0.1,-1.7490100860595703,-0.7958716750144958,0.31946444511413574,True,0.5992194414138794,0.09840402752161026,0.007138631772249937,0.030012765899300575,0.6075,7.8500000000000005,14.15,0.020617008209228516,0.0,0.04800073802471161,0.19373558461666107,0.5136845111846924
PD+FF,1044,0.0,0.1,-1.981444239616394,0.7169352173805237,0.20961801707744598,True,0.6318759322166443,0.07962717115879059,0.04360773041844368,0.024186521768569946,0.69,6.45,8.85,0.03148317337036133,0.0,0.047755878418684006,0.1904657483100891,0.6975986957550049
PD+FF,1045,0.0,0.1,-0.7272861003875732,-0.39523494243621826,0.4158290922641754,True,0.27276286482810974,0.04280826449394226,0.034865058958530426,0.036490511149168015,0.7625,4.65,7.050000000000001,0.045523643493652344,0.0,0.04979371652007103,0.19762460887432098,0.6503950953483582
PD+FF,1046,0.0,0.1,-1.868130087852478,0.6265861392021179,0.39649125933647156,True,0.6543881297111511,0.08688338845968246,0.023429634049534798,0.047228265553712845,0.66,6.800000000000001,6.800000000000001,0.023785114288330078,0.0,0.050711460411548615,0.19709466397762299,0.5657165050506592
PD+FF,1047,0.0,0.1,-1.1699552536010742,-0.14992530643939972,0.29876548051834106,True,0.37479546666145325,0.0667429119348526,0.07293666899204254,0.04656572267413139,0.6825,6.550000000000001,13.65,0.0,0.0,0.05143025144934654,0.19974516332149506,0.5795531272888184
PD+FF,1048,0.0,0.1,-0.9076822996139526,-0.7630760073661804,0.4824531674385071,True,0.378722220659256,0.06682632863521576,0.03582289069890976,0.046541523188352585,0.72,5.6000000000000005,5.6000000000000005,0.058940887451171875,0.05,0.0501604899764061,0.19952614605426788,0.5697240829467773
PD+FF,1049,0.0,0.1,-1.6127384901046753,0.09402617067098618,0.43331217765808105,True,0.5582636594772339,0.0957510694861412,0.03589213266968727,0.013314737938344479,0.6575,7.3500000000000005,7.3500000000000005,0.0,0.0,0.047865740954875946,0.1921607404947281,0.5627359747886658
PD+FF,1050,0.0,0.1,-1.2507070302963257,-0.40418457984924316,0.49881017208099365,True,0.4619806110858917,0.06332437694072723,0.03148999810218811,0.049373477697372437,0.7075,5.800000000000001,6.45,0.01925945281982422,0.0,0.05057547986507416,0.20132605731487274,0.5142692923545837
PD+FF,1051,0.0,0.1,-0.8433747291564941,-0.6024307608604431,0.2584548592567444,True,0.29455387592315674,0.04716123640537262,0.019831323996186256,0.010065348818898201,0.75,5.300000000000001,19.450000000000003,0.06849908828735352,0.045,0.05376041308045387,0.20516149699687958,0.675661027431488
PD+FF,1052,0.0,0.1,-1.577463150024414,-0.03658809885382652,0.32490968704223633,True,0.5020061731338501,0.07465913146734238,0.004012258257716894,0.058016762137413025,0.685,6.2,6.95,0.03638315200805664,0.0,0.04493904486298561,0.18569499254226685,0.5578932762145996
PD+FF,1053,0.0,0.1,-0.7320424914360046,-0.38764455914497375,0.44851720333099365,True,0.272950679063797,0.04733055830001831,0.012686156667768955,0.021585047245025635,0.7625,5.0,5.0,0.05463743209838867,0.0375,0.05290142446756363,0.2033492773771286,0.637925922870636
PD+FF,1054,0.0,0.1,-1.9604523181915283,0.6108824014663696,0.3443475067615509,True,0.6658852100372314,0.10569921135902405,0.012311113066971302,0.014282682910561562,0.6575,7.0,7.0,0.003872394561767578,0.0,0.047243181616067886,0.1920107901096344,0.5005810260772705
PD+FF,1055,0.0,0.1,-0.8035520911216736,-0.8197364807128906,0.37500709295272827,True,0.34218353033065796,0.033347319811582565,0.02450042963027954,0.011670512147247791,0.7275,5.1000000000000005,5.95,0.021194934844970703,0.0,0.048557668924331665,0.19364741444587708,0.4853554368019104
PD+FF,1056,0.0,0.1,-0.6173267960548401,-0.7547652125358582,0.33817118406295776,True,0.2732135057449341,0.05257248878479004,0.013632933609187603,0.018349245190620422,0.7875,4.2,12.950000000000001,0.00017213821411132812,0.0,0.048220936208963394,0.1937698870897293,0.5482062697410583
PD+FF,1057,0.0,0.1,-1.4013786315917969,-0.020997419953346252,0.2980625629425049,True,0.43389472365379333,0.0768488422036171,0.013346340507268906,0.026870794594287872,0.685,6.25,17.25,0.0164642333984375,0.0,0.04767151176929474,0.19110940396785736,0.5821872353553772
PD+FF,1058,0.0,0.1,-1.9344123601913452,-0.6835842132568359,0.34246277809143066,True,0.6571660041809082,0.09100092947483063,0.035680513828992844,0.03280350938439369,0.66,6.65,8.15,0.012707710266113281,0.0,0.051113616675138474,0.1998431533575058,0.5093061923980713
PD+FF,1059,0.0,0.1,-1.3239208459854126,-0.34795770049095154,0.3298633396625519,True,0.42286744713783264,0.060850657522678375,0.03997740149497986,0.010722717270255089,0.7375,5.25,11.9,0.007337093353271484,0.0,0.051909755915403366,0.20260532200336456,0.49428537487983704
PD+FF,1060,0.0,0.1,-0.5232435464859009,-0.8263487219810486,0.4775193929672241,True,0.2973295748233795,0.05107393115758896,0.015677111223340034,0.005731795448809862,0.7175,5.15,18.35,0.040500640869140625,0.0,0.04752887785434723,0.19186723232269287,0.5144177675247192
PD+FF,1061,0.0,0.1,-1.0766786336898804,0.09924349933862686,0.28927016258239746,True,0.33557674288749695,0.05516422167420387,0.03005577065050602,0.036955591291189194,0.7225,5.2,12.25,0.0589442253112793,0.05,0.05037347972393036,0.1990702897310257,0.534591794013977
PD+FF,1062,0.0,0.1,-1.020176649093628,-0.6513675451278687,0.4292861223220825,True,0.3868508040904999,0.05940236151218414,0.034340955317020416,0.026403406634926796,0.7275,5.4,10.0,0.033709049224853516,0.0,0.04920544847846031,0.19835765659809113,0.5222291350364685
PD+FF,1063,0.0,0.1,-0.5567145943641663,0.6067063212394714,0.2895512878894806,True,0.23195181787014008,0.04568587988615036,0.012634185142815113,0.030334917828440666,0.7875,4.05,8.85,0.011066436767578125,0.0,0.046110086143016815,0.19043663144111633,0.5076553821563721
PD+FF,1064,0.0,0.1,-1.6129041910171509,-0.13716638088226318,0.24278511106967926,True,0.49427300691604614,0.07132412493228912,0.024582328274846077,0.0920676589012146,0.69,6.300000000000001,9.1,0.0,0.0,0.04686795920133591,0.18990732729434967,0.6193132996559143
PD+FF,1065,0.0,0.1,-0.5033138990402222,-0.5932050347328186,0.453745573759079,True,0.25003015995025635,0.056782547384500504,0.011460903100669384,0.019344139844179153,0.745,4.95,19.650000000000002,0.018909931182861328,0.0,0.04920711740851402,0.19759783148765564,0.5700024962425232
PD+FF,1066,0.0,0.1,-1.3762075901031494,0.32575497031211853,0.20805609226226807,True,0.4231518507003784,0.07098854333162308,0.053855109959840775,0.02737615816295147,0.6975,6.300000000000001,18.95,0.0,0.0,0.047176044434309006,0.19328126311302185,0.5083409547805786
PD+FF,1067,0.0,0.1,-0.6176835894584656,0.9055254459381104,0.20151829719543457,True,0.2845069169998169,0.05010597035288811,0.017452528700232506,0.05693633109331131,0.75,4.75,13.3,0.01684403419494629,0.0,0.054056521505117416,0.20513708889484406,0.5655557513237
PD+FF,1068,0.0,0.1,-0.7787961959838867,0.5352519750595093,0.25048118829727173,True,0.27070382237434387,0.03833427652716637,0.035447705537080765,0.04762360081076622,0.7575,4.5,15.700000000000001,0.0386350154876709,0.0,0.05059782415628433,0.19979189336299896,0.5260756015777588
PD+FF,1069,0.0,0.1,-0.5076419115066528,0.8446078896522522,0.24751581251621246,True,0.2775154411792755,0.042254701256752014,0.028225239366292953,0.021237963810563087,0.7625,4.75,18.5,0.03152894973754883,0.0,0.05431395769119263,0.20674113929271698,0.6765347123146057
PD+FF,1070,0.0,0.1,-1.6644020080566406,0.9533751606941223,0.22921264171600342,True,0.5629713535308838,0.07813246548175812,0.05168312415480614,0.013085443526506424,0.6625,6.9,6.9,0.03378725051879883,0.0,0.04760165512561798,0.19185788929462433,0.5754889249801636
PD+FF,1071,0.0,0.1,-1.6379417181015015,0.7469041347503662,0.26974478363990784,True,0.5364604592323303,0.0651203989982605,0.04916628450155258,0.07623723149299622,0.69,6.15,13.200000000000001,0.023045063018798828,0.0,0.047502629458904266,0.19211368262767792,0.5991028547286987
PD+FF,1072,0.0,0.1,-1.22187077999115,0.3675197660923004,0.4661308228969574,True,0.43990761041641235,0.0701344907283783,0.040314752608537674,0.05974915996193886,0.6875,6.0,7.15,0.0616455078125,0.03,0.04923275485634804,0.19752739369869232,0.6552715301513672
PD+FF,1073,0.0,0.1,-1.5133368968963623,0.8512749075889587,0.3800120949745178,True,0.5548268556594849,0.09184374660253525,0.014243092387914658,0.07813988626003265,0.655,6.9,6.9,0.0011487007141113281,0.0,0.04680471122264862,0.19391538202762604,0.47164735198020935
PD+FF,1074,0.0,0.1,-0.5001789927482605,-0.2884053587913513,0.4962819218635559,True,0.2032959908246994,0.03999607264995575,0.04702282324433327,0.03316871076822281,0.8,4.05,17.3,0.017914772033691406,0.0,0.05216364189982414,0.20284311473369598,0.8012739419937134
PD+FF,1075,0.0,0.1,-0.8189709782600403,0.9466501474380493,0.23914383351802826,True,0.35723885893821716,0.06057238206267357,0.06513286381959915,0.04441281408071518,0.7125,5.7,14.55,0.008536338806152344,0.0,0.05106833577156067,0.20243866741657257,0.567595899105072
PD+FF,1076,0.0,0.1,-1.445397138595581,-0.562984049320221,0.45283621549606323,True,0.5204347372055054,0.07491949200630188,0.05736780911684036,0.03728612884879112,0.6775,6.7,6.7,0.015518665313720703,0.0,0.052714183926582336,0.2011217325925827,0.6347835063934326
PD+FF,1077,0.0,0.1,-0.6151338219642639,-0.8893533945083618,0.2694230377674103,True,0.3009379804134369,0.05476103723049164,0.04577825590968132,0.025938481092453003,0.7225,5.8500000000000005,5.8500000000000005,0.04718494415283203,0.0,0.042917825281620026,0.18310338258743286,0.5305734276771545
PD+FF,1078,0.0,0.1,-0.6580581068992615,-0.6858707666397095,0.23459486663341522,True,0.2685483992099762,0.055577415972948074,0.025602325797080994,0.033127959817647934,0.76,4.800000000000001,4.800000000000001,0.040729522705078125,0.0,0.05781038478016853,0.21275922656059265,0.5981136560440063
PD+FF,1079,0.0,0.1,-0.5874135494232178,0.8651593327522278,0.4896434247493744,True,0.3161209225654602,0.045260969549417496,0.04489639401435852,0.0866423100233078,0.715,5.9,5.9,0.04388427734375,0.0,0.05247664824128151,0.2019582986831665,0.5890629291534424
PD+FF,1080,0.0,0.1,-0.6397119164466858,0.7102972865104675,0.367546945810318,True,0.2834991216659546,0.0486799031496048,0.03503981605172157,0.07603355497121811,0.7625,4.45,8.15,0.06921720504760742,0.1325,0.04879135638475418,0.19522885978221893,0.5508512258529663
PD+FF,1081,0.0,0.1,-1.3320256471633911,0.8601993322372437,0.3006768822669983,True,0.48326998949050903,0.08118055760860443,0.06502363085746765,0.040788568556308746,0.6675,6.25,19.150000000000002,0.0778493881225586,0.05,0.04722428694367409,0.19347108900547028,0.5426109433174133
PD+FF,1082,0.0,0.1,-0.9581221342086792,-0.30673766136169434,0.3117980659008026,True,0.31457433104515076,0.05565781891345978,0.057057157158851624,0.0016085259849205613,0.7275,5.15,9.700000000000001,0.0407567024230957,0.0,0.04539981111884117,0.19052283465862274,0.5141106843948364
PD+FF,1083,0.0,0.1,-1.3940625190734863,0.6289385557174683,0.21643398702144623,True,0.44135671854019165,0.05832980200648308,0.014824459329247475,0.023281317204236984,0.715,5.45,13.05,0.04528069496154785,0.0,0.04815858229994774,0.1930282562971115,0.6345542073249817
PD+FF,1084,0.0,0.1,-0.7371216416358948,-0.8951173424720764,0.4071005880832672,True,0.33864957094192505,0.03476419672369957,0.023640815168619156,0.026426220312714577,0.7425,5.1000000000000005,6.1000000000000005,0.049639225006103516,0.0,0.05006896331906319,0.19931474328041077,0.6533783674240112
PD+FF,1085,0.0,0.1,-0.7224554419517517,-0.08529454469680786,0.4138740301132202,True,0.25215452909469604,0.04515449330210686,0.07683753222227097,0.07316308468580246,0.755,5.15,5.800000000000001,0.06173515319824219,0.0575,0.05546021834015846,0.2083844095468521,0.667416512966156
PD+FF,1086,0.0,0.1,-0.7490203976631165,-0.7008727788925171,0.4387705326080322,True,0.32433438301086426,0.04060359299182892,0.014244322665035725,0.030812937766313553,0.7275,6.0,6.0,0.03193092346191406,0.0,0.048822544515132904,0.1965278834104538,0.49471956491470337
PD+FF,1087,0.0,0.1,-1.2718281745910645,-0.8616007566452026,0.3274095356464386,True,0.46197929978370667,0.05521460622549057,0.04368185997009277,0.02873939275741577,0.69,6.3500000000000005,14.200000000000001,0.034003257751464844,0.0,0.04968293383717537,0.19600342214107513,0.5636147260665894
PD+FF,1088,0.0,0.1,-1.148199200630188,-0.9221230149269104,0.4605681300163269,True,0.4789748787879944,0.08452773094177246,0.02951916866004467,0.021553751081228256,0.6625,6.75,7.65,0.013298988342285156,0.0,0.0525401271879673,0.20580114424228668,0.552531898021698
PD+FF,1089,0.0,0.1,-1.8535881042480469,0.5890284776687622,0.37915652990341187,True,0.6361967921257019,0.08777184039354324,0.018113231286406517,0.019069774076342583,0.665,6.7,6.7,0.0,0.0,0.04546473175287247,0.1861831396818161,0.6213112473487854
PD+FF,1090,0.0,0.1,-0.9845758080482483,-0.6573527455329895,0.30003631114959717,True,0.35424941778182983,0.05913757160305977,0.033677734434604645,0.054840341210365295,0.74,5.2,5.2,0.0400395393371582,0.0,0.04917719215154648,0.19918842613697052,0.5420293211936951
PD+FF,1091,0.0,0.1,-1.8845704793930054,-0.6914018392562866,0.36124923825263977,True,0.6431961059570312,0.07455012947320938,0.026766356080770493,0.021998338401317596,0.6925,6.3500000000000005,6.3500000000000005,0.019118309020996094,0.0,0.04815776273608208,0.1911594718694687,0.6764311790466309
PD+FF,1092,0.0,0.1,-1.9696727991104126,-0.2278679758310318,0.31251582503318787,True,0.6439934372901917,0.10040374845266342,0.04072537645697594,0.03441358357667923,0.6275,7.25,15.55,0.039702415466308594,0.0,0.04929480701684952,0.19290125370025635,0.5546751022338867
PD+FF,1093,0.0,0.1,-0.8791002631187439,0.07968070358037949,0.43002596497535706,True,0.30352306365966797,0.038091469556093216,0.012032195925712585,0.0322485975921154,0.7425,4.8500000000000005,19.650000000000002,0.025101661682128906,0.0,0.05129643529653549,0.20240411162376404,0.5290477871894836
PD+FF,1094,0.0,0.1,-0.9031349420547485,-0.5643354058265686,0.2514164447784424,True,0.3120942711830139,0.05068148300051689,0.016969338059425354,0.062461815774440765,0.745,5.2,11.100000000000001,0.027022838592529297,0.0,0.05160117521882057,0.20108594000339508,0.6495741605758667
PD+FF,1095,0.0,0.1,-1.3096781969070435,-0.4019305408000946,0.2943161725997925,True,0.43053796887397766,0.07145769149065018,0.044843416661024094,0.01195058599114418,0.6975,6.0,8.65,0.008711814880371094,0.0,0.05054096877574921,0.1972523182630539,0.5886683464050293
PD+FF,1096,0.0,0.1,-0.5565752387046814,0.7886120080947876,0.27283963561058044,True,0.26684561371803284,0.047198135405778885,0.03937355801463127,0.04145557060837746,0.76,4.7,5.550000000000001,0.04310178756713867,0.0,0.049293894320726395,0.19751311838626862,0.5051311254501343
PD+FF,1097,0.0,0.1,-1.3080552816390991,0.037033263593912125,0.27344202995300293,True,0.40163952112197876,0.0619085356593132,0.032477494329214096,0.09818191826343536,0.7075,6.15,13.200000000000001,0.03061389923095703,0.0,0.051467929035425186,0.20278415083885193,0.5556543469429016
PD+FF,1098,0.0,0.1,-1.2224541902542114,-0.25077617168426514,0.4742331802845001,True,0.4356459379196167,0.0820656418800354,0.035754501819610596,0.018154047429561615,0.67,6.6000000000000005,6.6000000000000005,0.0,0.0,0.048352453857660294,0.1962040811777115,0.6479631066322327
PD+FF,1099,0.0,0.1,-1.9130916595458984,0.09447009861469269,0.36984628438949585,True,0.6403585076332092,0.08828892558813095,0.04762784019112587,0.013628329150378704,0.675,6.6000000000000005,14.55,0.0056018829345703125,0.0,0.05266280472278595,0.2021426111459732,0.6912537813186646
Direct PPO,1000,0.0,0.1,-1.2179213762283325,0.20768369734287262,0.34128254652023315,False,0.34544482827186584,0.021389923989772797,0.04201606288552284,0.11831405758857727,0.675,3.0500000000000003,nan,0.02538776397705078,0.0,0.8348737359046936,0.7985079288482666,2.2808008193969727
Direct PPO,1001,0.0,0.1,-1.0811076164245605,-0.9685990810394287,0.25630688667297363,True,0.34115052223205566,0.031238198280334473,0.028330791741609573,0.04731583595275879,0.6825,4.4,19.55,0.014365196228027344,0.0,0.813764750957489,0.7781969904899597,1.9519257545471191
Direct PPO,1002,0.0,0.1,-1.428768277168274,-0.28562131524086,0.4242836833000183,True,0.4541914165019989,0.037926360964775085,0.03397282958030701,0.044949501752853394,0.69,4.75,19.5,0.05269336700439453,0.01,0.7577136754989624,0.7525210380554199,1.8908902406692505
Direct PPO,1003,0.0,0.1,-1.7183640003204346,-0.48658838868141174,0.34840381145477295,False,0.5305730104446411,0.03810141608119011,0.004525734577327967,0.12769664824008942,0.6725,4.3,nan,0.03210258483886719,0.0,0.7215222120285034,0.7326759099960327,1.9318630695343018
Direct PPO,1004,0.0,0.1,-1.998679280281067,-0.7396973967552185,0.24154320359230042,True,0.59687340259552,0.04729536548256874,0.06473108381032944,0.04624843969941139,0.6075,3.9000000000000004,19.8,0.026331067085266113,0.0,0.6851257681846619,0.7053937911987305,2.198469400405884
Direct PPO,1005,0.0,0.1,-1.8766711950302124,0.8611240983009338,0.28618520498275757,False,0.5789414644241333,0.026671260595321655,0.01087282132357359,0.10396753251552582,0.62,5.65,nan,0.035976409912109375,0.0,0.783950924873352,0.7634234428405762,1.9044880867004395
Direct PPO,1006,0.0,0.1,-1.4946178197860718,0.20171388983726501,0.28934937715530396,True,0.41985905170440674,0.02805766463279724,0.04028002545237541,0.08245010673999786,0.69,3.25,19.450000000000003,0.040490150451660156,0.0,0.8409669399261475,0.7964433431625366,2.470407724380493
Direct PPO,1007,0.0,0.1,-1.8931626081466675,0.6319606900215149,0.39287856221199036,True,0.6259533762931824,0.03838055953383446,0.04642287269234657,0.03573845326900482,0.63,6.550000000000001,19.55,0.041074275970458984,0.0,0.6933149099349976,0.716190755367279,1.923887848854065
Direct PPO,1008,0.0,0.1,-1.749120831489563,0.6261014938354492,0.26522985100746155,True,0.5122594833374023,0.04058631509542465,0.0832994356751442,0.03801487013697624,0.6425,4.2,19.8,0.03347206115722656,0.0,0.7839332818984985,0.7712815999984741,2.055724859237671
Direct PPO,1009,0.0,0.1,-1.9152493476867676,-0.3461688160896301,0.2149554342031479,True,0.5387017130851746,0.02587631158530712,0.052542541176080704,0.04926831275224686,0.685,4.45,19.700000000000003,0.04894411563873291,0.0,0.7472718358039856,0.7469329237937927,1.9586468935012817
Direct PPO,1010,0.0,0.1,-1.8575115203857422,0.07161146402359009,0.4753030240535736,True,0.6525226831436157,0.03920290991663933,0.028844503685832024,0.05194069445133209,0.665,4.9,19.6,0.035643577575683594,0.0,0.7201144099235535,0.7144306302070618,2.007312059402466
Direct PPO,1011,0.0,0.1,-1.57381272315979,0.12664707005023956,0.26378002762794495,True,0.4369291067123413,0.0352240614593029,0.013825721107423306,0.03917933255434036,0.62,3.9000000000000004,19.55,0.028779029846191406,0.0,0.8270127773284912,0.7859021425247192,1.8918768167495728
Direct PPO,1012,0.0,0.1,-1.5405192375183105,0.561293363571167,0.2715309262275696,True,0.4403758645057678,0.03788852319121361,0.012016789987683296,0.06566718220710754,0.67,4.3,19.8,0.015777111053466797,0.0,0.7825347185134888,0.7586416602134705,2.248943328857422
Direct PPO,1013,0.0,0.1,-0.8082606196403503,-0.8420410752296448,0.401797890663147,True,0.2871150076389313,0.03216961771249771,0.010224919766187668,0.024136066436767578,0.6925,3.5500000000000003,19.6,0.031556129455566406,0.0,0.8058696389198303,0.7864901423454285,2.0388436317443848
Direct PPO,1014,0.0,0.1,-1.3467140197753906,0.1714046150445938,0.4693894386291504,True,0.4446592926979065,0.03855404257774353,0.03771761432290077,0.06216306984424591,0.585,8.1,19.950000000000003,0.06929731369018555,0.0525,0.6482638716697693,0.6957351565361023,1.9123481512069702
Direct PPO,1015,0.0,0.1,-1.4601455926895142,0.21413566172122955,0.39239153265953064,False,0.4507157504558563,0.03681429475545883,0.012742722406983376,0.10852060467004776,0.6475,5.2,nan,0.019167423248291016,0.0,0.7788684964179993,0.7709749341011047,2.2840018272399902
Direct PPO,1016,0.0,0.1,-1.6580126285552979,-0.11461202055215836,0.3060871958732605,True,0.4828430116176605,0.04131583869457245,0.018845893442630768,0.03849121555685997,0.6575,3.7,19.900000000000002,0.0252685546875,0.0,0.8074499368667603,0.7778269648551941,2.001783847808838
Direct PPO,1017,0.0,0.1,-0.62247234582901,0.6426637768745422,0.4917738139629364,True,0.2375786304473877,0.04375045374035835,0.03822021186351776,0.09049465507268906,0.6925,3.0500000000000003,19.3,0.03201007843017578,0.0,0.8103120923042297,0.7966402173042297,2.311110734939575
Direct PPO,1018,0.0,0.1,-1.1090368032455444,-0.0900818482041359,0.4614541530609131,True,0.3523106575012207,0.03578440099954605,0.06980477273464203,0.08121610432863235,0.6775,4.3500000000000005,19.950000000000003,0.032178401947021484,0.0,0.7530173659324646,0.7490273118019104,2.143158435821533
Direct PPO,1019,0.0,0.1,-1.674609661102295,-0.20800989866256714,0.34006524085998535,False,0.5039328336715698,0.032912202179431915,0.023840155452489853,0.17530366778373718,0.625,4.4,nan,0.031249523162841797,0.0,0.7307252287864685,0.7308240532875061,2.1418473720550537
Direct PPO,1020,0.0,0.1,-1.1319496631622314,-0.4326494336128235,0.2227078378200531,True,0.29160571098327637,0.025315137580037117,0.0354398749768734,0.020008323714137077,0.695,5.300000000000001,19.5,0.028858304023742676,0.0,0.7955684661865234,0.7759844064712524,1.9200000762939453
Direct PPO,1021,0.0,0.1,-1.4384177923202515,-0.8382971882820129,0.49743902683258057,False,0.5227418541908264,0.02890523336827755,0.03641923889517784,0.10922028869390488,0.63,4.9,nan,0.05465269088745117,0.01,0.6335358023643494,0.6725761294364929,1.8652749061584473
Direct PPO,1022,0.0,0.1,-1.999210000038147,0.8368335366249084,0.37694433331489563,False,0.6680416464805603,0.03136097267270088,0.044141218066215515,0.10704905539751053,0.675,5.95,nan,0.037123680114746094,0.0,0.7834149599075317,0.7590192556381226,2.2332468032836914
Direct PPO,1023,0.0,0.1,-1.4916963577270508,0.8117974996566772,0.4728805720806122,True,0.5265913009643555,0.03720830753445625,0.03282998874783516,0.006449111737310886,0.65,5.3500000000000005,19.05,0.03647041320800781,0.0,0.7409378886222839,0.7377086877822876,2.112785577774048
Direct PPO,1024,0.0,0.1,-1.51630699634552,-0.48329436779022217,0.3110935389995575,True,0.44335809350013733,0.03643398731946945,0.052174169570207596,0.06675104796886444,0.6875,5.2,19.650000000000002,0.029911279678344727,0.0,0.7607693672180176,0.7501966953277588,1.9141391515731812
Direct PPO,1025,0.0,0.1,-0.7683239579200745,0.258014976978302,0.24864348769187927,True,0.19137434661388397,0.03408080339431763,0.07641685009002686,0.06002703681588173,0.72,2.7,19.950000000000003,0.039248108863830566,0.0,0.9088564515113831,0.8494938611984253,2.0433382987976074
Direct PPO,1026,0.0,0.1,-1.7438942193984985,0.19023452699184418,0.2583710551261902,True,0.4945659935474396,0.035130519419908524,0.0760808065533638,0.07900404185056686,0.705,5.0,19.950000000000003,0.033659934997558594,0.0,0.7993895411491394,0.7735913395881653,1.976908564567566
Direct PPO,1027,0.0,0.1,-1.9580382108688354,0.12429128587245941,0.36954861879348755,True,0.6267306804656982,0.030857263132929802,0.05091066285967827,0.05696440488100052,0.6,5.15,19.400000000000002,0.04201078414916992,0.0,0.6841841340065002,0.7085933685302734,2.0479929447174072
Direct PPO,1028,0.0,0.1,-0.7757433652877808,-0.22796711325645447,0.4025936424732208,True,0.22377909719944,0.029276760295033455,0.014579232782125473,0.0649874359369278,0.7025,2.7,19.950000000000003,0.02936267852783203,0.0,0.7995149493217468,0.7918736338615417,1.9165525436401367
Direct PPO,1029,0.0,0.1,-0.7448340058326721,0.6458722352981567,0.214758962392807,True,0.21420884132385254,0.03193657845258713,0.03713827207684517,0.0626775398850441,0.705,3.4000000000000004,19.85,0.05497157573699951,0.0125,0.8292464017868042,0.8117913007736206,2.0398454666137695
Direct PPO,1030,0.0,0.1,-1.6447029113769531,-0.9496257901191711,0.4438457489013672,False,0.580311119556427,0.0322168730199337,0.04413604736328125,0.12583452463150024,0.6525,5.0,nan,0.030075550079345703,0.0,0.6608433723449707,0.6974012851715088,1.9427344799041748
Direct PPO,1031,0.0,0.1,-0.9611496329307556,0.9009804725646973,0.39864641427993774,True,0.3347838521003723,0.03130163252353668,0.020471930503845215,0.04790423810482025,0.65,5.4,19.85,0.015807390213012695,0.0,0.7775149941444397,0.7670194506645203,1.897305965423584
Direct PPO,1032,0.0,0.1,-0.6833899617195129,-0.5306191444396973,0.49894750118255615,True,0.2402258962392807,0.03153343126177788,0.017326893284916878,0.0769648626446724,0.6875,3.1500000000000004,19.55,0.03329658508300781,0.0,0.7359124422073364,0.7473767399787903,1.954238772392273
Direct PPO,1033,0.0,0.1,-0.7577928304672241,0.7459949851036072,0.4761985242366791,True,0.28086966276168823,0.030806642025709152,0.05053091421723366,0.0909653976559639,0.7075,3.0,19.0,0.048665761947631836,0.0,0.7792274355888367,0.7798846364021301,2.3377115726470947
Direct PPO,1034,0.0,0.1,-0.5296080112457275,-0.6777904629707336,0.22327283024787903,True,0.18183377385139465,0.048972971737384796,0.03590654581785202,0.02955668605864048,0.705,4.1000000000000005,19.150000000000002,0.018976449966430664,0.0,0.9182398319244385,0.8473932147026062,2.3045542240142822
Direct PPO,1035,0.0,0.1,-1.5201642513275146,-0.23973245918750763,0.436818927526474,True,0.4936467111110687,0.03270828723907471,0.04849435016512871,0.06960773468017578,0.6575,3.95,19.05,0.04752826690673828,0.0,0.7175384759902954,0.717433512210846,2.1801044940948486
Direct PPO,1036,0.0,0.1,-1.558912754058838,0.6018440127372742,0.34900519251823425,True,0.47845548391342163,0.03034592792391777,0.023471476510167122,0.024254372343420982,0.6175,4.45,19.75,0.029541969299316406,0.0,0.7548267245292664,0.7409712076187134,2.5606603622436523
Direct PPO,1037,0.0,0.1,-1.5164998769760132,-0.3818822205066681,0.38270920515060425,True,0.46905285120010376,0.033999841660261154,0.02237754687666893,0.06712666153907776,0.6575,4.05,19.900000000000002,0.015400409698486328,0.0,0.7504298686981201,0.7357015609741211,2.039034366607666
Direct PPO,1038,0.0,0.1,-1.5098652839660645,-0.8029577136039734,0.31811848282814026,False,0.4639257788658142,0.03909914568066597,0.060279108583927155,0.1344381719827652,0.67,3.95,nan,0.025195837020874023,0.0,0.7820010781288147,0.7726584076881409,2.1721746921539307
Direct PPO,1039,0.0,0.1,-0.6960156559944153,-0.0387578122317791,0.3661683201789856,True,0.19041454792022705,0.03139915689826012,0.01876211166381836,0.04175679758191109,0.71,2.25,19.900000000000002,0.036635637283325195,0.0,0.7959951758384705,0.7887874841690063,1.9020568132400513
Direct PPO,1040,0.0,0.1,-0.7547146081924438,0.5635512471199036,0.4134989380836487,True,0.24429330229759216,0.032485298812389374,0.023230263963341713,0.04688137397170067,0.6625,3.1,19.900000000000002,0.041828155517578125,0.0,0.7775522470474243,0.7808161973953247,2.452576160430908
Direct PPO,1041,0.0,0.1,-0.6478168964385986,-0.19675222039222717,0.46515655517578125,True,0.20254375040531158,0.03873926401138306,0.03811594098806381,0.05836450308561325,0.6975,3.1,19.650000000000002,0.036792755126953125,0.0,0.7861149907112122,0.7827836275100708,2.049143075942993
Direct PPO,1042,0.0,0.1,-1.463887333869934,-0.25558269023895264,0.3728010952472687,True,0.44227874279022217,0.029810532927513123,0.026442140340805054,0.023355986922979355,0.7125,3.5,18.25,0.030594825744628906,0.0,0.7879767417907715,0.7715659737586975,1.805517315864563
Direct PPO,1043,0.0,0.1,-1.7490100860595703,-0.7958716750144958,0.31946444511413574,True,0.5461533665657043,0.04319767281413078,0.03348206728696823,0.053598299622535706,0.6325,4.6000000000000005,19.900000000000002,0.01904153823852539,0.0,0.8106666803359985,0.7676289081573486,2.2753446102142334
Direct PPO,1044,0.0,0.1,-1.981444239616394,0.7169352173805237,0.20961801707744598,True,0.5740931034088135,0.03734034672379494,0.02331993356347084,0.05848671868443489,0.66,5.550000000000001,19.6,0.02959418296813965,0.0,0.8020695447921753,0.7704774737358093,2.1174325942993164
Direct PPO,1045,0.0,0.1,-0.7272861003875732,-0.39523494243621826,0.4158290922641754,True,0.22118709981441498,0.030384283512830734,0.03958234563469887,0.05716492980718613,0.7275,3.6,19.700000000000003,0.03674030303955078,0.0,0.8535043597221375,0.8139564394950867,1.9592409133911133
Direct PPO,1046,0.0,0.1,-1.868130087852478,0.6265861392021179,0.39649125933647156,False,0.6182183027267456,0.029500503093004227,0.008066685870289803,0.14141340553760529,0.6275,5.050000000000001,nan,0.03828716278076172,0.0,0.7639299631118774,0.7442699074745178,2.2261621952056885
Direct PPO,1047,0.0,0.1,-1.1699552536010742,-0.14992530643939972,0.29876548051834106,False,0.315830260515213,0.037159357219934464,0.07913390547037125,0.10425204783678055,0.705,4.2,nan,0.03724837303161621,0.0,0.782130777835846,0.7794807553291321,2.171093702316284
Direct PPO,1048,0.0,0.1,-0.9076822996139526,-0.7630760073661804,0.4824531674385071,True,0.3256201148033142,0.02515103667974472,0.023876162245869637,0.011586716398596764,0.7275,3.5,19.150000000000002,0.034067630767822266,0.0,0.7892290949821472,0.7730630040168762,1.9312912225723267
Direct PPO,1049,0.0,0.1,-1.6127384901046753,0.09402617067098618,0.43331217765808105,True,0.5274245142936707,0.05037860944867134,0.019550981000065804,0.08633951097726822,0.66,5.4,19.900000000000002,0.031394004821777344,0.0,0.7351698875427246,0.7316004037857056,1.9992454051971436
Direct PPO,1050,0.0,0.1,-1.2507070302963257,-0.40418457984924316,0.49881017208099365,True,0.4267722964286804,0.024521496146917343,0.03273344412446022,0.07394584268331528,0.6275,4.2,19.25,0.037713050842285156,0.0,0.7423689365386963,0.736345648765564,2.280778646469116
Direct PPO,1051,0.0,0.1,-0.8433747291564941,-0.6024307608604431,0.2584548592567444,True,0.23485271632671356,0.03276876360177994,0.02422385662794113,0.04103509336709976,0.6875,3.95,19.900000000000002,0.07137584686279297,0.025,0.8614621162414551,0.8115528225898743,2.0150303840637207
Direct PPO,1052,0.0,0.1,-1.577463150024414,-0.03658809885382652,0.32490968704223633,False,0.46105143427848816,0.033147986978292465,0.030010681599378586,0.1639627367258072,0.615,8.15,nan,0.028162002563476562,0.0,0.7390122413635254,0.7508056163787842,1.7870385646820068
Direct PPO,1053,0.0,0.1,-0.7320424914360046,-0.38764455914497375,0.44851720333099365,False,0.23008592426776886,0.02964569441974163,0.03233303129673004,0.10484368354082108,0.715,2.7,nan,0.039243221282958984,0.0,0.8390807509422302,0.80463045835495,2.0014686584472656
Direct PPO,1054,0.0,0.1,-1.9604523181915283,0.6108824014663696,0.3443475067615509,False,0.6247327923774719,0.03830968961119652,0.015948502346873283,0.1511576622724533,0.6825,4.75,nan,0.01299428939819336,0.0,0.7262495160102844,0.7272042036056519,2.008676290512085
Direct PPO,1055,0.0,0.1,-0.8035520911216736,-0.8197364807128906,0.37500709295272827,True,0.2754896581172943,0.023736216127872467,0.02651090733706951,0.04041743278503418,0.7375,2.85,19.0,0.03435230255126953,0.0,0.8096604347229004,0.7947328686714172,1.9984877109527588
Direct PPO,1056,0.0,0.1,-0.6173267960548401,-0.7547652125358582,0.33817118406295776,True,0.22052831947803497,0.0440206304192543,0.01900039054453373,0.03771939501166344,0.7325,4.55,19.6,0.009880781173706055,0.0,0.7639220356941223,0.7713274359703064,2.0916059017181396
Direct PPO,1057,0.0,0.1,-1.4013786315917969,-0.020997419953346252,0.2980625629425049,True,0.3901245594024658,0.03308544307947159,0.03196460381150246,0.07536671310663223,0.7025,3.2,19.85,0.026749610900878906,0.0,0.7779237627983093,0.7657060027122498,2.0119872093200684
Direct PPO,1058,0.0,0.1,-1.9344123601913452,-0.6835842132568359,0.34246277809143066,True,0.6173496246337891,0.038461897522211075,0.049989402294158936,0.028705069795250893,0.64,4.3500000000000005,19.900000000000002,0.02758169174194336,0.0,0.8530903458595276,0.7858825325965881,2.2096452713012695
Direct PPO,1059,0.0,0.1,-1.3239208459854126,-0.34795770049095154,0.3298633396625519,True,0.37994617223739624,0.03335002809762955,0.012656849808990955,0.0675882026553154,0.7075,3.8000000000000003,19.85,0.019616365432739258,0.0,0.7980543375015259,0.7827707529067993,2.14304780960083
Direct PPO,1060,0.0,0.1,-0.5232435464859009,-0.8263487219810486,0.4775193929672241,True,0.2337801456451416,0.027218801900744438,0.023681916296482086,0.043660249561071396,0.7025,5.9,19.75,0.045357704162597656,0.0,0.7294929623603821,0.7478141784667969,1.9217054843902588
Direct PPO,1061,0.0,0.1,-1.0766786336898804,0.09924349933862686,0.28927016258239746,False,0.2841126024723053,0.03359751030802727,0.016096727922558784,0.11794421821832657,0.71,3.2,nan,0.02663898468017578,0.0,0.8420817255973816,0.8192897439002991,1.9112213850021362
Direct PPO,1062,0.0,0.1,-1.020176649093628,-0.6513675451278687,0.4292861223220825,True,0.33198124170303345,0.03366578370332718,0.03847098723053932,0.06510064750909805,0.685,3.8000000000000003,19.900000000000002,0.040579795837402344,0.0,0.7929941415786743,0.773668110370636,2.3359267711639404
Direct PPO,1063,0.0,0.1,-0.5567145943641663,0.6067063212394714,0.2895512878894806,True,0.1800532191991806,0.03278117626905441,0.024660566821694374,0.09539305418729782,0.7275,2.35,19.700000000000003,0.03206920623779297,0.0,0.8172612190246582,0.8019986152648926,1.8754067420959473
Direct PPO,1064,0.0,0.1,-1.6129041910171509,-0.13716638088226318,0.24278511106967926,True,0.442973256111145,0.04425957053899765,0.05163125693798065,0.07104744762182236,0.56,4.5,19.700000000000003,0.07169133424758911,0.04,0.7912386655807495,0.7701817750930786,2.266639471054077
Direct PPO,1065,0.0,0.1,-0.5033138990402222,-0.5932050347328186,0.453745573759079,True,0.18990503251552582,0.03305527940392494,0.045833103358745575,0.018664130941033363,0.7075,4.5,19.3,0.04053926467895508,0.0,0.8308613300323486,0.8026950359344482,2.029383420944214
Direct PPO,1066,0.0,0.1,-1.3762075901031494,0.32575497031211853,0.20805609226226807,False,0.3588683307170868,0.042346712201833725,0.035994794219732285,0.1098247766494751,0.665,3.2,nan,0.021847307682037354,0.0,0.8324349522590637,0.8004031777381897,2.3291239738464355
Direct PPO,1067,0.0,0.1,-0.6176835894584656,0.9055254459381104,0.20151829719543457,False,0.23424267768859863,0.04118639603257179,0.03244784101843834,0.10470713675022125,0.645,3.3000000000000003,nan,0.004972338676452637,0.0,0.9380091428756714,0.8597903251647949,2.118116855621338
Direct PPO,1068,0.0,0.1,-0.7787961959838867,0.5352519750595093,0.25048118829727173,False,0.2128227949142456,0.03102269396185875,0.03483758494257927,0.13450902700424194,0.62,2.95,nan,0.039335012435913086,0.0,0.8268171548843384,0.8047198057174683,2.100762367248535
Direct PPO,1069,0.0,0.1,-0.5076419115066528,0.8446078896522522,0.24751581251621246,True,0.21062757074832916,0.03328971937298775,0.021309489384293556,0.009181459434330463,0.7375,4.55,19.650000000000002,0.025468826293945312,0.0,0.9035118222236633,0.8490955233573914,1.9809492826461792
Direct PPO,1070,0.0,0.1,-1.6644020080566406,0.9533751606941223,0.22921264171600342,True,0.49399906396865845,0.032210152596235275,0.036737024784088135,0.07489651441574097,0.69,3.35,19.35,0.02355194091796875,0.0,0.8443772792816162,0.79531329870224,2.10918927192688
Direct PPO,1071,0.0,0.1,-1.6379417181015015,0.7469041347503662,0.26974478363990784,True,0.4827367067337036,0.03759324550628662,0.03088882379233837,0.050741661339998245,0.67,4.0,19.6,0.048457324504852295,0.0,0.8107916116714478,0.7872182130813599,1.8954405784606934
Direct PPO,1072,0.0,0.1,-1.22187077999115,0.3675197660923004,0.4661308228969574,True,0.4004441499710083,0.03750472143292427,0.020890995860099792,0.07913745939731598,0.66,3.9000000000000004,19.400000000000002,0.03700828552246094,0.0,0.7923019528388977,0.7694882750511169,1.985966444015503
Direct PPO,1073,0.0,0.1,-1.5133368968963623,0.8512749075889587,0.3800120949745178,True,0.4939728081226349,0.04019560664892197,0.04914158955216408,0.04781224578619003,0.6525,4.800000000000001,18.150000000000002,0.01956462860107422,0.0,0.7367845177650452,0.7429623603820801,2.0899269580841064
Direct PPO,1074,0.0,0.1,-0.5001789927482605,-0.2884053587913513,0.4962819218635559,True,0.16943293809890747,0.03512134402990341,0.03508340194821358,0.0548907034099102,0.695,6.300000000000001,19.950000000000003,0.03676033020019531,0.0,0.7860664129257202,0.7797009944915771,2.062128782272339
Direct PPO,1075,0.0,0.1,-0.8189709782600403,0.9466501474380493,0.23914383351802826,True,0.2801208198070526,0.043937310576438904,0.04360244423151016,0.07427248358726501,0.6825,5.4,19.0,0.028103351593017578,0.0,0.8827009201049805,0.8360588550567627,2.088616371154785
Direct PPO,1076,0.0,0.1,-1.445397138595581,-0.562984049320221,0.45283621549606323,True,0.48344889283180237,0.03510887920856476,0.08897021412849426,0.0835508331656456,0.605,4.2,19.75,0.03438138961791992,0.0,0.7796652317047119,0.760431170463562,1.8118408918380737
Direct PPO,1077,0.0,0.1,-0.6151338219642639,-0.8893533945083618,0.2694230377674103,True,0.2358834594488144,0.03850411996245384,0.04825279489159584,0.05495588481426239,0.6425,2.75,19.8,0.033780813217163086,0.0,0.7791078090667725,0.7698386907577515,2.195681571960449
Direct PPO,1078,0.0,0.1,-0.6580581068992615,-0.6858707666397095,0.23459486663341522,False,0.20347590744495392,0.03619369864463806,0.023913145065307617,0.15743674337863922,0.6975,2.6,nan,0.022732257843017578,0.0,0.8844563961029053,0.8336775898933411,2.0370333194732666
Direct PPO,1079,0.0,0.1,-0.5874135494232178,0.8651593327522278,0.4896434247493744,True,0.26018139719963074,0.03090754523873329,0.009759088978171349,0.0626131072640419,0.6375,7.75,19.650000000000002,0.027303695678710938,0.0,0.8017005324363708,0.772537112236023,2.180689811706543
Direct PPO,1080,0.0,0.1,-0.6397119164466858,0.7102972865104675,0.367546945810318,True,0.22416621446609497,0.028261180967092514,0.04173148795962334,0.0671226903796196,0.655,4.0,19.900000000000002,0.03752899169921875,0.0,0.777772068977356,0.7852515578269958,2.015305757522583
Direct PPO,1081,0.0,0.1,-1.3320256471633911,0.8601993322372437,0.3006768822669983,True,0.4071717858314514,0.03388964384794235,0.010621712543070316,0.07392485439777374,0.665,3.3000000000000003,19.900000000000002,0.06257104873657227,0.02,0.8424208164215088,0.8027316927909851,2.2499969005584717
Direct PPO,1082,0.0,0.1,-0.9581221342086792,-0.30673766136169434,0.3117980659008026,True,0.2583434581756592,0.04154769703745842,0.020821191370487213,0.047394704073667526,0.73,3.1,19.1,0.017979145050048828,0.0,0.8369095325469971,0.8035770654678345,2.409532308578491
Direct PPO,1083,0.0,0.1,-1.3940625190734863,0.6289385557174683,0.21643398702144623,False,0.38076433539390564,0.03920304775238037,0.03382553160190582,0.15384694933891296,0.6575,4.15,nan,0.04823791980743408,0.0,0.8154329061508179,0.7881653308868408,1.9961178302764893
Direct PPO,1084,0.0,0.1,-0.7371216416358948,-0.8951173424720764,0.4071005880832672,True,0.28005197644233704,0.03137515112757683,0.043714337050914764,0.04214048013091087,0.6925,3.95,19.8,0.03165268898010254,0.0,0.7960371971130371,0.7764026522636414,2.2452709674835205
Direct PPO,1085,0.0,0.1,-0.7224554419517517,-0.08529454469680786,0.4138740301132202,True,0.209398090839386,0.037640735507011414,0.014334744773805141,0.07711933553218842,0.74,2.95,19.5,0.04710245132446289,0.0,0.7917357087135315,0.782545804977417,2.0627686977386475
Direct PPO,1086,0.0,0.1,-0.7490203976631165,-0.7008727788925171,0.4387705326080322,True,0.2609986662864685,0.03075394406914711,0.01956757716834545,0.08429227769374847,0.7475,4.3500000000000005,19.950000000000003,0.04372859001159668,0.0,0.7991683483123779,0.7820178866386414,1.8827862739562988
Direct PPO,1087,0.0,0.1,-1.2718281745910645,-0.8616007566452026,0.3274095356464386,True,0.3974120318889618,0.030690524727106094,0.036276329308748245,0.09114216268062592,0.705,3.2,18.8,0.021775007247924805,0.0,0.7647192478179932,0.7615256905555725,2.0995869636535645
Direct PPO,1088,0.0,0.1,-1.148199200630188,-0.9221230149269104,0.4605681300163269,True,0.4116782546043396,0.030242806300520897,0.025836991146206856,0.06445620208978653,0.6825,3.5,19.900000000000002,0.03622865676879883,0.0,0.7805570363998413,0.7631266713142395,2.0131382942199707
Direct PPO,1089,0.0,0.1,-1.8535881042480469,0.5890284776687622,0.37915652990341187,True,0.601482629776001,0.043396007269620895,0.020181480795145035,0.007643358316272497,0.5925,5.0,19.900000000000002,0.020125389099121094,0.0,0.7304033637046814,0.7315967679023743,1.9372438192367554
Direct PPO,1090,0.0,0.1,-0.9845758080482483,-0.6573527455329895,0.30003631114959717,False,0.28642797470092773,0.02653283253312111,0.0404604896903038,0.1914709061384201,0.725,3.1500000000000004,nan,0.03324770927429199,0.0,0.8722509145736694,0.8226237297058105,1.8962113857269287
Direct PPO,1091,0.0,0.1,-1.8845704793930054,-0.6914018392562866,0.36124923825263977,True,0.6081712245941162,0.02912452444434166,0.03784314543008804,0.028675012290477753,0.6625,4.3500000000000005,19.8,0.022940874099731445,0.0,0.7201172709465027,0.7243751883506775,2.1177496910095215
Direct PPO,1092,0.0,0.1,-1.9696727991104126,-0.2278679758310318,0.31251582503318787,True,0.601341187953949,0.036144230514764786,0.03980620205402374,0.09744685888290405,0.65,6.300000000000001,19.650000000000002,0.040273189544677734,0.0,0.7923496961593628,0.7482384443283081,2.381209135055542
Direct PPO,1093,0.0,0.1,-0.8791002631187439,0.07968070358037949,0.43002596497535706,True,0.26378846168518066,0.03150432929396629,0.007622816599905491,0.02422146312892437,0.65,3.6500000000000004,19.75,0.05483412742614746,0.015,0.8127543330192566,0.8040279150009155,1.9372849464416504
Direct PPO,1094,0.0,0.1,-0.9031349420547485,-0.5643354058265686,0.2514164447784424,True,0.24534885585308075,0.032051678746938705,0.044888611882925034,0.03400588780641556,0.705,2.85,19.700000000000003,0.029932022094726562,0.0,0.9037570953369141,0.8504611253738403,2.009110689163208
Direct PPO,1095,0.0,0.1,-1.3096781969070435,-0.4019305408000946,0.2943161725997925,True,0.36521029472351074,0.03355434536933899,0.03284667804837227,0.04071207717061043,0.6675,3.85,19.55,0.015178680419921875,0.0,0.786022961139679,0.7780435085296631,1.9626764059066772
Direct PPO,1096,0.0,0.1,-0.5565752387046814,0.7886120080947876,0.27283963561058044,True,0.20830067992210388,0.03235894814133644,0.041399337351322174,0.04199207201600075,0.69,3.4000000000000004,19.8,0.030655384063720703,0.0,0.8518459796905518,0.8194342851638794,2.106510639190674
Direct PPO,1097,0.0,0.1,-1.3080552816390991,0.037033263593912125,0.27344202995300293,True,0.35235679149627686,0.04284604638814926,0.022186560556292534,0.06458374112844467,0.65,6.15,19.700000000000003,0.02695143222808838,0.0,0.8452813029289246,0.8176922798156738,2.0035219192504883
Direct PPO,1098,0.0,0.1,-1.2224541902542114,-0.25077617168426514,0.4742331802845001,True,0.399775892496109,0.026605097576975822,0.014045195654034615,0.04271210357546806,0.675,4.5,19.75,0.023435592651367188,0.0,0.7726287245750427,0.7559425234794617,1.952062726020813
Direct PPO,1099,0.0,0.1,-1.9130916595458984,0.09447009861469269,0.36984628438949585,True,0.6095350384712219,0.04072989150881767,0.0955367460846901,0.058193057775497437,0.63,4.3500000000000005,19.650000000000002,0.028064250946044922,0.0,0.7527516484260559,0.7344570159912109,2.1434121131896973
Residual PPO,1000,0.0,0.1,-1.2179213762283325,0.20768369734287262,0.34128254652023315,True,0.3605808615684509,0.0265906173735857,0.027492202818393707,0.059453461319208145,0.78,3.9000000000000004,18.55,0.04682445526123047,0.0,0.06285510957241058,0.2201348841190338,0.725136399269104
Residual PPO,1001,0.0,0.1,-1.0811076164245605,-0.9685990810394287,0.25630688667297363,True,0.3768097460269928,0.03673987090587616,0.05349895730614662,0.062304362654685974,0.7725,4.1000000000000005,17.25,0.05498313903808594,0.0175,0.05929532274603844,0.21774278581142426,0.6143054962158203
Residual PPO,1002,0.0,0.1,-1.428768277168274,-0.28562131524086,0.4242836833000183,True,0.4678129553794861,0.048739466816186905,0.03081979788839817,0.03392404317855835,0.75,4.4,12.25,0.07374095916748047,0.0375,0.06746526062488556,0.22894570231437683,0.6845095753669739
Residual PPO,1003,0.0,0.1,-1.7183640003204346,-0.48658838868141174,0.34840381145477295,True,0.5474601984024048,0.050012074410915375,0.03487309068441391,0.07339747995138168,0.75,4.65,18.0,0.031896114349365234,0.0,0.06289956718683243,0.2182459682226181,0.6218664050102234
Residual PPO,1004,0.0,0.1,-1.998679280281067,-0.7396973967552185,0.24154320359230042,True,0.6197165846824646,0.053385939449071884,0.05922869220376015,0.023367974907159805,0.725,5.800000000000001,17.75,0.021749496459960938,0.0,0.055963046848773956,0.21118341386318207,0.6322720646858215
Residual PPO,1005,0.0,0.1,-1.8766711950302124,0.8611240983009338,0.28618520498275757,True,0.6049706935882568,0.03783070668578148,0.029196983203291893,0.05902376025915146,0.715,4.7,18.75,0.04679155349731445,0.0,0.060143835842609406,0.21610112488269806,0.679449737071991
Residual PPO,1006,0.0,0.1,-1.4946178197860718,0.20171388983726501,0.28934937715530396,True,0.4394637644290924,0.018389130011200905,0.004613545257598162,0.07458674162626266,0.7525,4.8500000000000005,13.700000000000001,0.024749279022216797,0.0,0.06417747586965561,0.22267575562000275,0.6645127534866333
Residual PPO,1007,0.0,0.1,-1.8931626081466675,0.6319606900215149,0.39287856221199036,True,0.6425933837890625,0.04880960285663605,0.05323343351483345,0.012903133407235146,0.7275,4.95,12.65,0.01129770278930664,0.0,0.057327061891555786,0.21241340041160583,0.5042222142219543
Residual PPO,1008,0.0,0.1,-1.749120831489563,0.6261014938354492,0.26522985100746155,True,0.5400427579879761,0.04053753986954689,0.05134430155158043,0.04484287649393082,0.73,5.050000000000001,19.8,0.02838754653930664,0.0,0.05885285884141922,0.2111717015504837,0.6295783519744873
Residual PPO,1009,0.0,0.1,-1.9152493476867676,-0.3461688160896301,0.2149554342031479,True,0.5599115490913391,0.03583933040499687,0.01908627338707447,0.04531385004520416,0.7475,4.800000000000001,19.0,0.05899190902709961,0.0175,0.0571352057158947,0.20794399082660675,0.684069037437439
Residual PPO,1010,0.0,0.1,-1.8575115203857422,0.07161146402359009,0.4753030240535736,True,0.6609480381011963,0.07270631939172745,0.07331692427396774,0.061019089072942734,0.68,6.15,18.45,0.06502342224121094,0.0575,0.061354443430900574,0.215207040309906,0.5835682153701782
Residual PPO,1011,0.0,0.1,-1.57381272315979,0.12664707005023956,0.26378002762794495,True,0.4567462205886841,0.028606988489627838,0.016303125768899918,0.031322360038757324,0.75,4.9,16.1,0.03308677673339844,0.0,0.06532372534275055,0.22417736053466797,0.7126047611236572
Residual PPO,1012,0.0,0.1,-1.5405192375183105,0.561293363571167,0.2715309262275696,True,0.467412531375885,0.037772491574287415,0.041404545307159424,0.023739127442240715,0.7625,4.4,18.35,0.03377056121826172,0.0,0.06306374073028564,0.21910728514194489,0.6181746125221252
Residual PPO,1013,0.0,0.1,-0.8082606196403503,-0.8420410752296448,0.401797890663147,True,0.3188651502132416,0.03535861149430275,0.022137396037578583,0.025909313932061195,0.7825,4.4,13.350000000000001,0.0307464599609375,0.0,0.06274835765361786,0.22162243723869324,0.7447415590286255
Residual PPO,1014,0.0,0.1,-1.3467140197753906,0.1714046150445938,0.4693894386291504,True,0.45398852229118347,0.04742952436208725,0.013007692992687225,0.043913789093494415,0.7275,4.3500000000000005,16.650000000000002,0.08802223205566406,0.09,0.05723678693175316,0.212271049618721,0.6975903511047363
Residual PPO,1015,0.0,0.1,-1.4601455926895142,0.21413566172122955,0.39239153265953064,True,0.463118314743042,0.04683097451925278,0.022458797320723534,0.05675584077835083,0.775,4.2,18.95,0.0,0.0,0.061564553529024124,0.2218373417854309,0.6428250670433044
Residual PPO,1016,0.0,0.1,-1.6580126285552979,-0.11461202055215836,0.3060871958732605,True,0.5013512372970581,0.040738608688116074,0.012020586058497429,0.029408996924757957,0.7475,4.75,19.900000000000002,0.0014619827270507812,0.0,0.06200675666332245,0.21898536384105682,0.595727264881134
Residual PPO,1017,0.0,0.1,-0.62247234582901,0.6426637768745422,0.4917738139629364,True,0.26103049516677856,0.043623462319374084,0.04119474068284035,0.029804490506649017,0.7725,4.5,19.3,0.019281387329101562,0.0,0.0643703043460846,0.22458095848560333,0.6331443190574646
Residual PPO,1018,0.0,0.1,-1.1090368032455444,-0.0900818482041359,0.4614541530609131,True,0.3639882206916809,0.03753313422203064,0.04229699820280075,0.06528757512569427,0.765,4.55,16.900000000000002,0.03653907775878906,0.0,0.06523070484399796,0.22188718616962433,0.789797842502594
Residual PPO,1019,0.0,0.1,-1.674609661102295,-0.20800989866256714,0.34006524085998535,True,0.5175639986991882,0.03533756732940674,0.038483623415231705,0.08996414393186569,0.7175,6.0,19.3,0.021993637084960938,0.0,0.0565367192029953,0.20790675282478333,0.6503617763519287
Residual PPO,1020,0.0,0.1,-1.1319496631622314,-0.4326494336128235,0.2227078378200531,True,0.3232174217700958,0.02351931296288967,0.010296091437339783,0.0202996376901865,0.79,3.5,15.700000000000001,0.046968698501586914,0.0,0.06830297410488129,0.23086203634738922,0.8494217395782471
Residual PPO,1021,0.0,0.1,-1.4384177923202515,-0.8382971882820129,0.49743902683258057,True,0.5381182432174683,0.051213618367910385,0.008408910594880581,0.07045900076627731,0.7225,4.9,16.8,0.06316375732421875,0.03,0.055823568254709244,0.2080533653497696,0.6129088997840881
Residual PPO,1022,0.0,0.1,-1.999210000038147,0.8368335366249084,0.37694433331489563,True,0.6862983703613281,0.05175071582198143,0.0645468607544899,0.028326623141765594,0.745,5.1000000000000005,5.1000000000000005,0.03544902801513672,0.0,0.06324424594640732,0.22024604678153992,0.6441224217414856
Residual PPO,1023,0.0,0.1,-1.4916963577270508,0.8117974996566772,0.4728805720806122,True,0.5462239384651184,0.04912443459033966,0.028885459527373314,0.042254310101270676,0.7375,4.75,16.75,0.04897880554199219,0.0,0.05740199610590935,0.21144090592861176,0.5108942985534668
Residual PPO,1024,0.0,0.1,-1.51630699634552,-0.48329436779022217,0.3110935389995575,True,0.46620020270347595,0.04243792966008186,0.031125662848353386,0.015268410556018353,0.7475,4.9,17.0,0.024088382720947266,0.0,0.05867522209882736,0.21025483310222626,0.6200554370880127
Residual PPO,1025,0.0,0.1,-0.7683239579200745,0.258014976978302,0.24864348769187927,True,0.2078292816877365,0.02401033602654934,0.05562601611018181,0.07190077006816864,0.84,2.9000000000000004,15.65,0.029201984405517578,0.0,0.06818382441997528,0.2294822484254837,0.6692720055580139
Residual PPO,1026,0.0,0.1,-1.7438942193984985,0.19023452699184418,0.2583710551261902,True,0.5133795142173767,0.037249963730573654,0.04702793061733246,0.039308179169893265,0.73,5.25,19.85,0.04584836959838867,0.0,0.06425522267818451,0.2237922102212906,0.5966659784317017
Residual PPO,1027,0.0,0.1,-1.9580382108688354,0.12429128587245941,0.36954861879348755,True,0.6341466903686523,0.04209209606051445,0.054404787719249725,0.03747185319662094,0.7125,5.550000000000001,18.150000000000002,0.05733633041381836,0.025,0.057122185826301575,0.2093987762928009,0.6219210028648376
Residual PPO,1028,0.0,0.1,-0.7757433652877808,-0.22796711325645447,0.4025936424732208,True,0.24157430231571198,0.026350516825914383,0.030231356620788574,0.045732807368040085,0.8025,3.4000000000000004,16.2,0.032976627349853516,0.0,0.06473274528980255,0.22527380287647247,0.6878634095191956
Residual PPO,1029,0.0,0.1,-0.7448340058326721,0.6458722352981567,0.214758962392807,True,0.2480050027370453,0.03924894705414772,0.03632861003279686,0.035844504833221436,0.7875,3.35,19.6,0.07324540615081787,0.0475,0.06369186192750931,0.22369545698165894,0.5868895053863525
Residual PPO,1030,0.0,0.1,-1.6447029113769531,-0.9496257901191711,0.4438457489013672,False,0.6004672646522522,0.045469630509614944,0.026467619463801384,0.11100517958402634,0.7175,5.550000000000001,nan,0.044103145599365234,0.0,0.05948213115334511,0.21322530508041382,0.5669820308685303
Residual PPO,1031,0.0,0.1,-0.9611496329307556,0.9009804725646973,0.39864641427993774,True,0.36207541823387146,0.03126673772931099,0.01724393293261528,0.005499233957380056,0.7675,4.55,19.700000000000003,0.028746604919433594,0.0,0.0675114095211029,0.2296888530254364,0.678804874420166
Residual PPO,1032,0.0,0.1,-0.6833899617195129,-0.5306191444396973,0.49894750118255615,True,0.26137030124664307,0.032587237656116486,0.03138568624854088,0.06878640502691269,0.765,4.15,18.900000000000002,0.031383514404296875,0.0,0.06700696051120758,0.22804312407970428,0.6785334348678589
Residual PPO,1033,0.0,0.1,-0.7577928304672241,0.7459949851036072,0.4761985242366791,True,0.3009309768676758,0.02551223710179329,0.00564954150468111,0.044455636292696,0.785,4.0,15.9,0.05392861366271973,0.0175,0.06363433599472046,0.22483283281326294,0.6404956579208374
Residual PPO,1034,0.0,0.1,-0.5296080112457275,-0.6777904629707336,0.22327283024787903,True,0.20846839249134064,0.04476068913936615,0.019282834604382515,0.04823707789182663,0.785,3.95,19.0,0.03751659393310547,0.0,0.06823135912418365,0.23083201050758362,0.6441593766212463
Residual PPO,1035,0.0,0.1,-1.5201642513275146,-0.23973245918750763,0.436818927526474,True,0.5040462613105774,0.03794969245791435,0.04361109063029289,0.08357095718383789,0.7325,4.9,18.3,0.024611473083496094,0.0,0.06044458597898483,0.21349938213825226,0.6158261299133301
Residual PPO,1036,0.0,0.1,-1.558912754058838,0.6018440127372742,0.34900519251823425,True,0.502363920211792,0.0369642935693264,0.0206344872713089,0.05465461313724518,0.7525,4.6000000000000005,18.6,0.04193449020385742,0.0,0.05933920294046402,0.20960310101509094,0.6681979298591614
Residual PPO,1037,0.0,0.1,-1.5164998769760132,-0.3818822205066681,0.38270920515060425,True,0.4836564362049103,0.04442934691905975,0.03777158260345459,0.06176457181572914,0.74,4.7,12.350000000000001,0.010264873504638672,0.0,0.06217212602496147,0.21845801174640656,0.6556649804115295
Residual PPO,1038,0.0,0.1,-1.5098652839660645,-0.8029577136039734,0.31811848282814026,True,0.49166905879974365,0.032720766961574554,0.045730721205472946,0.031223446130752563,0.7375,4.95,18.1,0.032442331314086914,0.0,0.06208513677120209,0.2206365466117859,0.667792022228241
Residual PPO,1039,0.0,0.1,-0.6960156559944153,-0.0387578122317791,0.3661683201789856,True,0.20485171675682068,0.029691744595766068,0.04267515614628792,0.022150538861751556,0.8025,2.85,17.85,0.04525494575500488,0.0,0.06150553375482559,0.22019150853157043,0.6240559816360474
Residual PPO,1040,0.0,0.1,-0.7547146081924438,0.5635512471199036,0.4134989380836487,True,0.26751965284347534,0.035033173859119415,0.0203242264688015,0.03833354637026787,0.7825,3.85,18.45,0.03632831573486328,0.0,0.060050930827856064,0.21565191447734833,0.615520715713501
Residual PPO,1041,0.0,0.1,-0.6478168964385986,-0.19675222039222717,0.46515655517578125,True,0.21441198885440826,0.03183058649301529,0.012457759119570255,0.023157905787229538,0.82,2.85,13.600000000000001,0.027997970581054688,0.0,0.06392145156860352,0.2224905788898468,0.5693516135215759
Residual PPO,1042,0.0,0.1,-1.463887333869934,-0.25558269023895264,0.3728010952472687,True,0.45480865240097046,0.03717822954058647,0.004462155047804117,0.029781844466924667,0.7775,4.2,18.7,0.026273250579833984,0.0,0.05820100009441376,0.21433982253074646,0.6046804785728455
Residual PPO,1043,0.0,0.1,-1.7490100860595703,-0.7958716750144958,0.31946444511413574,True,0.5694986581802368,0.056963514536619186,0.029109925031661987,0.023707477375864983,0.6725,6.1000000000000005,18.3,0.0069904327392578125,0.0,0.06095385551452637,0.2163933366537094,0.5572627186775208
Residual PPO,1044,0.0,0.1,-1.981444239616394,0.7169352173805237,0.20961801707744598,True,0.601535975933075,0.036153167486190796,0.03983737900853157,0.012251246720552444,0.745,5.300000000000001,8.85,0.032439231872558594,0.0,0.059416286647319794,0.21143819391727448,0.7468751072883606
Residual PPO,1045,0.0,0.1,-0.7272861003875732,-0.39523494243621826,0.4158290922641754,True,0.244689479470253,0.029633190482854843,0.030569354072213173,0.05172594636678696,0.8325,3.1500000000000004,15.100000000000001,0.047026634216308594,0.0,0.06510554254055023,0.22472307085990906,0.8114887475967407
Residual PPO,1046,0.0,0.1,-1.868130087852478,0.6265861392021179,0.39649125933647156,True,0.6347073316574097,0.035962577909231186,0.019547833129763603,0.05524824187159538,0.7025,5.95,18.25,0.04082155227661133,0.0,0.06568446010351181,0.2216372787952423,0.6506386995315552
Residual PPO,1047,0.0,0.1,-1.1699552536010742,-0.14992530643939972,0.29876548051834106,True,0.3429441452026367,0.0449274480342865,0.08076536655426025,0.05313539877533913,0.7575,4.3,19.1,0.012090682983398438,0.0,0.06441548466682434,0.22365817427635193,0.6473132371902466
Residual PPO,1048,0.0,0.1,-0.9076822996139526,-0.7630760073661804,0.4824531674385071,True,0.34846389293670654,0.04185942932963371,0.04263456538319588,0.06021130830049515,0.78,3.95,17.900000000000002,0.051328182220458984,0.015,0.06608712673187256,0.2273716926574707,0.5889643430709839
Residual PPO,1049,0.0,0.1,-1.6127384901046753,0.09402617067098618,0.43331217765808105,True,0.5363534688949585,0.05896718055009842,0.01932263933122158,0.014990055933594704,0.7475,4.55,16.05,0.013355255126953125,0.0,0.06041278317570686,0.2149610072374344,0.6695533394813538
Residual PPO,1050,0.0,0.1,-1.2507070302963257,-0.40418457984924316,0.49881017208099365,True,0.4398466944694519,0.03274713084101677,0.02813611924648285,0.049328796565532684,0.74,5.25,19.25,0.03259563446044922,0.0,0.06421758234500885,0.22524915635585785,0.5779868364334106
Residual PPO,1051,0.0,0.1,-0.8433747291564941,-0.6024307608604431,0.2584548592567444,True,0.26612818241119385,0.03672327473759651,0.018301228061318398,0.013290672563016415,0.79,3.5500000000000003,19.450000000000003,0.07609987258911133,0.045,0.06872012466192245,0.23362621665000916,0.7021481990814209
Residual PPO,1052,0.0,0.1,-1.577463150024414,-0.03658809885382652,0.32490968704223633,True,0.47482889890670776,0.040555182844400406,0.021891629323363304,0.0852915346622467,0.735,4.95,17.400000000000002,0.03870534896850586,0.0,0.0564563162624836,0.20637661218643188,0.5740785002708435
Residual PPO,1053,0.0,0.1,-0.7320424914360046,-0.38764455914497375,0.44851720333099365,True,0.2483852654695511,0.03184705972671509,0.0040183779783546925,0.054242346435785294,0.83,3.4000000000000004,14.5,0.05012989044189453,0.0025,0.0680607259273529,0.22871997952461243,0.7046023607254028
Residual PPO,1054,0.0,0.1,-1.9604523181915283,0.6108824014663696,0.3443475067615509,True,0.6431572437286377,0.058905065059661865,0.011982777155935764,0.041731107980012894,0.72,5.3500000000000005,16.95,0.005548000335693359,0.0,0.05890897288918495,0.21254487335681915,0.5650464296340942
Residual PPO,1055,0.0,0.1,-0.8035520911216736,-0.8197364807128906,0.37500709295272827,True,0.31162533164024353,0.019689181819558144,0.029174013063311577,0.006627427879720926,0.7675,4.95,6.300000000000001,0.019693851470947266,0.0,0.06308607012033463,0.2209080159664154,0.5878260135650635
Residual PPO,1056,0.0,0.1,-0.6173267960548401,-0.7547652125358582,0.33817118406295776,True,0.2471364438533783,0.04526399448513985,0.018424471840262413,0.03630476072430611,0.8,3.95,17.8,0.003949165344238281,0.0,0.061119504272937775,0.21897543966770172,0.6522562503814697
Residual PPO,1057,0.0,0.1,-1.4013786315917969,-0.020997419953346252,0.2980625629425049,True,0.40605223178863525,0.04504987969994545,0.0040412647649645805,0.03374798223376274,0.7775,4.1000000000000005,17.3,0.022952556610107422,0.0,0.0597602054476738,0.21277199685573578,0.7433015704154968
Residual PPO,1058,0.0,0.1,-1.9344123601913452,-0.6835842132568359,0.34246277809143066,True,0.6332810521125793,0.043206460773944855,0.041955962777137756,0.03359552472829819,0.7325,4.9,16.55,0.0307161808013916,0.0,0.06587003916501999,0.22457513213157654,0.6146578192710876
Residual PPO,1059,0.0,0.1,-1.3239208459854126,-0.34795770049095154,0.3298633396625519,True,0.39664047956466675,0.038862939924001694,0.03274716064333916,0.009481373243033886,0.7925,3.9000000000000004,11.9,0.014108657836914062,0.0,0.06415499746799469,0.22460214793682098,0.5733256340026855
Residual PPO,1060,0.0,0.1,-0.5232435464859009,-0.8263487219810486,0.4775193929672241,True,0.26860344409942627,0.038485266268253326,0.02452165074646473,0.011892973445355892,0.755,4.0,18.35,0.037403106689453125,0.0,0.06221400201320648,0.2192763388156891,0.5890684723854065
Residual PPO,1061,0.0,0.1,-1.0766786336898804,0.09924349933862686,0.28927016258239746,True,0.3055763244628906,0.0360739603638649,0.02709653601050377,0.058696676045656204,0.8,3.75,12.350000000000001,0.046129703521728516,0.0,0.0660785660147667,0.22818486392498016,0.6141499876976013
Residual PPO,1062,0.0,0.1,-1.020176649093628,-0.6513675451278687,0.4292861223220825,True,0.3566305339336395,0.03804829716682434,0.032616231590509415,0.035184066742658615,0.7725,4.6000000000000005,17.5,0.04166126251220703,0.0,0.06251945346593857,0.22277137637138367,0.5680865049362183
Residual PPO,1063,0.0,0.1,-0.5567145943641663,0.6067063212394714,0.2895512878894806,True,0.2034115493297577,0.03863340988755226,0.027842260897159576,0.020912541076540947,0.825,3.1,19.650000000000002,0.028872966766357422,0.0,0.05942973122000694,0.21669970452785492,0.6273276805877686
Residual PPO,1064,0.0,0.1,-1.6129041910171509,-0.13716638088226318,0.24278511106967926,True,0.46362683176994324,0.043681107461452484,0.031566597521305084,0.09530212730169296,0.7525,4.3,19.8,0.014157295227050781,0.0,0.059840839356184006,0.21316000819206238,0.6579911708831787
Residual PPO,1065,0.0,0.1,-0.5033138990402222,-0.5932050347328186,0.453745573759079,True,0.22263218462467194,0.04039062559604645,0.015995223075151443,0.024117644876241684,0.8075,3.45,19.650000000000002,0.03485584259033203,0.0,0.0659271627664566,0.228165403008461,0.6487513780593872
Residual PPO,1066,0.0,0.1,-1.3762075901031494,0.32575497031211853,0.20805609226226807,True,0.3884529769420624,0.04509817808866501,0.049158453941345215,0.06113530695438385,0.765,4.1000000000000005,18.95,0.0,0.0,0.059571728110313416,0.2167602926492691,0.587209165096283
Residual PPO,1067,0.0,0.1,-0.6176835894584656,0.9055254459381104,0.20151829719543457,True,0.25547656416893005,0.038286320865154266,0.013284283690154552,0.0707588940858841,0.815,3.3000000000000003,18.7,0.01318669319152832,0.0,0.06892130523920059,0.23162046074867249,0.6464550495147705
Residual PPO,1068,0.0,0.1,-0.7787961959838867,0.5352519750595093,0.25048118829727173,True,0.23998254537582397,0.02907976135611534,0.03684611991047859,0.04003419354557991,0.7875,4.45,16.85,0.042377471923828125,0.0,0.06687845289707184,0.22897258400917053,0.6575902700424194
Residual PPO,1069,0.0,0.1,-0.5076419115066528,0.8446078896522522,0.24751581251621246,True,0.24402956664562225,0.02728072740137577,0.02889312244951725,0.025640150532126427,0.7875,4.0,18.5,0.0328369140625,0.0,0.07059961557388306,0.2368435561656952,0.6943919658660889
Residual PPO,1070,0.0,0.1,-1.6644020080566406,0.9533751606941223,0.22921264171600342,True,0.5289863348007202,0.040020063519477844,0.04415547475218773,0.010023180395364761,0.755,4.55,13.600000000000001,0.03580617904663086,0.0,0.06193254142999649,0.21714656054973602,0.6900467276573181
Residual PPO,1071,0.0,0.1,-1.6379417181015015,0.7469041347503662,0.26974478363990784,True,0.5089597702026367,0.038465406745672226,0.04221292585134506,0.07523532211780548,0.7725,4.2,19.55,0.019944190979003906,0.0,0.06046483665704727,0.21605876088142395,0.7332342267036438
Residual PPO,1072,0.0,0.1,-1.22187077999115,0.3675197660923004,0.4661308228969574,True,0.41333791613578796,0.04108083248138428,0.03840455040335655,0.05929975584149361,0.76,5.25,12.950000000000001,0.055657386779785156,0.015,0.06438516825437546,0.2231881320476532,0.7436497211456299
Residual PPO,1073,0.0,0.1,-1.5133368968963623,0.8512749075889587,0.3800120949745178,True,0.5225893259048462,0.048589978367090225,0.0179694052785635,0.07704081386327744,0.76,4.5,16.45,0.004410982131958008,0.0,0.05917496979236603,0.21664750576019287,0.5560662746429443
Residual PPO,1074,0.0,0.1,-0.5001789927482605,-0.2884053587913513,0.4962819218635559,True,0.1847344934940338,0.03327452018857002,0.04874032363295555,0.04026045650243759,0.825,2.75,17.35,0.02286529541015625,0.0,0.06793604046106339,0.2298801988363266,0.9667832851409912
Residual PPO,1075,0.0,0.1,-0.8189709782600403,0.9466501474380493,0.23914383351802826,True,0.3185758888721466,0.04027634486556053,0.0644005835056305,0.05929252505302429,0.7575,4.6000000000000005,15.25,0.013516664505004883,0.0,0.0661841332912445,0.23091430962085724,0.6601528525352478
Residual PPO,1076,0.0,0.1,-1.445397138595581,-0.562984049320221,0.45283621549606323,True,0.49708694219589233,0.04293541610240936,0.07651389390230179,0.025307055562734604,0.7225,5.300000000000001,19.700000000000003,0.01884603500366211,0.0,0.06711143255233765,0.22496269643306732,0.693425178527832
Residual PPO,1077,0.0,0.1,-0.6151338219642639,-0.8893533945083618,0.2694230377674103,True,0.27035871148109436,0.0372486412525177,0.0541607066988945,0.026635872200131416,0.765,3.6,17.900000000000002,0.04631972312927246,0.0,0.05623140558600426,0.20958232879638672,0.5680761337280273
Residual PPO,1078,0.0,0.1,-0.6580581068992615,-0.6858707666397095,0.23459486663341522,True,0.237216517329216,0.035386353731155396,0.021772367879748344,0.06622139364480972,0.82,4.15,9.950000000000001,0.02389216423034668,0.0,0.07451898604631424,0.24210655689239502,0.6273072361946106
Residual PPO,1079,0.0,0.1,-0.5874135494232178,0.8651593327522278,0.4896434247493744,True,0.2855587601661682,0.027180366218090057,0.04371526464819908,0.09041085094213486,0.77,4.1000000000000005,19.650000000000002,0.04199695587158203,0.0,0.06867629289627075,0.23054495453834534,0.6921314597129822
Residual PPO,1080,0.0,0.1,-0.6397119164466858,0.7102972865104675,0.367546945810318,True,0.25284382700920105,0.03504333645105362,0.005230298265814781,0.07478576898574829,0.7875,4.1000000000000005,18.400000000000002,0.055694580078125,0.0175,0.06418127566576004,0.22342514991760254,0.7078956961631775
Residual PPO,1081,0.0,0.1,-1.3320256471633911,0.8601993322372437,0.3006768822669983,True,0.44483059644699097,0.042508333921432495,0.058902326971292496,0.07378245145082474,0.745,4.45,19.200000000000003,0.09595203399658203,0.0625,0.06020357087254524,0.21769754588603973,0.6126521229743958
Residual PPO,1082,0.0,0.1,-0.9581221342086792,-0.30673766136169434,0.3117980659008026,True,0.28522223234176636,0.04216122254729271,0.05113142356276512,0.006536904256790876,0.8,3.5,18.45,0.03801369667053223,0.0,0.05956720560789108,0.21821452677249908,0.6089909672737122
Residual PPO,1083,0.0,0.1,-1.3940625190734863,0.6289385557174683,0.21643398702144623,True,0.41057050228118896,0.04045339673757553,0.00834104884415865,0.031459249556064606,0.76,4.25,19.85,0.07713353633880615,0.085,0.061998892575502396,0.21971933543682098,0.6395773887634277
Residual PPO,1084,0.0,0.1,-0.7371216416358948,-0.8951173424720764,0.4071005880832672,True,0.309034138917923,0.029075071215629578,0.03921990469098091,0.02327370084822178,0.7475,5.0,11.05,0.05458998680114746,0.0175,0.06680067628622055,0.22960172593593597,0.7613130211830139
Residual PPO,1085,0.0,0.1,-0.7224554419517517,-0.08529454469680786,0.4138740301132202,True,0.22554568946361542,0.04197777062654495,0.060564566403627396,0.08377998322248459,0.815,3.6500000000000004,16.6,0.0549626350402832,0.0425,0.07243336737155914,0.23763766884803772,0.7193533182144165
Residual PPO,1086,0.0,0.1,-0.7490203976631165,-0.7008727788925171,0.4387705326080322,True,0.29343026876449585,0.02878154069185257,0.008381801657378674,0.0344594269990921,0.8,4.3,15.8,0.02434062957763672,0.0,0.06491800397634506,0.2253021001815796,0.6132959127426147
Residual PPO,1087,0.0,0.1,-1.2718281745910645,-0.8616007566452026,0.3274095356464386,True,0.42976629734039307,0.03299178555607796,0.03537748008966446,0.04763312265276909,0.7375,4.8500000000000005,18.400000000000002,0.028601646423339844,0.0,0.06330281496047974,0.2197079360485077,0.650347888469696
Residual PPO,1088,0.0,0.1,-1.148199200630188,-0.9221230149269104,0.4605681300163269,True,0.4427458345890045,0.04831218719482422,0.021084200590848923,0.026151370257139206,0.7225,5.2,15.3,0.030736446380615234,0.0,0.0680851861834526,0.23201274871826172,0.6363961696624756
Residual PPO,1089,0.0,0.1,-1.8535881042480469,0.5890284776687622,0.37915652990341187,True,0.6187304258346558,0.05509242042899132,0.010909633710980415,0.027858810499310493,0.7175,5.0,18.95,0.0,0.0,0.057774994522333145,0.2084774672985077,0.6930555701255798
Residual PPO,1090,0.0,0.1,-0.9845758080482483,-0.6573527455329895,0.30003631114959717,True,0.3209514021873474,0.034532330930233,0.03574457764625549,0.0939808115363121,0.77,4.75,16.0,0.03122687339782715,0.0,0.06469351053237915,0.22686515748500824,0.6107257604598999
Residual PPO,1091,0.0,0.1,-1.8845704793930054,-0.6914018392562866,0.36124923825263977,True,0.6215694546699524,0.034928735345602036,0.02431679330766201,0.017377711832523346,0.73,5.95,5.95,0.013822555541992188,0.0,0.06124512106180191,0.21458584070205688,0.7109093070030212
Residual PPO,1092,0.0,0.1,-1.9696727991104126,-0.2278679758310318,0.31251582503318787,True,0.6157324314117432,0.0470854714512825,0.05371757596731186,0.03448749706149101,0.705,5.25,15.700000000000001,0.05253934860229492,0.0075,0.06272288411855698,0.21531391143798828,0.6100016832351685
Residual PPO,1093,0.0,0.1,-0.8791002631187439,0.07968070358037949,0.43002596497535706,True,0.2767632007598877,0.03136848285794258,0.00098676688503474,0.021053791046142578,0.795,3.4000000000000004,19.700000000000003,0.06187629699707031,0.0275,0.06477949023246765,0.22804854810237885,0.590514063835144
Residual PPO,1094,0.0,0.1,-0.9031349420547485,-0.5643354058265686,0.2514164447784424,True,0.27637824416160583,0.02897738106548786,0.022354131564497948,0.05402223393321037,0.8,3.85,16.85,0.02400064468383789,0.0,0.0664973184466362,0.22862204909324646,0.7717583179473877
Residual PPO,1095,0.0,0.1,-1.3096781969070435,-0.4019305408000946,0.2943161725997925,True,0.3952763080596924,0.04117794334888458,0.04911442846059799,0.012402895838022232,0.7725,4.1000000000000005,18.0,0.019179344177246094,0.0,0.06309444457292557,0.2211277335882187,0.6472894549369812
Residual PPO,1096,0.0,0.1,-0.5565752387046814,0.7886120080947876,0.27283963561058044,True,0.23595771193504333,0.02867724560201168,0.037175510078668594,0.029327932745218277,0.8175,3.5500000000000003,18.1,0.031427860260009766,0.0,0.06445285677909851,0.22508306801319122,0.5796968340873718
Residual PPO,1097,0.0,0.1,-1.3080552816390991,0.037033263593912125,0.27344202995300293,True,0.3727027177810669,0.04264359921216965,0.03576227277517319,0.09260576218366623,0.77,4.1000000000000005,19.700000000000003,0.035726070404052734,0.0,0.06512142717838287,0.22833743691444397,0.644585371017456
Residual PPO,1098,0.0,0.1,-1.2224541902542114,-0.25077617168426514,0.4742331802845001,True,0.40996748208999634,0.046346891671419144,0.01799839921295643,0.015224292874336243,0.77,4.3,17.95,0.013854503631591797,0.0,0.062228281050920486,0.22071601450443268,0.6993823051452637
Residual PPO,1099,0.0,0.1,-1.9130916595458984,0.09447009861469269,0.36984628438949585,True,0.6190783977508545,0.04312258958816528,0.06162542104721069,0.013788622803986073,0.69,5.7,19.700000000000003,0.0071620941162109375,0.0,0.06902435421943665,0.22838790714740753,0.7672039270401001
