method,seed,delay_steps,delay_seconds,delay_ms,initial_uav_x,initial_uav_y,ugv_vx,success,rmse,steady_rmse,final_error,final_relative_speed,stable_ratio,capture_time,settling_time,forward_overshoot,meaningful_ahead_ratio,command_smoothness,max_command_change
PD+FF,1000,0,0.0,0.0,-1.2179213762283325,0.20768369734287262,0.34128254652023315,True,0.39136919379234314,0.0498858317732811,0.00018216944590676576,8.522508869646117e-05,0.7275,5.45,5.45,0.0,0.0,9.253983989765402e-06,0.011309412308037281
PD+FF,1001,0,0.0,0.0,-1.0811076164245605,-0.9685990810394287,0.25630688667297363,True,0.4113299548625946,0.05017565190792084,0.0001892554573714733,8.807434642221779e-05,0.7275,5.45,5.45,0.0,0.0,1.2107148904760834e-05,0.012563809752464294
PD+FF,1002,0,0.0,0.0,-1.428768277168274,-0.28562131524086,0.4242836833000183,True,0.4867212176322937,0.06424155831336975,0.0002367127890465781,0.00010997827484970912,0.7,6.0,6.0,0.0,0.0,9.875688192551024e-06,0.012706439010798931
PD+FF,1003,0,0.0,0.0,-1.7183640003204346,-0.48658838868141174,0.34840381145477295,True,0.5702425241470337,0.07443037629127502,0.00027939255232922733,0.0001302628224948421,0.6825,6.3500000000000005,6.3500000000000005,0.0,0.0,1.3503862646757625e-05,0.01448912639170885
PD+FF,1004,0,0.0,0.0,-1.998679280281067,-0.7396973967552185,0.24154320359230042,True,0.6472413539886475,0.08279843628406525,0.0003115232684649527,0.0001450748968636617,0.6725,6.550000000000001,6.550000000000001,0.0,0.0,1.9440163669059984e-05,0.017156504094600677
PD+FF,1005,0,0.0,0.0,-1.8766711950302124,0.8611240983009338,0.28618520498275757,True,0.631523847579956,0.08100856095552444,0.0003047782520297915,0.00014202846796251833,0.675,6.5,6.5,0.0,0.0,1.8657719920156524e-05,0.016464684158563614
PD+FF,1006,0,0.0,0.0,-1.4946178197860718,0.20171388983726501,0.28934937715530396,True,0.4673650860786438,0.059480901807546616,0.0002086157473968342,9.824447624851018e-05,0.7075,5.8500000000000005,5.8500000000000005,0.0,0.0,1.291574244532967e-05,0.013271658681333065
PD+FF,1007,0,0.0,0.0,-1.8931626081466675,0.6319606900215149,0.39287856221199036,True,0.6590248942375183,0.08976595848798752,0.00032426786492578685,0.00015194929437711835,0.6625,6.75,6.75,0.0,0.0,1.2814587535103783e-05,0.013735984452068806
PD+FF,1008,0,0.0,0.0,-1.749120831489563,0.6261014938354492,0.26522985100746155,True,0.5649934411048889,0.07190040498971939,0.00025792987435124815,0.00012115007848478854,0.6875,6.25,6.25,0.0,0.0,1.7375461538904347e-05,0.015731336548924446
PD+FF,1009,0,0.0,0.0,-1.9152493476867676,-0.3461688160896301,0.2149554342031479,True,0.5897302031517029,0.07501934468746185,0.0002777756890282035,0.00012928456999361515,0.6825,6.3500000000000005,6.3500000000000005,0.0,0.0,1.7958480384550057e-05,0.016424525529146194
PD+FF,1010,0,0.0,0.0,-1.8575115203857422,0.07161146402359009,0.4753030240535736,True,0.669784665107727,0.09935972094535828,0.0003825050953309983,0.00017739208124112338,0.6525,6.95,6.95,0.0,0.0,7.943538548715878e-06,0.011787151917815208
PD+FF,1011,0,0.0,0.0,-1.57381272315979,0.12664707005023956,0.26378002762794495,True,0.4848319888114929,0.061548374593257904,0.00022026598162483424,0.00010332273814128712,0.705,5.9,5.9,0.0,0.0,1.3891313756175805e-05,0.013753852806985378
PD+FF,1012,0,0.0,0.0,-1.5405192375183105,0.561293363571167,0.2715309262275696,True,0.49596548080444336,0.06263516843318939,0.00022886469378136098,0.00010705483873607591,0.7025,5.95,5.95,0.0,0.0,1.5104847989277914e-05,0.014041231945157051
PD+FF,1013,0,0.0,0.0,-0.8082606196403503,-0.8420410752296448,0.401797890663147,True,0.3475196063518524,0.043153293430805206,0.0001675401726970449,7.779265433782712e-05,0.7425,5.15,5.15,0.0,0.0,8.645255547889974e-06,0.010300816036760807
PD+FF,1014,0,0.0,0.0,-1.3467140197753906,0.1714046150445938,0.4693894386291504,True,0.4703527092933655,0.06307174265384674,0.0002477251982782036,0.00011487104347907007,0.7025,5.95,5.95,0.0,0.0,8.174680260708556e-06,0.011730053462088108
PD+FF,1015,0,0.0,0.0,-1.4601455926895142,0.21413566172122955,0.39239153265953064,True,0.48490071296691895,0.0634407326579094,0.0002286761737195775,0.00010717355326050892,0.7,6.0,6.0,0.0,0.0,1.0737347110989504e-05,0.01325275469571352
PD+FF,1016,0,0.0,0.0,-1.6580126285552979,-0.11461202055215836,0.3060871958732605,True,0.5239441990852356,0.06754075735807419,0.0002592314558569342,0.0001204273576149717,0.695,6.1000000000000005,6.1000000000000005,0.0,0.0,1.3606318134407047e-05,0.014452640898525715
PD+FF,1017,0,0.0,0.0,-0.62247234582901,0.6426637768745422,0.4917738139629364,True,0.28519752621650696,0.03620951995253563,0.0001299832365475595,6.0997186665190384e-05,0.7625,4.75,4.75,0.0,0.0,5.959328973403899e-06,0.008361628279089928
PD+FF,1018,0,0.0,0.0,-1.1090368032455444,-0.0900818482041359,0.4614541530609131,True,0.3848990499973297,0.05073089897632599,0.0001719491119729355,8.170118235284463e-05,0.725,5.5,5.5,0.0,0.0,8.032200639718212e-06,0.010755002498626709
PD+FF,1019,0,0.0,0.0,-1.674609661102295,-0.20800989866256714,0.34006524085998535,True,0.5413253307342529,0.07049151510000229,0.0002499657275620848,0.0001174947974504903,0.69,6.2,6.2,0.0,0.0,1.2651531505980529e-05,0.014506306499242783
PD+FF,1020,0,0.0,0.0,-1.1319496631622314,-0.4326494336128235,0.2227078378200531,True,0.3516785204410553,0.043212275952100754,0.00016398723528254777,7.610748434672132e-05,0.7425,5.15,5.15,0.0,0.0,8.466949111607391e-06,0.010744811035692692
PD+FF,1021,0,0.0,0.0,-1.4384177923202515,-0.8382971882820129,0.49743902683258057,True,0.5578306913375854,0.0757247656583786,0.00027326575946062803,0.0001280457800021395,0.6825,6.3500000000000005,6.3500000000000005,0.0,0.0,1.1136644388898276e-05,0.011856011115014553
PD+FF,1022,0,0.0,0.0,-1.999210000038147,0.8368335366249084,0.37694433331489563,True,0.7060253024101257,0.0961732417345047,0.0003435486287344247,0.00016127314302138984,0.655,6.9,6.9,0.0,0.0,1.4988871043897234e-05,0.014383488334715366
PD+FF,1023,0,0.0,0.0,-1.4916963577270508,0.8117974996566772,0.4728805720806122,True,0.5634070634841919,0.07583523541688919,0.000292059441562742,0.00013524768291972578,0.6825,6.3500000000000005,6.3500000000000005,0.0,0.0,1.1616323718044441e-05,0.0124141164124012
PD+FF,1024,0,0.0,0.0,-1.51630699634552,-0.48329436779022217,0.3110935389995575,True,0.49306005239486694,0.062924824655056,0.00024198778555728495,0.00011246983922319487,0.7025,5.95,5.95,0.0,0.0,1.4109899893810507e-05,0.013781343586742878
PD+FF,1025,0,0.0,0.0,-0.7683239579200745,0.258014976978302,0.24864348769187927,True,0.2379724681377411,0.02911241166293621,0.00010410708637209609,4.877444007433951e-05,0.785,4.3,4.3,0.0,0.0,4.064035238116048e-06,0.007569118402898312
PD+FF,1026,0,0.0,0.0,-1.7438942193984985,0.19023452699184418,0.2583710551261902,True,0.5404785871505737,0.06903725117444992,0.0002507434692233801,0.00011735523003153503,0.6925,6.15,6.15,0.0,0.0,1.5523391994065605e-05,0.015091853216290474
PD+FF,1027,0,0.0,0.0,-1.9580382108688354,0.12429128587245941,0.36954861879348755,True,0.6535987257957458,0.0890684649348259,0.0003293035551905632,0.00015373490168713033,0.665,6.7,6.7,0.0,0.0,1.1462567272246815e-05,0.013933063484728336
PD+FF,1028,0,0.0,0.0,-0.7757433652877808,-0.22796711325645447,0.4025936424732208,True,0.2674235999584198,0.03408209979534149,0.00012557105219457299,5.8620447816792876e-05,0.7675,4.65,4.65,0.0,0.0,4.667063876695465e-06,0.00797688215970993
PD+FF,1029,0,0.0,0.0,-0.7448340058326721,0.6458722352981567,0.214758962392807,True,0.2721712589263916,0.03273220360279083,0.00011888256267411634,5.567484186030924e-05,0.7725,4.55,4.55,0.0,0.0,5.7732477216632105e-06,0.00884232483804226
PD+FF,1030,0,0.0,0.0,-1.6447029113769531,-0.9496257901191711,0.4438457489013672,True,0.6191850900650024,0.08324293792247772,0.00030121952295303345,0.00014150234346743673,0.6725,6.550000000000001,6.550000000000001,0.0,0.0,1.3882283383281901e-05,0.013323070481419563
PD+FF,1031,0,0.0,0.0,-0.9611496329307556,0.9009804725646973,0.39864641427993774,True,0.395412415266037,0.04941524192690849,0.0001802272308850661,8.437269571004435e-05,0.7275,5.45,5.45,0.0,0.0,1.0768076208478305e-05,0.011537126265466213
PD+FF,1032,0,0.0,0.0,-0.6833899617195129,-0.5306191444396973,0.49894750118255615,True,0.28817546367645264,0.037116989493370056,0.0001285581529373303,6.0355283494573087e-05,0.76,4.800000000000001,4.800000000000001,0.0,0.0,5.8058112699654885e-06,0.008362779393792152
PD+FF,1033,0,0.0,0.0,-0.7577928304672241,0.7459949851036072,0.4761985242366791,True,0.3333680033683777,0.04225906729698181,0.0001713000820018351,7.865240331739187e-05,0.745,5.1000000000000005,5.1000000000000005,0.0,0.0,7.841154001653194e-06,0.00961918756365776
PD+FF,1034,0,0.0,0.0,-0.5296080112457275,-0.6777904629707336,0.22327283024787903,True,0.23305276036262512,0.027834761887788773,0.00010485007805982605,4.883089422946796e-05,0.79,4.2,4.2,0.0,0.0,4.443073976290179e-06,0.007794696372002363
PD+FF,1035,0,0.0,0.0,-1.5201642513275146,-0.23973245918750763,0.436818927526474,True,0.5220298767089844,0.06999964267015457,0.00026359205367043614,0.0001227246248163283,0.69,6.2,6.2,0.0,0.0,9.358631359646097e-06,0.012494298629462719
PD+FF,1036,0,0.0,0.0,-1.558912754058838,0.6018440127372742,0.34900519251823425,True,0.5252459645271301,0.06770697981119156,0.00025260401889681816,0.00011793676094384864,0.695,6.1000000000000005,6.1000000000000005,0.0,0.0,1.4114476471149828e-05,0.01447001937776804
PD+FF,1037,0,0.0,0.0,-1.5164998769760132,-0.3818822205066681,0.38270920515060425,True,0.5074259638786316,0.0662277415394783,0.00024446434690617025,0.00011430310405557975,0.695,6.1000000000000005,6.1000000000000005,0.0,0.0,1.1634341717581265e-05,0.013623314909636974
PD+FF,1038,0,0.0,0.0,-1.5098652839660645,-0.8029577136039734,0.31811848282814026,True,0.5201565027236938,0.06598910689353943,0.00024105171905830503,0.00011273635027464479,0.6975,6.050000000000001,6.050000000000001,0.0,0.0,1.6223546481342055e-05,0.0144917918369174
PD+FF,1039,0,0.0,0.0,-0.6960156559944153,-0.0387578122317791,0.3661683201789856,True,0.22868050634860992,0.028877440840005875,0.00011737993190763518,5.412814425653778e-05,0.785,4.3,4.3,0.0,0.0,3.4817796858988004e-06,0.006991086062043905
PD+FF,1040,0,0.0,0.0,-0.7547146081924438,0.5635512471199036,0.4134989380836487,True,0.2943013608455658,0.03702843561768532,0.0001421621855115518,6.683987157884985e-05,0.76,4.800000000000001,4.800000000000001,0.0,0.0,6.050549018254969e-06,0.008748949505388737
PD+FF,1041,0,0.0,0.0,-0.6478168964385986,-0.19675222039222717,0.46515655517578125,True,0.24016302824020386,0.03113195300102234,0.00012586548109538853,5.8172099670628086e-05,0.7775,4.45,4.45,0.0,0.0,3.854061560559785e-06,0.007169817108660936
PD+FF,1042,0,0.0,0.0,-1.463887333869934,-0.25558269023895264,0.3728010952472687,True,0.481768935918808,0.06264185160398483,0.00023061392130330205,0.00010768110951175913,0.7025,5.95,5.95,0.0,0.0,1.1459576853667386e-05,0.013338420540094376
PD+FF,1043,0,0.0,0.0,-1.7490100860595703,-0.7958716750144958,0.31946444511413574,True,0.5941879749298096,0.07644546777009964,0.00027608638629317284,0.00012926045747008175,0.68,6.4,6.4,0.0,0.0,1.6782942111603916e-05,0.015799790620803833
PD+FF,1044,0,0.0,0.0,-1.981444239616394,0.7169352173805237,0.20961801707744598,True,0.6310648322105408,0.08005426079034805,0.0002942763385362923,0.00013759471767116338,0.675,6.5,6.5,0.0,0.0,2.0554389266180806e-05,0.017258545383810997
PD+FF,1045,0,0.0,0.0,-0.7272861003875732,-0.39523494243621826,0.4158290922641754,True,0.26832669973373413,0.034033339470624924,0.000123366029583849,5.847505235578865e-05,0.7675,4.65,4.65,0.0,0.0,4.897060989605961e-06,0.007996262982487679
PD+FF,1046,0,0.0,0.0,-1.868130087852478,0.6265861392021179,0.39649125933647156,True,0.6510306000709534,0.08856672048568726,0.0003236715856473893,0.00015148089732974768,0.665,6.7,6.7,0.0,0.0,1.268201413040515e-05,0.013842117041349411
PD+FF,1047,0,0.0,0.0,-1.1699552536010742,-0.14992530643939972,0.29876548051834106,True,0.3641320466995239,0.04581631347537041,0.00017340652993880212,8.07183314464055e-05,0.735,5.300000000000001,5.300000000000001,0.0,0.0,8.29235250421334e-06,0.010809860192239285
PD+FF,1048,0,0.0,0.0,-0.9076822996139526,-0.7630760073661804,0.4824531674385071,True,0.3781713843345642,0.04847816750407219,0.00016570357547607273,7.830094546079636e-05,0.73,5.4,5.4,0.0,0.0,9.578472599969245e-06,0.010756651870906353
PD+FF,1049,0,0.0,0.0,-1.6127384901046753,0.09402617067098618,0.43331217765808105,True,0.5516440868377686,0.07478052377700806,0.0002739012415986508,0.00012818216055165976,0.6825,6.3500000000000005,6.3500000000000005,0.0,0.0,9.226735528500285e-06,0.012505079619586468
PD+FF,1050,0,0.0,0.0,-1.2507070302963257,-0.40418457984924316,0.49881017208099365,True,0.4567083716392517,0.06132746487855911,0.00022570573491975665,0.00010558211943134665,0.705,5.9,5.9,0.0,0.0,8.130743481160607e-06,0.011183705180883408
PD+FF,1051,0,0.0,0.0,-0.8433747291564941,-0.6024307608604431,0.2584548592567444,True,0.2959114611148834,0.03602907061576843,0.00013327223132364452,6.231918086996302e-05,0.7625,4.75,4.75,0.0,0.0,6.45936643195455e-06,0.00931263342499733
PD+FF,1052,0,0.0,0.0,-1.577463150024414,-0.03658809885382652,0.32490968704223633,True,0.5016737580299377,0.06477614492177963,0.00023368510301224887,0.00010956959158647805,0.6975,6.050000000000001,6.050000000000001,0.0,0.0,1.2792404959327541e-05,0.013857802376151085
PD+FF,1053,0,0.0,0.0,-0.7320424914360046,-0.38764455914497375,0.44851720333099365,True,0.2760452330112457,0.035383179783821106,0.00012128568050684407,5.699795292457566e-05,0.765,4.7,4.7,0.0,0.0,5.115535714139696e-06,0.008126680739223957
PD+FF,1054,0,0.0,0.0,-1.9604523181915283,0.6108824014663696,0.3443475067615509,True,0.6611873507499695,0.0881199836730957,0.0003149077820125967,0.00014781007484998554,0.665,6.7,6.7,0.0,0.0,1.4456090866588056e-05,0.014762049540877342
PD+FF,1055,0,0.0,0.0,-0.8035520911216736,-0.8197364807128906,0.37500709295272827,True,0.3379405438899994,0.04173753410577774,0.0001475450408179313,6.924118497408926e-05,0.745,5.1000000000000005,5.1000000000000005,0.0,0.0,8.249693564721383e-06,0.010167498141527176
PD+FF,1056,0,0.0,0.0,-0.6173267960548401,-0.7547652125358582,0.33817118406295776,True,0.2779201567173004,0.03379954770207405,0.00012761447578668594,5.948036050540395e-05,0.77,4.6000000000000005,4.6000000000000005,0.0,0.0,5.943630640103947e-06,0.008749747648835182
PD+FF,1057,0,0.0,0.0,-1.4013786315917969,-0.020997419953346252,0.2980625629425049,True,0.43635666370391846,0.055471427738666534,0.00020171543292235583,9.43007689784281e-05,0.715,5.7,5.7,0.0,0.0,1.1329720109642949e-05,0.012582065537571907
PD+FF,1058,0,0.0,0.0,-1.9344123601913452,-0.6835842132568359,0.34246277809143066,True,0.6558837890625,0.08690709620714188,0.0003242169041186571,0.00015129866369534284,0.6675,6.65,6.65,0.0,0.0,1.5057858945510816e-05,0.014890632592141628
PD+FF,1059,0,0.0,0.0,-1.3239208459854126,-0.34795770049095154,0.3298633396625519,True,0.42855536937713623,0.05459374561905861,0.0002090749330818653,9.724652773002163e-05,0.7175,5.65,5.65,0.0,0.0,1.1081616321462207e-05,0.012188461609184742
PD+FF,1060,0,0.0,0.0,-0.5232435464859009,-0.8263487219810486,0.4775193929672241,True,0.2911730408668518,0.03610130399465561,0.0001407265808666125,6.524972559418529e-05,0.7625,4.75,4.75,0.0,0.0,6.566031515831128e-06,0.00866315234452486
PD+FF,1061,0,0.0,0.0,-1.0766786336898804,0.09924349933862686,0.28927016258239746,True,0.3315750062465668,0.04148436710238457,0.00014822487719357014,6.950894749024883e-05,0.7475,5.050000000000001,5.050000000000001,0.0,0.0,7.038037438178435e-06,0.009985548444092274
PD+FF,1062,0,0.0,0.0,-1.020176649093628,-0.6513675451278687,0.4292861223220825,True,0.3840239346027374,0.04907643049955368,0.0001836131705204025,8.545170567231253e-05,0.7275,5.45,5.45,0.0,0.0,9.545206012262497e-06,0.010929525829851627
PD+FF,1063,0,0.0,0.0,-0.5567145943641663,0.6067063212394714,0.2895512878894806,True,0.232075035572052,0.028053754940629005,0.00010898220352828503,5.0532697059679776e-05,0.79,4.2,4.2,0.0,0.0,4.247417109581875e-06,0.007513337302953005
PD+FF,1064,0,0.0,0.0,-1.6129041910171509,-0.13716638088226318,0.24278511106967926,True,0.4923093616962433,0.062271635979413986,0.00023318857711274177,0.0001086960473912768,0.7025,5.95,5.95,0.0,0.0,1.4441817256738432e-05,0.01395441871136427
PD+FF,1065,0,0.0,0.0,-0.5033138990402222,-0.5932050347328186,0.453745573759079,True,0.2405141144990921,0.030054522678256035,0.00010430141992401332,4.934263415634632e-05,0.7825,4.3500000000000005,4.3500000000000005,0.0,0.0,4.4524058466777205e-06,0.007251631002873182
PD+FF,1066,0,0.0,0.0,-1.3762075901031494,0.32575497031211853,0.20805609226226807,True,0.415297269821167,0.051476724445819855,0.00019222057017032057,9.019601566251367e-05,0.7225,5.550000000000001,5.550000000000001,0.0,0.0,1.117567444453016e-05,0.012309524230659008
PD+FF,1067,0,0.0,0.0,-0.6176835894584656,0.9055254459381104,0.20151829719543457,True,0.2944870889186859,0.03511269763112068,0.00012674846220761538,5.9195386711508036e-05,0.765,4.7,4.7,0.0,0.0,6.961503004276892e-06,0.009821220301091671
PD+FF,1068,0,0.0,0.0,-0.7787961959838867,0.5352519750595093,0.25048118829727173,True,0.26916739344596863,0.03269658237695694,0.0001233189832419157,5.733281432185322e-05,0.7725,4.55,4.55,0.0,0.0,5.418373348220484e-06,0.00858324021100998
PD+FF,1069,0,0.0,0.0,-0.5076419115066528,0.8446078896522522,0.24751581251621246,True,0.26616591215133667,0.03177677467465401,0.00011855122284032404,5.5316580983344465e-05,0.775,4.5,4.5,0.0,0.0,5.739279458794044e-06,0.008807997219264507
PD+FF,1070,0,0.0,0.0,-1.6644020080566406,0.9533751606941223,0.22921264171600342,True,0.5619850158691406,0.07016897946596146,0.0002622129686642438,0.00012211395369376987,0.69,6.2,6.2,0.0,0.0,2.0166144167887978e-05,0.015840740874409676
PD+FF,1071,0,0.0,0.0,-1.6379417181015015,0.7469041347503662,0.26974478363990784,True,0.5414777994155884,0.06842929869890213,0.0002566158364061266,0.00011975569213973358,0.6925,6.15,6.15,0.0,0.0,1.7520471374155022e-05,0.015084301121532917
PD+FF,1072,0,0.0,0.0,-1.22187077999115,0.3675197660923004,0.4661308228969574,True,0.4337089955806732,0.057268183678388596,0.00021931495575699955,0.00010147508874069899,0.7125,5.75,5.75,0.0,0.0,8.856300155457575e-06,0.011734899133443832
PD+FF,1073,0,0.0,0.0,-1.5133368968963623,0.8512749075889587,0.3800120949745178,True,0.5426552295684814,0.06990370899438858,0.00025470092077739537,0.00011921399709535763,0.69,6.2,6.2,0.0,0.0,1.5028509551484603e-05,0.01445464976131916
PD+FF,1074,0,0.0,0.0,-0.5001789927482605,-0.2884053587913513,0.4962819218635559,True,0.2087370604276657,0.027106409892439842,8.266921940958127e-05,3.983652641181834e-05,0.7925,4.15,4.15,0.0,0.0,3.1749229947308777e-06,0.006803547032177448
PD+FF,1075,0,0.0,0.0,-0.8189709782600403,0.9466501474380493,0.23914383351802826,True,0.3452018201351166,0.04156418517231941,0.00015272514428943396,7.1341433795169e-05,0.7475,5.050000000000001,5.050000000000001,0.0,0.0,9.090457751881331e-06,0.011009875684976578
PD+FF,1076,0,0.0,0.0,-1.445397138595581,-0.562984049320221,0.45283621549606323,True,0.517841100692749,0.06897054612636566,0.00026212248485535383,0.00012157461605966091,0.6925,6.15,6.15,0.0,0.0,1.0391700016043615e-05,0.012574740685522556
PD+FF,1077,0,0.0,0.0,-0.6151338219642639,-0.8893533945083618,0.2694230377674103,True,0.29659128189086914,0.0356009341776371,0.0001307942293351516,6.108212255639955e-05,0.7625,4.75,4.75,0.0,0.0,6.922120974195423e-06,0.009648658335208893
PD+FF,1078,0,0.0,0.0,-0.6580581068992615,-0.6858707666397095,0.23459486663341522,True,0.261771559715271,0.0314437635242939,0.00011515850201249123,5.3772448154632e-05,0.7775,4.45,4.45,0.0,0.0,5.4144825298863e-06,0.008513720706105232
PD+FF,1079,0,0.0,0.0,-0.5874135494232178,0.8651593327522278,0.4896434247493744,True,0.314788818359375,0.039261702448129654,0.0001343217008979991,6.362538260873407e-05,0.7525,4.95,4.95,0.0,0.0,7.494308192690369e-06,0.009227906353771687
PD+FF,1080,0,0.0,0.0,-0.6397119164466858,0.7102972865104675,0.367546945810318,True,0.27899789810180664,0.03422284126281738,0.00012424630403984338,5.8178178733214736e-05,0.7675,4.65,4.65,0.0,0.0,5.8750952121044975e-06,0.008645283058285713
PD+FF,1081,0,0.0,0.0,-1.3320256471633911,0.8601993322372437,0.3006768822669983,True,0.4704139530658722,0.05877021327614784,0.00021218891197349876,9.953153494279832e-05,0.71,5.800000000000001,5.800000000000001,0.0,0.0,1.44744271892705e-05,0.013501483015716076
PD+FF,1082,0,0.0,0.0,-0.9581221342086792,-0.30673766136169434,0.3117980659008026,True,0.30847403407096863,0.03852140158414841,0.00013312364171724766,6.27639310550876e-05,0.755,4.9,4.9,0.0,0.0,6.280664820224047e-06,0.009299513883888721
PD+FF,1083,0,0.0,0.0,-1.3940625190734863,0.6289385557174683,0.21643398702144623,True,0.4444563388824463,0.05496184527873993,0.00020306059741415083,9.446385956835002e-05,0.7175,5.65,5.65,0.0,0.0,1.3103777746437117e-05,0.013155719265341759
PD+FF,1084,0,0.0,0.0,-0.7371216416358948,-0.8951173424720764,0.4071005880832672,True,0.3408970534801483,0.04209991171956062,0.00016214975039474666,7.533330790465698e-05,0.745,5.1000000000000005,5.1000000000000005,0.0,0.0,8.508725841238629e-06,0.010180558077991009
PD+FF,1085,0,0.0,0.0,-0.7224554419517517,-0.08529454469680786,0.4138740301132202,True,0.24773134291172028,0.031737565994262695,0.0001205312364618294,5.611169399344362e-05,0.775,4.5,4.5,0.0,0.0,3.9918222682899795e-06,0.007403410039842129
PD+FF,1086,0,0.0,0.0,-0.7490203976631165,-0.7008727788925171,0.4387705326080322,True,0.31671342253685,0.03980909287929535,0.00013926900282967836,6.539145397255197e-05,0.7525,4.95,4.95,0.0,0.0,7.126707714633085e-06,0.009272490628063679
PD+FF,1087,0,0.0,0.0,-1.2718281745910645,-0.8616007566452026,0.3274095356464386,True,0.4593591094017029,0.05755477398633957,0.0002050886396318674,9.61863697739318e-05,0.7125,5.75,5.75,0.0,0.0,1.3800278793496545e-05,0.01319077517837286
PD+FF,1088,0,0.0,0.0,-1.148199200630188,-0.9221230149269104,0.4605681300163269,True,0.4635917842388153,0.05956573411822319,0.00021822054986841977,0.00010216540977125987,0.7075,5.8500000000000005,5.8500000000000005,0.0,0.0,1.2867847544839606e-05,0.012763573788106441
PD+FF,1089,0,0.0,0.0,-1.8535881042480469,0.5890284776687622,0.37915652990341187,True,0.6356735229492188,0.08534636348485947,0.0003050636441912502,0.00014305097283795476,0.67,6.6000000000000005,6.6000000000000005,0.0,0.0,1.3038928045716602e-05,0.01397843100130558
PD+FF,1090,0,0.0,0.0,-0.9845758080482483,-0.6573527455329895,0.30003631114959717,True,0.34752190113067627,0.042881857603788376,0.00015634199371561408,7.318266580114141e-05,0.7425,5.15,5.15,0.0,0.0,8.43202360556461e-06,0.010463055223226547
PD+FF,1091,0,0.0,0.0,-1.8845704793930054,-0.6914018392562866,0.36124923825263977,True,0.6462498903274536,0.08598387241363525,0.0003230402653571218,0.00015058780263643712,0.6675,6.65,6.65,0.0,0.0,1.437987248209538e-05,0.014707434922456741
PD+FF,1092,0,0.0,0.0,-1.9696727991104126,-0.2278679758310318,0.31251582503318787,True,0.6357013583183289,0.08385485410690308,0.00031666667200624943,0.00014748392277397215,0.67,6.6000000000000005,6.6000000000000005,0.0,0.0,1.3772720194538124e-05,0.015308795496821404
PD+FF,1093,0,0.0,0.0,-0.8791002631187439,0.07968070358037949,0.43002596497535706,True,0.30111825466156006,0.0389493964612484,0.00014332127466332167,6.590200064238161e-05,0.7525,4.95,4.95,0.0,0.0,5.609120762528619e-06,0.0087656918913126
PD+FF,1094,0,0.0,0.0,-0.9031349420547485,-0.5643354058265686,0.2514164447784424,True,0.30558618903160095,0.0372929610311985,0.00013920907804276794,6.490687519544736e-05,0.7575,4.8500000000000005,4.8500000000000005,0.0,0.0,6.771007065253798e-06,0.009487378410995007
PD+FF,1095,0,0.0,0.0,-1.3096781969070435,-0.4019305408000946,0.2943161725997925,True,0.4184468388557434,0.05271773785352707,0.0001884035737020895,8.844371768645942e-05,0.72,5.6000000000000005,5.6000000000000005,0.0,0.0,1.09184311440913e-05,0.012138254940509796
PD+FF,1096,0,0.0,0.0,-0.5565752387046814,0.7886120080947876,0.27283963561058044,True,0.26499274373054504,0.03180014714598656,0.00011330512643326074,5.322689321474172e-05,0.775,4.5,4.5,0.0,0.0,5.604987563856412e-06,0.00862413365393877
PD+FF,1097,0,0.0,0.0,-1.3080552816390991,0.037033263593912125,0.27344202995300293,True,0.40036290884017944,0.050373587757349014,0.000175523673533462,8.263412019005045e-05,0.725,5.5,5.5,0.0,0.0,9.877560842141975e-06,0.011713707819581032
PD+FF,1098,0,0.0,0.0,-1.2224541902542114,-0.25077617168426514,0.4742331802845001,True,0.4310409426689148,0.05725039169192314,0.00019462080672383308,9.196031896863133e-05,0.7125,5.75,5.75,0.0,0.0,8.197649549401831e-06,0.011510597541928291
PD+FF,1099,0,0.0,0.0,-1.9130916595458984,0.09447009861469269,0.36984628438949585,True,0.6363836526870728,0.08618996292352676,0.0003134555008728057,0.00014679772721137851,0.6675,6.65,6.65,0.0,0.0,1.1412694220780395e-05,0.01408309955149889
Direct PPO,1000,0,0.0,0.0,-1.2179213762283325,0.20768369734287262,0.34128254652023315,True,0.34486833214759827,0.0052655828185379505,0.0053647044114768505,3.814704086835263e-06,0.8475,3.0500000000000003,3.0500000000000003,0.005285739898681641,0.0,0.0027040981221944094,0.5646498799324036
Direct PPO,1001,0,0.0,0.0,-1.0811076164245605,-0.9685990810394287,0.25630688667297363,True,0.34045088291168213,0.0033165619242936373,0.0023882382083684206,1.4928392033652926e-07,0.8675,2.6500000000000004,2.6500000000000004,0.006179869174957275,0.0,0.003050529630854726,0.555042564868927
Direct PPO,1002,0,0.0,0.0,-1.428768277168274,-0.28562131524086,0.4242836833000183,True,0.45265331864356995,0.009009947068989277,0.008449619635939598,2.35713582696917e-06,0.815,3.7,3.7,0.008435249328613281,0.0,0.0019621283281594515,0.3480825424194336
Direct PPO,1003,0,0.0,0.0,-1.7183640003204346,-0.48658838868141174,0.34840381145477295,True,0.5297473669052124,0.005713071208447218,0.005642169155180454,3.606158088587108e-06,0.8075,3.85,3.85,0.005583763122558594,0.0,0.002838145475834608,0.561067521572113
Direct PPO,1004,0,0.0,0.0,-1.998679280281067,-0.7396973967552185,0.24154320359230042,True,0.5953494310379028,0.0024159937165677547,0.0022820874582976103,1.222009473167418e-06,0.8075,3.85,3.85,0.013925671577453613,0.0,0.003220556303858757,0.6542999744415283
Direct PPO,1005,0,0.0,0.0,-1.8766711950302124,0.8611240983009338,0.28618520498275757,True,0.5781915783882141,0.003782586194574833,0.0032004753593355417,1.6987509070531814e-06,0.8075,3.85,3.85,0.002863168716430664,0.0,0.002974259201437235,0.5970212817192078
Direct PPO,1006,0,0.0,0.0,-1.4946178197860718,0.20171388983726501,0.28934937715530396,True,0.4190289378166199,0.003303237957879901,0.003313864581286907,2.47359480454179e-06,0.835,3.3000000000000003,3.3000000000000003,0.0029168128967285156,0.0,0.0027123880572617054,0.5753740668296814
Direct PPO,1007,0,0.0,0.0,-1.8931626081466675,0.6319606900215149,0.39287856221199036,True,0.6249327659606934,0.010108619928359985,0.0073570930399000645,2.028345079452265e-06,0.785,4.3,4.3,0.0073566436767578125,0.0,0.0023158991243690252,0.423511803150177
Direct PPO,1008,0,0.0,0.0,-1.749120831489563,0.6261014938354492,0.26522985100746155,True,0.5105019807815552,0.0028684965800493956,0.002566478680819273,1.0132921488548163e-06,0.82,3.6,3.6,0.0026149749755859375,0.0,0.002862662309780717,0.610139787197113
Direct PPO,1009,0,0.0,0.0,-1.9152493476867676,-0.3461688160896301,0.2149554342031479,True,0.5383998155593872,0.003029011655598879,0.0027452539652585983,1.8063374227494933e-06,0.8175,3.6500000000000004,3.6500000000000004,0.035452306270599365,0.0,0.00320445466786623,0.6570936441421509
Direct PPO,1010,0,0.0,0.0,-1.8575115203857422,0.07161146402359009,0.4753030240535736,True,0.6519129872322083,0.019162612035870552,0.009961697272956371,1.0694039929148857e-06,0.7625,4.75,4.75,0.009840965270996094,0.0,0.0011233451077714562,0.23625533282756805
Direct PPO,1011,0,0.0,0.0,-1.57381272315979,0.12664707005023956,0.26378002762794495,True,0.43572816252708435,0.00257285893894732,0.00253269262611866,8.046762332014623e-07,0.8325,3.35,3.35,0.0031076669692993164,0.0,0.0027951663359999657,0.5955573916435242
Direct PPO,1012,0,0.0,0.0,-1.5405192375183105,0.561293363571167,0.2715309262275696,True,0.4392140209674835,0.0029012488666921854,0.002732533263042569,2.980237695737742e-06,0.835,3.3000000000000003,3.3000000000000003,0.0023932456970214844,0.0,0.0028374434914439917,0.6276106238365173
Direct PPO,1013,0,0.0,0.0,-0.8082606196403503,-0.8420410752296448,0.401797890663147,True,0.28581202030181885,0.007098378147929907,0.007666989229619503,8.016833817237057e-06,0.8725,2.5500000000000003,2.5500000000000003,0.007666587829589844,0.0,0.002357827266678214,0.4113115668296814
Direct PPO,1014,0,0.0,0.0,-1.3467140197753906,0.1714046150445938,0.4693894386291504,True,0.4432498812675476,0.011238468810915947,0.009802624583244324,1.998735797315021e-06,0.8125,3.75,3.75,0.009700298309326172,0.0,0.0010669127805158496,0.2390282303094864
Direct PPO,1015,0,0.0,0.0,-1.4601455926895142,0.21413566172122955,0.39239153265953064,True,0.4490751028060913,0.0077215032652020454,0.007338595576584339,1.4013361351317144e-06,0.82,3.6,3.6,0.007338047027587891,0.0,0.00222547585144639,0.40645912289619446
Direct PPO,1016,0,0.0,0.0,-1.6580126285552979,-0.11461202055215836,0.3060871958732605,True,0.48126259446144104,0.003878160612657666,0.003946490585803986,6.259941756070475e-07,0.82,3.6,3.6,0.0036859512329101562,0.0,0.0028771492652595043,0.5338375568389893
Direct PPO,1017,0,0.0,0.0,-0.62247234582901,0.6426637768745422,0.4917738139629364,True,0.23559726774692535,0.010523567907512188,0.010379733517765999,2.5631868538766867e-06,0.865,2.7,2.7,0.01020050048828125,0.0,0.0007823366322554648,0.1877453476190567
Direct PPO,1018,0,0.0,0.0,-1.1090368032455444,-0.0900818482041359,0.4614541530609131,True,0.35064294934272766,0.00973979476839304,0.009585409425199032,1.0979366038554872e-07,0.835,3.3000000000000003,3.3000000000000003,0.009504318237304688,0.0,0.0012830812484025955,0.25392669439315796
Direct PPO,1019,0,0.0,0.0,-1.674609661102295,-0.20800989866256714,0.34006524085998535,True,0.503002405166626,0.00538934301584959,0.005314324051141739,2.622758074721787e-06,0.8125,3.75,3.75,0.005230903625488281,0.0,0.002858889987692237,0.49960950016975403
Direct PPO,1020,0,0.0,0.0,-1.1319496631622314,-0.4326494336128235,0.2227078378200531,True,0.29060494899749756,0.002655528951436281,0.0025317477993667126,8.64706805714377e-07,0.8675,2.6500000000000004,2.6500000000000004,0.021298885345458984,0.0,0.0032992723863571882,0.6589163541793823
Direct PPO,1021,0,0.0,0.0,-1.4384177923202515,-0.8382971882820129,0.49743902683258057,True,0.5215913653373718,0.013534264639019966,0.010510132648050785,2.589890755189117e-07,0.795,4.1000000000000005,4.1000000000000005,0.01030731201171875,0.0,0.000852803757879883,0.19937513768672943
Direct PPO,1022,0,0.0,0.0,-1.999210000038147,0.8368335366249084,0.37694433331489563,True,0.6676454544067383,0.009607710875570774,0.006766033824533224,4.262386937625706e-06,0.78,4.4,4.4,0.006756782531738281,0.0,0.002468637190759182,0.4704638123512268
Direct PPO,1023,0,0.0,0.0,-1.4916963577270508,0.8117974996566772,0.4728805720806122,True,0.525661826133728,0.01297710370272398,0.009897854179143906,7.547077984781936e-07,0.7975,4.05,4.05,0.009784698486328125,0.0,0.001095248619094491,0.22961804270744324
Direct PPO,1024,0,0.0,0.0,-1.51630699634552,-0.48329436779022217,0.3110935389995575,True,0.44180670380592346,0.0038865115493535995,0.004143766593188047,3.0252479632508766e-08,0.83,3.4000000000000004,3.4000000000000004,0.003915309906005859,0.0,0.0030176250729709864,0.6307569742202759
Direct PPO,1025,0,0.0,0.0,-0.7683239579200745,0.258014976978302,0.24864348769187927,True,0.18845577538013458,0.002171052386984229,0.0023024901747703552,3.5166765428584768e-06,0.89,2.2,2.2,0.0010230541229248047,0.0,0.002927289344370365,0.5958549380302429
Direct PPO,1026,0,0.0,0.0,-1.7438942193984985,0.19023452699184418,0.2583710551261902,True,0.493155300617218,0.0025710007175803185,0.00242538726888597,3.7252905258355895e-06,0.8225,3.5500000000000003,3.5500000000000003,0.007594048976898193,0.0,0.002859322354197502,0.5742406249046326
Direct PPO,1027,0,0.0,0.0,-1.9580382108688354,0.12429128587245941,0.36954861879348755,True,0.6261717677116394,0.008390210568904877,0.006477138493210077,7.770664751660661e-07,0.785,4.3,4.3,0.006459712982177734,0.0,0.0025381590239703655,0.4955086410045624
Direct PPO,1028,0,0.0,0.0,-0.7757433652877808,-0.22796711325645447,0.4025936424732208,True,0.22244837880134583,0.007359260693192482,0.0077014644630253315,2.5034448754013283e-06,0.875,2.5,2.5,0.007700920104980469,0.0,0.002275546081364155,0.38387927412986755
Direct PPO,1029,0,0.0,0.0,-0.7448340058326721,0.6458722352981567,0.214758962392807,True,0.21180370450019836,0.0026194509118795395,0.0027509378269314766,3.1143551950663095e-06,0.8875,2.25,2.25,0.0007873177528381348,0.0,0.00279085710644722,0.5023524165153503
Direct PPO,1030,0,0.0,0.0,-1.6447029113769531,-0.9496257901191711,0.4438457489013672,True,0.579450249671936,0.011297174729406834,0.009064474143087864,3.4343984225415625e-06,0.7925,4.15,4.15,0.009021759033203125,0.0,0.0015662329969927669,0.30459171533584595
Direct PPO,1031,0,0.0,0.0,-0.9611496329307556,0.9009804725646973,0.39864641427993774,True,0.3340567350387573,0.007954222150146961,0.007569815032184124,5.5731020438543055e-06,0.855,2.9000000000000004,2.9000000000000004,0.007580280303955078,0.0,0.001959135290235281,0.3437858819961548
Direct PPO,1032,0,0.0,0.0,-0.6833899617195129,-0.5306191444396973,0.49894750118255615,True,0.23976048827171326,0.010039741173386574,0.010546116158366203,8.653819350001868e-07,0.87,2.6,2.6,0.010336875915527344,0.0,0.0009333427879028022,0.2014022320508957
Direct PPO,1033,0,0.0,0.0,-0.7577928304672241,0.7459949851036072,0.4761985242366791,True,0.2801743149757385,0.010231370106339455,0.009986399672925472,1.220239340682383e-07,0.8575,2.85,2.85,0.009863853454589844,0.0,0.0009489235235378146,0.20003849267959595
Direct PPO,1034,0,0.0,0.0,-0.5296080112457275,-0.6777904629707336,0.22327283024787903,True,0.17629677057266235,0.0032526860013604164,0.002518657362088561,3.308074383312487e-06,0.89,2.2,2.2,0.0,0.0,0.0028213132172822952,0.5150842070579529
Direct PPO,1035,0,0.0,0.0,-1.5201642513275146,-0.23973245918750763,0.436818927526474,True,0.49262547492980957,0.01024632714688778,0.008846601471304893,3.5777757148025557e-06,0.805,3.9000000000000004,3.9000000000000004,0.008815765380859375,0.0,0.0017877222271636128,0.30444473028182983
Direct PPO,1036,0,0.0,0.0,-1.558912754058838,0.6018440127372742,0.34900519251823425,True,0.4776363670825958,0.005982618313282728,0.0056721484288573265,1.7288045910390792e-06,0.82,3.6,3.6,0.005615234375,0.0,0.002630661940202117,0.5417180061340332
Direct PPO,1037,0,0.0,0.0,-1.5164998769760132,-0.3818822205066681,0.38270920515060425,True,0.46802353858947754,0.007075279485434294,0.006976516451686621,1.967394609891926e-06,0.8175,3.6500000000000004,3.6500000000000004,0.006971836090087891,0.0,0.002578945364803076,0.45891714096069336
Direct PPO,1038,0,0.0,0.0,-1.5098652839660645,-0.8029577136039734,0.31811848282814026,True,0.46283090114593506,0.0040942090563476086,0.004422654397785664,2.1159921743674204e-06,0.83,3.4000000000000004,3.4000000000000004,0.0042400360107421875,0.0,0.0027768644504249096,0.5511147379875183
Direct PPO,1039,0,0.0,0.0,-0.6960156559944153,-0.0387578122317791,0.3661683201789856,True,0.1871076226234436,0.006119713652879,0.006343554705381393,3.1590857361152302e-06,0.8875,2.25,2.25,0.006321430206298828,0.0,0.0024618892930448055,0.44575685262680054
Direct PPO,1040,0,0.0,0.0,-0.7547146081924438,0.5635512471199036,0.4134989380836487,True,0.24260595440864563,0.008130177855491638,0.008084730245172977,2.755046750735346e-07,0.875,2.5,2.5,0.008080482482910156,0.0,0.0017647483618929982,0.3149908483028412
Direct PPO,1041,0,0.0,0.0,-0.6478168964385986,-0.19675222039222717,0.46515655517578125,True,0.20007899403572083,0.009332232177257538,0.009688615798950195,2.7050401740780217e-07,0.88,2.4000000000000004,2.4000000000000004,0.0095977783203125,0.0,0.0012876370456069708,0.24033086001873016
Direct PPO,1042,0,0.0,0.0,-1.463887333869934,-0.25558269023895264,0.3728010952472687,True,0.4416196942329407,0.006605504546314478,0.006601439323276281,1.490379759161442e-06,0.825,3.5,3.5,0.006587982177734375,0.0,0.00272208359092474,0.463742196559906
Direct PPO,1043,0,0.0,0.0,-1.7490100860595703,-0.7958716750144958,0.31946444511413574,True,0.5444912910461426,0.004198110196739435,0.004478228744119406,8.347084303750307e-07,0.8125,3.75,3.75,0.004303455352783203,0.0,0.0028208522126078606,0.5265517830848694
Direct PPO,1044,0,0.0,0.0,-1.981444239616394,0.7169352173805237,0.20961801707744598,True,0.5732439160346985,0.0032657270785421133,0.002921165432780981,2.2501380954054184e-06,0.8125,3.75,3.75,0.03359717130661011,0.0,0.003008495084941387,0.5890440344810486
Direct PPO,1045,0,0.0,0.0,-0.7272861003875732,-0.39523494243621826,0.4158290922641754,True,0.21918712556362152,0.007722504436969757,0.008162655867636204,1.224515358444478e-06,0.8775,2.45,2.45,0.00815582275390625,0.0,0.0020956224761903286,0.36642932891845703
Direct PPO,1046,0,0.0,0.0,-1.868130087852478,0.6265861392021179,0.39649125933647156,True,0.6169769763946533,0.010220391675829887,0.007485887035727501,9.113399812576972e-08,0.785,4.3,4.3,0.007485866546630859,0.0,0.002242798451334238,0.4014210104942322
Direct PPO,1047,0,0.0,0.0,-1.1699552536010742,-0.14992530643939972,0.29876548051834106,True,0.31385305523872375,0.003507265355437994,0.0036627596709877253,8.940732527662476e-07,0.8575,2.85,2.85,0.0033316612243652344,0.0,0.0031381139997392893,0.638089656829834
Direct PPO,1048,0,0.0,0.0,-0.9076822996139526,-0.7630760073661804,0.4824531674385071,True,0.32545265555381775,0.009654447436332703,0.010146694257855415,4.861333309236215e-07,0.85,3.0,3.0,0.01000213623046875,0.0,0.0011140743736177683,0.22764509916305542
Direct PPO,1049,0,0.0,0.0,-1.6127384901046753,0.09402617067098618,0.43331217765808105,True,0.5257978439331055,0.01084069162607193,0.008738357573747635,1.1661379630822921e-06,0.7975,4.05,4.05,0.008713245391845703,0.0,0.0016809921944513917,0.31354498863220215
Direct PPO,1050,0,0.0,0.0,-1.2507070302963257,-0.40418457984924316,0.49881017208099365,True,0.4258343577384949,0.011972814798355103,0.010539095848798752,2.5356125661346596e-06,0.8125,3.75,3.75,0.0103302001953125,0.0,0.0008873805054463446,0.1959177851676941
Direct PPO,1051,0,0.0,0.0,-0.8433747291564941,-0.6024307608604431,0.2584548592567444,True,0.23391787707805634,0.0026578770484775305,0.0024222834035754204,2.741813887041644e-06,0.885,2.3000000000000003,2.3000000000000003,0.0013036727905273438,0.0,0.0030003204010427,0.6061887145042419
Direct PPO,1052,0,0.0,0.0,-1.577463150024414,-0.03658809885382652,0.32490968704223633,True,0.46017327904701233,0.004656359553337097,0.004704299382865429,4.9174232117366046e-06,0.8225,3.5500000000000003,3.5500000000000003,0.0045588016510009766,0.0,0.00287538836710155,0.58651202917099
Direct PPO,1053,0,0.0,0.0,-0.7320424914360046,-0.38764455914497375,0.44851720333099365,True,0.2289840430021286,0.008760273456573486,0.009211561642587185,1.8183003476224258e-06,0.8725,2.5500000000000003,2.5500000000000003,0.009160041809082031,0.0,0.001574783236719668,0.2837497293949127
Direct PPO,1054,0,0.0,0.0,-1.9604523181915283,0.6108824014663696,0.3443475067615509,True,0.6232014298439026,0.006724710110574961,0.005488718394190073,4.530146725301165e-06,0.79,4.2,4.2,0.0054187774658203125,0.0,0.002759466180577874,0.5469380617141724
Direct PPO,1055,0,0.0,0.0,-0.8035520911216736,-0.8197364807128906,0.37500709295272827,True,0.2754996418952942,0.006226127967238426,0.006686813198029995,5.962905333944946e-07,0.875,2.5,2.5,0.00667572021484375,0.0,0.002624370390549302,0.4740158021450043
Direct PPO,1056,0,0.0,0.0,-0.6173267960548401,-0.7547652125358582,0.33817118406295776,True,0.21783724427223206,0.0049777948297560215,0.005228648893535137,5.781653271696996e-06,0.89,2.3000000000000003,2.3000000000000003,0.005138874053955078,0.0,0.002733757020905614,0.4664081037044525
Direct PPO,1057,0,0.0,0.0,-1.4013786315917969,-0.020997419953346252,0.2980625629425049,True,0.3888503909111023,0.0035381705965846777,0.0036388032604008913,3.6358912893774686e-06,0.84,3.2,3.2,0.0033102035522460938,0.0,0.002813378581777215,0.5523059368133545
Direct PPO,1058,0,0.0,0.0,-1.9344123601913452,-0.6835842132568359,0.34246277809143066,True,0.6165701746940613,0.005831089802086353,0.005404214840382338,3.367821818756056e-06,0.7925,4.15,4.15,0.005328655242919922,0.0,0.002839915221557021,0.5282652974128723
Direct PPO,1059,0,0.0,0.0,-1.3239208459854126,-0.34795770049095154,0.3298633396625519,True,0.37845155596733093,0.0046362061984837055,0.004900946281850338,1.5199684639810584e-06,0.8425,3.1500000000000004,3.1500000000000004,0.004778385162353516,0.0,0.0029313224367797375,0.5959351062774658
Direct PPO,1060,0,0.0,0.0,-0.5232435464859009,-0.8263487219810486,0.4775193929672241,True,0.23356948792934418,0.009279887191951275,0.010012062266469002,7.59968725105864e-06,0.87,2.6,2.6,0.009883880615234375,0.0,0.0010766451014205813,0.2157813012599945
Direct PPO,1061,0,0.0,0.0,-1.0766786336898804,0.09924349933862686,0.28927016258239746,True,0.2822975814342499,0.003237680299207568,0.003312448738142848,3.904112872987753e-06,0.865,2.7,2.7,0.002913236618041992,0.0,0.002774105640128255,0.5322882533073425
Direct PPO,1062,0,0.0,0.0,-1.020176649093628,-0.6513675451278687,0.4292861223220825,True,0.33127447962760925,0.008118035271763802,0.00860618893057108,3.6959377212042455e-06,0.85,3.0,3.0,0.008585929870605469,0.0,0.0019091342110186815,0.34616386890411377
Direct PPO,1063,0,0.0,0.0,-0.5567145943641663,0.6067063212394714,0.2895512878894806,True,0.17892932891845703,0.003503759391605854,0.0033198746386915445,1.221923298544425e-06,0.8875,2.25,2.25,0.0030922889709472656,0.0,0.0023829785641282797,0.4093274176120758
Direct PPO,1064,0,0.0,0.0,-1.6129041910171509,-0.13716638088226318,0.24278511106967926,True,0.4410572052001953,0.0022803156170994043,0.0022807165514677763,7.748631674076023e-07,0.8325,3.35,3.35,0.01271665096282959,0.0,0.0031658150255680084,0.5950151681900024
Direct PPO,1065,0,0.0,0.0,-0.5033138990402222,-0.5932050347328186,0.453745573759079,True,0.1881934255361557,0.008772943168878555,0.009361086413264275,2.6855170744966017e-06,0.8925,2.15,2.15,0.009298324584960938,0.0,0.0013739338610321283,0.25754883885383606
Direct PPO,1066,0,0.0,0.0,-1.3762075901031494,0.32575497031211853,0.20805609226226807,True,0.35669949650764465,0.002844957634806633,0.002977400552481413,1.7890502590489632e-07,0.8525,2.95,2.95,0.032720088958740234,0.0,0.0030962862074375153,0.6935980916023254
Direct PPO,1067,0,0.0,0.0,-0.6176835894584656,0.9055254459381104,0.20151829719543457,True,0.23316748440265656,0.0033372389152646065,0.0032250997610390186,3.4147817586926976e-06,0.8625,2.75,2.75,0.0013904571533203125,0.0,0.002393927425146103,0.43427279591560364
Direct PPO,1068,0,0.0,0.0,-0.7787961959838867,0.5352519750595093,0.25048118829727173,True,0.21175961196422577,0.0023066368885338306,0.0023161950521171093,1.0728946335802902e-06,0.8875,2.25,2.25,0.0015627145767211914,0.0,0.0027299472130835056,0.5778514742851257
Direct PPO,1069,0,0.0,0.0,-0.5076419115066528,0.8446078896522522,0.24751581251621246,True,0.20967206358909607,0.0028261446859687567,0.0022940936032682657,1.2517127743194578e-06,0.8675,2.6500000000000004,2.6500000000000004,0.0022513866424560547,0.0,0.0020339370239526033,0.33307594060897827
Direct PPO,1070,0,0.0,0.0,-1.6644020080566406,0.9533751606941223,0.22921264171600342,True,0.4940354526042938,0.002787831239402294,0.0023985416628420353,1.4462542594628758e-06,0.83,3.4000000000000004,3.4000000000000004,0.016781508922576904,0.0,0.0031175888143479824,0.6858643889427185
Direct PPO,1071,0,0.0,0.0,-1.6379417181015015,0.7469041347503662,0.26974478363990784,True,0.48209357261657715,0.003050208557397127,0.002680671401321888,1.4925456071068766e-07,0.8275,3.45,3.45,0.0029233694076538086,0.0,0.0029105041176080704,0.5387889742851257
Direct PPO,1072,0,0.0,0.0,-1.22187077999115,0.3675197660923004,0.4661308228969574,True,0.3994886577129364,0.010484409518539906,0.009717900305986404,1.8196276414528256e-06,0.825,3.5,3.5,0.009624481201171875,0.0,0.0011315281735733151,0.24316014349460602
Direct PPO,1073,0,0.0,0.0,-1.5133368968963623,0.8512749075889587,0.3800120949745178,True,0.49200889468193054,0.007597074843943119,0.006880718749016523,2.980556246257038e-06,0.8175,3.6500000000000004,3.6500000000000004,0.00687408447265625,0.0,0.0024311274755746126,0.45179641246795654
Direct PPO,1074,0,0.0,0.0,-0.5001789927482605,-0.2884053587913513,0.4962819218635559,True,0.1680462807416916,0.01005837507545948,0.010483259335160255,1.604209955985425e-07,0.89,2.2,2.2,0.010285377502441406,0.0,0.0009629816049709916,0.19830627739429474
Direct PPO,1075,0,0.0,0.0,-0.8189709782600403,0.9466501474380493,0.23914383351802826,True,0.2779608964920044,0.002829368691891432,0.0022901829797774553,2.23517508857185e-06,0.8625,2.75,2.75,0.0032126903533935547,0.0,0.0027047039475291967,0.5635643601417542
Direct PPO,1076,0,0.0,0.0,-1.445397138595581,-0.562984049320221,0.45283621549606323,True,0.482519268989563,0.010561151430010796,0.009338918142020702,1.2558811022245209e-06,0.8075,3.85,3.85,0.009278297424316406,0.0,0.0014609822537750006,0.27851247787475586
Direct PPO,1077,0,0.0,0.0,-0.6151338219642639,-0.8893533945083618,0.2694230377674103,True,0.23373445868492126,0.0034130075946450233,0.0026702163740992546,1.9371520920685725e-06,0.8725,2.5500000000000003,2.5500000000000003,0.0018699169158935547,0.0,0.002856373554095626,0.5508671998977661
Direct PPO,1078,0,0.0,0.0,-0.6580581068992615,-0.6858707666397095,0.23459486663341522,True,0.20069463551044464,0.002960540819913149,0.0023241061717271805,1.4752150718777557e-06,0.8975,2.0500000000000003,2.0500000000000003,4.0531158447265625e-05,0.0,0.00293084979057312,0.5779286026954651
Direct PPO,1079,0,0.0,0.0,-0.5874135494232178,0.8651593327522278,0.4896434247493744,True,0.25884202122688293,0.010725553147494793,0.010328455828130245,2.6526522560743615e-06,0.8575,2.85,2.85,0.010159969329833984,0.0,0.0007104668766260147,0.17918331921100616
Direct PPO,1080,0,0.0,0.0,-0.6397119164466858,0.7102972865104675,0.367546945810318,True,0.22259771823883057,0.006663092412054539,0.0064065055921673775,5.275013336358825e-06,0.8775,2.45,2.45,0.006455183029174805,0.0,0.0019989004358649254,0.3554557263851166
Direct PPO,1081,0,0.0,0.0,-1.3320256471633911,0.8601993322372437,0.3006768822669983,True,0.40605250000953674,0.004137745592743158,0.0037380538415163755,2.71204294222116e-06,0.845,3.1,3.1,0.0036017894744873047,0.0,0.0028498717583715916,0.5500191450119019
Direct PPO,1082,0,0.0,0.0,-0.9581221342086792,-0.30673766136169434,0.3117980659008026,True,0.2557496726512909,0.00396738713607192,0.004171203356236219,5.960496878287813e-07,0.8725,2.5500000000000003,2.5500000000000003,0.003947734832763672,0.0,0.003028673119843006,0.5723758339881897
Direct PPO,1083,0,0.0,0.0,-1.3940625190734863,0.6289385557174683,0.21643398702144623,True,0.3795934319496155,0.0026389982085675,0.002700375858694315,2.014920028159395e-06,0.85,3.0,3.0,0.025307059288024902,0.0,0.003102412912994623,0.6765255928039551
Direct PPO,1084,0,0.0,0.0,-0.7371216416358948,-0.8951173424720764,0.4071005880832672,True,0.2783544957637787,0.00727701373398304,0.00785448495298624,7.54030361349578e-06,0.875,2.5,2.5,0.007852554321289062,0.0,0.0022339788265526295,0.3882583975791931
Direct PPO,1085,0,0.0,0.0,-0.7224554419517517,-0.08529454469680786,0.4138740301132202,True,0.20704805850982666,0.0078074256889522076,0.00809453520923853,2.44598822973785e-06,0.88,2.4000000000000004,2.4000000000000004,0.008089065551757812,0.0,0.0018995805876329541,0.3434196412563324
Direct PPO,1086,0,0.0,0.0,-0.7490203976631165,-0.7008727788925171,0.4387705326080322,True,0.2601057291030884,0.008298937231302261,0.00891253910958767,7.157122468015586e-07,0.8725,2.5500000000000003,2.5500000000000003,0.008878707885742188,0.0,0.0017667756183072925,0.31488877534866333
Direct PPO,1087,0,0.0,0.0,-1.2718281745910645,-0.8616007566452026,0.3274095356464386,True,0.396633118391037,0.004480504896491766,0.004799469839781523,5.06825415413914e-07,0.845,3.1,3.1,0.004665851593017578,0.0,0.0027412131894379854,0.5633153319358826
Direct PPO,1088,0,0.0,0.0,-1.148199200630188,-0.9221230149269104,0.4605681300163269,True,0.41101083159446716,0.009294750168919563,0.009557505138218403,2.5637871203798568e-06,0.8325,3.35,3.35,0.009479045867919922,0.0,0.0013987181009724736,0.27051860094070435
Direct PPO,1089,0,0.0,0.0,-1.8535881042480469,0.5890284776687622,0.37915652990341187,True,0.6000851392745972,0.008701340295374393,0.006848977878689766,3.4874851735366974e-06,0.79,4.2,4.2,0.0068416595458984375,0.0,0.0024244249798357487,0.45929399132728577
Direct PPO,1090,0,0.0,0.0,-0.9845758080482483,-0.6573527455329895,0.30003631114959717,True,0.285110205411911,0.003610818414017558,0.0037094384897500277,1.043084921548143e-06,0.87,2.6,2.6,0.0033888816833496094,0.0,0.003070172620937228,0.5585477352142334
Direct PPO,1091,0,0.0,0.0,-1.8845704793930054,-0.6914018392562866,0.36124923825263977,True,0.6078864336013794,0.006973045878112316,0.006150347180664539,4.202330728730885e-06,0.7925,4.15,4.15,0.006120204925537109,0.0,0.0026359420735388994,0.47765791416168213
Direct PPO,1092,0,0.0,0.0,-1.9696727991104126,-0.2278679758310318,0.31251582503318787,True,0.6005237698554993,0.004491937346756458,0.004201981239020824,1.4009166307005216e-06,0.7975,4.05,4.05,0.003986358642578125,0.0,0.0028646234422922134,0.5697594881057739
Direct PPO,1093,0,0.0,0.0,-0.8791002631187439,0.07968070358037949,0.43002596497535706,True,0.2618025839328766,0.0084428321570158,0.008638469502329826,3.695835403050296e-06,0.8625,2.75,2.75,0.008617401123046875,0.0,0.0016109684947878122,0.3192249536514282
Direct PPO,1094,0,0.0,0.0,-0.9031349420547485,-0.5643354058265686,0.2514164447784424,True,0.24369221925735474,0.002558635314926505,0.0023231511004269123,2.7120170216221595e-06,0.88,2.4000000000000004,2.4000000000000004,0.0022569894790649414,0.0,0.0030137847643345594,0.5768418908119202
Direct PPO,1095,0,0.0,0.0,-1.3096781969070435,-0.4019305408000946,0.2943161725997925,True,0.3636862635612488,0.003314817789942026,0.003491864074021578,1.788139684322232e-06,0.8475,3.0500000000000003,3.0500000000000003,0.0031113624572753906,0.0,0.0029191584326326847,0.5470459461212158
Direct PPO,1096,0,0.0,0.0,-0.5565752387046814,0.7886120080947876,0.27283963561058044,True,0.2076905369758606,0.0032431792933493853,0.0027678096666932106,5.364723278944439e-07,0.8725,2.5500000000000003,2.5500000000000003,0.0028423070907592773,0.0,0.0022568446584045887,0.37312740087509155
Direct PPO,1097,0,0.0,0.0,-1.3080552816390991,0.037033263593912125,0.27344202995300293,True,0.3500734865665436,0.002716905204579234,0.0027870116755366325,2.32459683502384e-06,0.85,3.0,3.0,0.002191781997680664,0.0,0.00312935677357018,0.6725095510482788
Direct PPO,1098,0,0.0,0.0,-1.2224541902542114,-0.25077617168426514,0.4742331802845001,True,0.39918264746665955,0.010606539435684681,0.00993442814797163,1.8820119862539286e-07,0.8225,3.5500000000000003,3.5500000000000003,0.009817123413085938,0.0,0.001211517839692533,0.23272117972373962
Direct PPO,1099,0,0.0,0.0,-1.9130916595458984,0.09447009861469269,0.36984628438949585,True,0.6083875298500061,0.00821524579077959,0.006490601692348719,9.852947187027894e-07,0.79,4.2,4.2,0.006473541259765625,0.0,0.0026268495712429285,0.4574924409389496
Residual PPO,1000,0,0.0,0.0,-1.2179213762283325,0.20768369734287262,0.34128254652023315,True,0.36120957136154175,0.013683193363249302,0.005001693498343229,1.3944091733719688e-05,0.8125,3.75,3.75,0.005000114440917969,0.0,3.3793032343965024e-05,0.05571926385164261
Residual PPO,1001,0,0.0,0.0,-1.0811076164245605,-0.9685990810394287,0.25630688667297363,True,0.3760833442211151,0.016620410606265068,0.0019275072263553739,1.6550966392969713e-05,0.81,3.8000000000000003,3.8000000000000003,0.0018596649169921875,0.0,4.318963328842074e-05,0.05437629297375679
Residual PPO,1002,0,0.0,0.0,-1.428768277168274,-0.28562131524086,0.4242836833000183,True,0.46245697140693665,0.021434780210256577,0.007963348180055618,2.4469538402627222e-05,0.7875,4.25,4.25,0.007960319519042969,0.0,3.219581412849948e-05,0.05298702046275139
Residual PPO,1003,0,0.0,0.0,-1.7183640003204346,-0.48658838868141174,0.34840381145477295,True,0.543838620185852,0.023328004404902458,0.005236085969954729,2.6381725547253154e-05,0.7725,4.55,4.55,0.005235195159912109,0.0,3.670249861897901e-05,0.05634022131562233
Residual PPO,1004,0,0.0,0.0,-1.998679280281067,-0.7396973967552185,0.24154320359230042,True,0.6163114905357361,0.024074099957942963,0.0014178375713527203,2.4515633413102478e-05,0.7625,4.75,4.75,0.0012950897216796875,0.0,4.413809801917523e-05,0.055192913860082626
Residual PPO,1005,0,0.0,0.0,-1.8766711950302124,0.8611240983009338,0.28618520498275757,True,0.602458119392395,0.02085922658443451,0.0029817847535014153,2.1567355361185037e-05,0.7675,4.65,4.65,0.0029582977294921875,0.0,3.913275577360764e-05,0.055166564881801605
Residual PPO,1006,0,0.0,0.0,-1.4946178197860718,0.20171388983726501,0.28934937715530396,True,0.43632838129997253,0.015342536382377148,0.0031171035952866077,1.1388018720026594e-05,0.795,4.1000000000000005,4.1000000000000005,0.0030965805053710938,0.0,3.6151803215034306e-05,0.053231265395879745
Residual PPO,1007,0,0.0,0.0,-1.8931626081466675,0.6319606900215149,0.39287856221199036,True,0.6392723321914673,0.02845231257379055,0.00684319855645299,2.6273884941474535e-05,0.755,4.9,4.9,0.006842613220214844,0.0,3.290406311862171e-05,0.05471135675907135
Residual PPO,1008,0,0.0,0.0,-1.749120831489563,0.6261014938354492,0.26522985100746155,True,0.533538818359375,0.017587458714842796,0.002247939119115472,1.3434510037768632e-05,0.7775,4.45,4.45,0.0021986961364746094,0.0,3.853837915812619e-05,0.05558688938617706
Residual PPO,1009,0,0.0,0.0,-1.9152493476867676,-0.3461688160896301,0.2149554342031479,True,0.5579289197921753,0.019593173637986183,0.0007689861813560128,1.8362397895543836e-05,0.77,4.6000000000000005,4.6000000000000005,0.0003190040588378906,0.0,4.177825394435786e-05,0.05725100636482239
Residual PPO,1010,0,0.0,0.0,-1.8575115203857422,0.07161146402359009,0.4753030240535736,True,0.6557148098945618,0.03814190253615379,0.00969989225268364,4.745781552628614e-05,0.74,5.2,5.2,0.009691238403320312,0.0,2.8691438274108805e-05,0.05450551584362984
Residual PPO,1011,0,0.0,0.0,-1.57381272315979,0.12664707005023956,0.26378002762794495,True,0.4535141885280609,0.015551380813121796,0.0021974556148052216,1.2921393135911785e-05,0.79,4.2,4.2,0.0021457672119140625,0.0,3.744530840776861e-05,0.05368965491652489
Residual PPO,1012,0,0.0,0.0,-1.5405192375183105,0.561293363571167,0.2715309262275696,True,0.46328115463256836,0.015351935289800167,0.0024710961151868105,1.3396152098721359e-05,0.7925,4.15,4.15,0.0024318695068359375,0.0,3.762917185667902e-05,0.05304685980081558
Residual PPO,1013,0,0.0,0.0,-0.8082606196403503,-0.8420410752296448,0.401797890663147,True,0.3158614933490753,0.0154860345646739,0.0071718767285346985,2.0352317733340897e-05,0.8175,3.6500000000000004,3.6500000000000004,0.007170677185058594,0.0,4.7975743655115366e-05,0.06542210280895233
Residual PPO,1014,0,0.0,0.0,-1.3467140197753906,0.1714046150445938,0.4693894386291504,True,0.44937044382095337,0.021657641977071762,0.009526695124804974,3.117717642453499e-05,0.79,4.2,4.2,0.009518623352050781,0.0,2.895778561651241e-05,0.054989203810691833
Residual PPO,1015,0,0.0,0.0,-1.4601455926895142,0.21413566172122955,0.39239153265953064,True,0.45922550559043884,0.01915055699646473,0.006839871406555176,1.858260111475829e-05,0.79,4.2,4.2,0.006839275360107422,0.0,3.1763906008563936e-05,0.05576050654053688
Residual PPO,1016,0,0.0,0.0,-1.6580126285552979,-0.11461202055215836,0.3060871958732605,True,0.494822233915329,0.01882169023156166,0.0036991529632359743,2.37389267567778e-05,0.7825,4.3500000000000005,4.3500000000000005,0.003688335418701172,0.0,3.6118104617344216e-05,0.05453181639313698
Residual PPO,1017,0,0.0,0.0,-0.62247234582901,0.6426637768745422,0.4917738139629364,True,0.25498971343040466,0.012844742275774479,0.010344062931835651,7.2557045314169955e-06,0.8425,3.1500000000000004,3.1500000000000004,0.010333061218261719,0.0,2.990682696690783e-05,0.050358716398477554
Residual PPO,1018,0,0.0,0.0,-1.1090368032455444,-0.0900818482041359,0.4614541530609131,True,0.35859066247940063,0.017075959593057632,0.009289258159697056,1.357173914584564e-05,0.8125,3.75,3.75,0.009282112121582031,0.0,3.0020570193300955e-05,0.05410560593008995
Residual PPO,1019,0,0.0,0.0,-1.674609661102295,-0.20800989866256714,0.34006524085998535,True,0.514828085899353,0.020960848778486252,0.004948955029249191,1.822301965148654e-05,0.7775,4.45,4.45,0.004947185516357422,0.0,3.52579663740471e-05,0.05667103826999664
Residual PPO,1020,0,0.0,0.0,-1.1319496631622314,-0.4326494336128235,0.2227078378200531,True,0.31911933422088623,0.012227031402289867,0.000903709908016026,1.3788575415674131e-05,0.825,3.5,3.5,0.0006151199340820312,0.0,3.7560319469776005e-05,0.05772735923528671
Residual PPO,1021,0,0.0,0.0,-1.4384177923202515,-0.8382971882820129,0.49743902683258057,True,0.5359554290771484,0.029659701511263847,0.010492485947906971,3.0480723580694757e-05,0.7675,4.65,4.65,0.010480880737304688,0.0,3.4828677598852664e-05,0.05463282763957977
Residual PPO,1022,0,0.0,0.0,-1.999210000038147,0.8368335366249084,0.37694433331489563,True,0.6856614947319031,0.029940199106931686,0.006273310631513596,2.497606328688562e-05,0.7475,5.050000000000001,5.050000000000001,0.0062732696533203125,0.0,3.501401442917995e-05,0.05289324373006821
Residual PPO,1023,0,0.0,0.0,-1.4916963577270508,0.8117974996566772,0.4728805720806122,True,0.5421852469444275,0.0260738767683506,0.00964532233774662,3.221473525627516e-05,0.7725,4.55,4.55,0.009636878967285156,0.0,3.101288893958554e-05,0.05355868861079216
Residual PPO,1024,0,0.0,0.0,-1.51630699634552,-0.48329436779022217,0.3110935389995575,True,0.4610966444015503,0.018551960587501526,0.003881096839904785,2.3821952709113248e-05,0.7925,4.15,4.15,0.003872394561767578,0.0,3.8642498111585155e-05,0.056165050715208054
Residual PPO,1025,0,0.0,0.0,-0.7683239579200745,0.258014976978302,0.24864348769187927,True,0.20762118697166443,0.007234308402985334,0.001686630304902792,5.382567451306386e-06,0.8575,2.85,2.85,0.0015974044799804688,0.0,3.6361616366775706e-05,0.05492113158106804
Residual PPO,1026,0,0.0,0.0,-1.7438942193984985,0.19023452699184418,0.2583710551261902,True,0.509953498840332,0.017274774610996246,0.0020020385272800922,1.5804791473783553e-05,0.78,4.4,4.4,0.0019388198852539062,0.0,3.780873157666065e-05,0.0565347783267498
Residual PPO,1027,0,0.0,0.0,-1.9580382108688354,0.12429128587245941,0.36954861879348755,True,0.6339989900588989,0.028007719665765762,0.005995755549520254,2.9756920412182808e-05,0.7525,4.95,4.95,0.005995750427246094,0.0,3.274477057857439e-05,0.05602428689599037
Residual PPO,1028,0,0.0,0.0,-0.7757433652877808,-0.22796711325645447,0.4025936424732208,True,0.23994915187358856,0.011350352317094803,0.007213898003101349,1.2916766536363866e-05,0.8475,3.0500000000000003,3.0500000000000003,0.007212638854980469,0.0,3.6491335777100176e-05,0.05677872151136398
Residual PPO,1029,0,0.0,0.0,-0.7448340058326721,0.6458722352981567,0.214758962392807,True,0.2371533215045929,0.008169654756784439,0.0007768401992507279,3.2304915293934755e-06,0.8575,2.85,2.85,0.00034046173095703125,0.0,3.6743782402481884e-05,0.05146240442991257
Residual PPO,1030,0,0.0,0.0,-1.6447029113769531,-0.9496257901191711,0.4438457489013672,True,0.5955281257629395,0.031078556552529335,0.008641497232019901,3.102056143688969e-05,0.7625,4.75,4.75,0.008636474609375,0.0,3.807864777627401e-05,0.05486126244068146
Residual PPO,1031,0,0.0,0.0,-0.9611496329307556,0.9009804725646973,0.39864641427993774,True,0.36069607734680176,0.014625695534050465,0.0070791481994092464,1.0611074685584754e-05,0.8225,3.5500000000000003,3.5500000000000003,0.0070781707763671875,0.0,3.718184962053783e-05,0.05111182481050491
Residual PPO,1032,0,0.0,0.0,-0.6833899617195129,-0.5306191444396973,0.49894750118255615,True,0.2602449357509613,0.014496737159788609,0.010577704757452011,1.2755440366163384e-05,0.8325,3.35,3.35,0.010565757751464844,0.0,3.37668061547447e-05,0.05468523129820824
Residual PPO,1033,0,0.0,0.0,-0.7577928304672241,0.7459949851036072,0.4761985242366791,True,0.3014245629310608,0.014047013595700264,0.009787026792764664,1.764213084243238e-05,0.8325,3.35,3.35,0.009778022766113281,0.0,3.062750329263508e-05,0.05158557370305061
Residual PPO,1034,0,0.0,0.0,-0.5296080112457275,-0.6777904629707336,0.22327283024787903,True,0.20482997596263885,0.009737574495375156,0.0009202964720316231,1.0575606211205013e-05,0.8525,2.95,2.95,0.0006427764892578125,0.0,4.088414425496012e-05,0.05516786500811577
Residual PPO,1035,0,0.0,0.0,-1.5201642513275146,-0.23973245918750763,0.436818927526474,True,0.5005165338516235,0.024039169773459435,0.008398514240980148,2.8070231564925052e-05,0.7775,4.45,4.45,0.008394241333007812,0.0,3.129054312012158e-05,0.054543595761060715
Residual PPO,1036,0,0.0,0.0,-1.558912754058838,0.6018440127372742,0.34900519251823425,True,0.49636030197143555,0.018744464963674545,0.005269885063171387,2.006366958084982e-05,0.785,4.3,4.3,0.005269050598144531,0.0,3.439545616856776e-05,0.05180274695158005
Residual PPO,1037,0,0.0,0.0,-1.5164998769760132,-0.3818822205066681,0.38270920515060425,True,0.4807579517364502,0.021110840141773224,0.006482794415205717,2.308582406840287e-05,0.785,4.3,4.3,0.006482601165771484,0.0,3.4506556403357536e-05,0.05553215369582176
Residual PPO,1038,0,0.0,0.0,-1.5098652839660645,-0.8029577136039734,0.31811848282814026,True,0.4864528477191925,0.02071700245141983,0.004146654158830643,1.9305562091176398e-05,0.79,4.2,4.2,0.004140377044677734,0.0,4.174105197307654e-05,0.05634520575404167
Residual PPO,1039,0,0.0,0.0,-0.6960156559944153,-0.0387578122317791,0.3661683201789856,True,0.20191071927547455,0.009069062769412994,0.005900407675653696,1.5028687812446151e-05,0.86,2.8000000000000003,2.8000000000000003,0.005900382995605469,0.0,3.283248224761337e-05,0.05457356944680214
Residual PPO,1040,0,0.0,0.0,-0.7547146081924438,0.5635512471199036,0.4134989380836487,True,0.2632780075073242,0.011347396299242973,0.007605741731822491,1.2641932698898017e-05,0.845,3.1,3.1,0.007603645324707031,0.0,3.1894462154014036e-05,0.0505857914686203
Residual PPO,1041,0,0.0,0.0,-0.6478168964385986,-0.19675222039222717,0.46515655517578125,True,0.21441344916820526,0.011732560582458973,0.009408990852534771,1.696733852440957e-05,0.855,2.9000000000000004,2.9000000000000004,0.009401321411132812,0.0,3.134053622488864e-05,0.05626041814684868
Residual PPO,1042,0,0.0,0.0,-1.463887333869934,-0.25558269023895264,0.3728010952472687,True,0.4538705050945282,0.01926535926759243,0.00613022455945611,2.076398959616199e-05,0.7925,4.15,4.15,0.006130218505859375,0.0,3.403717710170895e-05,0.05474351346492767
Residual PPO,1043,0,0.0,0.0,-1.7490100860595703,-0.7958716750144958,0.31946444511413574,True,0.5642242431640625,0.02418181486427784,0.004192560911178589,2.1603709683404304e-05,0.7725,4.55,4.55,0.0041866302490234375,0.0,4.1297098505310714e-05,0.05651281028985977
Residual PPO,1044,0,0.0,0.0,-1.981444239616394,0.7169352173805237,0.20961801707744598,True,0.5992311835289001,0.018117617815732956,0.0007362143369391561,1.5542596884188242e-05,0.7675,4.65,4.65,0.00012683868408203125,0.0,4.175200228928588e-05,0.05522153526544571
Residual PPO,1045,0,0.0,0.0,-0.7272861003875732,-0.39523494243621826,0.4158290922641754,True,0.24043115973472595,0.011921352706849575,0.00768606411293149,1.370856352878036e-05,0.8475,3.0500000000000003,3.0500000000000003,0.007683753967285156,0.0,3.649918653536588e-05,0.05597039312124252
Residual PPO,1046,0,0.0,0.0,-1.868130087852478,0.6265861392021179,0.39649125933647156,True,0.631199836730957,0.02813066728413105,0.006969756912440062,2.7617479645414278e-05,0.755,4.9,4.9,0.006968975067138672,0.0,3.281731915194541e-05,0.05283579230308533
Residual PPO,1047,0,0.0,0.0,-1.1699552536010742,-0.14992530643939972,0.29876548051834106,True,0.3337308168411255,0.012694326229393482,0.0034499196335673332,1.4883230505802203e-05,0.82,3.6,3.6,0.0034356117248535156,0.0,3.581165583455004e-05,0.05663987994194031
Residual PPO,1048,0,0.0,0.0,-0.9076822996139526,-0.7630760073661804,0.4824531674385071,True,0.3474729061126709,0.0179937444627285,0.010012884624302387,1.3787170246359892e-05,0.81,3.8000000000000003,3.8000000000000003,0.010003089904785156,0.0,3.533685230650008e-05,0.056852154433727264
Residual PPO,1049,0,0.0,0.0,-1.6127384901046753,0.09402617067098618,0.43331217765808105,True,0.5319633483886719,0.025200750678777695,0.008279870264232159,2.606411544547882e-05,0.77,4.6000000000000005,4.6000000000000005,0.008275985717773438,0.0,3.021694465132896e-05,0.054495058953762054
Residual PPO,1050,0,0.0,0.0,-1.2507070302963257,-0.40418457984924316,0.49881017208099365,True,0.435098797082901,0.022915424779057503,0.010547056794166565,2.5346645998070017e-05,0.7925,4.15,4.15,0.010535240173339844,0.0,3.057906360481866e-05,0.05565796419978142
Residual PPO,1051,0,0.0,0.0,-0.8433747291564941,-0.6024307608604431,0.2584548592567444,True,0.26431789994239807,0.011323736049234867,0.0020110695622861385,1.1554316188266966e-05,0.8425,3.1500000000000004,3.1500000000000004,0.0019488334655761719,0.0,3.8478916394524276e-05,0.05782900005578995
Residual PPO,1052,0,0.0,0.0,-1.577463150024414,-0.03658809885382652,0.32490968704223633,True,0.47278934717178345,0.018222589045763016,0.004399011377245188,1.7068179658963345e-05,0.7875,4.25,4.25,0.00439453125,0.0,3.500355524010956e-05,0.05524266138672829
Residual PPO,1053,0,0.0,0.0,-0.7320424914360046,-0.38764455914497375,0.44851720333099365,True,0.24837136268615723,0.012827897444367409,0.00884433463215828,1.0709512025641743e-05,0.845,3.1,3.1,0.008838653564453125,0.0,3.602297874749638e-05,0.05578303709626198
Residual PPO,1054,0,0.0,0.0,-1.9604523181915283,0.6108824014663696,0.3443475067615509,True,0.6391269564628601,0.025665367022156715,0.005099654197692871,2.1521114831557497e-05,0.755,4.9,4.9,0.0050983428955078125,0.0,3.484204353298992e-05,0.054321855306625366
Residual PPO,1055,0,0.0,0.0,-0.8035520911216736,-0.8197364807128906,0.37500709295272827,True,0.3062325417995453,0.0146825285628438,0.006228003650903702,1.1947429811698385e-05,0.8225,3.5500000000000003,3.5500000000000003,0.006227970123291016,0.0,4.855276711168699e-05,0.0686565712094307
Residual PPO,1056,0,0.0,0.0,-0.6173267960548401,-0.7547652125358582,0.33817118406295776,True,0.24839964509010315,0.011969815008342266,0.004886659327894449,1.3843806300428696e-05,0.835,3.3000000000000003,3.3000000000000003,0.0048847198486328125,0.0,4.1557195800123736e-05,0.05485446751117706
Residual PPO,1057,0,0.0,0.0,-1.4013786315917969,-0.020997419953346252,0.2980625629425049,True,0.40564143657684326,0.01490121427923441,0.003426517592743039,1.451965727028437e-05,0.8025,3.95,3.95,0.0034117698669433594,0.0,3.6218527384335175e-05,0.0564812608063221
Residual PPO,1058,0,0.0,0.0,-1.9344123601913452,-0.6835842132568359,0.34246277809143066,True,0.6312327980995178,0.028171991929411888,0.0050116428174078465,3.0444767617154866e-05,0.7575,4.8500000000000005,4.8500000000000005,0.005010128021240234,0.0,3.878829738823697e-05,0.05684269219636917
Residual PPO,1059,0,0.0,0.0,-1.3239208459854126,-0.34795770049095154,0.3298633396625519,True,0.39726656675338745,0.016073452308773994,0.0045724413357675076,2.0310902982600965e-05,0.805,3.9000000000000004,3.9000000000000004,0.004569053649902344,0.0,3.670670776045881e-05,0.054955821484327316
Residual PPO,1060,0,0.0,0.0,-0.5232435464859009,-0.8263487219810486,0.4775193929672241,True,0.26284900307655334,0.01466824859380722,0.009829203598201275,2.043063796008937e-05,0.825,3.5,3.5,0.009819984436035156,0.0,3.732413097168319e-05,0.052358414977788925
Residual PPO,1061,0,0.0,0.0,-1.0766786336898804,0.09924349933862686,0.28927016258239746,True,0.3013931214809418,0.010866858996450901,0.0031151194125413895,9.97618099063402e-06,0.8275,3.45,3.45,0.0030946731567382812,0.0,3.347654273966327e-05,0.055966950953006744
Residual PPO,1062,0,0.0,0.0,-1.020176649093628,-0.6513675451278687,0.4292861223220825,True,0.3527791202068329,0.016931327059864998,0.00814889743924141,2.018787563429214e-05,0.815,3.7,3.7,0.008145332336425781,0.0,3.599182309699245e-05,0.05415168032050133
Residual PPO,1063,0,0.0,0.0,-0.5567145943641663,0.6067063212394714,0.2895512878894806,True,0.2001395970582962,0.007652668748050928,0.003128601238131523,7.544506388512673e-06,0.87,2.6,2.6,0.003108501434326172,0.0,2.833274265867658e-05,0.049730684608221054
Residual PPO,1064,0,0.0,0.0,-1.6129041910171509,-0.13716638088226318,0.24278511106967926,True,0.4604463279247284,0.016068242490291595,0.0014716737205162644,1.713128949631937e-05,0.79,4.2,4.2,0.0013566017150878906,0.0,3.937203291570768e-05,0.055054496973752975
Residual PPO,1065,0,0.0,0.0,-0.5033138990402222,-0.5932050347328186,0.453745573759079,True,0.21397964656352997,0.012054307386279106,0.009028063155710697,1.0082629160024226e-05,0.845,3.1,3.1,0.009021759033203125,0.0,3.362805728102103e-05,0.056316182017326355
Residual PPO,1066,0,0.0,0.0,-1.3762075901031494,0.32575497031211853,0.20805609226226807,True,0.38269710540771484,0.011865431442856789,0.000734869041480124,1.1166843250975944e-05,0.8075,3.85,3.85,7.677078247070312e-05,0.0,3.8107777072582394e-05,0.05479497089982033
Residual PPO,1067,0,0.0,0.0,-0.6176835894584656,0.9055254459381104,0.20151829719543457,True,0.25913769006729126,0.010138627141714096,0.0007733528036624193,1.1462875590950716e-06,0.84,3.2,3.2,0.0,0.0,3.2689484214643016e-05,0.04732120409607887
Residual PPO,1068,0,0.0,0.0,-0.7787961959838867,0.5352519750595093,0.25048118829727173,True,0.23579704761505127,0.008046532981097698,0.0017451985040679574,7.235290468088351e-06,0.855,2.9000000000000004,2.9000000000000004,0.0016617774963378906,0.0,3.756290607270785e-05,0.05689382180571556
Residual PPO,1069,0,0.0,0.0,-0.5076419115066528,0.8446078896522522,0.24751581251621246,True,0.233356773853302,0.009373721666634083,0.0016481367638334632,4.902690307062585e-06,0.845,3.1,3.1,0.0015549659729003906,0.0,2.91042906610528e-05,0.04623532295227051
Residual PPO,1070,0,0.0,0.0,-1.6644020080566406,0.9533751606941223,0.22921264171600342,True,0.5262418985366821,0.016609590500593185,0.001065391581505537,1.434242949471809e-05,0.785,4.3,4.3,0.0008563995361328125,0.0,4.268900374881923e-05,0.05445069819688797
Residual PPO,1071,0,0.0,0.0,-1.6379417181015015,0.7469041347503662,0.26974478363990784,True,0.5082069039344788,0.016755225136876106,0.0024014052469283342,1.6636220607324503e-05,0.785,4.3,4.3,0.0023593902587890625,0.0,3.896854832419194e-05,0.05516229197382927
Residual PPO,1072,0,0.0,0.0,-1.22187077999115,0.3675197660923004,0.4661308228969574,True,0.4093969762325287,0.018889451399445534,0.009428090415894985,2.451166983519215e-05,0.8,4.0,4.0,0.009420394897460938,0.0,2.908472015406005e-05,0.05442333593964577
Residual PPO,1073,0,0.0,0.0,-1.5133368968963623,0.8512749075889587,0.3800120949745178,True,0.5137246251106262,0.02030070498585701,0.006397361401468515,1.7574249795870855e-05,0.785,4.3,4.3,0.006397247314453125,0.0,3.4934513678308576e-05,0.05418814718723297
Residual PPO,1074,0,0.0,0.0,-0.5001789927482605,-0.2884053587913513,0.4962819218635559,True,0.18452243506908417,0.011624987237155437,0.01050298847258091,5.358542694011703e-06,0.8625,2.75,2.75,0.010491371154785156,0.0,2.989883068948984e-05,0.054845720529556274
Residual PPO,1075,0,0.0,0.0,-0.8189709782600403,0.9466501474380493,0.23914383351802826,True,0.30818530917167664,0.011324567720293999,0.001376754604279995,4.068169346282957e-06,0.835,3.3000000000000003,3.3000000000000003,0.0012459754943847656,0.0,3.9092174120014533e-05,0.04984830319881439
Residual PPO,1076,0,0.0,0.0,-1.445397138595581,-0.562984049320221,0.45283621549606323,True,0.4946329891681671,0.02471805550158024,0.008953460492193699,3.052285319427028e-05,0.7825,4.3500000000000005,4.3500000000000005,0.008947372436523438,0.0,3.34107389790006e-05,0.05530257523059845
Residual PPO,1077,0,0.0,0.0,-0.6151338219642639,-0.8893533945083618,0.2694230377674103,True,0.2660285532474518,0.012759940698742867,0.0023983505088835955,1.127683117374545e-05,0.8275,3.45,3.45,0.0023565292358398438,0.0,4.4798282033298165e-05,0.061846207827329636
Residual PPO,1078,0,0.0,0.0,-0.6580581068992615,-0.6858707666397095,0.23459486663341522,True,0.2314525544643402,0.010550661943852901,0.0012264832621440291,9.470153599977493e-06,0.845,3.1,3.1,0.0010662078857421875,0.0,4.526311386143789e-05,0.0681757777929306
Residual PPO,1079,0,0.0,0.0,-0.5874135494232178,0.8651593327522278,0.4896434247493744,True,0.2828395366668701,0.014003831893205643,0.01028369553387165,2.725627382460516e-06,0.83,3.4000000000000004,3.4000000000000004,0.010272979736328125,0.0,3.117424785159528e-05,0.048200059682130814
Residual PPO,1080,0,0.0,0.0,-0.6397119164466858,0.7102972865104675,0.367546945810318,True,0.24638023972511292,0.01018393225967884,0.005969057325273752,6.328351446427405e-06,0.85,3.0,3.0,0.005969047546386719,0.0,3.0383576813619584e-05,0.05107704922556877
Residual PPO,1081,0,0.0,0.0,-1.3320256471633911,0.8601993322372437,0.3006768822669983,True,0.43536776304244995,0.015148978680372238,0.003529487643390894,1.018291095533641e-05,0.805,3.9000000000000004,3.9000000000000004,0.0035161972045898438,0.0,3.811847636825405e-05,0.05115561932325363
Residual PPO,1082,0,0.0,0.0,-0.9581221342086792,-0.30673766136169434,0.3117980659008026,True,0.2785293757915497,0.011386706493794918,0.003936902619898319,8.711430382390972e-06,0.835,3.3000000000000003,3.3000000000000003,0.003928661346435547,0.0,3.5648656194098294e-05,0.05695311352610588
Residual PPO,1083,0,0.0,0.0,-1.3940625190734863,0.6289385557174683,0.21643398702144623,True,0.41007572412490845,0.012609317898750305,0.000793584855273366,1.0664884030120447e-05,0.805,3.9000000000000004,3.9000000000000004,0.0003886222839355469,0.0,3.9200651372084394e-05,0.05405750125646591
Residual PPO,1084,0,0.0,0.0,-0.7371216416358948,-0.8951173424720764,0.4071005880832672,True,0.30950862169265747,0.01549598015844822,0.007363000884652138,1.9573710233089514e-05,0.8175,3.6500000000000004,3.6500000000000004,0.007361412048339844,0.0,4.517088018474169e-05,0.055608294904232025
Residual PPO,1085,0,0.0,0.0,-0.7224554419517517,-0.08529454469680786,0.4138740301132202,True,0.22112040221691132,0.010674087330698967,0.007619136944413185,1.2533023436844815e-05,0.8525,2.95,2.95,0.007616996765136719,0.0,3.308123996248469e-05,0.05637222155928612
Residual PPO,1086,0,0.0,0.0,-0.7490203976631165,-0.7008727788925171,0.4387705326080322,True,0.2867248058319092,0.014609170146286488,0.008498967625200748,1.2496888302848674e-05,0.825,3.5,3.5,0.008494377136230469,0.0,4.1397881432203576e-05,0.05526653304696083
Residual PPO,1087,0,0.0,0.0,-1.2718281745910645,-0.8616007566452026,0.3274095356464386,True,0.42493703961372375,0.01865224726498127,0.004493757151067257,1.5187599274213426e-05,0.8025,3.95,3.95,0.004489898681640625,0.0,4.246379103278741e-05,0.05723519250750542
Residual PPO,1088,0,0.0,0.0,-1.148199200630188,-0.9221230149269104,0.4605681300163269,True,0.43281158804893494,0.02176523581147194,0.009238620288670063,2.279863110743463e-05,0.7925,4.15,4.15,0.0092315673828125,0.0,3.8189857150428e-05,0.05627141147851944
Residual PPO,1089,0,0.0,0.0,-1.8535881042480469,0.5890284776687622,0.37915652990341187,True,0.6145689487457275,0.026189425960183144,0.0063577559776604176,2.2602975150221027e-05,0.76,4.800000000000001,4.800000000000001,0.006357669830322266,0.0,3.324971839901991e-05,0.05512060597538948
Residual PPO,1090,0,0.0,0.0,-0.9845758080482483,-0.6573527455329895,0.30003631114959717,True,0.3150636851787567,0.013553103432059288,0.0035006410907953978,1.2649662494368386e-05,0.83,3.4000000000000004,3.4000000000000004,0.003487110137939453,0.0,3.8386588130379096e-05,0.05768938735127449
Residual PPO,1091,0,0.0,0.0,-1.8845704793930054,-0.6914018392562866,0.36124923825263977,True,0.6221154928207397,0.028546929359436035,0.005690254736691713,3.2085401471704245e-05,0.76,4.800000000000001,4.800000000000001,0.005690097808837891,0.0,3.7966987292747945e-05,0.05347930267453194
Residual PPO,1092,0,0.0,0.0,-1.9696727991104126,-0.2278679758310318,0.31251582503318787,True,0.6117554306983948,0.02473466284573078,0.003925046883523464,2.8546592147904448e-05,0.76,4.800000000000001,4.800000000000001,0.003916740417480469,0.0,3.634329550550319e-05,0.056606680154800415
Residual PPO,1093,0,0.0,0.0,-0.8791002631187439,0.07968070358037949,0.43002596497535706,True,0.2733713686466217,0.01256620604544878,0.008186180144548416,1.3415681678452529e-05,0.835,3.3000000000000003,3.3000000000000003,0.008182525634765625,0.0,3.1737450626678765e-05,0.05455237254500389
Residual PPO,1094,0,0.0,0.0,-0.9031349420547485,-0.5643354058265686,0.2514164447784424,True,0.2737323045730591,0.011451330035924911,0.001767573761753738,1.1913247362826951e-05,0.8425,3.1500000000000004,3.1500000000000004,0.0016865730285644531,0.0,3.667227065307088e-05,0.05702207610011101
Residual PPO,1095,0,0.0,0.0,-1.3096781969070435,-0.4019305408000946,0.2943161725997925,True,0.3864879012107849,0.015200190246105194,0.0032928581349551678,1.3300422324391548e-05,0.8075,3.85,3.85,0.0032758712768554688,0.0,3.847349944408052e-05,0.05379455164074898
Residual PPO,1096,0,0.0,0.0,-0.5565752387046814,0.7886120080947876,0.27283963561058044,True,0.23160295188426971,0.009051751345396042,0.0025395737029612064,1.7456519572078832e-06,0.85,3.0,3.0,0.002502918243408203,0.0,2.9352713681873865e-05,0.046985700726509094
Residual PPO,1097,0,0.0,0.0,-1.3080552816390991,0.037033263593912125,0.27344202995300293,True,0.3694742023944855,0.013029132038354874,0.0025473684072494507,9.136680091614835e-06,0.81,3.8000000000000003,3.8000000000000003,0.0025110244750976562,0.0,3.658982677734457e-05,0.056673675775527954
Residual PPO,1098,0,0.0,0.0,-1.2224541902542114,-0.25077617168426514,0.4742331802845001,True,0.40753012895584106,0.02020401693880558,0.009726636111736298,1.5817760868230835e-05,0.8,4.0,4.0,0.009717941284179688,0.0,3.0371804314199835e-05,0.05321934074163437
Residual PPO,1099,0,0.0,0.0,-1.9130916595458984,0.09447009861469269,0.36984628438949585,True,0.6162301898002625,0.026998097077012062,0.006012442987412214,2.6932717446470633e-05,0.7575,4.8500000000000005,4.8500000000000005,0.006012439727783203,0.0,3.2723961339797825e-05,0.054744407534599304
PD+FF,1000,2,0.1,100.0,-1.2179213762283325,0.20768369734287262,0.34128254652023315,True,0.3868716359138489,0.04436219483613968,0.0001167649679700844,5.730273915105499e-05,0.7375,5.25,5.25,0.0,0.0,9.637215043767355e-06,0.011722078546881676
PD+FF,1001,2,0.1,100.0,-1.0811076164245605,-0.9685990810394287,0.25630688667297363,True,0.4056321680545807,0.044321611523628235,0.00012185989908175543,5.942037751083262e-05,0.7375,5.25,5.25,0.0,0.0,1.261626948689809e-05,0.012867393903434277
PD+FF,1002,2,0.1,100.0,-1.428768277168274,-0.28562131524086,0.4242836833000183,True,0.48244616389274597,0.057635191828012466,0.00015103408077266067,7.375191489700228e-05,0.71,5.800000000000001,5.800000000000001,0.0,0.0,1.0333716090826783e-05,0.012872499413788319
PD+FF,1003,2,0.1,100.0,-1.7183640003204346,-0.48658838868141174,0.34840381145477295,True,0.5652881264686584,0.06678308546543121,0.00018197661847807467,8.8973218225874e-05,0.695,6.1000000000000005,6.1000000000000005,0.0,0.0,1.4125908819551114e-05,0.01478355098515749
PD+FF,1004,2,0.1,100.0,-1.998679280281067,-0.7396973967552185,0.24154320359230042,True,0.6409474015235901,0.07400897145271301,0.00020182933076284826,9.864171443041414e-05,0.685,6.300000000000001,6.300000000000001,0.0,0.0,2.033428245340474e-05,0.01745244860649109
PD+FF,1005,2,0.1,100.0,-1.8766711950302124,0.8611240983009338,0.28618520498275757,True,0.6253758072853088,0.07243812829256058,0.00019847230578307062,9.703548857942224e-05,0.6875,6.25,6.25,0.0,0.0,1.9510043784976006e-05,0.016757141798734665
PD+FF,1006,2,0.1,100.0,-1.4946178197860718,0.20171388983726501,0.28934937715530396,True,0.4622567892074585,0.052956193685531616,0.00012903130846098065,6.43843668513e-05,0.72,5.6000000000000005,5.6000000000000005,0.0,0.0,1.3437071174848825e-05,0.01376703567802906
PD+FF,1007,2,0.1,100.0,-1.8931626081466675,0.6319606900215149,0.39287856221199036,True,0.6549636721611023,0.08154424279928207,0.0002087875036522746,0.00010314986138837412,0.675,6.5,6.5,0.0,0.0,1.3406037396634929e-05,0.013956942595541477
PD+FF,1008,2,0.1,100.0,-1.749120831489563,0.6261014938354492,0.26522985100746155,True,0.5589333176612854,0.06407903134822845,0.00016283339937217534,8.080119005171582e-05,0.7,6.0,6.0,0.0,0.0,1.8123913832823746e-05,0.01610814966261387
PD+FF,1009,2,0.1,100.0,-1.9152493476867676,-0.3461688160896301,0.2149554342031479,True,0.583739697933197,0.06692012399435043,0.00017758642206899822,8.678732410771772e-05,0.695,6.1000000000000005,6.1000000000000005,0.0,0.0,1.8732889657258056e-05,0.016820095479488373
PD+FF,1010,2,0.1,100.0,-1.8575115203857422,0.07161146402359009,0.4753030240535736,True,0.6673245429992676,0.09166990965604782,0.0002594470570329577,0.00012558094749692827,0.6625,6.75,6.75,0.0,0.0,8.310179509862792e-06,0.011805246584117413
PD+FF,1011,2,0.1,100.0,-1.57381272315979,0.12664707005023956,0.26378002762794495,True,0.4795854985713959,0.054800473153591156,0.0001380861212965101,6.865169416414574e-05,0.715,5.7,5.7,0.0,0.0,1.4447241483139805e-05,0.014281997457146645
PD+FF,1012,2,0.1,100.0,-1.5405192375183105,0.561293363571167,0.2715309262275696,True,0.4902825951576233,0.055700547993183136,0.0001459768391214311,7.192375778686255e-05,0.715,5.7,5.7,0.0,0.0,1.571930988575332e-05,0.014576617628335953
PD+FF,1013,2,0.1,100.0,-0.8082606196403503,-0.8420410752296448,0.401797890663147,True,0.34258589148521423,0.038140807300806046,0.00010927492985501885,5.299056283547543e-05,0.7525,4.95,4.95,0.0,0.0,9.016125659400132e-06,0.010678821243345737
PD+FF,1014,2,0.1,100.0,-1.3467140197753906,0.1714046150445938,0.4693894386291504,True,0.4666998088359833,0.05679973214864731,0.00016636541113257408,8.014353807084262e-05,0.7125,5.75,5.75,0.0,0.0,8.554312444175594e-06,0.011862906627357006
PD+FF,1015,2,0.1,100.0,-1.4601455926895142,0.21413566172122955,0.39239153265953064,True,0.48023122549057007,0.05674746260046959,0.0001447700778953731,7.171995093813166e-05,0.7125,5.75,5.75,0.0,0.0,1.1233882105443627e-05,0.013398307375609875
PD+FF,1016,2,0.1,100.0,-1.6580126285552979,-0.11461202055215836,0.3060871958732605,True,0.5186108350753784,0.060276687145233154,0.0001694640814093873,8.23473310447298e-05,0.705,5.9,5.9,0.0,0.0,1.4217879652278498e-05,0.015015100128948689
PD+FF,1017,2,0.1,100.0,-0.62247234582901,0.6426637768745422,0.4917738139629364,True,0.2810869812965393,0.0320403166115284,8.121025166474283e-05,4.022214125143364e-05,0.77,4.6000000000000005,4.6000000000000005,0.0,0.0,6.21173603576608e-06,0.008657027967274189
PD+FF,1018,2,0.1,100.0,-1.1090368032455444,-0.0900818482041359,0.4614541530609131,True,0.38081127405166626,0.04527837038040161,0.00010509040293982252,5.33751372131519e-05,0.735,5.300000000000001,5.300000000000001,0.0,0.0,8.37531842989847e-06,0.011174631305038929
PD+FF,1019,2,0.1,100.0,-1.674609661102295,-0.20800989866256714,0.34006524085998535,True,0.5364171266555786,0.06313420832157135,0.00015754261403344572,7.825563807273284e-05,0.7,6.0,6.0,0.0,0.0,1.323598644376034e-05,0.01462048850953579
PD+FF,1020,2,0.1,100.0,-1.1319496631622314,-0.4326494336128235,0.2227078378200531,True,0.3469763696193695,0.03821437805891037,0.00010545705299591646,5.1128154154866934e-05,0.7525,4.95,4.95,0.0,0.0,8.82570839166874e-06,0.011146476492285728
PD+FF,1021,2,0.1,100.0,-1.4384177923202515,-0.8382971882820129,0.49743902683258057,True,0.5537118315696716,0.06856789439916611,0.0001753433170961216,8.694106509210542e-05,0.6925,6.15,6.15,0.0,0.0,1.1642695426417049e-05,0.012006244622170925
PD+FF,1022,2,0.1,100.0,-1.999210000038147,0.8368335366249084,0.37694433331489563,True,0.7016277313232422,0.08741649985313416,0.0002216901775682345,0.00010984973778249696,0.6675,6.65,6.65,0.0,0.0,1.5674606402171776e-05,0.014535721391439438
PD+FF,1023,2,0.1,100.0,-1.4916963577270508,0.8117974996566772,0.4728805720806122,True,0.5591055750846863,0.06854824721813202,0.00019551867444533855,9.45695283007808e-05,0.6925,6.15,6.15,0.0,0.0,1.2149610483902507e-05,0.012531672604382038
PD+FF,1024,2,0.1,100.0,-1.51630699634552,-0.48329436779022217,0.3110935389995575,True,0.4876224398612976,0.056039102375507355,0.00015902839368209243,7.7269651228562e-05,0.7125,5.75,5.75,0.0,0.0,1.4694946912641171e-05,0.014311844483017921
PD+FF,1025,2,0.1,100.0,-0.7683239579200745,0.258014976978302,0.24864348769187927,True,0.23452405631542206,0.025683850049972534,6.406680040527135e-05,3.184811066603288e-05,0.795,4.1000000000000005,4.1000000000000005,0.0,0.0,4.241000624460867e-06,0.007788661401718855
PD+FF,1026,2,0.1,100.0,-1.7438942193984985,0.19023452699184418,0.2583710551261902,True,0.5349304676055908,0.06157271936535835,0.00015885982429608703,7.84108488005586e-05,0.705,5.9,5.9,0.0,0.0,1.6179859812837094e-05,0.015468413941562176
PD+FF,1027,2,0.1,100.0,-1.9580382108688354,0.12429128587245941,0.36954861879348755,True,0.6499403119087219,0.08094419538974762,0.00021570303943008184,0.0001060023350873962,0.675,6.5,6.5,0.0,0.0,1.199355028802529e-05,0.014170162379741669
PD+FF,1028,2,0.1,100.0,-0.7757433652877808,-0.22796711325645447,0.4025936424732208,True,0.2640106976032257,0.030230622738599777,8.072151831584051e-05,3.9487018511863425e-05,0.7775,4.45,4.45,0.0,0.0,4.8644974413036834e-06,0.008272755891084671
PD+FF,1029,2,0.1,100.0,-0.7448340058326721,0.6458722352981567,0.214758962392807,True,0.2677890658378601,0.028778066858649254,7.434690633090213e-05,3.665784970507957e-05,0.7825,4.3500000000000005,4.3500000000000005,0.0,0.0,6.029763881088002e-06,0.009170306846499443
PD+FF,1030,2,0.1,100.0,-1.6447029113769531,-0.9496257901191711,0.4438457489013672,True,0.6146089434623718,0.07532018423080444,0.00019530979625415057,9.681258234195411e-05,0.6825,6.3500000000000005,6.3500000000000005,0.0,0.0,1.4506828847515862e-05,0.01337954867631197
PD+FF,1031,2,0.1,100.0,-0.9611496329307556,0.9009804725646973,0.39864641427993774,True,0.3900958299636841,0.04375806823372841,0.00011415509652579203,5.613136454485357e-05,0.74,5.2,5.2,0.0,0.0,1.1223948604310863e-05,0.011803730390965939
PD+FF,1032,2,0.1,100.0,-0.6833899617195129,-0.5306191444396973,0.49894750118255615,True,0.2842784821987152,0.032919108867645264,7.8762968769297e-05,3.910448504029773e-05,0.7675,4.65,4.65,0.0,0.0,6.048015620763181e-06,0.008665267378091812
PD+FF,1033,2,0.1,100.0,-0.7577928304672241,0.7459949851036072,0.4761985242366791,True,0.32877177000045776,0.03743162378668785,0.00011472432379378006,5.441208486445248e-05,0.755,4.9,4.9,0.0,0.0,8.17237923911307e-06,0.009969957172870636
PD+FF,1034,2,0.1,100.0,-0.5296080112457275,-0.6777904629707336,0.22327283024787903,True,0.2290295660495758,0.02441774494946003,6.723235128447413e-05,3.2680141885066405e-05,0.8,4.0,4.0,0.0,0.0,4.6437880882876925e-06,0.008088109083473682
PD+FF,1035,2,0.1,100.0,-1.5201642513275146,-0.23973245918750763,0.436818927526474,True,0.5182667374610901,0.06316837668418884,0.00017246624338440597,8.443973638350144e-05,0.7,6.0,6.0,0.0,0.0,9.793249773792922e-06,0.012658306397497654
PD+FF,1036,2,0.1,100.0,-1.558912754058838,0.6018440127372742,0.34900519251823425,True,0.5195798277854919,0.06037925183773041,0.0001628386089578271,7.977293716976419e-05,0.705,5.9,5.9,0.0,0.0,1.4763684703211766e-05,0.014800580218434334
PD+FF,1037,2,0.1,100.0,-1.5164998769760132,-0.3818822205066681,0.38270920515060425,True,0.5025854110717773,0.059265077114105225,0.0001576933282194659,7.739878492429852e-05,0.7075,5.8500000000000005,5.8500000000000005,0.0,0.0,1.2173274626547936e-05,0.013819648884236813
PD+FF,1038,2,0.1,100.0,-1.5098652839660645,-0.8029577136039734,0.31811848282814026,True,0.5140998959541321,0.058691248297691345,0.00015298573998734355,7.5401650974527e-05,0.7075,5.8500000000000005,5.8500000000000005,0.0,0.0,1.690982753643766e-05,0.015037591569125652
PD+FF,1039,2,0.1,100.0,-0.6960156559944153,-0.0387578122317791,0.3661683201789856,True,0.225644052028656,0.025571336969733238,7.777101563988253e-05,3.745507274288684e-05,0.795,4.1000000000000005,4.1000000000000005,0.0,0.0,3.6315555007604416e-06,0.007240965496748686
PD+FF,1040,2,0.1,100.0,-0.7547146081924438,0.5635512471199036,0.4134989380836487,True,0.2901827096939087,0.03276551142334938,9.089127706829458e-05,4.557364809443243e-05,0.7675,4.65,4.65,0.0,0.0,6.311914603429614e-06,0.009066230617463589
PD+FF,1041,2,0.1,100.0,-0.6478168964385986,-0.19675222039222717,0.46515655517578125,True,0.23712487518787384,0.027644438669085503,8.502758282702416e-05,4.067187910550274e-05,0.785,4.3,4.3,0.0,0.0,4.011735654785298e-06,0.007377847097814083
PD+FF,1042,2,0.1,100.0,-1.463887333869934,-0.25558269023895264,0.3728010952472687,True,0.47676506638526917,0.05590902268886566,0.0001465136301703751,7.226239540614188e-05,0.7125,5.75,5.75,0.0,0.0,1.1986087883997243e-05,0.013725774362683296
PD+FF,1043,2,0.1,100.0,-1.7490100860595703,-0.7958716750144958,0.31946444511413574,True,0.5882886052131653,0.06833574175834656,0.00017563480651006103,8.684669592184946e-05,0.6925,6.15,6.15,0.0,0.0,1.755147968651727e-05,0.015896998345851898
PD+FF,1044,2,0.1,100.0,-1.981444239616394,0.7169352173805237,0.20961801707744598,True,0.6243400573730469,0.07134547084569931,0.00018849890329875052,9.271420276490971e-05,0.6875,6.25,6.25,0.0,0.0,2.1482330339495093e-05,0.017925597727298737
PD+FF,1045,2,0.1,100.0,-0.7272861003875732,-0.39523494243621826,0.4158290922641754,True,0.2647280991077423,0.030152341350913048,7.660767732886598e-05,3.903113611158915e-05,0.7775,4.45,4.45,0.0,0.0,5.105541731609264e-06,0.008292898535728455
PD+FF,1046,2,0.1,100.0,-1.868130087852478,0.6265861392021179,0.39649125933647156,True,0.646965742111206,0.08042233437299728,0.00021103722974658012,0.00010392595868324861,0.6775,6.45,6.45,0.0,0.0,1.3266640962683596e-05,0.013882262632250786
PD+FF,1047,2,0.1,100.0,-1.1699552536010742,-0.14992530643939972,0.29876548051834106,True,0.3598538637161255,0.04069053381681442,0.00011064001591876149,5.433260594145395e-05,0.7475,5.050000000000001,5.050000000000001,0.0,0.0,8.631884156784508e-06,0.01109499391168356
PD+FF,1048,2,0.1,100.0,-0.9076822996139526,-0.7630760073661804,0.4824531674385071,True,0.373308002948761,0.04304710030555725,0.00010044071677839383,5.094389780424535e-05,0.74,5.2,5.2,0.0,0.0,9.977220543078147e-06,0.011007707566022873
PD+FF,1049,2,0.1,100.0,-1.6127384901046753,0.09402617067098618,0.43331217765808105,True,0.5481485724449158,0.06772418320178986,0.00017750347615219653,8.761798380874097e-05,0.695,6.1000000000000005,6.1000000000000005,0.0,0.0,9.654439963924233e-06,0.012712692841887474
PD+FF,1050,2,0.1,100.0,-1.2507070302963257,-0.40418457984924316,0.49881017208099365,True,0.4529879689216614,0.05521189421415329,0.00014577701222151518,7.187771552708e-05,0.715,5.7,5.7,0.0,0.0,8.505277946824208e-06,0.011404788121581078
PD+FF,1051,2,0.1,100.0,-0.8433747291564941,-0.6024307608604431,0.2584548592567444,True,0.2914717495441437,0.031759824603796005,8.539483678760007e-05,4.187408558209427e-05,0.7725,4.55,4.55,0.0,0.0,6.742565801687306e-06,0.009556354954838753
PD+FF,1052,2,0.1,100.0,-1.577463150024414,-0.03658809885382652,0.32490968704223633,True,0.49656155705451965,0.05781122297048569,0.0001478413469158113,7.299656863324344e-05,0.71,5.800000000000001,5.800000000000001,0.0,0.0,1.3353698705032002e-05,0.014402574859559536
PD+FF,1053,2,0.1,100.0,-0.7320424914360046,-0.38764455914497375,0.44851720333099365,True,0.2724389135837555,0.03138723969459534,7.374965207418427e-05,3.670889782370068e-05,0.7725,4.55,4.55,0.0,0.0,5.33060347152059e-06,0.008427225053310394
PD+FF,1054,2,0.1,100.0,-1.9604523181915283,0.6108824014663696,0.3443475067615509,True,0.6566210389137268,0.07968012243509293,0.00020054397464264184,9.946768841473386e-05,0.6775,6.45,6.45,0.0,0.0,1.5122926015465055e-05,0.01503585372120142
PD+FF,1055,2,0.1,100.0,-0.8035520911216736,-0.8197364807128906,0.37500709295272827,True,0.33303993940353394,0.03685888648033142,9.205614333041012e-05,4.560437082545832e-05,0.7575,4.8500000000000005,4.8500000000000005,0.0,0.0,8.6073587226565e-06,0.010480327531695366
PD+FF,1056,2,0.1,100.0,-0.6173267960548401,-0.7547652125358582,0.33817118406295776,True,0.27356278896331787,0.029758870601654053,8.197516581276432e-05,3.9903145079733804e-05,0.7775,4.45,4.45,0.0,0.0,6.204410965438001e-06,0.008978530764579773
PD+FF,1057,2,0.1,100.0,-1.4013786315917969,-0.020997419953346252,0.2980625629425049,True,0.4316211938858032,0.04938815161585808,0.00012827747559640557,6.324458809103817e-05,0.7275,5.45,5.45,0.0,0.0,1.1781488865381107e-05,0.01290410477668047
PD+FF,1058,2,0.1,100.0,-1.9344123601913452,-0.6835842132568359,0.34246277809143066,True,0.6510971188545227,0.07846200466156006,0.00021193563588894904,0.0001039022026816383,0.68,6.4,6.4,0.0,0.0,1.5750652892165817e-05,0.01517514605075121
PD+FF,1059,2,0.1,100.0,-1.3239208459854126,-0.34795770049095154,0.3298633396625519,True,0.4237278699874878,0.04858000576496124,0.0001352127583231777,6.613305595237762e-05,0.7275,5.45,5.45,0.0,0.0,1.1532796634128317e-05,0.012661481276154518
PD+FF,1060,2,0.1,100.0,-0.5232435464859009,-0.8263487219810486,0.4775193929672241,True,0.2867426574230194,0.03185270354151726,9.163894719677046e-05,4.495304528973065e-05,0.7725,4.55,4.55,0.0,0.0,6.844110430392902e-06,0.008957373909652233
PD+FF,1061,2,0.1,100.0,-1.0766786336898804,0.09924349933862686,0.28927016258239746,True,0.32751306891441345,0.03679269552230835,9.276261698687449e-05,4.596090366248973e-05,0.7575,4.8500000000000005,4.8500000000000005,0.0,0.0,7.330919743253617e-06,0.010256617330014706
PD+FF,1062,2,0.1,100.0,-1.020176649093628,-0.6513675451278687,0.4292861223220825,True,0.37919220328330994,0.04358523711562157,0.00011784490197896957,5.7811641454463825e-05,0.74,5.2,5.2,0.0,0.0,9.947505532181822e-06,0.011333961971104145
PD+FF,1063,2,0.1,100.0,-0.5567145943641663,0.6067063212394714,0.2895512878894806,True,0.2282431572675705,0.02465876191854477,7.035956514300779e-05,3.436963743297383e-05,0.7975,4.05,4.05,0.0,0.0,4.43794442617218e-06,0.007720045745372772
PD+FF,1064,2,0.1,100.0,-1.6129041910171509,-0.13716638088226318,0.24278511106967926,True,0.4870063364505768,0.055440645664930344,0.00014955348160583526,7.343322795350105e-05,0.715,5.7,5.7,0.0,0.0,1.5012954463600181e-05,0.014501968398690224
PD+FF,1065,2,0.1,100.0,-0.5033138990402222,-0.5932050347328186,0.453745573759079,True,0.23680050671100616,0.02652161195874214,6.307176226982847e-05,3.238765202695504e-05,0.79,4.2,4.2,0.0,0.0,4.644011823984329e-06,0.007516062818467617
PD+FF,1066,2,0.1,100.0,-1.3762075901031494,0.32575497031211853,0.20805609226226807,True,0.4102589786052704,0.04565071314573288,0.00012274106848053634,6.0954578657401726e-05,0.735,5.300000000000001,5.300000000000001,0.0,0.0,1.163179967988981e-05,0.012785707600414753
PD+FF,1067,2,0.1,100.0,-0.6176835894584656,0.9055254459381104,0.20151829719543457,True,0.28967687487602234,0.030840063467621803,7.966099656186998e-05,3.903020842699334e-05,0.775,4.5,4.5,0.0,0.0,7.266883585543837e-06,0.01015453040599823
PD+FF,1068,2,0.1,100.0,-0.7787961959838867,0.5352519750595093,0.25048118829727173,True,0.2650970220565796,0.028811238706111908,7.93364379205741e-05,3.8888974813744426e-05,0.7825,4.3500000000000005,4.3500000000000005,0.0,0.0,5.654646884067915e-06,0.008817005902528763
PD+FF,1069,2,0.1,100.0,-0.5076419115066528,0.8446078896522522,0.24751581251621246,True,0.2617826759815216,0.027906429022550583,7.506408292101696e-05,3.6706253013107926e-05,0.785,4.3,4.3,0.0,0.0,5.990583758830326e-06,0.00916365347802639
PD+FF,1070,2,0.1,100.0,-1.6644020080566406,0.9533751606941223,0.22921264171600342,True,0.5553628206253052,0.06232593581080437,0.00016802780737634748,8.221350435633212e-05,0.7025,5.95,5.95,0.0,0.0,2.097856304317247e-05,0.016451643779873848
PD+FF,1071,2,0.1,100.0,-1.6379417181015015,0.7469041347503662,0.26974478363990784,True,0.53534996509552,0.060884907841682434,0.00016633483755867928,8.130227797664702e-05,0.705,5.9,5.9,0.0,0.0,1.8244800230604596e-05,0.01565161533653736
PD+FF,1072,2,0.1,100.0,-1.22187077999115,0.3675197660923004,0.4661308228969574,True,0.42939937114715576,0.0512295663356781,0.00014436981291510165,6.965380453038961e-05,0.7225,5.550000000000001,5.550000000000001,0.0,0.0,9.26551001612097e-06,0.011958626098930836
PD+FF,1073,2,0.1,100.0,-1.5133368968963623,0.8512749075889587,0.3800120949745178,True,0.5369136929512024,0.06239534914493561,0.00016187971050385386,7.98645123722963e-05,0.7025,5.95,5.95,0.0,0.0,1.5710254956502467e-05,0.014759221114218235
PD+FF,1074,2,0.1,100.0,-0.5001789927482605,-0.2884053587913513,0.4962819218635559,True,0.20586612820625305,0.024028195068240166,4.6493452828144655e-05,2.4969007426989265e-05,0.8,4.0,4.0,0.0,0.0,3.3035896649380447e-06,0.006803547032177448
PD+FF,1075,2,0.1,100.0,-0.8189709782600403,0.9466501474380493,0.23914383351802826,True,0.34000393748283386,0.03660428151488304,9.644416422815993e-05,4.758643626701087e-05,0.7575,4.8500000000000005,4.8500000000000005,0.0,0.0,9.479107575316448e-06,0.011347809806466103
PD+FF,1076,2,0.1,100.0,-1.445397138595581,-0.562984049320221,0.45283621549606323,True,0.5136445760726929,0.06211061030626297,0.00017234834376722574,8.33132944535464e-05,0.7025,5.95,5.95,0.0,0.0,1.0870302503462881e-05,0.012612520717084408
PD+FF,1077,2,0.1,100.0,-0.6151338219642639,-0.8893533945083618,0.2694230377674103,True,0.291849821805954,0.031299859285354614,8.219054143410176e-05,4.0492854168405756e-05,0.7725,4.55,4.55,0.0,0.0,7.225328772619832e-06,0.009935746900737286
PD+FF,1078,2,0.1,100.0,-0.6580581068992615,-0.6858707666397095,0.23459486663341522,True,0.2574751079082489,0.027630269527435303,7.21522665116936e-05,3.5527831641957164e-05,0.7875,4.25,4.25,0.0,0.0,5.656097073369892e-06,0.008839339017868042
PD+FF,1079,2,0.1,100.0,-0.5874135494232178,0.8651593327522278,0.4896434247493744,True,0.3101556897163391,0.034683797508478165,8.139668352669105e-05,4.102601815247908e-05,0.7625,4.75,4.75,0.0,0.0,7.809328963048756e-06,0.009537506848573685
PD+FF,1080,2,0.1,100.0,-0.6397119164466858,0.7102972865104675,0.367546945810318,True,0.2746973931789398,0.03016500174999237,7.838322198949754e-05,3.855575414490886e-05,0.7775,4.45,4.45,0.0,0.0,6.133297574706376e-06,0.008861741982400417
PD+FF,1081,2,0.1,100.0,-1.3320256471633911,0.8601993322372437,0.3006768822669983,True,0.46452784538269043,0.05212714895606041,0.00013265977031551301,6.574871076736599e-05,0.72,5.6000000000000005,5.6000000000000005,0.0,0.0,1.5076859199325554e-05,0.014011028222739697
PD+FF,1082,2,0.1,100.0,-0.9581221342086792,-0.30673766136169434,0.3117980659008026,True,0.304474413394928,0.034119464457035065,8.10486453701742e-05,4.076529512531124e-05,0.765,4.7,4.7,0.0,0.0,6.5480926423333585e-06,0.009646485559642315
PD+FF,1083,2,0.1,100.0,-1.3940625190734863,0.6289385557174683,0.21643398702144623,True,0.43883731961250305,0.04870082065463066,0.00012970276293344796,6.319762906059623e-05,0.7275,5.45,5.45,0.0,0.0,1.3646882507600822e-05,0.01353894267231226
PD+FF,1084,2,0.1,100.0,-0.7371216416358948,-0.8951173424720764,0.4071005880832672,True,0.33594661951065063,0.03717814385890961,0.00010613279300741851,5.152929952600971e-05,0.755,4.9,4.9,0.0,0.0,8.873648766893893e-06,0.010491326451301575
PD+FF,1085,2,0.1,100.0,-0.7224554419517517,-0.08529454469680786,0.4138740301132202,True,0.2446155548095703,0.028164342045783997,7.937612826935947e-05,3.8376707379939035e-05,0.785,4.3,4.3,0.0,0.0,4.1588205021980684e-06,0.007683572359383106
PD+FF,1086,2,0.1,100.0,-0.7490203976631165,-0.7008727788925171,0.4387705326080322,True,0.31223824620246887,0.0352226123213768,8.596000407123938e-05,4.25475554948207e-05,0.7625,4.75,4.75,0.0,0.0,7.43259624869097e-06,0.00961734727025032
PD+FF,1087,2,0.1,100.0,-1.2718281745910645,-0.8616007566452026,0.3274095356464386,True,0.45359086990356445,0.05105489864945412,0.00012723973486572504,6.324154674075544e-05,0.7225,5.550000000000001,5.550000000000001,0.0,0.0,1.4376411854755133e-05,0.013587048277258873
PD+FF,1088,2,0.1,100.0,-1.148199200630188,-0.9221230149269104,0.4605681300163269,True,0.4579301178455353,0.05296659842133522,0.00013951651635579765,6.849693454569206e-05,0.72,5.6000000000000005,5.6000000000000005,0.0,0.0,1.3438297173706815e-05,0.013233042322099209
PD+FF,1089,2,0.1,100.0,-1.8535881042480469,0.5890284776687622,0.37915652990341187,True,0.6313917636871338,0.07725963741540909,0.00019508883997332305,9.67432715697214e-05,0.68,6.4,6.4,0.0,0.0,1.3640154975291807e-05,0.014239484444260597
PD+FF,1090,2,0.1,100.0,-0.9845758080482483,-0.6573527455329895,0.30003631114959717,True,0.34269818663597107,0.03790699690580368,9.902242163661867e-05,4.888226976618171e-05,0.7525,4.95,4.95,0.0,0.0,8.794822861091234e-06,0.010857181623578072
PD+FF,1091,2,0.1,100.0,-1.8845704793930054,-0.6914018392562866,0.36124923825263977,True,0.6415970921516418,0.0776858702301979,0.00021206490055192262,0.00010379184823250398,0.68,6.4,6.4,0.0,0.0,1.504327155998908e-05,0.014776177704334259
PD+FF,1092,2,0.1,100.0,-1.9696727991104126,-0.2278679758310318,0.31251582503318787,True,0.6311610341072083,0.0756152868270874,0.00020850195141974837,0.00010183380072703585,0.6825,6.3500000000000005,6.3500000000000005,0.0,0.0,1.4411704796657432e-05,0.015423842705786228
PD+FF,1093,2,0.1,100.0,-0.8791002631187439,0.07968070358037949,0.43002596497535706,True,0.29759010672569275,0.03464290872216225,9.171968849841505e-05,4.371523391455412e-05,0.7625,4.75,4.75,0.0,0.0,5.839898676640587e-06,0.009104120545089245
PD+FF,1094,2,0.1,100.0,-0.9031349420547485,-0.5643354058265686,0.2514164447784424,True,0.30114346742630005,0.032903652638196945,8.87704809429124e-05,4.34365683759097e-05,0.7675,4.65,4.65,0.0,0.0,7.064326837280532e-06,0.00984918512403965
PD+FF,1095,2,0.1,100.0,-1.3096781969070435,-0.4019305408000946,0.2943161725997925,True,0.41356161236763,0.046844031661748886,0.00011872011236846447,5.884117854293436e-05,0.7325,5.3500000000000005,5.3500000000000005,0.0,0.0,1.1364036254235543e-05,0.012530980631709099
PD+FF,1096,2,0.1,100.0,-0.5565752387046814,0.7886120080947876,0.27283963561058044,True,0.2606157958507538,0.027935704216361046,6.995491276029497e-05,3.4917364246211946e-05,0.785,4.3,4.3,0.0,0.0,5.854262326465687e-06,0.00895936693996191
PD+FF,1097,2,0.1,100.0,-1.3080552816390991,0.037033263593912125,0.27344202995300293,True,0.3957211673259735,0.04475070536136627,0.00010922596993623301,5.440391760203056e-05,0.7375,5.25,5.25,0.0,0.0,1.0282719813403673e-05,0.012158753350377083
PD+FF,1098,2,0.1,100.0,-1.2224541902542114,-0.25077617168426514,0.4742331802845001,True,0.42702820897102356,0.05130152404308319,0.00011953021021327004,6.086484791012481e-05,0.7225,5.550000000000001,5.550000000000001,0.0,0.0,8.57746181281982e-06,0.011695143766701221
PD+FF,1099,2,0.1,100.0,-1.9130916595458984,0.09447009861469269,0.36984628438949585,True,0.632641613483429,0.07820191234350204,0.00020228528592269868,9.983023483073339e-05,0.68,6.4,6.4,0.0,0.0,1.1941337106691208e-05,0.014147239737212658
Direct PPO,1000,2,0.1,100.0,-1.2179213762283325,0.20768369734287262,0.34128254652023315,False,0.34473368525505066,0.01465737633407116,0.017026495188474655,0.12771901488304138,0.54,nan,nan,0.025850892066955566,0.0,0.08424056321382523,0.6872738599777222
Direct PPO,1001,2,0.1,100.0,-1.0811076164245605,-0.9685990810394287,0.25630688667297363,False,0.3397882878780365,0.016905823722481728,0.013505353592336178,0.10453197360038757,0.5375,nan,nan,0.08153289556503296,0.03,0.09061144292354584,0.7610594630241394
Direct PPO,1002,2,0.1,100.0,-1.428768277168274,-0.28562131524086,0.4242836833000183,True,0.45227980613708496,0.01303431298583746,0.015901722013950348,0.03618597984313965,0.5275,4.3,19.85,0.0,0.0,0.07445646077394485,0.5289516448974609
Direct PPO,1003,2,0.1,100.0,-1.7183640003204346,-0.48658838868141174,0.34840381145477295,True,0.5294075608253479,0.013826769776642323,0.007792491000145674,0.07780519872903824,0.5175,nan,19.950000000000003,0.022949695587158203,0.0,0.08085930347442627,0.6895880103111267
Direct PPO,1004,2,0.1,100.0,-1.998679280281067,-0.7396973967552185,0.24154320359230042,False,0.5951446294784546,0.016440896317362785,0.011600026860833168,0.01697525568306446,0.4975,nan,19.85,0.08903080224990845,0.0325,0.08481720089912415,0.6912289261817932
Direct PPO,1005,2,0.1,100.0,-1.8766711950302124,0.8611240983009338,0.28618520498275757,True,0.5778453350067139,0.01544119045138359,0.007962851785123348,0.08019715547561646,0.5125,nan,19.950000000000003,0.061289310455322266,0.0175,0.08305490761995316,0.7016158103942871
Direct PPO,1006,2,0.1,100.0,-1.4946178197860718,0.20171388983726501,0.28934937715530396,False,0.419107586145401,0.015044637955725193,0.010116977617144585,0.1064746305346489,0.5275,nan,nan,0.057630062103271484,0.015,0.08639764785766602,0.623399555683136
Direct PPO,1007,2,0.1,100.0,-1.8931626081466675,0.6319606900215149,0.39287856221199036,True,0.6245359182357788,0.013876913115382195,0.012342209927737713,0.09322971850633621,0.5075,nan,19.8,0.00014066696166992188,0.0,0.07401233911514282,0.6226227283477783
Direct PPO,1008,2,0.1,100.0,-1.749120831489563,0.6261014938354492,0.26522985100746155,True,0.5103943943977356,0.015990430489182472,0.010310722514986992,0.059043847024440765,0.515,nan,19.950000000000003,0.07355642318725586,0.0225,0.0827801376581192,0.6050230860710144
Direct PPO,1009,2,0.1,100.0,-1.9152493476867676,-0.3461688160896301,0.2149554342031479,False,0.5386667847633362,0.01703689806163311,0.022633107379078865,0.12561677396297455,0.5025,nan,nan,0.11385232210159302,0.04,0.08620509505271912,0.6883713603019714
Direct PPO,1010,2,0.1,100.0,-1.8575115203857422,0.07161146402359009,0.4753030240535736,True,0.6517360210418701,0.015364613384008408,0.010423368774354458,0.07117587327957153,0.5325,5.3500000000000005,19.85,0.0,0.0,0.06392540782690048,0.4499969482421875
Direct PPO,1011,2,0.1,100.0,-1.57381272315979,0.12664707005023956,0.26378002762794495,True,0.4360073208808899,0.01575578562915325,0.011497996747493744,0.08702929317951202,0.535,5.050000000000001,19.8,0.0764884352684021,0.025,0.08529143035411835,0.6830431222915649
Direct PPO,1012,2,0.1,100.0,-1.5405192375183105,0.561293363571167,0.2715309262275696,True,0.43908780813217163,0.015433866530656815,0.010378029197454453,0.03927718475461006,0.54,4.3500000000000005,19.900000000000002,0.06645464897155762,0.02,0.08543024957180023,0.6065793633460999
Direct PPO,1013,2,0.1,100.0,-0.8082606196403503,-0.8420410752296448,0.401797890663147,True,0.28462520241737366,0.01367401983588934,0.018867457285523415,0.08444742113351822,0.5525,nan,19.950000000000003,0.0,0.0,0.08162052184343338,0.6214019656181335
Direct PPO,1014,2,0.1,100.0,-1.3467140197753906,0.1714046150445938,0.4693894386291504,True,0.4429280459880829,0.012234681285917759,0.01457207091152668,0.04590827599167824,0.55,4.800000000000001,19.900000000000002,0.0028967857360839844,0.0,0.06825226545333862,0.4577408730983734
Direct PPO,1015,2,0.1,100.0,-1.4601455926895142,0.21413566172122955,0.39239153265953064,True,0.4488482177257538,0.013800662010908127,0.01853376254439354,0.04949139803647995,0.5175,nan,19.950000000000003,0.0,0.0,0.07783506065607071,0.5769689679145813
Direct PPO,1016,2,0.1,100.0,-1.6580126285552979,-0.11461202055215836,0.3060871958732605,False,0.4812890887260437,0.013938738964498043,0.019551396369934082,0.10804137587547302,0.5125,nan,nan,0.04872488975524902,0.0,0.08524932712316513,0.715507447719574
Direct PPO,1017,2,0.1,100.0,-0.62247234582901,0.6426637768745422,0.4917738139629364,True,0.2341436892747879,0.012008825317025185,0.01099629607051611,0.06370532512664795,0.595,nan,19.950000000000003,0.0,0.0,0.07212928682565689,0.4186086058616638
Direct PPO,1018,2,0.1,100.0,-1.1090368032455444,-0.0900818482041359,0.4614541530609131,True,0.35023796558380127,0.011603725142776966,0.013917500153183937,0.047342680394649506,0.58,4.800000000000001,19.85,0.007272958755493164,0.0,0.06961283087730408,0.47221678495407104
Direct PPO,1019,2,0.1,100.0,-1.674609661102295,-0.20800989866256714,0.34006524085998535,True,0.5028694868087769,0.01386379823088646,0.01017479132860899,0.04554302617907524,0.52,nan,19.85,0.026019811630249023,0.0,0.0820729061961174,0.6353257298469543
Direct PPO,1020,2,0.1,100.0,-1.1319496631622314,-0.4326494336128235,0.2227078378200531,True,0.2909342646598816,0.017689082771539688,0.01340207364410162,0.06854106485843658,0.5425,3.35,19.85,0.09826314449310303,0.035,0.0912969559431076,0.6945985555648804
Direct PPO,1021,2,0.1,100.0,-1.4384177923202515,-0.8382971882820129,0.49743902683258057,True,0.5207280516624451,0.013135104440152645,0.00827319547533989,0.0915580466389656,0.5575,nan,19.950000000000003,0.0,0.0,0.06521190702915192,0.41665634512901306
Direct PPO,1022,2,0.1,100.0,-1.999210000038147,0.8368335366249084,0.37694433331489563,False,0.6671964526176453,0.014158609323203564,0.007583113387227058,0.11018667370080948,0.5,nan,nan,0.006520271301269531,0.0,0.07427375018596649,0.598261833190918
Direct PPO,1023,2,0.1,100.0,-1.4916963577270508,0.8117974996566772,0.4728805720806122,True,0.5249476432800293,0.012669001705944538,0.010630523785948753,0.06674674153327942,0.5425,4.65,19.950000000000003,0.0009107589721679688,0.0,0.06710217893123627,0.4487520158290863
Direct PPO,1024,2,0.1,100.0,-1.51630699634552,-0.48329436779022217,0.3110935389995575,False,0.4415630102157593,0.014928349293768406,0.013895298354327679,0.10889606177806854,0.5325,nan,nan,0.046347618103027344,0.0,0.08517220616340637,0.667389452457428
Direct PPO,1025,2,0.1,100.0,-0.7683239579200745,0.258014976978302,0.24864348769187927,True,0.18863239884376526,0.016244426369667053,0.010771790519356728,0.04418310150504112,0.5725,nan,19.950000000000003,0.06530410051345825,0.02,0.09182190150022507,0.718215823173523
Direct PPO,1026,2,0.1,100.0,-1.7438942193984985,0.19023452699184418,0.2583710551261902,True,0.4933937191963196,0.01615029014647007,0.01814340054988861,0.09305689483880997,0.515,4.75,19.8,0.08192843198776245,0.03,0.08600682765245438,0.779816746711731
Direct PPO,1027,2,0.1,100.0,-1.9580382108688354,0.12429128587245941,0.36954861879348755,False,0.6261087656021118,0.013837277889251709,0.01062837429344654,0.05152002349495888,0.49,nan,19.85,0.009663224220275879,0.0,0.07679722458124161,0.6585691571235657
Direct PPO,1028,2,0.1,100.0,-0.7757433652877808,-0.22796711325645447,0.4025936424732208,True,0.22193202376365662,0.013536847196519375,0.016738807782530785,0.03526649624109268,0.5625,nan,19.85,0.0,0.0,0.08202718943357468,0.6200538873672485
Direct PPO,1029,2,0.1,100.0,-0.7448340058326721,0.6458722352981567,0.214758962392807,True,0.211162269115448,0.017517996951937675,0.010701386258006096,0.026166697964072227,0.5525,nan,19.900000000000002,0.06712505221366882,0.02,0.09470776468515396,0.7333861589431763
Direct PPO,1030,2,0.1,100.0,-1.6447029113769531,-0.9496257901191711,0.4438457489013672,True,0.5785773992538452,0.012615393847227097,0.006696752272546291,0.09748206287622452,0.5325,5.25,19.950000000000003,2.5033950805664062e-05,0.0,0.06988123059272766,0.5542625188827515
Direct PPO,1031,2,0.1,100.0,-0.9611496329307556,0.9009804725646973,0.39864641427993774,True,0.33271825313568115,0.013505717739462852,0.010084522888064384,0.030003858730196953,0.545,nan,19.900000000000002,0.0016003847122192383,0.0,0.08097424358129501,0.6078428626060486
Direct PPO,1032,2,0.1,100.0,-0.6833899617195129,-0.5306191444396973,0.49894750118255615,True,0.238652765750885,0.011868302710354328,0.004722143989056349,0.09566178917884827,0.615,nan,19.8,0.00013589859008789062,0.0,0.07127610594034195,0.41620340943336487
Direct PPO,1033,2,0.1,100.0,-0.7577928304672241,0.7459949851036072,0.4761985242366791,True,0.2787993550300598,0.012187853455543518,0.01511839684098959,0.08590305596590042,0.5875,nan,19.950000000000003,0.0,0.0,0.07330217957496643,0.423833966255188
Direct PPO,1034,2,0.1,100.0,-0.5296080112457275,-0.6777904629707336,0.22327283024787903,False,0.1742863953113556,0.017920687794685364,0.018114123493433,0.13267135620117188,0.5625,nan,nan,0.0271855890750885,0.0,0.09723900258541107,0.7073203325271606
Direct PPO,1035,2,0.1,100.0,-1.5201642513275146,-0.23973245918750763,0.436818927526474,False,0.49227359890937805,0.012587555684149265,0.015510735101997852,0.11682314425706863,0.5425,5.0,nan,0.0005505084991455078,0.0,0.07162940502166748,0.5286750793457031
Direct PPO,1036,2,0.1,100.0,-1.558912754058838,0.6018440127372742,0.34900519251823425,False,0.4772578179836273,0.014727013185620308,0.01830790564417839,0.12162937223911285,0.525,nan,nan,0.022261977195739746,0.0,0.0807872787117958,0.6511210203170776
Direct PPO,1037,2,0.1,100.0,-1.5164998769760132,-0.3818822205066681,0.38270920515060425,False,0.46767616271972656,0.013704782351851463,0.016878630965948105,0.1233266144990921,0.5175,nan,nan,0.004346966743469238,0.0,0.07818258553743362,0.5700631737709045
Direct PPO,1038,2,0.1,100.0,-1.5098652839660645,-0.8029577136039734,0.31811848282814026,True,0.46226412057876587,0.01494230329990387,0.017043622210621834,0.07009918987751007,0.5275,nan,19.85,0.04053950309753418,0.0,0.08391693234443665,0.6021607518196106
Direct PPO,1039,2,0.1,100.0,-0.6960156559944153,-0.0387578122317791,0.3661683201789856,False,0.18683166801929474,0.01419700589030981,0.009837525896728039,0.1156826764345169,0.4875,nan,nan,0.003399670124053955,0.0,0.08738924562931061,0.6345165967941284
Direct PPO,1040,2,0.1,100.0,-0.7547146081924438,0.5635512471199036,0.4134989380836487,True,0.24151840806007385,0.013241114094853401,0.011942088603973389,0.09346750378608704,0.55,nan,19.8,0.0005235671997070312,0.0,0.0806087851524353,0.5826369524002075
Direct PPO,1041,2,0.1,100.0,-0.6478168964385986,-0.19675222039222717,0.46515655517578125,False,0.19921934604644775,0.011435764841735363,0.013960173353552818,0.10884454101324081,0.6075,4.4,nan,0.007798910140991211,0.0,0.07247831672430038,0.48483335971832275
Direct PPO,1042,2,0.1,100.0,-1.463887333869934,-0.25558269023895264,0.3728010952472687,True,0.4413715898990631,0.014022506773471832,0.020334674045443535,0.04789302498102188,0.505,nan,19.900000000000002,0.006510138511657715,0.0,0.08060237020254135,0.5712867379188538
Direct PPO,1043,2,0.1,100.0,-1.7490100860595703,-0.7958716750144958,0.31946444511413574,True,0.5439737439155579,0.014028986915946007,0.008853711187839508,0.03098491206765175,0.5175,nan,19.900000000000002,0.04076731204986572,0.0,0.08292699605226517,0.696103572845459
Direct PPO,1044,2,0.1,100.0,-1.981444239616394,0.7169352173805237,0.20961801707744598,False,0.5733077526092529,0.017099561169743538,0.0159207321703434,0.11431502550840378,0.5075,nan,nan,0.11286711692810059,0.0425,0.08602467179298401,0.7865551710128784
Direct PPO,1045,2,0.1,100.0,-0.7272861003875732,-0.39523494243621826,0.4158290922641754,False,0.21837471425533295,0.013112129643559456,0.006930752191692591,0.11949329823255539,0.565,3.0500000000000003,nan,0.0,0.0,0.08050417900085449,0.535859227180481
Direct PPO,1046,2,0.1,100.0,-1.868130087852478,0.6265861392021179,0.39649125933647156,False,0.6165682077407837,0.01391292829066515,0.013485932722687721,0.10984880477190018,0.495,4.4,nan,0.0002338886260986328,0.0,0.07374998927116394,0.5664529204368591
Direct PPO,1047,2,0.1,100.0,-1.1699552536010742,-0.14992530643939972,0.29876548051834106,True,0.31394103169441223,0.014939158223569393,0.017407914623618126,0.06560833752155304,0.5575,nan,19.85,0.05141174793243408,0.005,0.08823171257972717,0.6666340827941895
Direct PPO,1048,2,0.1,100.0,-0.9076822996139526,-0.7630760073661804,0.4824531674385071,True,0.32436418533325195,0.011905370280146599,0.010541129857301712,0.06402241438627243,0.59,3.5500000000000003,19.950000000000003,0.0,0.0,0.07088603079319,0.44759973883628845
Direct PPO,1049,2,0.1,100.0,-1.6127384901046753,0.09402617067098618,0.43331217765808105,True,0.5256153345108032,0.01274504978209734,0.010911338031291962,0.03255615755915642,0.5325,5.15,19.900000000000002,0.00034236907958984375,0.0,0.07137338072061539,0.5512913465499878
Direct PPO,1050,2,0.1,100.0,-1.2507070302963257,-0.40418457984924316,0.49881017208099365,True,0.42526331543922424,0.012648646719753742,0.012191974557936192,0.04714901000261307,0.57,nan,19.85,0.000141143798828125,0.0,0.06662964075803757,0.4162537753582001
Direct PPO,1051,2,0.1,100.0,-0.8433747291564941,-0.6024307608604431,0.2584548592567444,True,0.2336060106754303,0.01659354381263256,0.010559242218732834,0.051815059036016464,0.5575,4.0,19.950000000000003,0.0701441764831543,0.0225,0.09116367250680923,0.6290552020072937
Direct PPO,1052,2,0.1,100.0,-1.577463150024414,-0.03658809885382652,0.32490968704223633,True,0.4601908028125763,0.013964562676846981,0.021017033606767654,0.051828958094120026,0.525,nan,19.950000000000003,0.03698098659515381,0.0,0.08427706360816956,0.6368899941444397
Direct PPO,1053,2,0.1,100.0,-0.7320424914360046,-0.38764455914497375,0.44851720333099365,True,0.22808146476745605,0.01209825836122036,0.01098979078233242,0.034860387444496155,0.59,4.1000000000000005,19.900000000000002,0.0027463436126708984,0.0,0.0757981464266777,0.5103399753570557
Direct PPO,1054,2,0.1,100.0,-1.9604523181915283,0.6108824014663696,0.3443475067615509,False,0.6228968501091003,0.013774989172816277,0.016337532550096512,0.1290987879037857,0.51,nan,nan,0.02426159381866455,0.0,0.07920460402965546,0.7027719020843506
Direct PPO,1055,2,0.1,100.0,-0.8035520911216736,-0.8197364807128906,0.37500709295272827,True,0.2743961215019226,0.014233984053134918,0.019368700683116913,0.09852231293916702,0.5525,nan,19.950000000000003,0.003929734230041504,0.0,0.08492734283208847,0.6360127329826355
Direct PPO,1056,2,0.1,100.0,-0.6173267960548401,-0.7547652125358582,0.33817118406295776,True,0.21644166111946106,0.014536209404468536,0.009070159867405891,0.030694207176566124,0.5675,nan,19.900000000000002,0.009121060371398926,0.0,0.08995556831359863,0.5632268786430359
Direct PPO,1057,2,0.1,100.0,-1.4013786315917969,-0.020997419953346252,0.2980625629425049,True,0.38898155093193054,0.014138314872980118,0.00949032697826624,0.03727690130472183,0.5325,nan,19.85,0.0529094934463501,0.0075,0.08765701204538345,0.6767913699150085
Direct PPO,1058,2,0.1,100.0,-1.9344123601913452,-0.6835842132568359,0.34246277809143066,False,0.6161086559295654,0.013703110627830029,0.01948077790439129,0.10323058068752289,0.5075,nan,nan,0.026244163513183594,0.0,0.0798037052154541,0.7119132876396179
Direct PPO,1059,2,0.1,100.0,-1.3239208459854126,-0.34795770049095154,0.3298633396625519,True,0.37824854254722595,0.014014322310686111,0.010021797381341457,0.04349340870976448,0.53,nan,19.85,0.03560614585876465,0.0,0.0854414850473404,0.6577163338661194
Direct PPO,1060,2,0.1,100.0,-0.5232435464859009,-0.8263487219810486,0.4775193929672241,False,0.23187756538391113,0.012035835534334183,0.014549920335412025,0.11179541796445847,0.5975,nan,nan,0.0,0.0,0.07479546219110489,0.4559553861618042
Direct PPO,1061,2,0.1,100.0,-1.0766786336898804,0.09924349933862686,0.28927016258239746,True,0.2825555205345154,0.015464707277715206,0.009221264161169529,0.0671691969037056,0.535,nan,19.950000000000003,0.05712789297103882,0.015,0.08985809236764908,0.7558265924453735
Direct PPO,1062,2,0.1,100.0,-1.020176649093628,-0.6513675451278687,0.4292861223220825,False,0.33039772510528564,0.01272298488765955,0.006493146996945143,0.10544213652610779,0.56,3.6,nan,0.0,0.0,0.0769745409488678,0.5729833245277405
Direct PPO,1063,2,0.1,100.0,-0.5567145943641663,0.6067063212394714,0.2895512878894806,False,0.17735178768634796,0.015858119353652,0.017676910385489464,0.13175886869430542,0.5625,nan,nan,0.012856662273406982,0.0,0.09470691531896591,0.559492290019989
Direct PPO,1064,2,0.1,100.0,-1.6129041910171509,-0.13716638088226318,0.24278511106967926,True,0.44137758016586304,0.01680326648056507,0.009748668409883976,0.029956093057990074,0.515,nan,19.900000000000002,0.08856147527694702,0.0325,0.08781450241804123,0.716955304145813
Direct PPO,1065,2,0.1,100.0,-0.5033138990402222,-0.5932050347328186,0.453745573759079,False,0.18660478293895721,0.011610378511250019,0.013631999492645264,0.11060648411512375,0.605,5.3500000000000005,nan,0.009980916976928711,0.0,0.07378615438938141,0.4985881745815277
Direct PPO,1066,2,0.1,100.0,-1.3762075901031494,0.32575497031211853,0.20805609226226807,True,0.3572055399417877,0.01811007782816887,0.02464504912495613,0.04735156148672104,0.52,nan,19.85,0.11207842826843262,0.04,0.0906321108341217,0.6135650277137756
Direct PPO,1067,2,0.1,100.0,-0.6176835894584656,0.9055254459381104,0.20151829719543457,True,0.23061375319957733,0.0182496290653944,0.011336956173181534,0.02663177065551281,0.5625,nan,19.900000000000002,0.050455063581466675,0.0025,0.09739040583372116,0.5766193866729736
Direct PPO,1068,2,0.1,100.0,-0.7787961959838867,0.5352519750595093,0.25048118829727173,True,0.2113599181175232,0.016523605212569237,0.01866355910897255,0.08020482212305069,0.5625,nan,19.8,0.060529470443725586,0.015,0.0937785878777504,0.6543245911598206
Direct PPO,1069,2,0.1,100.0,-0.5076419115066528,0.8446078896522522,0.24751581251621246,False,0.20701536536216736,0.01681365631520748,0.02201784774661064,0.1207987442612648,0.5475,nan,nan,0.02253711223602295,0.0,0.0970989540219307,0.5940995216369629
Direct PPO,1070,2,0.1,100.0,-1.6644020080566406,0.9533751606941223,0.22921264171600342,True,0.4935617744922638,0.016910627484321594,0.009771374054253101,0.06920576840639114,0.5175,nan,19.950000000000003,0.09310168027877808,0.0325,0.08782647550106049,0.6304432153701782
Direct PPO,1071,2,0.1,100.0,-1.6379417181015015,0.7469041347503662,0.26974478363990784,True,0.48185300827026367,0.015247317031025887,0.010676201432943344,0.046726204454898834,0.5525,4.55,19.950000000000003,0.0726727843284607,0.0225,0.08233227580785751,0.7458429336547852
Direct PPO,1072,2,0.1,100.0,-1.22187077999115,0.3675197660923004,0.4661308228969574,True,0.3989180624485016,0.011882911436259747,0.010011554695665836,0.05383831635117531,0.555,4.55,19.900000000000002,0.0031218528747558594,0.0,0.06937753409147263,0.4692523777484894
Direct PPO,1073,2,0.1,100.0,-1.5133368968963623,0.8512749075889587,0.3800120949745178,False,0.49135392904281616,0.01401758287101984,0.016848774626851082,0.12378057092428207,0.5075,nan,nan,0.002878427505493164,0.0,0.07841480523347855,0.6328828930854797
Direct PPO,1074,2,0.1,100.0,-0.5001789927482605,-0.2884053587913513,0.4962819218635559,True,0.16694599390029907,0.011812224052846432,0.015158955939114094,0.09823261201381683,0.615,nan,19.950000000000003,2.956390380859375e-05,0.0,0.07358499616384506,0.4170681834220886
Direct PPO,1075,2,0.1,100.0,-0.8189709782600403,0.9466501474380493,0.23914383351802826,True,0.2762796878814697,0.017058810219168663,0.025028493255376816,0.00884492602199316,0.5475,nan,19.900000000000002,0.06172990798950195,0.0175,0.09447880834341049,0.7078220248222351
Direct PPO,1076,2,0.1,100.0,-1.445397138595581,-0.562984049320221,0.45283621549606323,True,0.4818797707557678,0.012182267382740974,0.00983261689543724,0.09205210208892822,0.545,5.4,19.8,0.004201412200927734,0.0,0.06948335468769073,0.5268566608428955
Direct PPO,1077,2,0.1,100.0,-0.6151338219642639,-0.8893533945083618,0.2694230377674103,True,0.2319476455450058,0.016463855281472206,0.011025955900549889,0.012579926289618015,0.5525,nan,19.900000000000002,0.03693598508834839,0.0,0.09354835003614426,0.664479672908783
Direct PPO,1078,2,0.1,100.0,-0.6580581068992615,-0.6858707666397095,0.23459486663341522,True,0.19985996186733246,0.01774333044886589,0.024453449994325638,0.07776600122451782,0.5575,nan,19.950000000000003,0.06645983457565308,0.02,0.09433916211128235,0.6436079144477844
Direct PPO,1079,2,0.1,100.0,-0.5874135494232178,0.8651593327522278,0.4896434247493744,True,0.25695985555648804,0.012053156271576881,0.01076942216604948,0.05405748263001442,0.595,nan,19.900000000000002,5.9604644775390625e-05,0.0,0.07329785823822021,0.4200802445411682
Direct PPO,1080,2,0.1,100.0,-0.6397119164466858,0.7102972865104675,0.367546945810318,True,0.2209882289171219,0.014104471541941166,0.007910819724202156,0.07557564228773117,0.53,nan,19.950000000000003,0.006822824478149414,0.0,0.08698271960020065,0.6291694045066833
Direct PPO,1081,2,0.1,100.0,-1.3320256471633911,0.8601993322372437,0.3006768822669983,True,0.40535768866539,0.014718412421643734,0.011568346060812473,0.09086964279413223,0.5475,nan,19.8,0.04904252290725708,0.0,0.0869230329990387,0.7174263000488281
Direct PPO,1082,2,0.1,100.0,-0.9581221342086792,-0.30673766136169434,0.3117980659008026,True,0.2556202709674835,0.014276459813117981,0.011813756078481674,0.09280937910079956,0.5575,nan,19.8,0.04384380578994751,0.0,0.0901021808385849,0.7039481401443481
Direct PPO,1083,2,0.1,100.0,-1.3940625190734863,0.6289385557174683,0.21643398702144623,True,0.37970656156539917,0.0173549372702837,0.023589568212628365,0.022359874099493027,0.5325,nan,19.85,0.10414761304855347,0.0375,0.08994955569505692,0.6138556599617004
Direct PPO,1084,2,0.1,100.0,-0.7371216416358948,-0.8951173424720764,0.4071005880832672,True,0.27701422572135925,0.01354796253144741,0.012704228982329369,0.08365954458713531,0.55,nan,19.8,0.0,0.0,0.08145300298929214,0.6027228832244873
Direct PPO,1085,2,0.1,100.0,-0.7224554419517517,-0.08529454469680786,0.4138740301132202,False,0.2065632939338684,0.013220534659922123,0.006967268418520689,0.11994300782680511,0.565,3.0500000000000003,nan,0.0,0.0,0.08098417520523071,0.5961211323738098
Direct PPO,1086,2,0.1,100.0,-0.7490203976631165,-0.7008727788925171,0.4387705326080322,True,0.25890424847602844,0.012390486896038055,0.009369431994855404,0.07499177753925323,0.585,3.85,19.950000000000003,0.0,0.0,0.07700344920158386,0.541562020778656
Direct PPO,1087,2,0.1,100.0,-1.2718281745910645,-0.8616007566452026,0.3274095356464386,False,0.395894318819046,0.01422016229480505,0.01616833731532097,0.13120831549167633,0.535,nan,nan,0.033698081970214844,0.0,0.0857093557715416,0.5923290848731995
Direct PPO,1088,2,0.1,100.0,-1.148199200630188,-0.9221230149269104,0.4605681300163269,False,0.4098939895629883,0.011692474596202374,0.006213213317096233,0.10341186821460724,0.5725,5.4,nan,0.005831003189086914,0.0,0.07007241994142532,0.5142139196395874
Direct PPO,1089,2,0.1,100.0,-1.8535881042480469,0.5890284776687622,0.37915652990341187,False,0.5997251272201538,0.014042811468243599,0.0168001689016819,0.12410617619752884,0.49,nan,nan,0.0033490657806396484,0.0,0.07592824846506119,0.6582139730453491
Direct PPO,1090,2,0.1,100.0,-0.9845758080482483,-0.6573527455329895,0.30003631114959717,True,0.28460851311683655,0.01461371872574091,0.011534305289387703,0.09074009954929352,0.5525,3.25,19.8,0.053193092346191406,0.01,0.08914174884557724,0.7262166738510132
Direct PPO,1091,2,0.1,100.0,-1.8845704793930054,-0.6914018392562866,0.36124923825263977,False,0.6073716878890991,0.013748660683631897,0.019421931356191635,0.1007271409034729,0.445,nan,nan,0.012950539588928223,0.0,0.07864779978990555,0.5565623044967651
Direct PPO,1092,2,0.1,100.0,-1.9696727991104126,-0.2278679758310318,0.31251582503318787,True,0.6004458665847778,0.014301787130534649,0.021203190088272095,0.05295901373028755,0.51,nan,19.950000000000003,0.04148995876312256,0.0,0.08153232932090759,0.5822680592536926
Direct PPO,1093,2,0.1,100.0,-0.8791002631187439,0.07968070358037949,0.43002596497535706,False,0.26141244173049927,0.012694417499005795,0.01584034413099289,0.10480493307113647,0.5625,nan,nan,8.153915405273438e-05,0.0,0.07762362062931061,0.5742002725601196
Direct PPO,1094,2,0.1,100.0,-0.9031349420547485,-0.5643354058265686,0.2514164447784424,False,0.24363623559474945,0.016857370734214783,0.01653573289513588,0.10921866446733475,0.5475,nan,nan,0.08054989576339722,0.0275,0.09232094883918762,0.7694646120071411
Direct PPO,1095,2,0.1,100.0,-1.3096781969070435,-0.4019305408000946,0.2943161725997925,False,0.3635817766189575,0.01478413213044405,0.02059483341872692,0.11636650562286377,0.53,nan,nan,0.057304441928863525,0.015,0.08807440847158432,0.7417042851448059
Direct PPO,1096,2,0.1,100.0,-0.5565752387046814,0.7886120080947876,0.27283963561058044,True,0.20557375252246857,0.01604294218122959,0.01271455455571413,0.07228284329175949,0.565,nan,19.8,0.020609140396118164,0.0,0.09507535398006439,0.5966036319732666
Direct PPO,1097,2,0.1,100.0,-1.3080552816390991,0.037033263593912125,0.27344202995300293,True,0.3503671884536743,0.015293961390852928,0.023859243839979172,0.012463905848562717,0.55,4.05,19.900000000000002,0.06644922494888306,0.02,0.08715726435184479,0.6713973879814148
Direct PPO,1098,2,0.1,100.0,-1.2224541902542114,-0.25077617168426514,0.4742331802845001,True,0.3987124264240265,0.011947010643780231,0.007318674121052027,0.09579655528068542,0.555,4.15,19.950000000000003,0.0,0.0,0.0690392404794693,0.45272940397262573
Direct PPO,1099,2,0.1,100.0,-1.9130916595458984,0.09447009861469269,0.36984628438949585,False,0.6083241105079651,0.013892272487282753,0.01311203371733427,0.103705033659935,0.48,nan,nan,0.008815526962280273,0.0,0.07704179733991623,0.539665162563324
Residual PPO,1000,2,0.1,100.0,-1.2179213762283325,0.20768369734287262,0.34128254652023315,True,0.35830122232437134,0.011322692036628723,0.005009288899600506,9.768317795533221e-06,0.815,3.7,3.7,0.005007743835449219,0.0,4.70383238280192e-05,0.06244373694062233
Residual PPO,1001,2,0.1,100.0,-1.0811076164245605,-0.9685990810394287,0.25630688667297363,True,0.37176522612571716,0.013342110440135002,0.0019352309172973037,1.23999461720814e-05,0.8175,3.6500000000000004,3.6500000000000004,0.0018677711486816406,0.0,5.6707107432885095e-05,0.06662429869174957
Residual PPO,1002,2,0.1,100.0,-1.428768277168274,-0.28562131524086,0.4242836833000183,True,0.46066534519195557,0.018276212736964226,0.00798245333135128,1.5456245819223113e-05,0.79,4.2,4.2,0.007979393005371094,0.0,4.5395710912998766e-05,0.06414637714624405
Residual PPO,1003,2,0.1,100.0,-1.7183640003204346,-0.48658838868141174,0.34840381145477295,True,0.5414761900901794,0.01955152489244938,0.005249888636171818,1.9497769244480878e-05,0.775,4.5,4.5,0.0052490234375,0.0,5.023214180255309e-05,0.06552590429782867
Residual PPO,1004,2,0.1,100.0,-1.998679280281067,-0.7396973967552185,0.24154320359230042,True,0.6129322052001953,0.01973457634449005,0.0014314035652205348,1.7407655832357705e-05,0.765,4.7,4.7,0.0013103485107421875,0.0,5.828123175888322e-05,0.06395172327756882
Residual PPO,1005,2,0.1,100.0,-1.8766711950302124,0.8611240983009338,0.28618520498275757,True,0.5993264317512512,0.016861291602253914,0.0029933517798781395,1.518516455689678e-05,0.77,4.6000000000000005,4.6000000000000005,0.0029702186584472656,0.0,5.242943370831199e-05,0.06308162957429886
Residual PPO,1006,2,0.1,100.0,-1.4946178197860718,0.20171388983726501,0.28934937715530396,True,0.4332740008831024,0.01250481978058815,0.0031254806090146303,6.672173185506836e-06,0.7975,4.05,4.05,0.00310516357421875,0.0,4.972439637640491e-05,0.06449677795171738
Residual PPO,1007,2,0.1,100.0,-1.8931626081466675,0.6319606900215149,0.39287856221199036,True,0.6374277472496033,0.02394307218492031,0.006859919056296349,1.788070221664384e-05,0.755,4.9,4.9,0.006859302520751953,0.0,4.594044730765745e-05,0.0639599859714508
Residual PPO,1008,2,0.1,100.0,-1.749120831489563,0.6261014938354492,0.26522985100746155,True,0.5302892327308655,0.014172750525176525,0.0022569200955331326,8.190018888853956e-06,0.78,4.4,4.4,0.002208232879638672,0.0,5.200208761380054e-05,0.06379742175340652
Residual PPO,1009,2,0.1,100.0,-1.9152493476867676,-0.3461688160896301,0.2149554342031479,True,0.5545942187309265,0.01594395563006401,0.000772663508541882,1.2633183359866962e-05,0.7725,4.55,4.55,0.0003299713134765625,0.0,5.590905493590981e-05,0.06594134867191315
Residual PPO,1010,2,0.1,100.0,-1.8575115203857422,0.07161146402359009,0.4753030240535736,True,0.6548579335212708,0.0330406054854393,0.00972381979227066,3.611711144912988e-05,0.74,5.2,5.2,0.009715080261230469,0.0,4.127151260036044e-05,0.06364341080188751
Residual PPO,1011,2,0.1,100.0,-1.57381272315979,0.12664707005023956,0.26378002762794495,True,0.45031312108039856,0.012600543908774853,0.0022060363553464413,7.994570296432357e-06,0.7925,4.15,4.15,0.002154827117919922,0.0,5.125971438246779e-05,0.06306613981723785
Residual PPO,1012,2,0.1,100.0,-1.5405192375183105,0.561293363571167,0.2715309262275696,True,0.45974472165107727,0.012297898530960083,0.0024783341214060783,9.394421795150265e-06,0.795,4.1000000000000005,4.1000000000000005,0.0024394989013671875,0.0,5.110409256303683e-05,0.06232307106256485
Residual PPO,1013,2,0.1,100.0,-0.8082606196403503,-0.8420410752296448,0.401797890663147,True,0.3120938539505005,0.012874118052423,0.0071823750622570515,1.5450485079782084e-05,0.8275,3.45,3.45,0.0071811676025390625,0.0,5.643919939757325e-05,0.06608865410089493
Residual PPO,1014,2,0.1,100.0,-1.3467140197753906,0.1714046150445938,0.4693894386291504,True,0.44804441928863525,0.01878153532743454,0.009541060775518417,2.4778179067652673e-05,0.79,4.2,4.2,0.009532928466796875,0.0,4.160102253081277e-05,0.06398715823888779
Residual PPO,1015,2,0.1,100.0,-1.4601455926895142,0.21413566172122955,0.39239153265953064,True,0.4573233127593994,0.016199879348278046,0.006853720173239708,1.2439449164958205e-05,0.7925,4.15,4.15,0.0068531036376953125,0.0,4.477169568417594e-05,0.06336505711078644
Residual PPO,1016,2,0.1,100.0,-1.6580126285552979,-0.11461202055215836,0.3060871958732605,True,0.4922923743724823,0.015562976710498333,0.0037123665679246187,1.7136162568931468e-05,0.785,4.3,4.3,0.0037016868591308594,0.0,4.972004899173044e-05,0.06565892696380615
Residual PPO,1017,2,0.1,100.0,-0.62247234582901,0.6426637768745422,0.4917738139629364,True,0.25217005610466003,0.011399357579648495,0.010345077142119408,5.882458481210051e-06,0.8525,2.95,2.95,0.010334014892578125,0.0,4.0272872865898535e-05,0.05902979150414467
Residual PPO,1018,2,0.1,100.0,-1.1090368032455444,-0.0900818482041359,0.4614541530609131,True,0.35685229301452637,0.014813749119639397,0.009301694110035896,8.239898306783289e-06,0.8125,3.75,3.75,0.009294509887695312,0.0,4.27125341957435e-05,0.06270981580018997
Residual PPO,1019,2,0.1,100.0,-1.674609661102295,-0.20800989866256714,0.34006524085998535,True,0.5126422047615051,0.017537018284201622,0.004963218234479427,1.176735804619966e-05,0.78,4.4,4.4,0.004961490631103516,0.0,4.872761928709224e-05,0.062332719564437866
Residual PPO,1020,2,0.1,100.0,-1.1319496631622314,-0.4326494336128235,0.2227078378200531,True,0.31585025787353516,0.009851590730249882,0.0009098021546378732,9.468779353483114e-06,0.825,3.5,3.5,0.0006246566772460938,0.0,5.12138067279011e-05,0.06345082074403763
Residual PPO,1021,2,0.1,100.0,-1.4384177923202515,-0.8382971882820129,0.49743902683258057,True,0.5338382124900818,0.025711094960570335,0.010510643944144249,2.0748679162352346e-05,0.775,4.5,4.5,0.010499000549316406,0.0,4.7767931391717866e-05,0.0648241862654686
Residual PPO,1022,2,0.1,100.0,-1.999210000038147,0.8368335366249084,0.37694433331489563,True,0.6835298538208008,0.024831023067235947,0.006290010176599026,1.658909059187863e-05,0.75,5.0,5.0,0.006289958953857422,0.0,4.8094672820298e-05,0.06279077380895615
Residual PPO,1023,2,0.1,100.0,-1.4916963577270508,0.8117974996566772,0.4728805720806122,True,0.5402024388313293,0.022352341562509537,0.009658765979111195,2.6172432626481168e-05,0.775,4.5,4.5,0.009650230407714844,0.0,4.339544102549553e-05,0.06098839268088341
Residual PPO,1024,2,0.1,100.0,-1.51630699634552,-0.48329436779022217,0.3110935389995575,True,0.45793646574020386,0.015260258689522743,0.003893875516951084,1.7206415577675216e-05,0.795,4.1000000000000005,4.1000000000000005,0.0038852691650390625,0.0,5.232435432844795e-05,0.06653199344873428
Residual PPO,1025,2,0.1,100.0,-0.7683239579200745,0.258014976978302,0.24864348769187927,True,0.2055400162935257,0.005793269257992506,0.0016904686344787478,2.5231561266991775e-06,0.8575,2.85,2.85,0.0016016960144042969,0.0,4.927440022584051e-05,0.06146794557571411
Residual PPO,1026,2,0.1,100.0,-1.7438942193984985,0.19023452699184418,0.2583710551261902,True,0.5070315003395081,0.014089010655879974,0.00201232242397964,9.913793292071205e-06,0.7825,4.3500000000000005,4.3500000000000005,0.0019497871398925781,0.0,5.146948387846351e-05,0.06546076387166977
Residual PPO,1027,2,0.1,100.0,-1.9580382108688354,0.12429128587245941,0.36954861879348755,True,0.6325075626373291,0.02362309955060482,0.00601291935890913,2.125617174897343e-05,0.755,4.9,4.9,0.006012916564941406,0.0,4.593169433064759e-05,0.06325662136077881
Residual PPO,1028,2,0.1,100.0,-0.7757433652877808,-0.22796711325645447,0.4025936424732208,True,0.23759791254997253,0.00980335008352995,0.007221541367471218,9.24922733247513e-06,0.8475,3.0500000000000003,3.0500000000000003,0.007220268249511719,0.0,4.678305049310438e-05,0.06585424393415451
Residual PPO,1029,2,0.1,100.0,-0.7448340058326721,0.6458722352981567,0.214758962392807,True,0.23423407971858978,0.006303024478256702,0.0007762621971778572,2.8129750262451125e-06,0.86,2.8000000000000003,2.8000000000000003,0.0003409385681152344,0.0,4.70684353786055e-05,0.05784134194254875
Residual PPO,1030,2,0.1,100.0,-1.6447029113769531,-0.9496257901191711,0.4438457489013672,True,0.59308260679245,0.026579296216368675,0.008661552332341671,2.1207688405411318e-05,0.7675,4.65,4.65,0.008656501770019531,0.0,5.149827848072164e-05,0.06529058516025543
Residual PPO,1031,2,0.1,100.0,-0.9611496329307556,0.9009804725646973,0.39864641427993774,True,0.3570650517940521,0.012018212117254734,0.007085849996656179,7.4393965405761264e-06,0.8275,3.45,3.45,0.007084846496582031,0.0,4.714839451480657e-05,0.058629196137189865
Residual PPO,1032,2,0.1,100.0,-0.6833899617195129,-0.5306191444396973,0.49894750118255615,True,0.2572682201862335,0.012760008685290813,0.010591072961688042,6.9354509832919575e-06,0.845,3.1,3.1,0.010579109191894531,0.0,4.605725916917436e-05,0.06540859490633011
Residual PPO,1033,2,0.1,100.0,-0.7577928304672241,0.7459949851036072,0.4761985242366791,True,0.29832059144973755,0.01212202850729227,0.009788047522306442,1.690584213065449e-05,0.8425,3.1500000000000004,3.1500000000000004,0.009778976440429688,0.0,4.11957771575544e-05,0.05923241004347801
Residual PPO,1034,2,0.1,100.0,-0.5296080112457275,-0.6777904629707336,0.22327283024787903,True,0.20152834057807922,0.007821847684681416,0.0009258199133910239,6.954958735150285e-06,0.8525,2.95,2.95,0.0006508827209472656,0.0,5.038800009060651e-05,0.06364880502223969
Residual PPO,1035,2,0.1,100.0,-1.5201642513275146,-0.23973245918750763,0.436818927526474,True,0.49900078773498535,0.0206217672675848,0.008410954847931862,2.2354901375365444e-05,0.78,4.4,4.4,0.008406639099121094,0.0,4.4446391257224604e-05,0.06461897492408752
Residual PPO,1036,2,0.1,100.0,-1.558912754058838,0.6018440127372742,0.34900519251823425,True,0.4937283992767334,0.015450982376933098,0.005281295161694288,1.4149420167086646e-05,0.7875,4.25,4.25,0.005280494689941406,0.0,4.7524696128675714e-05,0.06384932994842529
Residual PPO,1037,2,0.1,100.0,-1.5164998769760132,-0.3818822205066681,0.38270920515060425,True,0.4785708487033844,0.017771480605006218,0.006497108843177557,1.6531006622244604e-05,0.7875,4.25,4.25,0.006496906280517578,0.0,4.792483741766773e-05,0.06456729024648666
Residual PPO,1038,2,0.1,100.0,-1.5098652839660645,-0.8029577136039734,0.31811848282814026,True,0.48279720544815063,0.01698964647948742,0.00416041724383831,1.2988287380721886e-05,0.7925,4.15,4.15,0.004154205322265625,0.0,5.5600485211471096e-05,0.06690805405378342
Residual PPO,1039,2,0.1,100.0,-0.6960156559944153,-0.0387578122317791,0.3661683201789856,True,0.19990558922290802,0.00782481487840414,0.0059080347418785095,1.1615084986260626e-05,0.86,2.8000000000000003,2.8000000000000003,0.005908012390136719,0.0,4.4283071474637836e-05,0.06489405035972595
Residual PPO,1040,2,0.1,100.0,-0.7547146081924438,0.5635512471199036,0.4134989380836487,True,0.2605859041213989,0.009720844216644764,0.007612444460391998,9.796251106308773e-06,0.8475,3.0500000000000003,3.0500000000000003,0.007610321044921875,0.0,4.284099122742191e-05,0.060077425092458725
Residual PPO,1041,2,0.1,100.0,-0.6478168964385986,-0.19675222039222717,0.46515655517578125,True,0.21227958798408508,0.010514568537473679,0.009409977123141289,1.5406121747219004e-05,0.855,2.9000000000000004,2.9000000000000004,0.009402275085449219,0.0,4.371494651422836e-05,0.06336887925863266
Residual PPO,1042,2,0.1,100.0,-1.463887333869934,-0.25558269023895264,0.3728010952472687,True,0.4516444802284241,0.016172144562005997,0.00614405469968915,1.4617739907407667e-05,0.7925,4.15,4.15,0.006144046783447266,0.0,4.743817771668546e-05,0.06526250392198563
Residual PPO,1043,2,0.1,100.0,-1.7490100860595703,-0.7958716750144958,0.31946444511413574,True,0.5611056685447693,0.020042676478624344,0.004206791985780001,1.4546848433383275e-05,0.775,4.5,4.5,0.004200935363769531,0.0,5.512598727364093e-05,0.06670262664556503
Residual PPO,1044,2,0.1,100.0,-1.981444239616394,0.7169352173805237,0.20961801707744598,True,0.5956457853317261,0.014414900913834572,0.0007362482137978077,1.0335808838135563e-05,0.77,4.6000000000000005,4.6000000000000005,0.00013637542724609375,0.0,5.5466964113293216e-05,0.06439878791570663
Residual PPO,1045,2,0.1,100.0,-0.7272861003875732,-0.39523494243621826,0.4158290922641754,True,0.23778945207595825,0.01027699001133442,0.0076975212432444096,8.773114132054616e-06,0.85,3.0,3.0,0.007695198059082031,0.0,4.758225622936152e-05,0.06421178579330444
Residual PPO,1046,2,0.1,100.0,-1.868130087852478,0.6265861392021179,0.39649125933647156,True,0.6293654441833496,0.02372881770133972,0.006986004766076803,1.9427052393439226e-05,0.7575,4.8500000000000005,4.8500000000000005,0.006985187530517578,0.0,4.581985194818117e-05,0.06253882497549057
Residual PPO,1047,2,0.1,100.0,-1.1699552536010742,-0.14992530643939972,0.29876548051834106,True,0.3308938443660736,0.010410774499177933,0.00345743540674448,1.123638685385231e-05,0.82,3.6,3.6,0.0034432411193847656,0.0,4.9306327127851546e-05,0.06418720632791519
Residual PPO,1048,2,0.1,100.0,-0.9076822996139526,-0.7630760073661804,0.4824531674385071,True,0.34431904554367065,0.015396683476865292,0.010026254691183567,8.061088010435924e-06,0.82,3.6,3.6,0.010016441345214844,0.0,4.818519300897606e-05,0.06614310294389725
Residual PPO,1049,2,0.1,100.0,-1.6127384901046753,0.09402617067098618,0.43331217765808105,True,0.5306432843208313,0.021644227206707,0.008292320184409618,2.0144023437751457e-05,0.7725,4.55,4.55,0.008288383483886719,0.0,4.3290408939355984e-05,0.06425001472234726
Residual PPO,1050,2,0.1,100.0,-1.2507070302963257,-0.40418457984924316,0.49881017208099365,True,0.4335445761680603,0.019945094361901283,0.010561409406363964,1.8855107555282302e-05,0.7925,4.15,4.15,0.010549545288085938,0.0,4.323968823882751e-05,0.0633818581700325
Residual PPO,1051,2,0.1,100.0,-0.8433747291564941,-0.6024307608604431,0.2584548592567444,True,0.26105931401252747,0.009106289595365524,0.002018360886722803,8.167501619027462e-06,0.8475,3.0500000000000003,3.0500000000000003,0.001956462860107422,0.0,5.156626502866857e-05,0.0661323294043541
Residual PPO,1052,2,0.1,100.0,-1.577463150024414,-0.03658809885382652,0.32490968704223633,True,0.4703676998615265,0.015117855742573738,0.0044118124060332775,1.0745959116320591e-05,0.79,4.2,4.2,0.004407405853271484,0.0,4.849894321523607e-05,0.06559563428163528
Residual PPO,1053,2,0.1,100.0,-0.7320424914360046,-0.38764455914497375,0.44851720333099365,True,0.24572619795799255,0.011182189919054508,0.008855797350406647,4.974595867679454e-06,0.8475,3.0500000000000003,3.0500000000000003,0.00885009765625,0.0,4.728919520857744e-05,0.06385377049446106
Residual PPO,1054,2,0.1,100.0,-1.9604523181915283,0.6108824014663696,0.3443475067615509,True,0.6370108723640442,0.021281497552990913,0.00511390483006835,1.4238295079849195e-05,0.7575,4.8500000000000005,4.8500000000000005,0.005112648010253906,0.0,4.818640445591882e-05,0.06378093361854553
Residual PPO,1055,2,0.1,100.0,-0.8035520911216736,-0.8197364807128906,0.37500709295272827,True,0.30254969000816345,0.012112407945096493,0.006236111279577017,7.6134156188345514e-06,0.83,3.4000000000000004,3.4000000000000004,0.006236076354980469,0.0,5.729243639507331e-05,0.06537052243947983
Residual PPO,1056,2,0.1,100.0,-0.6173267960548401,-0.7547652125358582,0.33817118406295776,True,0.24492017924785614,0.009809579700231552,0.004894275218248367,1.0460885278007481e-05,0.84,3.2,3.2,0.0048923492431640625,0.0,5.0607701268745586e-05,0.061734478920698166
Residual PPO,1057,2,0.1,100.0,-1.4013786315917969,-0.020997419953346252,0.2980625629425049,True,0.4024980366230011,0.012188224121928215,0.003434959566220641,9.827831490838435e-06,0.8025,3.95,3.95,0.0034203529357910156,0.0,4.987538341083564e-05,0.06368184089660645
Residual PPO,1058,2,0.1,100.0,-1.9344123601913452,-0.6835842132568359,0.34246277809143066,True,0.6288353204727173,0.023637432605028152,0.00502924807369709,2.1727701096097007e-05,0.76,4.800000000000001,4.800000000000001,0.00502777099609375,0.0,5.244158819550648e-05,0.06337808072566986
Residual PPO,1059,2,0.1,100.0,-1.3239208459854126,-0.34795770049095154,0.3298633396625519,True,0.3940976560115814,0.013250245712697506,0.0045828865841031075,1.4702742191730067e-05,0.8075,3.85,3.85,0.0045795440673828125,0.0,5.027644874644466e-05,0.0652652457356453
Residual PPO,1060,2,0.1,100.0,-0.5232435464859009,-0.8263487219810486,0.4775193929672241,True,0.2591226398944855,0.01263932790607214,0.009843512438237667,1.4160699720378034e-05,0.8325,3.35,3.35,0.00983428955078125,0.0,4.928873386234045e-05,0.06329131126403809
Residual PPO,1061,2,0.1,100.0,-1.0766786336898804,0.09924349933862686,0.28927016258239746,True,0.2988058030605316,0.008860548958182335,0.003122590482234955,6.5569402067922056e-06,0.8275,3.45,3.45,0.0031023025512695312,0.0,4.6963941713329405e-05,0.06267663091421127
Residual PPO,1062,2,0.1,100.0,-1.020176649093628,-0.6513675451278687,0.4292861223220825,True,0.34956496953964233,0.014280811883509159,0.00816322024911642,1.3881901395507157e-05,0.8225,3.5500000000000003,3.5500000000000003,0.008159637451171875,0.0,4.912998338113539e-05,0.06459090113639832
Residual PPO,1063,2,0.1,100.0,-0.5567145943641663,0.6067063212394714,0.2895512878894806,True,0.1974829137325287,0.0060734800063073635,0.003128975862637162,7.21708374840091e-06,0.875,2.5,2.5,0.003108978271484375,0.0,3.891575397574343e-05,0.05850372835993767
Residual PPO,1064,2,0.1,100.0,-1.6129041910171509,-0.13716638088226318,0.24278511106967926,True,0.4569856524467468,0.01303369365632534,0.0014796277973800898,1.2248484381416347e-05,0.7925,4.15,4.15,0.00136566162109375,0.0,5.3264990128809586e-05,0.06412506103515625
Residual PPO,1065,2,0.1,100.0,-0.5033138990402222,-0.5932050347328186,0.453745573759079,True,0.21088261902332306,0.01056507509201765,0.009039515629410744,5.204907211009413e-06,0.855,2.9000000000000004,2.9000000000000004,0.009033203125,0.0,4.6029406803427264e-05,0.061918266117572784
Residual PPO,1066,2,0.1,100.0,-1.3762075901031494,0.32575497031211853,0.20805609226226807,True,0.37945887446403503,0.009450200013816357,0.0007343955803662539,8.454618182440754e-06,0.8075,3.85,3.85,8.20159912109375e-05,0.0,5.184769906918518e-05,0.062358707189559937
Residual PPO,1067,2,0.1,100.0,-0.6176835894584656,0.9055254459381104,0.20151829719543457,True,0.2555277943611145,0.007752752397209406,0.0007723957533016801,6.016697966515494e-07,0.845,3.1,3.1,0.0,0.0,4.159043965046294e-05,0.05296029523015022
Residual PPO,1068,2,0.1,100.0,-0.7787961959838867,0.5352519750595093,0.25048118829727173,True,0.2331717312335968,0.00631389394402504,0.0017472031759098172,5.220616003498435e-06,0.855,2.9000000000000004,2.9000000000000004,0.0016641616821289062,0.0,4.768449434777722e-05,0.0599222332239151
Residual PPO,1069,2,0.1,100.0,-0.5076419115066528,0.8446078896522522,0.24751581251621246,True,0.2300993949174881,0.0071893781423568726,0.0016478350153192878,4.753682787850266e-06,0.85,3.0,3.0,0.0015549659729003906,0.0,3.7371508369687945e-05,0.05208311229944229
Residual PPO,1070,2,0.1,100.0,-1.6644020080566406,0.9533751606941223,0.22921264171600342,True,0.5218325853347778,0.013005182147026062,0.001071640755981207,1.0096907317347359e-05,0.7875,4.25,4.25,0.0008654594421386719,0.0,5.5917102145031095e-05,0.06282030791044235
Residual PPO,1071,2,0.1,100.0,-1.6379417181015015,0.7469041347503662,0.26974478363990784,True,0.5046082139015198,0.013390266336500645,0.0024081191513687372,1.2559641618281603e-05,0.7875,4.25,4.25,0.0023665428161621094,0.0,5.223606785875745e-05,0.06327357143163681
Residual PPO,1072,2,0.1,100.0,-1.22187077999115,0.3675197660923004,0.4661308228969574,True,0.4077279567718506,0.016312280669808388,0.00944245234131813,1.8106280549545772e-05,0.8025,3.95,3.95,0.009434700012207031,0.0,4.165403879596852e-05,0.06341520696878433
Residual PPO,1073,2,0.1,100.0,-1.5133368968963623,0.8512749075889587,0.3800120949745178,True,0.5109214782714844,0.01679137349128723,0.006408818066120148,1.1745815754693467e-05,0.7875,4.25,4.25,0.00640869140625,0.0,4.750326479552314e-05,0.06098157539963722
Residual PPO,1074,2,0.1,100.0,-0.5001789927482605,-0.2884053587913513,0.4962819218635559,True,0.18231335282325745,0.01066786702722311,0.010512543842196465,1.361781301056908e-06,0.87,2.6,2.6,0.010500907897949219,0.0,4.233155777910724e-05,0.06488855183124542
Residual PPO,1075,2,0.1,100.0,-0.8189709782600403,0.9466501474380493,0.23914383351802826,True,0.30439767241477966,0.008694851770997047,0.0013766662450507283,3.5279197163617937e-06,0.845,3.1,3.1,0.0012464523315429688,0.0,4.784231714438647e-05,0.056232474744319916
Residual PPO,1076,2,0.1,100.0,-1.445397138595581,-0.562984049320221,0.45283621549606323,True,0.4926985800266266,0.02123289741575718,0.008969712071120739,2.3279537344933487e-05,0.7825,4.3500000000000005,4.3500000000000005,0.008963584899902344,0.0,4.640953557100147e-05,0.06334041059017181
Residual PPO,1077,2,0.1,100.0,-0.6151338219642639,-0.8893533945083618,0.2694230377674103,True,0.262224942445755,0.010282515548169613,0.002405800623819232,7.905431630206294e-06,0.8325,3.35,3.35,0.0023641586303710938,0.0,5.319986303220503e-05,0.06022156774997711
Residual PPO,1078,2,0.1,100.0,-0.6580581068992615,-0.6858707666397095,0.23459486663341522,True,0.22805823385715485,0.008454360999166965,0.0012329869205132127,6.106321052357089e-06,0.85,3.0,3.0,0.0010738372802734375,0.0,5.7654277043184265e-05,0.06683415174484253
Residual PPO,1079,2,0.1,100.0,-0.5874135494232178,0.8651593327522278,0.4896434247493744,True,0.27946150302886963,0.012122123502194881,0.01028471626341343,1.5303132840926992e-06,0.84,3.2,3.2,0.010273933410644531,0.0,4.038495535496622e-05,0.05612684041261673
Residual PPO,1080,2,0.1,100.0,-0.6397119164466858,0.7102972865104675,0.367546945810318,True,0.2434389740228653,0.008442957885563374,0.0059738242998719215,3.511820750645711e-06,0.86,2.8000000000000003,2.8000000000000003,0.00597381591796875,0.0,4.072586671099998e-05,0.05645788088440895
Residual PPO,1081,2,0.1,100.0,-1.3320256471633911,0.8601993322372437,0.3006768822669983,True,0.4314190447330475,0.01203000359237194,0.003536468604579568,6.81448409523e-06,0.8075,3.85,3.85,0.0035233497619628906,0.0,5.084701479063369e-05,0.062297191470861435
Residual PPO,1082,2,0.1,100.0,-0.9581221342086792,-0.30673766136169434,0.3117980659008026,True,0.27579864859580994,0.009381646290421486,0.003944469150155783,5.2520881581585854e-06,0.8375,3.25,3.25,0.003936290740966797,0.0,4.8648704250808805e-05,0.06636542826890945
Residual PPO,1083,2,0.1,100.0,-1.3940625190734863,0.6289385557174683,0.21643398702144623,True,0.4063587486743927,0.009923039935529232,0.0007960137445479631,6.343501809169538e-06,0.8075,3.85,3.85,0.00039577484130859375,0.0,5.2555657021002844e-05,0.06389247626066208
Residual PPO,1084,2,0.1,100.0,-0.7371216416358948,-0.8951173424720764,0.4071005880832672,True,0.30568912625312805,0.01289871335029602,0.007375404704362154,1.4288853890320752e-05,0.8225,3.5500000000000003,3.5500000000000003,0.007373809814453125,0.0,5.4562013247050345e-05,0.0646519735455513
Residual PPO,1085,2,0.1,100.0,-0.7224554419517517,-0.08529454469680786,0.4138740301132202,True,0.21904811263084412,0.00937288161367178,0.007622969802469015,9.029690772877075e-06,0.8525,2.95,2.95,0.007620811462402344,0.0,4.4255841203266755e-05,0.06537432968616486
Residual PPO,1086,2,0.1,100.0,-0.7490203976631165,-0.7008727788925171,0.4387705326080322,True,0.28332799673080444,0.012416321784257889,0.00851137563586235,7.178198302426608e-06,0.835,3.3000000000000003,3.3000000000000003,0.00850677490234375,0.0,5.162464367458597e-05,0.06499681621789932
Residual PPO,1087,2,0.1,100.0,-1.2718281745910645,-0.8616007566452026,0.3274095356464386,True,0.42071932554244995,0.015200618654489517,0.00450564082711935,9.070268788491376e-06,0.81,3.8000000000000003,3.8000000000000003,0.004501819610595703,0.0,5.624935874948278e-05,0.06658197939395905
Residual PPO,1088,2,0.1,100.0,-1.148199200630188,-0.9221230149269104,0.4605681300163269,True,0.4296666979789734,0.01842106506228447,0.009252945892512798,1.6570196748944e-05,0.805,3.9000000000000004,3.9000000000000004,0.009245872497558594,0.0,5.1250815886305645e-05,0.06604798883199692
Residual PPO,1089,2,0.1,100.0,-1.8535881042480469,0.5890284776687622,0.37915652990341187,True,0.6126461029052734,0.0220409594476223,0.006372550036758184,1.5079018339747563e-05,0.76,4.800000000000001,4.800000000000001,0.0063724517822265625,0.0,4.6289605961646885e-05,0.06332892924547195
Residual PPO,1090,2,0.1,100.0,-0.9845758080482483,-0.6573527455329895,0.30003631114959717,True,0.3115658164024353,0.01099353190511465,0.0035081934183835983,9.033469723362941e-06,0.8325,3.35,3.35,0.003494739532470703,0.0,5.1721817726502195e-05,0.06415823101997375
Residual PPO,1091,2,0.1,100.0,-1.8845704793930054,-0.6914018392562866,0.36124923825263977,True,0.6197981238365173,0.024061735719442368,0.005707887466996908,2.3335251171374694e-05,0.76,4.800000000000001,4.800000000000001,0.005707740783691406,0.0,5.152586163603701e-05,0.06624236702919006
Residual PPO,1092,2,0.1,100.0,-1.9696727991104126,-0.2278679758310318,0.31251582503318787,True,0.6096945405006409,0.02064564824104309,0.0039396993815898895,2.114129347319249e-05,0.7625,4.75,4.75,0.003931522369384766,0.0,4.9906746426131576e-05,0.06562890857458115
Residual PPO,1093,2,0.1,100.0,-0.8791002631187439,0.07968070358037949,0.43002596497535706,True,0.2711135447025299,0.010905545204877853,0.00818812008947134,1.2458059245545883e-05,0.8375,3.25,3.25,0.008184432983398438,0.0,4.4590968172997236e-05,0.06363420188426971
Residual PPO,1094,2,0.1,100.0,-0.9031349420547485,-0.5643354058265686,0.2514164447784424,True,0.2705051898956299,0.009200109168887138,0.001774716074578464,8.523484211764298e-06,0.8425,3.1500000000000004,3.1500000000000004,0.0016942024230957031,0.0,5.009488086216152e-05,0.06725368648767471
Residual PPO,1095,2,0.1,100.0,-1.3096781969070435,-0.4019305408000946,0.2943161725997925,True,0.38312506675720215,0.012403085827827454,0.003301784861832857,8.43283487483859e-06,0.81,3.8000000000000003,3.8000000000000003,0.003284931182861328,0.0,5.215659984969534e-05,0.06604796648025513
Residual PPO,1096,2,0.1,100.0,-0.5565752387046814,0.7886120080947876,0.27283963561058044,True,0.22840861976146698,0.007018833886831999,0.002539876149967313,1.1202652103747823e-06,0.8575,2.85,2.85,0.0025033950805664062,0.0,3.8662823499180377e-05,0.055044837296009064
Residual PPO,1097,2,0.1,100.0,-1.3080552816390991,0.037033263593912125,0.27344202995300293,True,0.3664510250091553,0.010600743815302849,0.0025547149125486612,5.478481398313306e-06,0.81,3.8000000000000003,3.8000000000000003,0.0025186538696289062,0.0,5.01812610309571e-05,0.06352786719799042
Residual PPO,1098,2,0.1,100.0,-1.2224541902542114,-0.25077617168426514,0.4742331802845001,True,0.40594807267189026,0.017520027235150337,0.009739079512655735,1.0367985851189587e-05,0.8,4.0,4.0,0.009730339050292969,0.0,4.307622657506727e-05,0.06262582540512085
Residual PPO,1099,2,0.1,100.0,-1.9130916595458984,0.09447009861469269,0.36984628438949585,True,0.6147016882896423,0.022763773798942566,0.006029607728123665,1.8324379198020324e-05,0.7575,4.8500000000000005,4.8500000000000005,0.006029605865478516,0.0,4.609807729138993e-05,0.06413890421390533
PD+FF,1000,4,0.2,200.0,-1.2179213762283325,0.20768369734287262,0.34128254652023315,True,0.3824068605899811,0.03879014402627945,6.77541465847753e-05,3.53766190528404e-05,0.7475,5.050000000000001,5.050000000000001,0.0,0.0,1.0054458471131511e-05,0.011997801251709461
PD+FF,1001,4,0.2,200.0,-1.0811076164245605,-0.9685990810394287,0.25630688667297363,True,0.3997795581817627,0.038418520241975784,7.363447366515175e-05,3.7517776945605874e-05,0.75,5.0,5.0,0.0,0.0,1.318647264270112e-05,0.01332620345056057
PD+FF,1002,4,0.2,200.0,-1.428768277168274,-0.28562131524086,0.4242836833000183,True,0.47836145758628845,0.05097425356507301,9.322138066636398e-05,4.6403511078096926e-05,0.7225,5.550000000000001,5.550000000000001,0.0,0.0,1.0815344467118848e-05,0.012928345240652561
PD+FF,1003,4,0.2,200.0,-1.7183640003204346,-0.48658838868141174,0.34840381145477295,True,0.5605548024177551,0.05907440185546875,0.00011047709995182231,5.7009874581126496e-05,0.7075,5.8500000000000005,5.8500000000000005,0.0,0.0,1.4779993762203958e-05,0.0148209473118186
PD+FF,1004,4,0.2,200.0,-1.998679280281067,-0.7396973967552185,0.24154320359230042,True,0.6348811984062195,0.06516848504543304,0.00012344181595835835,6.325729918899015e-05,0.6975,6.050000000000001,6.050000000000001,0.0,0.0,2.128138112311717e-05,0.017514260485768318
PD+FF,1005,4,0.2,200.0,-1.8766711950302124,0.8611240983009338,0.28618520498275757,True,0.6194140315055847,0.06381209194660187,0.00012121055624447763,6.224053504411131e-05,0.7,6.0,6.0,0.0,0.0,2.041770494543016e-05,0.016820281744003296
PD+FF,1006,4,0.2,200.0,-1.4946178197860718,0.20171388983726501,0.28934937715530396,True,0.45718052983283997,0.04636593535542488,7.293470116565004e-05,3.926984572899528e-05,0.73,5.4,5.4,0.0,0.0,1.4005324374011252e-05,0.014085476286709309
PD+FF,1007,4,0.2,200.0,-1.8931626081466675,0.6319606900215149,0.39287856221199036,True,0.6510827541351318,0.07319403439760208,0.00012519465235527605,6.576603482244536e-05,0.6875,6.25,6.25,0.0,0.0,1.4029044905328192e-05,0.013966296799480915
PD+FF,1008,4,0.2,200.0,-1.749120831489563,0.6261014938354492,0.26522985100746155,True,0.5527352690696716,0.05612320080399513,9.316387877333909e-05,4.95034983032383e-05,0.7125,5.75,5.75,0.0,0.0,1.8961898604175076e-05,0.016649307683110237
PD+FF,1009,4,0.2,200.0,-1.9152493476867676,-0.3461688160896301,0.2149554342031479,True,0.5775959491729736,0.058671984821558,0.00010582977847661823,5.444391354103573e-05,0.7075,5.8500000000000005,5.8500000000000005,0.0,0.0,1.9602191969170235e-05,0.017340753227472305
PD+FF,1010,4,0.2,200.0,-1.8575115203857422,0.07161146402359009,0.4753030240535736,True,0.6649863719940186,0.08378790318965912,0.00016596447676420212,8.369841089006513e-05,0.6725,6.550000000000001,6.550000000000001,0.0,0.0,8.694875759829301e-06,0.011805926449596882
PD+FF,1011,4,0.2,200.0,-1.57381272315979,0.12664707005023956,0.26378002762794495,True,0.474367618560791,0.047983475029468536,7.884387014200911e-05,4.1956522181862965e-05,0.7275,5.45,5.45,0.0,0.0,1.5053621609695256e-05,0.014601604081690311
PD+FF,1012,4,0.2,200.0,-1.5405192375183105,0.561293363571167,0.2715309262275696,True,0.48462334275245667,0.04869989678263664,8.509270992362872e-05,4.4650161726167426e-05,0.7275,5.45,5.45,0.0,0.0,1.639019319554791e-05,0.014895131811499596
PD+FF,1013,4,0.2,200.0,-0.8082606196403503,-0.8420410752296448,0.401797890663147,True,0.33758774399757385,0.03310107812285423,6.857061089249328e-05,3.441605076659471e-05,0.765,4.7,4.7,0.0,0.0,9.426292308489792e-06,0.010917563922703266
PD+FF,1014,4,0.2,200.0,-1.3467140197753906,0.1714046150445938,0.4693894386291504,True,0.46321341395378113,0.05045892670750618,0.00010703514999477193,5.343754673958756e-05,0.7225,5.550000000000001,5.550000000000001,0.0,0.0,8.953149517765269e-06,0.011896291747689247
PD+FF,1015,4,0.2,200.0,-1.4601455926895142,0.21413566172122955,0.39239153265953064,True,0.4757654368877411,0.050013039261102676,8.389253343921155e-05,4.4276453991187736e-05,0.725,5.5,5.5,0.0,0.0,1.1756481399061158e-05,0.013501466251909733
PD+FF,1016,4,0.2,200.0,-1.6580126285552979,-0.11461202055215836,0.3060871958732605,True,0.5133155584335327,0.052925754338502884,0.00010500603821128607,5.3489664423977956e-05,0.7175,5.65,5.65,0.0,0.0,1.4883881704008672e-05,0.015217320062220097
PD+FF,1017,4,0.2,200.0,-0.62247234582901,0.6426637768745422,0.4917738139629364,True,0.27697426080703735,0.027849072590470314,4.6201494114939123e-05,2.38156189880101e-05,0.78,4.4,4.4,0.0,0.0,6.487890004791552e-06,0.008909187279641628
PD+FF,1018,4,0.2,200.0,-1.1090368032455444,-0.0900818482041359,0.4614541530609131,True,0.376615971326828,0.039723899215459824,5.5432381486753e-05,3.0843781132716686e-05,0.745,5.1000000000000005,5.1000000000000005,0.0,0.0,8.760468517721165e-06,0.011521092616021633
PD+FF,1019,4,0.2,200.0,-1.674609661102295,-0.20800989866256714,0.34006524085998535,True,0.531726062297821,0.05572433024644852,9.098691225517541e-05,4.8417325160698965e-05,0.7125,5.75,5.75,0.0,0.0,1.3850661161995959e-05,0.01470624003559351
PD+FF,1020,4,0.2,200.0,-1.1319496631622314,-0.4326494336128235,0.2227078378200531,True,0.34228038787841797,0.03319252282381058,6.394068623194471e-05,3.215383549104445e-05,0.7625,4.75,4.75,0.0,0.0,9.217803381034173e-06,0.011402534320950508
PD+FF,1021,4,0.2,200.0,-1.4384177923202515,-0.8382971882820129,0.49743902683258057,True,0.5496932864189148,0.06131408363580704,0.00010413002746645361,5.460145621327683e-05,0.705,5.9,5.9,0.0,0.0,1.2185353625682183e-05,0.012030800804495811
PD+FF,1022,4,0.2,200.0,-1.999210000038147,0.8368335366249084,0.37694433331489563,True,0.6973692774772644,0.07851940393447876,0.00013052491704002023,6.892446981510147e-05,0.68,6.4,6.4,0.0,0.0,1.640545997361187e-05,0.014551086351275444
PD+FF,1023,4,0.2,200.0,-1.4916963577270508,0.8117974996566772,0.4728805720806122,True,0.5549588799476624,0.061173222959041595,0.00012379258987493813,6.24529056949541e-05,0.705,5.9,5.9,0.0,0.0,1.2715430784737691e-05,0.012559551745653152
PD+FF,1024,4,0.2,200.0,-1.51630699634552,-0.48329436779022217,0.3110935389995575,True,0.48215922713279724,0.049066320061683655,9.920976299326867e-05,5.038394738221541e-05,0.725,5.5,5.5,0.0,0.0,1.5338991943281144e-05,0.014628395438194275
PD+FF,1025,4,0.2,200.0,-0.7683239579200745,0.258014976978302,0.24864348769187927,True,0.2310720682144165,0.02224535122513771,3.6789388104807585e-05,1.92973038792843e-05,0.8025,3.95,3.95,0.0,0.0,4.434783477336168e-06,0.008017638698220253
PD+FF,1026,4,0.2,200.0,-1.7438942193984985,0.19023452699184418,0.2583710551261902,True,0.5293020009994507,0.05398950353264809,9.23490515560843e-05,4.853362770518288e-05,0.7175,5.65,5.65,0.0,0.0,1.6909649275476113e-05,0.016002725809812546
PD+FF,1027,4,0.2,200.0,-1.9580382108688354,0.12429128587245941,0.36954861879348755,True,0.6464565992355347,0.0726814866065979,0.00013122607197146863,6.808868056396022e-05,0.6875,6.25,6.25,0.0,0.0,1.2550821338663809e-05,0.014177639037370682
PD+FF,1028,4,0.2,200.0,-0.7757433652877808,-0.22796711325645447,0.4025936424732208,True,0.2605419158935547,0.0263378769159317,4.85626223962754e-05,2.484324977558572e-05,0.785,4.3,4.3,0.0,0.0,5.083773885417031e-06,0.00849931500852108
PD+FF,1029,4,0.2,200.0,-0.7448340058326721,0.6458722352981567,0.214758962392807,True,0.2634437084197998,0.024832678958773613,4.2810061131604016e-05,2.2364418327924795e-05,0.7925,4.15,4.15,0.0,0.0,6.307866442512022e-06,0.00939959567040205
PD+FF,1030,4,0.2,200.0,-1.6447029113769531,-0.9496257901191711,0.4438457489013672,True,0.6101387739181519,0.06729116290807724,0.00011481263936730102,6.140495679574087e-05,0.695,6.1000000000000005,6.1000000000000005,0.0,0.0,1.5177281056821812e-05,0.013414530083537102
PD+FF,1031,4,0.2,200.0,-0.9611496329307556,0.9009804725646973,0.39864641427993774,True,0.3846970796585083,0.03805222362279892,6.675608892692253e-05,3.4787160984706134e-05,0.75,5.0,5.0,0.0,0.0,1.1729584912245627e-05,0.012203492224216461
PD+FF,1032,4,0.2,200.0,-0.6833899617195129,-0.5306191444396973,0.49894750118255615,True,0.28037407994270325,0.02868674136698246,4.2914325604215264e-05,2.2706453819409944e-05,0.7775,4.45,4.45,0.0,0.0,6.313592166407034e-06,0.008913924917578697
PD+FF,1033,4,0.2,200.0,-0.7577928304672241,0.7459949851036072,0.4761985242366791,True,0.3241017162799835,0.03256271034479141,7.513049786211923e-05,3.612272848840803e-05,0.765,4.7,4.7,0.0,0.0,8.539802365703508e-06,0.010277466848492622
PD+FF,1034,4,0.2,200.0,-0.5296080112457275,-0.6777904629707336,0.22327283024787903,True,0.22506549954414368,0.02101973444223404,3.972314880229533e-05,2.0377172404550947e-05,0.8075,3.85,3.85,0.0,0.0,4.860092758462997e-06,0.008307845331728458
PD+FF,1035,4,0.2,200.0,-1.5201642513275146,-0.23973245918750763,0.436818927526474,True,0.5146772265434265,0.05625264346599579,0.0001062987867044285,5.474011049955152e-05,0.7125,5.75,5.75,0.0,0.0,1.0249739716527984e-05,0.012679008767008781
PD+FF,1036,4,0.2,200.0,-1.558912754058838,0.6018440127372742,0.34900519251823425,True,0.514153778553009,0.053026046603918076,9.888988279271871e-05,5.0952312449226156e-05,0.7175,5.65,5.65,0.0,0.0,1.544786209706217e-05,0.01490618847310543
PD+FF,1037,4,0.2,200.0,-1.5164998769760132,-0.3818822205066681,0.38270920515060425,True,0.49795645475387573,0.05225873738527298,9.519203013041988e-05,4.9293168558506295e-05,0.72,5.6000000000000005,5.6000000000000005,0.0,0.0,1.2740413694700692e-05,0.013898806646466255
PD+FF,1038,4,0.2,200.0,-1.5098652839660645,-0.8029577136039734,0.31811848282814026,True,0.5080510973930359,0.05132526904344559,8.928323222789913e-05,4.6770328481215984e-05,0.7225,5.550000000000001,5.550000000000001,0.0,0.0,1.766073182807304e-05,0.015355397015810013
PD+FF,1039,4,0.2,200.0,-0.6960156559944153,-0.0387578122317791,0.3661683201789856,True,0.22255858778953552,0.02223607338964939,5.1522147259674966e-05,2.5315241146017797e-05,0.8025,3.95,3.95,0.0,0.0,3.7977656575094443e-06,0.007420658599585295
PD+FF,1040,4,0.2,200.0,-0.7547146081924438,0.5635512471199036,0.4134989380836487,True,0.28605836629867554,0.028476784005761147,5.456800136016682e-05,2.9866390832467005e-05,0.7775,4.45,4.45,0.0,0.0,6.598237632715609e-06,0.009333272464573383
PD+FF,1041,4,0.2,200.0,-0.6478168964385986,-0.19675222039222717,0.46515655517578125,True,0.23404043912887573,0.024116959422826767,5.776844045612961e-05,2.7373680495657027e-05,0.795,4.1000000000000005,4.1000000000000005,0.0,0.0,4.18675881519448e-06,0.00758125726133585
PD+FF,1042,4,0.2,200.0,-1.463887333869934,-0.25558269023895264,0.3728010952472687,True,0.4719288647174835,0.049132633954286575,8.78683349583298e-05,4.576391802402213e-05,0.725,5.5,5.5,0.0,0.0,1.2545641766337212e-05,0.013873999007046223
PD+FF,1043,4,0.2,200.0,-1.7490100860595703,-0.7958716750144958,0.31946444511413574,True,0.5825902819633484,0.06017887592315674,0.00010216105874860659,5.386103657656349e-05,0.705,5.9,5.9,0.0,0.0,1.8367090888204984e-05,0.015955302864313126
PD+FF,1044,4,0.2,200.0,-1.981444239616394,0.7169352173805237,0.20961801707744598,True,0.6177185773849487,0.06256105750799179,0.00011165791511302814,5.812586459796876e-05,0.7025,5.95,5.95,0.0,0.0,2.2484946384793147e-05,0.018085742369294167
PD+FF,1045,4,0.2,200.0,-0.7272861003875732,-0.39523494243621826,0.4158290922641754,True,0.2610972821712494,0.02623842842876911,4.311168231652118e-05,2.493391184543725e-05,0.7875,4.25,4.25,0.0,0.0,5.335537025530357e-06,0.008528782054781914
PD+FF,1046,4,0.2,200.0,-1.868130087852478,0.6265861392021179,0.39649125933647156,True,0.6430870294570923,0.07215311378240585,0.00012701645027846098,6.618007319048047e-05,0.6875,6.25,6.25,0.0,0.0,1.3881702216167469e-05,0.013892880640923977
PD+FF,1047,4,0.2,200.0,-1.1699552536010742,-0.14992530643939972,0.29876548051834106,True,0.3554670810699463,0.03549402952194214,6.750557804480195e-05,3.480260056676343e-05,0.7575,4.8500000000000005,4.8500000000000005,0.0,0.0,9.01238490769174e-06,0.011446025222539902
PD+FF,1048,4,0.2,200.0,-0.9076822996139526,-0.7630760073661804,0.4824531674385071,True,0.368362158536911,0.037554781883955,5.307961691869423e-05,2.969428533106111e-05,0.7525,4.95,4.95,0.0,0.0,1.042036365106469e-05,0.011360568925738335
PD+FF,1049,4,0.2,200.0,-1.6127384901046753,0.09402617067098618,0.43331217765808105,True,0.5448173880577087,0.0605626255273819,0.00010878503235289827,5.630137093248777e-05,0.705,5.9,5.9,0.0,0.0,1.010341293294914e-05,0.012726363725960255
PD+FF,1050,4,0.2,200.0,-1.2507070302963257,-0.40418457984924316,0.49881017208099365,True,0.44943559169769287,0.049033358693122864,8.73660173965618e-05,4.5530294300988317e-05,0.725,5.5,5.5,0.0,0.0,8.899016393115744e-06,0.011422039940953255
PD+FF,1051,4,0.2,200.0,-0.8433747291564941,-0.6024307608604431,0.2584548592567444,True,0.287065714597702,0.027487091720104218,5.060459079686552e-05,2.6217850972898304e-05,0.7825,4.3500000000000005,4.3500000000000005,0.0,0.0,7.050258318486158e-06,0.009873210452497005
PD+FF,1052,4,0.2,200.0,-1.577463150024414,-0.03658809885382652,0.32490968704223633,True,0.4913681149482727,0.05073025822639465,8.536661334801465e-05,4.5067652536090463e-05,0.7225,5.550000000000001,5.550000000000001,0.0,0.0,1.3978055903862696e-05,0.014730695635080338
PD+FF,1053,4,0.2,200.0,-0.7320424914360046,-0.38764455914497375,0.44851720333099365,True,0.26879769563674927,0.02735222689807415,4.034770972793922e-05,2.139550997526385e-05,0.7825,4.3500000000000005,4.3500000000000005,0.0,0.0,5.5680834520899225e-06,0.008665627799928188
PD+FF,1054,4,0.2,200.0,-1.9604523181915283,0.6108824014663696,0.3443475067615509,True,0.6522664427757263,0.07113149017095566,0.00011801424261648208,6.249223224585876e-05,0.69,6.2,6.2,0.0,0.0,1.5823687135707587e-05,0.015049411915242672
PD+FF,1055,4,0.2,200.0,-0.8035520911216736,-0.8197364807128906,0.37500709295272827,True,0.32813194394111633,0.03196464106440544,5.091915954835713e-05,2.7417421733844094e-05,0.7675,4.65,4.65,0.0,0.0,8.999084457173012e-06,0.010771059431135654
PD+FF,1056,4,0.2,200.0,-0.6173267960548401,-0.7547652125358582,0.33817118406295776,True,0.2691629230976105,0.025710688903927803,4.982051905244589e-05,2.5415556592633948e-05,0.7875,4.25,4.25,0.0,0.0,6.49173625788535e-06,0.009286203421652317
PD+FF,1057,4,0.2,200.0,-1.4013786315917969,-0.020997419953346252,0.2980625629425049,True,0.4267463684082031,0.04320121183991432,7.486822869395837e-05,3.9192531403386965e-05,0.7375,5.25,5.25,0.0,0.0,1.228995643032249e-05,0.013326561078429222
PD+FF,1058,4,0.2,200.0,-1.9344123601913452,-0.6835842132568359,0.34246277809143066,True,0.6465172171592712,0.06991659849882126,0.00012985014473088086,6.711189780617133e-05,0.69,6.2,6.2,0.0,0.0,1.648064426262863e-05,0.015194416977465153
PD+FF,1059,4,0.2,200.0,-1.3239208459854126,-0.34795770049095154,0.3298633396625519,True,0.4187953472137451,0.04247528314590454,8.320877532241866e-05,4.2269308323739097e-05,0.74,5.2,5.2,0.0,0.0,1.2037005944876e-05,0.013041794300079346
PD+FF,1060,4,0.2,200.0,-0.5232435464859009,-0.8263487219810486,0.4775193929672241,True,0.28225165605545044,0.027585584670305252,5.857759970240295e-05,2.9144430300220847e-05,0.7825,4.3500000000000005,4.3500000000000005,0.0,0.0,7.15166743248119e-06,0.009257198311388493
PD+FF,1061,4,0.2,200.0,-1.0766786336898804,0.09924349933862686,0.28927016258239746,True,0.32339292764663696,0.03205237537622452,5.403116301749833e-05,2.8329257474979386e-05,0.7675,4.65,4.65,0.0,0.0,7.655901754333172e-06,0.010578334331512451
PD+FF,1062,4,0.2,200.0,-1.020176649093628,-0.6513675451278687,0.4292861223220825,True,0.3743249773979187,0.03803740814328194,7.091474253684282e-05,3.681728776427917e-05,0.75,5.0,5.0,0.0,0.0,1.0390946044935845e-05,0.011628762818872929
PD+FF,1063,4,0.2,200.0,-0.5567145943641663,0.6067063212394714,0.2895512878894806,True,0.2244674116373062,0.021274959668517113,4.377487493911758e-05,2.2412812541006133e-05,0.8075,3.85,3.85,0.0,0.0,4.6434583964583e-06,0.007978841662406921
PD+FF,1064,4,0.2,200.0,-1.6129041910171509,-0.13716638088226318,0.24278511106967926,True,0.4816267490386963,0.048513174057006836,8.981603605207056e-05,4.6446792111964896e-05,0.7275,5.45,5.45,0.0,0.0,1.5647090549464338e-05,0.014831120148301125
PD+FF,1065,4,0.2,200.0,-0.5033138990402222,-0.5932050347328186,0.453745573759079,True,0.23312319815158844,0.0229840986430645,3.590042615542188e-05,1.936917942657601e-05,0.8,4.0,4.0,0.0,0.0,4.851689027418615e-06,0.00774324731901288
PD+FF,1066,4,0.2,200.0,-1.3762075901031494,0.32575497031211853,0.20805609226226807,True,0.4051406681537628,0.03976207971572876,7.319205178646371e-05,3.8578640669584274e-05,0.745,5.1000000000000005,5.1000000000000005,0.0,0.0,1.2138397323724348e-05,0.013083786703646183
PD+FF,1067,4,0.2,200.0,-0.6176835894584656,0.9055254459381104,0.20151829719543457,True,0.2848251461982727,0.026568518951535225,4.528964564087801e-05,2.3563849026686512e-05,0.785,4.3,4.3,0.0,0.0,7.602683581353631e-06,0.010511059314012527
PD+FF,1068,4,0.2,200.0,-0.7787961959838867,0.5352519750595093,0.25048118829727173,True,0.26100581884384155,0.024914827197790146,4.804320997209288e-05,2.4378772650379688e-05,0.7925,4.15,4.15,0.0,0.0,5.914116627536714e-06,0.009098564274609089
PD+FF,1069,4,0.2,200.0,-0.5076419115066528,0.8446078896522522,0.24751581251621246,True,0.25730249285697937,0.024029726162552834,4.4187665480421856e-05,2.284019319631625e-05,0.795,4.1000000000000005,4.1000000000000005,0.0,0.0,6.270181529544061e-06,0.009492050856351852
PD+FF,1070,4,0.2,200.0,-1.6644020080566406,0.9533751606941223,0.22921264171600342,True,0.5486495494842529,0.05439741909503937,0.00010157287761103362,5.207459253142588e-05,0.715,5.7,5.7,0.0,0.0,2.18791828956455e-05,0.01680302806198597
PD+FF,1071,4,0.2,200.0,-1.6379417181015015,0.7469041347503662,0.26974478363990784,True,0.5291222929954529,0.05323883518576622,0.00010058984480565414,5.1646227802848443e-05,0.7175,5.65,5.65,0.0,0.0,1.9050090486416593e-05,0.016017284244298935
PD+FF,1072,4,0.2,200.0,-1.22187077999115,0.3675197660923004,0.4661308228969574,True,0.4252762794494629,0.04515506327152252,9.08633810468018e-05,4.509959399001673e-05,0.735,5.300000000000001,5.300000000000001,0.0,0.0,9.696373126644175e-06,0.012036901898682117
PD+FF,1073,4,0.2,200.0,-1.5133368968963623,0.8512749075889587,0.3800120949745178,True,0.5313233733177185,0.05484633520245552,9.495544509263709e-05,4.973318209522404e-05,0.715,5.7,5.7,0.0,0.0,1.6438874808955006e-05,0.014834201894700527
PD+FF,1074,4,0.2,200.0,-0.5001789927482605,-0.2884053587913513,0.4962819218635559,True,0.20298698544502258,0.02092694118618965,2.234252679045312e-05,1.3051389032625593e-05,0.8075,3.85,3.85,0.0,0.0,3.444742105784826e-06,0.006803547032177448
PD+FF,1075,4,0.2,200.0,-0.8189709782600403,0.9466501474380493,0.23914383351802826,True,0.3346669375896454,0.03161795437335968,5.623312608804554e-05,2.921572195191402e-05,0.7675,4.65,4.65,0.0,0.0,9.913744179357309e-06,0.01176385022699833
PD+FF,1076,4,0.2,200.0,-1.445397138595581,-0.562984049320221,0.45283621549606323,True,0.5096376538276672,0.05518171191215515,0.00010734156239777803,5.426403004094027e-05,0.715,5.7,5.7,0.0,0.0,1.1373562301741913e-05,0.012633576057851315
PD+FF,1077,4,0.2,200.0,-0.6151338219642639,-0.8893533945083618,0.2694230377674103,True,0.28702008724212646,0.026989618316292763,4.783903932548128e-05,2.5042882043635473e-05,0.785,4.3,4.3,0.0,0.0,7.561784968856955e-06,0.010278908535838127
PD+FF,1078,4,0.2,200.0,-0.6580581068992615,-0.6858707666397095,0.23459486663341522,True,0.25318536162376404,0.023822207003831863,4.2057759856106713e-05,2.199278060288634e-05,0.795,4.1000000000000005,4.1000000000000005,0.0,0.0,5.919524937780807e-06,0.009134549647569656
PD+FF,1079,4,0.2,200.0,-0.5874135494232178,0.8651593327522278,0.4896434247493744,True,0.3054201006889343,0.0300749484449625,4.406478547025472e-05,2.3720980607322417e-05,0.7725,4.55,4.55,0.0,0.0,8.160301149473526e-06,0.009853960014879704
PD+FF,1080,4,0.2,200.0,-0.6397119164466858,0.7102972865104675,0.367546945810318,True,0.27039873600006104,0.026099929586052895,4.563418042380363e-05,2.37166113947751e-05,0.7875,4.25,4.25,0.0,0.0,6.415381903934758e-06,0.009157096035778522
PD+FF,1081,4,0.2,200.0,-1.3320256471633911,0.8601993322372437,0.3006768822669983,True,0.4585835039615631,0.045426756143569946,7.689237099839374e-05,4.0416063711745664e-05,0.7325,5.3500000000000005,5.3500000000000005,0.0,0.0,1.574203633936122e-05,0.014311599545180798
PD+FF,1082,4,0.2,200.0,-0.9581221342086792,-0.30673766136169434,0.3117980659008026,True,0.3004111051559448,0.02967616729438305,4.466403697733767e-05,2.4120552552631125e-05,0.775,4.5,4.5,0.0,0.0,6.8449298851192e-06,0.009911146946251392
PD+FF,1083,4,0.2,200.0,-1.3940625190734863,0.6289385557174683,0.21643398702144623,True,0.43323102593421936,0.042398933321237564,7.592923066113144e-05,3.906355777871795e-05,0.74,5.2,5.2,0.0,0.0,1.4240545169741381e-05,0.013944349251687527
PD+FF,1084,4,0.2,200.0,-0.7371216416358948,-0.8951173424720764,0.4071005880832672,True,0.3309045433998108,0.032225269824266434,6.660587678197771e-05,3.321357871755026e-05,0.7675,4.65,4.65,0.0,0.0,9.278990546590649e-06,0.010850373655557632
PD+FF,1085,4,0.2,200.0,-0.7224554419517517,-0.08529454469680786,0.4138740301132202,True,0.24143695831298828,0.02454906329512596,4.875897502643056e-05,2.4176428269129246e-05,0.7925,4.15,4.15,0.0,0.0,4.3449354052427225e-06,0.007890838198363781
PD+FF,1086,4,0.2,200.0,-0.7490203976631165,-0.7008727788925171,0.4387705326080322,True,0.3077443838119507,0.03060753643512726,4.687982436735183e-05,2.4736960767768323e-05,0.7725,4.55,4.55,0.0,0.0,7.768463547108695e-06,0.009919997304677963
PD+FF,1087,4,0.2,200.0,-1.2718281745910645,-0.8616007566452026,0.3274095356464386,True,0.4477710723876953,0.0445002056658268,7.272786751855165e-05,3.8536010833922774e-05,0.735,5.300000000000001,5.300000000000001,0.0,0.0,1.5012245057732798e-05,0.013968078419566154
PD+FF,1088,4,0.2,200.0,-1.148199200630188,-0.9221230149269104,0.4605681300163269,True,0.45226413011550903,0.04630737006664276,8.284120849566534e-05,4.275579340173863e-05,0.7325,5.3500000000000005,5.3500000000000005,0.0,0.0,1.4063386515772436e-05,0.013466401025652885
PD+FF,1089,4,0.2,200.0,-1.8535881042480469,0.5890284776687622,0.37915652990341187,True,0.6273092031478882,0.06906327605247498,0.00011316222662571818,6.020806904416531e-05,0.6925,6.15,6.15,0.0,0.0,1.427196548320353e-05,0.014251239597797394
PD+FF,1090,4,0.2,200.0,-0.9845758080482483,-0.6573527455329895,0.30003631114959717,True,0.33782240748405457,0.0328984409570694,5.8003315643873066e-05,3.0201506888261065e-05,0.765,4.7,4.7,0.0,0.0,9.195515303872526e-06,0.011203166097402573
PD+FF,1091,4,0.2,200.0,-1.8845704793930054,-0.6914018392562866,0.36124923825263977,True,0.6371449828147888,0.06928632408380508,0.0001299216237384826,6.709114677505568e-05,0.6925,6.15,6.15,0.0,0.0,1.574240559421014e-05,0.014796464703977108
PD+FF,1092,4,0.2,200.0,-1.9696727991104126,-0.2278679758310318,0.31251582503318787,True,0.6268304586410522,0.06727740168571472,0.00012859822891186923,6.603648944292217e-05,0.695,6.1000000000000005,6.1000000000000005,0.0,0.0,1.5082737263583113e-05,0.015450667589902878
PD+FF,1093,4,0.2,200.0,-0.8791002631187439,0.07968070358037949,0.43002596497535706,True,0.2939780354499817,0.030273232609033585,5.6358545407420024e-05,2.714186666707974e-05,0.7725,4.55,4.55,0.0,0.0,6.098110134189483e-06,0.009369401261210442
PD+FF,1094,4,0.2,200.0,-0.9031349420547485,-0.5643354058265686,0.2514164447784424,True,0.29666867852211,0.02849462255835533,5.199586303206161e-05,2.7270849386695772e-05,0.7775,4.45,4.45,0.0,0.0,7.387168352579465e-06,0.010161172598600388
PD+FF,1095,4,0.2,200.0,-1.3096781969070435,-0.4019305408000946,0.2943161725997925,True,0.4085640013217926,0.04088730737566948,6.777213275199756e-05,3.578744508558884e-05,0.7425,5.15,5.15,0.0,0.0,1.1862477549584582e-05,0.012936430051922798
PD+FF,1096,4,0.2,200.0,-0.5565752387046814,0.7886120080947876,0.27283963561058044,True,0.2561954855918884,0.024071762338280678,3.9084454328985885e-05,2.0988947653677315e-05,0.795,4.1000000000000005,4.1000000000000005,0.0,0.0,6.128650966275018e-06,0.009274649433791637
PD+FF,1097,4,0.2,200.0,-1.3080552816390991,0.037033263593912125,0.27344202995300293,True,0.3910708725452423,0.039074141532182693,5.9623369452310726e-05,3.210650902474299e-05,0.7475,5.050000000000001,5.050000000000001,0.0,0.0,1.0727253538789228e-05,0.012437078170478344
PD+FF,1098,4,0.2,200.0,-1.2224541902542114,-0.25077617168426514,0.4742331802845001,True,0.4231918156147003,0.045308686792850494,6.375048542395234e-05,3.5764649510383606e-05,0.7325,5.3500000000000005,5.3500000000000005,0.0,0.0,8.977077413874213e-06,0.011763956397771835
PD+FF,1099,4,0.2,200.0,-1.9130916595458984,0.09447009861469269,0.36984628438949585,True,0.6290772557258606,0.07008521258831024,0.00012212980072945356,6.389713962562382e-05,0.69,6.2,6.2,0.0,0.0,1.2496184353949502e-05,0.014158645644783974
Direct PPO,1000,4,0.2,200.0,-1.2179213762283325,0.20768369734287262,0.34128254652023315,False,0.3458174467086792,0.03163725137710571,0.043570954352617264,0.1695455014705658,0.2875,nan,nan,0.0915830135345459,0.0325,0.0741066262125969,0.6583527326583862
Direct PPO,1001,4,0.2,200.0,-1.0811076164245605,-0.9685990810394287,0.25630688667297363,False,0.34025847911834717,0.031704969704151154,0.03045661933720112,0.25211095809936523,0.265,nan,nan,0.16023695468902588,0.0525,0.07456748187541962,0.7728688716888428
Direct PPO,1002,4,0.2,200.0,-1.428768277168274,-0.28562131524086,0.4242836833000183,False,0.4528413712978363,0.033128999173641205,0.042546723037958145,0.17570330202579498,0.2575,nan,nan,0.03987610340118408,0.0,0.06786420196294785,0.7657836675643921
Direct PPO,1003,4,0.2,200.0,-1.7183640003204346,-0.48658838868141174,0.34840381145477295,False,0.5298939943313599,0.033938851207494736,0.017042504623532295,0.1864839345216751,0.26,nan,nan,0.08951640129089355,0.0325,0.06943640112876892,0.7024940252304077
Direct PPO,1004,4,0.2,200.0,-1.998679280281067,-0.7396973967552185,0.24154320359230042,False,0.5958924889564514,0.03724732995033264,0.04715965315699577,0.07353761047124863,0.2775,nan,19.8,0.1646738052368164,0.0525,0.07156714051961899,0.7560651898384094
Direct PPO,1005,4,0.2,200.0,-1.8766711950302124,0.8611240983009338,0.28618520498275757,False,0.577893078327179,0.034140538424253464,0.013841576874256134,0.24489495158195496,0.265,nan,nan,0.12669289112091064,0.045,0.0708494707942009,0.7703479528427124
Direct PPO,1006,4,0.2,200.0,-1.4946178197860718,0.20171388983726501,0.28934937715530396,False,0.42036813497543335,0.033873554319143295,0.02510652504861355,0.24554431438446045,0.2675,nan,nan,0.1272355318069458,0.045,0.0727810338139534,0.6465772390365601
Direct PPO,1007,4,0.2,200.0,-1.8931626081466675,0.6319606900215149,0.39287856221199036,False,0.6247861981391907,0.03316408768296242,0.043825577944517136,0.09316692501306534,0.26,nan,19.8,0.0588834285736084,0.015,0.06525972485542297,0.636769711971283
Direct PPO,1008,4,0.2,200.0,-1.749120831489563,0.6261014938354492,0.26522985100746155,False,0.5111560225486755,0.0341140441596508,0.01995069533586502,0.13682563602924347,0.2775,nan,nan,0.14709126949310303,0.0475,0.07272444665431976,0.7072040438652039
Direct PPO,1009,4,0.2,200.0,-1.9152493476867676,-0.3461688160896301,0.2149554342031479,False,0.5403414368629456,0.04009665176272392,0.021482156589627266,0.2492528110742569,0.26,nan,nan,0.19189298152923584,0.06,0.07142386585474014,0.6953693628311157
Direct PPO,1010,4,0.2,200.0,-1.8575115203857422,0.07161146402359009,0.4753030240535736,False,0.652188241481781,0.03180178627371788,0.012685555033385754,0.22915484011173248,0.25,nan,nan,0.018822431564331055,0.0,0.06255816668272018,0.5781999826431274
Direct PPO,1011,4,0.2,200.0,-1.57381272315979,0.12664707005023956,0.26378002762794495,False,0.4375988245010376,0.03385281562805176,0.018609292805194855,0.1383768767118454,0.2925,nan,nan,0.15074163675308228,0.05,0.07297442853450775,0.6431522965431213
Direct PPO,1012,4,0.2,200.0,-1.5405192375183105,0.561293363571167,0.2715309262275696,False,0.43996191024780273,0.03415071219205856,0.01904359459877014,0.19366905093193054,0.2675,nan,nan,0.13670629262924194,0.045,0.073832206428051,0.5989971160888672
Direct PPO,1013,4,0.2,200.0,-0.8082606196403503,-0.8420410752296448,0.401797890663147,False,0.2842355966567993,0.03330667316913605,0.042603444308042526,0.09747954457998276,0.3025,nan,19.8,0.046756863594055176,0.0,0.07443713396787643,0.7401540279388428
Direct PPO,1014,4,0.2,200.0,-1.3467140197753906,0.1714046150445938,0.4693894386291504,False,0.44356080889701843,0.03213408589363098,0.013329647481441498,0.21118690073490143,0.275,nan,nan,0.02013540267944336,0.0,0.06685180217027664,0.6478919982910156
Direct PPO,1015,4,0.2,200.0,-1.4601455926895142,0.21413566172122955,0.39239153265953064,False,0.4494974613189697,0.031178226694464684,0.026040753349661827,0.06098542362451553,0.2675,nan,19.950000000000003,0.0580829381942749,0.015,0.07008972018957138,0.593510627746582
Direct PPO,1016,4,0.2,200.0,-1.6580126285552979,-0.11461202055215836,0.3060871958732605,False,0.48239874839782715,0.033506862819194794,0.024402061477303505,0.03350184112787247,0.2875,nan,19.900000000000002,0.1199958324432373,0.0425,0.07197588682174683,0.6521749496459961
Direct PPO,1017,4,0.2,200.0,-0.62247234582901,0.6426637768745422,0.4917738139629364,False,0.23352988064289093,0.032789744436740875,0.037021394819021225,0.22253979742527008,0.2875,nan,nan,0.019815444946289062,0.0,0.07244899123907089,0.6167119741439819
Direct PPO,1018,4,0.2,200.0,-1.1090368032455444,-0.0900818482041359,0.4614541530609131,False,0.3511408567428589,0.03210492432117462,0.04582373797893524,0.14817534387111664,0.2625,nan,nan,0.023276567459106445,0.0,0.07068057358264923,0.7708742022514343
Direct PPO,1019,4,0.2,200.0,-1.674609661102295,-0.20800989866256714,0.34006524085998535,False,0.5036810636520386,0.03417406603693962,0.02434689924120903,0.0769582986831665,0.2775,nan,19.950000000000003,0.09270167350769043,0.0325,0.07016481459140778,0.6366130113601685
Direct PPO,1020,4,0.2,200.0,-1.1319496631622314,-0.4326494336128235,0.2227078378200531,False,0.2930402457714081,0.034855280071496964,0.029384231194853783,0.22224098443984985,0.2925,nan,nan,0.1709170937538147,0.055,0.07750044763088226,0.7112511992454529
Direct PPO,1021,4,0.2,200.0,-1.4384177923202515,-0.8382971882820129,0.49743902683258057,False,0.5204869508743286,0.03293190523982048,0.04785856977105141,0.05353674665093422,0.2625,nan,19.900000000000002,0.00917959213256836,0.0,0.06467343866825104,0.5576604008674622
Direct PPO,1022,4,0.2,200.0,-1.999210000038147,0.8368335366249084,0.37694433331489563,False,0.6671226620674133,0.03158571198582649,0.02055434137582779,0.14034505188465118,0.2525,nan,nan,0.06484591960906982,0.02,0.06782252341508865,0.6782526969909668
Direct PPO,1023,4,0.2,200.0,-1.4916963577270508,0.8117974996566772,0.4728805720806122,False,0.5247694849967957,0.03323931246995926,0.04179249703884125,0.199950709939003,0.275,nan,nan,0.008973121643066406,0.0,0.06671924889087677,0.4908951222896576
Direct PPO,1024,4,0.2,200.0,-1.51630699634552,-0.48329436779022217,0.3110935389995575,False,0.4423573315143585,0.033678870648145676,0.02181626297533512,0.2165294885635376,0.275,nan,nan,0.11344993114471436,0.04,0.07188405841588974,0.7436519265174866
Direct PPO,1025,4,0.2,200.0,-0.7683239579200745,0.258014976978302,0.24864348769187927,False,0.19197797775268555,0.033665046095848083,0.04981643334031105,0.10693824291229248,0.295,nan,nan,0.14914900064468384,0.05,0.07962241023778915,0.8116335868835449
Direct PPO,1026,4,0.2,200.0,-1.7438942193984985,0.19023452699184418,0.2583710551261902,False,0.494768887758255,0.034483734518289566,0.0185747928917408,0.14894209802150726,0.28,nan,nan,0.15546727180480957,0.05,0.07269686460494995,0.7545247673988342
Direct PPO,1027,4,0.2,200.0,-1.9580382108688354,0.12429128587245941,0.36954861879348755,False,0.6266197562217712,0.029759004712104797,0.04921078309416771,0.10859443992376328,0.2525,nan,nan,0.07269787788391113,0.025,0.06634243577718735,0.6938058137893677
Direct PPO,1028,4,0.2,200.0,-0.7757433652877808,-0.22796711325645447,0.4025936424732208,False,0.22342409193515778,0.03266722336411476,0.015718936920166016,0.1976086050271988,0.2875,nan,nan,0.0512923002243042,0.005,0.07584797590970993,0.6018262505531311
Direct PPO,1029,4,0.2,200.0,-0.7448340058326721,0.6458722352981567,0.214758962392807,False,0.21240971982479095,0.03400396928191185,0.05223345384001732,0.03790796548128128,0.29,nan,19.85,0.15834879875183105,0.0525,0.0797995775938034,0.7981632351875305
Direct PPO,1030,4,0.2,200.0,-1.6447029113769531,-0.9496257901191711,0.4438457489013672,False,0.5782524943351746,0.0317610502243042,0.04194026440382004,0.18346048891544342,0.26,nan,nan,0.026578068733215332,0.0,0.06715729832649231,0.6298136711120605
Direct PPO,1031,4,0.2,200.0,-0.9611496329307556,0.9009804725646973,0.39864641427993774,False,0.33150091767311096,0.03284374251961708,0.05025460571050644,0.05580484867095947,0.285,nan,19.950000000000003,0.042975425720214844,0.0,0.07526751607656479,0.5333759188652039
Direct PPO,1032,4,0.2,200.0,-0.6833899617195129,-0.5306191444396973,0.49894750118255615,False,0.2391364425420761,0.03358009457588196,0.025292368605732918,0.11290386319160461,0.29,nan,nan,0.006914734840393066,0.0,0.07127713412046432,0.6636636257171631
Direct PPO,1033,4,0.2,200.0,-0.7577928304672241,0.7459949851036072,0.4761985242366791,False,0.27799996733665466,0.032696399837732315,0.02935055084526539,0.07211735844612122,0.2725,nan,19.85,0.021698474884033203,0.0,0.07210070639848709,0.6937389969825745
Direct PPO,1034,4,0.2,200.0,-0.5296080112457275,-0.6777904629707336,0.22327283024787903,False,0.17414416372776031,0.03356390446424484,0.04732229933142662,0.07960169017314911,0.305,nan,19.8,0.05744674801826477,0.0125,0.0808907225728035,0.6892711520195007
Direct PPO,1035,4,0.2,200.0,-1.5201642513275146,-0.23973245918750763,0.436818927526474,False,0.4927777945995331,0.03232971206307411,0.04916001483798027,0.0358695462346077,0.2675,nan,19.900000000000002,0.02714693546295166,0.0,0.06874397397041321,0.6644431352615356
Direct PPO,1036,4,0.2,200.0,-1.558912754058838,0.6018440127372742,0.34900519251823425,False,0.4776481091976166,0.03296036645770073,0.023377958685159683,0.2117895483970642,0.3125,nan,nan,0.09120094776153564,0.0325,0.0698932483792305,0.6809147000312805
Direct PPO,1037,4,0.2,200.0,-1.5164998769760132,-0.3818822205066681,0.38270920515060425,False,0.4682422876358032,0.0336274690926075,0.02405179850757122,0.1805756390094757,0.2675,nan,nan,0.06814014911651611,0.02,0.06878934055566788,0.7104440927505493
Direct PPO,1038,4,0.2,200.0,-1.5098652839660645,-0.8029577136039734,0.31811848282814026,False,0.46252596378326416,0.033616166561841965,0.021898197010159492,0.2232086956501007,0.265,nan,nan,0.10606539249420166,0.0375,0.07177069783210754,0.6867258548736572
Direct PPO,1039,4,0.2,200.0,-0.6960156559944153,-0.0387578122317791,0.3661683201789856,False,0.18916170299053192,0.032222140580415726,0.0261849295347929,0.026872407644987106,0.3,nan,19.900000000000002,0.06706225872039795,0.02,0.07858739048242569,0.5944681167602539
Direct PPO,1040,4,0.2,200.0,-0.7547146081924438,0.5635512471199036,0.4134989380836487,False,0.24173639714717865,0.03360186144709587,0.04853062704205513,0.040036119520664215,0.29,nan,19.900000000000002,0.049134016036987305,0.0,0.07473896443843842,0.6455787420272827
Direct PPO,1041,4,0.2,200.0,-0.6478168964385986,-0.19675222039222717,0.46515655517578125,False,0.2008591890335083,0.03307260945439339,0.028923438861966133,0.07898952066898346,0.2925,nan,19.85,0.020685434341430664,0.0,0.0748014971613884,0.7541577219963074
Direct PPO,1042,4,0.2,200.0,-1.463887333869934,-0.25558269023895264,0.3728010952472687,False,0.4421294927597046,0.03360990434885025,0.031422607600688934,0.24887557327747345,0.27,nan,nan,0.07250118255615234,0.0225,0.06993988156318665,0.6211171746253967
Direct PPO,1043,4,0.2,200.0,-1.7490100860595703,-0.7958716750144958,0.31946444511413574,False,0.5442141890525818,0.03368446230888367,0.015030799433588982,0.19747759401798248,0.2575,nan,nan,0.10852241516113281,0.04,0.07050435245037079,0.69627845287323
Direct PPO,1044,4,0.2,200.0,-1.981444239616394,0.7169352173805237,0.20961801707744598,False,0.5742853283882141,0.03708721697330475,0.04778269678354263,0.09375225752592087,0.2775,nan,19.8,0.18958371877670288,0.06,0.07296419888734818,0.8051552772521973
Direct PPO,1045,4,0.2,200.0,-0.7272861003875732,-0.39523494243621826,0.4158290922641754,False,0.2193727344274521,0.03320060297846794,0.019570503383874893,0.15876762568950653,0.3025,nan,nan,0.026671886444091797,0.0,0.07556465268135071,0.49032872915267944
Direct PPO,1046,4,0.2,200.0,-1.868130087852478,0.6265861392021179,0.39649125933647156,False,0.6168158650398254,0.03308486565947533,0.03946441039443016,0.11948265880346298,0.25,nan,nan,0.05646860599517822,0.0125,0.06531689316034317,0.6644810438156128
Direct PPO,1047,4,0.2,200.0,-1.1699552536010742,-0.14992530643939972,0.29876548051834106,False,0.31572917103767395,0.034610722213983536,0.031397782266139984,0.19732357561588287,0.2925,nan,nan,0.12340021133422852,0.0425,0.07444585114717484,0.7032063007354736
Direct PPO,1048,4,0.2,200.0,-0.9076822996139526,-0.7630760073661804,0.4824531674385071,False,0.32407650351524353,0.032607901841402054,0.017844611778855324,0.2161472886800766,0.2775,nan,nan,0.01750493049621582,0.0,0.07001899182796478,0.7215369343757629
Direct PPO,1049,4,0.2,200.0,-1.6127384901046753,0.09402617067098618,0.43331217765808105,False,0.526209831237793,0.031622566282749176,0.04827433452010155,0.04133956506848335,0.2575,nan,19.900000000000002,0.0327906608581543,0.0,0.0677933618426323,0.6439515352249146
Direct PPO,1050,4,0.2,200.0,-1.2507070302963257,-0.40418457984924316,0.49881017208099365,False,0.4255964756011963,0.03282708302140236,0.014836584217846394,0.20584873855113983,0.285,nan,nan,0.009657859802246094,0.0,0.06373794376850128,0.6271894574165344
Direct PPO,1051,4,0.2,200.0,-0.8433747291564941,-0.6024307608604431,0.2584548592567444,False,0.23565144836902618,0.03311596438288689,0.04338819906115532,0.18864263594150543,0.2825,nan,nan,0.15604925155639648,0.0525,0.07768095284700394,0.6512930393218994
Direct PPO,1052,4,0.2,200.0,-1.577463150024414,-0.03658809885382652,0.32490968704223633,False,0.46128177642822266,0.03353382647037506,0.022579612210392952,0.09341102838516235,0.285,nan,19.8,0.10548782348632812,0.0375,0.071478471159935,0.7997509241104126
Direct PPO,1053,4,0.2,200.0,-0.7320424914360046,-0.38764455914497375,0.44851720333099365,False,0.229090616106987,0.03325970098376274,0.01743721030652523,0.1912962794303894,0.2975,nan,nan,0.023445606231689453,0.0,0.07420117408037186,0.6909559965133667
Direct PPO,1054,4,0.2,200.0,-1.9604523181915283,0.6108824014663696,0.3443475067615509,False,0.6233197450637817,0.03387772664427757,0.05229467153549194,0.03414912521839142,0.2775,nan,19.900000000000002,0.0909125804901123,0.0325,0.06852003186941147,0.7454615235328674
Direct PPO,1055,4,0.2,200.0,-0.8035520911216736,-0.8197364807128906,0.37500709295272827,False,0.2742266356945038,0.033242903649806976,0.04406975954771042,0.16584539413452148,0.3,nan,nan,0.07278895378112793,0.0225,0.07592816650867462,0.73890620470047
Direct PPO,1056,4,0.2,200.0,-0.6173267960548401,-0.7547652125358582,0.33817118406295776,False,0.2157425433397293,0.032304342836141586,0.02140013314783573,0.18784260749816895,0.3125,nan,nan,0.07443314790725708,0.0225,0.07887410372495651,0.6237903237342834
Direct PPO,1057,4,0.2,200.0,-1.4013786315917969,-0.020997419953346252,0.2980625629425049,False,0.3905213475227356,0.03416898846626282,0.04537788778543472,0.15363702178001404,0.265,nan,nan,0.12166416645050049,0.0425,0.0748450756072998,0.7879007458686829
Direct PPO,1058,4,0.2,200.0,-1.9344123601913452,-0.6835842132568359,0.34246277809143066,False,0.6163477897644043,0.0340435691177845,0.05053681135177612,0.03592012822628021,0.2725,nan,19.85,0.09177756309509277,0.0325,0.06827813386917114,0.6377668976783752
Direct PPO,1059,4,0.2,200.0,-1.3239208459854126,-0.34795770049095154,0.3298633396625519,False,0.3790963292121887,0.03129413723945618,0.02234005741775036,0.22708573937416077,0.2725,nan,nan,0.09869217872619629,0.035,0.07380635291337967,0.7243755459785461
Direct PPO,1060,4,0.2,200.0,-0.5232435464859009,-0.8263487219810486,0.4775193929672241,False,0.23094135522842407,0.03297489508986473,0.04583212360739708,0.1307457983493805,0.29,nan,nan,0.01497042179107666,0.0,0.07438600063323975,0.7029348611831665
Direct PPO,1061,4,0.2,200.0,-1.0766786336898804,0.09924349933862686,0.28927016258239746,False,0.2846832275390625,0.0341312438249588,0.01618538796901703,0.19396212697029114,0.285,nan,nan,0.12736761569976807,0.045,0.07544112205505371,0.6421017646789551
Direct PPO,1062,4,0.2,200.0,-1.020176649093628,-0.6513675451278687,0.4292861223220825,False,0.33061498403549194,0.033584460616111755,0.027836281806230545,0.04121587052941322,0.28,nan,19.85,0.04067587852478027,0.0,0.07086995244026184,0.7204161882400513
Direct PPO,1063,4,0.2,200.0,-0.5567145943641663,0.6067063212394714,0.2895512878894806,False,0.1774890422821045,0.0337083637714386,0.015896577388048172,0.23453792929649353,0.3275,nan,nan,0.09869778156280518,0.035,0.07978358864784241,0.8278527855873108
Direct PPO,1064,4,0.2,200.0,-1.6129041910171509,-0.13716638088226318,0.24278511106967926,False,0.4430420398712158,0.03427869454026222,0.021090781316161156,0.06723730266094208,0.285,nan,19.85,0.16357839107513428,0.0525,0.07388922572135925,0.7457426190376282
Direct PPO,1065,4,0.2,200.0,-0.5033138990402222,-0.5932050347328186,0.453745573759079,False,0.18668562173843384,0.032618630677461624,0.02901049144566059,0.18151730298995972,0.3,nan,nan,0.024697184562683105,0.0,0.07433222234249115,0.6904721856117249
Direct PPO,1066,4,0.2,200.0,-1.3762075901031494,0.32575497031211853,0.20805609226226807,False,0.35955867171287537,0.034805700182914734,0.048755399882793427,0.13470777869224548,0.285,nan,nan,0.18632471561431885,0.0575,0.07684102654457092,0.7157015800476074
Direct PPO,1067,4,0.2,200.0,-0.6176835894584656,0.9055254459381104,0.20151829719543457,False,0.2286030650138855,0.032815173268318176,0.050538111478090286,0.09223471581935883,0.2775,nan,19.950000000000003,0.13391754031181335,0.0475,0.08108608424663544,0.6219391822814941
Direct PPO,1068,4,0.2,200.0,-0.7787961959838867,0.5352519750595093,0.25048118829727173,False,0.21274594962596893,0.034569669514894485,0.04336166009306908,0.18908953666687012,0.2875,nan,nan,0.13383424282073975,0.045,0.07966508716344833,0.8060360550880432
Direct PPO,1069,4,0.2,200.0,-0.5076419115066528,0.8446078896522522,0.24751581251621246,False,0.2048378437757492,0.03292432054877281,0.044924307614564896,0.15887708961963654,0.305,nan,nan,0.10487830638885498,0.0375,0.08259721100330353,0.6419045329093933
Direct PPO,1070,4,0.2,200.0,-1.6644020080566406,0.9533751606941223,0.22921264171600342,False,0.49339643120765686,0.03442104905843735,0.02302420884370804,0.016730740666389465,0.285,nan,19.85,0.16376280784606934,0.055,0.07499394565820694,0.5883600115776062
Direct PPO,1071,4,0.2,200.0,-1.6379417181015015,0.7469041347503662,0.26974478363990784,False,0.4822276830673218,0.034413788467645645,0.023487329483032227,0.023104313760995865,0.2675,nan,19.85,0.1441948413848877,0.05,0.07362161576747894,0.6820679306983948
Direct PPO,1072,4,0.2,200.0,-1.22187077999115,0.3675197660923004,0.4661308228969574,False,0.3995179235935211,0.03281301259994507,0.026117216795682907,0.09237159043550491,0.2725,nan,19.950000000000003,0.02081918716430664,0.0,0.069635309278965,0.5735991597175598
Direct PPO,1073,4,0.2,200.0,-1.5133368968963623,0.8512749075889587,0.3800120949745178,False,0.49092790484428406,0.03223671019077301,0.042835209518671036,0.09879761934280396,0.2875,nan,19.8,0.054379940032958984,0.01,0.07170318812131882,0.5611667633056641
Direct PPO,1074,4,0.2,200.0,-0.5001789927482605,-0.2884053587913513,0.4962819218635559,False,0.16879044473171234,0.03367560729384422,0.04085578769445419,0.2080552875995636,0.29,nan,nan,0.00035762786865234375,0.0,0.07282037287950516,0.4715535044670105
Direct PPO,1075,4,0.2,200.0,-0.8189709782600403,0.9466501474380493,0.23914383351802826,False,0.27473685145378113,0.03494846820831299,0.049288250505924225,0.1348705142736435,0.295,nan,nan,0.1267215609550476,0.0425,0.07862009853124619,0.5569191575050354
Direct PPO,1076,4,0.2,200.0,-1.445397138595581,-0.562984049320221,0.45283621549606323,False,0.48197925090789795,0.031136009842157364,0.017869774252176285,0.17571404576301575,0.255,nan,nan,0.02234935760498047,0.0,0.06600211560726166,0.6600478291511536
Direct PPO,1077,4,0.2,200.0,-0.6151338219642639,-0.8893533945083618,0.2694230377674103,False,0.23115430772304535,0.03347592428326607,0.02230016700923443,0.08825591951608658,0.3175,nan,19.950000000000003,0.06312769651412964,0.02,0.07882019877433777,0.5724008679389954
Direct PPO,1078,4,0.2,200.0,-0.6580581068992615,-0.6858707666397095,0.23459486663341522,False,0.2001296579837799,0.03514796867966652,0.053198665380477905,0.0014504155842587352,0.3,nan,19.900000000000002,0.12259972095489502,0.0425,0.08076702803373337,0.7295763492584229
Direct PPO,1079,4,0.2,200.0,-0.5874135494232178,0.8651593327522278,0.4896434247493744,False,0.25551632046699524,0.03362158313393593,0.02870897762477398,0.09906579554080963,0.2925,nan,19.8,0.004378557205200195,0.0,0.07188726216554642,0.4763677716255188
Direct PPO,1080,4,0.2,200.0,-0.6397119164466858,0.7102972865104675,0.367546945810318,False,0.22036707401275635,0.03263913094997406,0.025226933881640434,0.06548206508159637,0.305,nan,19.950000000000003,0.0634886622428894,0.0175,0.07872837036848068,0.7128263115882874
Direct PPO,1081,4,0.2,200.0,-1.3320256471633911,0.8601993322372437,0.3006768822669983,False,0.405043363571167,0.03371107578277588,0.0307715255767107,0.2019631266593933,0.2825,nan,nan,0.11453068256378174,0.04,0.07226226478815079,0.5787860751152039
Direct PPO,1082,4,0.2,200.0,-0.9581221342086792,-0.30673766136169434,0.3117980659008026,False,0.25714072585105896,0.03153982385993004,0.01763993874192238,0.17686550319194794,0.2725,nan,nan,0.10744762420654297,0.0375,0.07603487372398376,0.5667438507080078
Direct PPO,1083,4,0.2,200.0,-1.3940625190734863,0.6289385557174683,0.21643398702144623,False,0.3811595141887665,0.035818491131067276,0.020367465913295746,0.07581155002117157,0.275,nan,19.8,0.185175359249115,0.0575,0.07423055917024612,0.7561495304107666
Direct PPO,1084,4,0.2,200.0,-0.7371216416358948,-0.8951173424720764,0.4071005880832672,False,0.2763836085796356,0.03416215255856514,0.05037829279899597,0.046349041163921356,0.285,nan,19.900000000000002,0.05485820770263672,0.01,0.07407990097999573,0.6605275869369507
Direct PPO,1085,4,0.2,200.0,-0.7224554419517517,-0.08529454469680786,0.4138740301132202,False,0.2083902806043625,0.03229773789644241,0.02707821875810623,0.07337059825658798,0.29,nan,19.85,0.04885530471801758,0.0,0.07627665251493454,0.7612306475639343
Direct PPO,1086,4,0.2,200.0,-0.7490203976631165,-0.7008727788925171,0.4387705326080322,False,0.25891679525375366,0.03358057886362076,0.012324856594204903,0.2165851891040802,0.3,nan,nan,0.014909863471984863,0.0,0.07383819669485092,0.5982580184936523
Direct PPO,1087,4,0.2,200.0,-1.2718281745910645,-0.8616007566452026,0.3274095356464386,False,0.396106094121933,0.034268543124198914,0.05054379254579544,0.030522868037223816,0.27,nan,19.85,0.10467541217803955,0.0375,0.07362822443246841,0.6128818988800049
Direct PPO,1088,4,0.2,200.0,-1.148199200630188,-0.9221230149269104,0.4605681300163269,False,0.40951627492904663,0.032455116510391235,0.027005529031157494,0.1522473245859146,0.29,nan,nan,0.015233755111694336,0.0,0.06894632428884506,0.65714031457901
Direct PPO,1089,4,0.2,200.0,-1.8535881042480469,0.5890284776687622,0.37915652990341187,False,0.6000727415084839,0.03368830308318138,0.04008433222770691,0.12690922617912292,0.2575,nan,nan,0.06853866577148438,0.0225,0.06678822636604309,0.642150342464447
Direct PPO,1090,4,0.2,200.0,-0.9845758080482483,-0.6573527455329895,0.30003631114959717,False,0.28536108136177063,0.03419621288776398,0.024232834577560425,0.017122352495789528,0.2825,nan,19.900000000000002,0.11608481407165527,0.04,0.07589524984359741,0.6789987087249756
Direct PPO,1091,4,0.2,200.0,-1.8845704793930054,-0.6914018392562866,0.36124923825263977,False,0.6074765920639038,0.032069992274045944,0.0139005733653903,0.20716942846775055,0.255,nan,nan,0.07666492462158203,0.0275,0.06531956791877747,0.6492660045623779
Direct PPO,1092,4,0.2,200.0,-1.9696727991104126,-0.2278679758310318,0.31251582503318787,False,0.6011481881141663,0.03366304934024811,0.051349423825740814,0.03293456509709358,0.2525,nan,19.85,0.10965406894683838,0.04,0.06956616044044495,0.6666170954704285
Direct PPO,1093,4,0.2,200.0,-0.8791002631187439,0.07968070358037949,0.43002596497535706,False,0.2628892660140991,0.03347014635801315,0.04541255533695221,0.07736733555793762,0.2975,nan,19.85,0.01910686492919922,0.0,0.07363591343164444,0.4966285824775696
Direct PPO,1094,4,0.2,200.0,-0.9031349420547485,-0.5643354058265686,0.2514164447784424,False,0.2455790638923645,0.034665197134017944,0.018591338768601418,0.16129198670387268,0.2925,nan,nan,0.16078168153762817,0.0525,0.0769292563199997,0.685721218585968
Direct PPO,1095,4,0.2,200.0,-1.3096781969070435,-0.4019305408000946,0.2943161725997925,False,0.3649643361568451,0.03383543714880943,0.04904093220829964,0.05336932837963104,0.3,nan,19.85,0.13146471977233887,0.045,0.07377786189317703,0.6593834757804871
Direct PPO,1096,4,0.2,200.0,-0.5565752387046814,0.7886120080947876,0.27283963561058044,False,0.20388129353523254,0.03277778998017311,0.045810502022504807,0.15190815925598145,0.3,nan,nan,0.0939982533454895,0.0325,0.08181070536375046,0.6441699266433716
Direct PPO,1097,4,0.2,200.0,-1.3080552816390991,0.037033263593912125,0.27344202995300293,False,0.3522859513759613,0.03485717996954918,0.05126073583960533,0.012495030649006367,0.29,nan,19.900000000000002,0.13665670156478882,0.0475,0.0755804106593132,0.683808445930481
Direct PPO,1098,4,0.2,200.0,-1.2224541902542114,-0.25077617168426514,0.4742331802845001,False,0.39936721324920654,0.03369288519024849,0.027414483949542046,0.1823616474866867,0.255,nan,nan,0.020355224609375,0.0,0.06600651144981384,0.5969523191452026
Direct PPO,1099,4,0.2,200.0,-1.9130916595458984,0.09447009861469269,0.36984628438949585,False,0.6088849306106567,0.03054208680987358,0.04253227263689041,0.1844601035118103,0.24,nan,nan,0.07194280624389648,0.0225,0.06754742562770844,0.6424075961112976
Residual PPO,1000,4,0.2,200.0,-1.2179213762283325,0.20768369734287262,0.34128254652023315,True,0.3555943965911865,0.009371309541165829,0.005016415845602751,6.544628831761656e-06,0.815,3.7,3.7,0.005014896392822266,0.0,5.971768405288458e-05,0.07013233751058578
Residual PPO,1001,4,0.2,200.0,-1.0811076164245605,-0.9685990810394287,0.25630688667297363,True,0.3675324320793152,0.010395570658147335,0.0019433399429544806,8.517543392372318e-06,0.825,3.5,3.5,0.0018763542175292969,0.0,6.887998461024836e-05,0.07171661406755447
Residual PPO,1002,4,0.2,200.0,-1.428768277168274,-0.28562131524086,0.4242836833000183,True,0.4590729773044586,0.015624189749360085,0.007983442395925522,1.3513985322788358e-05,0.79,4.2,4.2,0.0079803466796875,0.0,5.772446093033068e-05,0.07114209234714508
Residual PPO,1003,4,0.2,200.0,-1.7183640003204346,-0.48658838868141174,0.34840381145477295,True,0.5393449664115906,0.016365882009267807,0.005260354373604059,1.3484828741638921e-05,0.7775,4.45,4.45,0.005259513854980469,0.0,6.285351992119104e-05,0.0695723295211792
Residual PPO,1004,4,0.2,200.0,-1.998679280281067,-0.7396973967552185,0.24154320359230042,True,0.6098009943962097,0.015990562736988068,0.001438822946511209,1.281917684536893e-05,0.7675,4.65,4.65,0.0013189315795898438,0.0,7.110193109838292e-05,0.07158117741346359
Residual PPO,1005,4,0.2,200.0,-1.8766711950302124,0.8611240983009338,0.28618520498275757,True,0.5964100956916809,0.013678081333637238,0.0030002803541719913,1.1995865861536004e-05,0.7725,4.55,4.55,0.0029773712158203125,0.0,6.53981405775994e-05,0.06901662051677704
Residual PPO,1006,4,0.2,200.0,-1.4946178197860718,0.20171388983726501,0.28934937715530396,True,0.4305184483528137,0.010082518681883812,0.003132943995296955,3.379198460606858e-06,0.7975,4.05,4.05,0.00311279296875,0.0,6.257835048018023e-05,0.07021228224039078
Residual PPO,1007,4,0.2,200.0,-1.8931626081466675,0.6319606900215149,0.39287856221199036,True,0.6357570886611938,0.019945845007896423,0.006872817873954773,1.2214667549415026e-05,0.755,4.9,4.9,0.0068721771240234375,0.0,5.8774385252036154e-05,0.06767915189266205
Residual PPO,1008,4,0.2,200.0,-1.749120831489563,0.6261014938354492,0.26522985100746155,True,0.5273342728614807,0.011419141665101051,0.002263678004965186,5.109495759825222e-06,0.7825,4.3500000000000005,4.3500000000000005,0.0022153854370117188,0.0,6.4899206336122e-05,0.07016799598932266
Residual PPO,1009,4,0.2,200.0,-1.9152493476867676,-0.3461688160896301,0.2149554342031479,True,0.5515655875205994,0.012947198003530502,0.0007763030589558184,7.601165634696372e-06,0.775,4.5,4.5,0.00034046173095703125,0.0,6.862472946522757e-05,0.07021324336528778
Residual PPO,1010,4,0.2,200.0,-1.8575115203857422,0.07161146402359009,0.4753030240535736,True,0.6541048288345337,0.02807711623609066,0.009738204069435596,2.8429019948816858e-05,0.74,5.2,5.2,0.009729385375976562,0.0,5.363561285776086e-05,0.06837887316942215
Residual PPO,1011,4,0.2,200.0,-1.57381272315979,0.12664707005023956,0.26378002762794495,True,0.4474221169948578,0.010134394280612469,0.0022128124255687,4.8451797738380264e-06,0.795,4.1000000000000005,4.1000000000000005,0.0021619796752929688,0.0,6.398691766662523e-05,0.06884662806987762
Residual PPO,1012,4,0.2,200.0,-1.5405192375183105,0.561293363571167,0.2715309262275696,True,0.4565369784832001,0.009718772955238819,0.0024856608361005783,5.893962224945426e-06,0.795,4.1000000000000005,4.1000000000000005,0.0024471282958984375,0.0,6.417281110771e-05,0.0676305815577507
Residual PPO,1013,4,0.2,200.0,-0.8082606196403503,-0.8420410752296448,0.401797890663147,True,0.30842325091362,0.01064565684646368,0.007188110146671534,1.2102430446248036e-05,0.8325,3.35,3.35,0.0071868896484375,0.0,6.841168215032667e-05,0.06985042989253998
Residual PPO,1014,4,0.2,200.0,-1.3467140197753906,0.1714046150445938,0.4693894386291504,True,0.44687679409980774,0.01636577770113945,0.009554458782076836,1.7976986782741733e-05,0.79,4.2,4.2,0.009546279907226562,0.0,5.3943957027513534e-05,0.06884713470935822
Residual PPO,1015,4,0.2,200.0,-1.4601455926895142,0.21413566172122955,0.39239153265953064,True,0.45562729239463806,0.01368967816233635,0.006860889028757811,8.055752005020622e-06,0.7925,4.15,4.15,0.006860256195068359,0.0,5.742007851949893e-05,0.07020527124404907
Residual PPO,1016,4,0.2,200.0,-1.6580126285552979,-0.11461202055215836,0.3060871958732605,True,0.4900161027908325,0.012804525904357433,0.0037194134201854467,1.3648751519212965e-05,0.785,4.3,4.3,0.0037088394165039062,0.0,6.245047552511096e-05,0.07158142328262329
Residual PPO,1017,4,0.2,200.0,-0.62247234582901,0.6426637768745422,0.4917738139629364,True,0.2495267689228058,0.010364597663283348,0.010346070863306522,5.284501639835071e-06,0.855,2.9000000000000004,2.9000000000000004,0.010334968566894531,0.0,5.200378654990345e-05,0.06293430179357529
Residual PPO,1018,4,0.2,200.0,-1.1090368032455444,-0.0900818482041359,0.4614541530609131,True,0.3553102910518646,0.012916883453726768,0.009313172660768032,3.3478661407571053e-06,0.8125,3.75,3.75,0.009305953979492188,0.0,5.524788502953015e-05,0.06847495585680008
Residual PPO,1019,4,0.2,200.0,-1.674609661102295,-0.20800989866256714,0.34006524085998535,True,0.5106810331344604,0.014658757485449314,0.004971765913069248,6.615719030378386e-06,0.78,4.4,4.4,0.004970073699951172,0.0,6.138334720162675e-05,0.0700896754860878
Residual PPO,1020,4,0.2,200.0,-1.1319496631622314,-0.4326494336128235,0.2227078378200531,True,0.312732458114624,0.007788573857396841,0.0009109621169045568,7.39425013307482e-06,0.8275,3.45,3.45,0.0006270408630371094,0.0,6.3590363424737e-05,0.06985006481409073
Residual PPO,1021,4,0.2,200.0,-1.4384177923202515,-0.8382971882820129,0.49743902683258057,True,0.5318357944488525,0.022315628826618195,0.01052500493824482,1.470441566198133e-05,0.775,4.5,4.5,0.0105133056640625,0.0,6.026377741363831e-05,0.07019523531198502
Residual PPO,1022,4,0.2,200.0,-1.999210000038147,0.8368335366249084,0.37694433331489563,True,0.6815281510353088,0.02028488554060459,0.006302892696112394,1.0831840882019605e-05,0.75,5.0,5.0,0.006302833557128906,0.0,6.0864753322675824e-05,0.06837373971939087
Residual PPO,1023,4,0.2,200.0,-1.4916963577270508,0.8117974996566772,0.4728805720806122,True,0.5383269786834717,0.019337616860866547,0.009673131629824638,1.9757339032366872e-05,0.775,4.5,4.5,0.009664535522460938,0.0,5.6119333748938516e-05,0.06750401109457016
Residual PPO,1024,4,0.2,200.0,-1.51630699634552,-0.48329436779022217,0.3110935389995575,True,0.4550701677799225,0.012363409623503685,0.003901419462636113,1.3817215403832961e-05,0.795,4.1000000000000005,4.1000000000000005,0.0038928985595703125,0.0,6.504545308416709e-05,0.07238864153623581
Residual PPO,1025,4,0.2,200.0,-0.7683239579200745,0.258014976978302,0.24864348769187927,True,0.20355314016342163,0.004640544299036264,0.0016907575773075223,2.350001750528463e-06,0.8575,2.85,2.85,0.0016021728515625,0.0,6.154549191705883e-05,0.06947782635688782
Residual PPO,1026,4,0.2,200.0,-1.7438942193984985,0.19023452699184418,0.2583710551261902,True,0.5043905973434448,0.011437784880399704,0.0020194449461996555,6.636504167545354e-06,0.7825,4.3500000000000005,4.3500000000000005,0.001957416534423828,0.0,6.435396790038794e-05,0.0711236447095871
Residual PPO,1027,4,0.2,200.0,-1.9580382108688354,0.12429128587245941,0.36954861879348755,True,0.6311786770820618,0.01968776434659958,0.006026746239513159,1.5076047020556871e-05,0.755,4.9,4.9,0.006026744842529297,0.0,5.8534162235446274e-05,0.0710039883852005
Residual PPO,1028,4,0.2,200.0,-0.7757433652877808,-0.22796711325645447,0.4025936424732208,True,0.23533813655376434,0.008560742251574993,0.007228229660540819,6.072261385270394e-06,0.8475,3.0500000000000003,3.0500000000000003,0.007227420806884766,0.0,5.9028978284914047e-05,0.07048457115888596
Residual PPO,1029,4,0.2,200.0,-0.7448340058326721,0.6458722352981567,0.214758962392807,True,0.23148898780345917,0.004751936532557011,0.0007756396080367267,2.9445620839396724e-06,0.86,2.8000000000000003,2.8000000000000003,0.00034046173095703125,0.0,5.928771861363202e-05,0.06454789638519287
Residual PPO,1030,4,0.2,200.0,-1.6447029113769531,-0.9496257901191711,0.4438457489013672,True,0.5907706022262573,0.022674474865198135,0.008673992939293385,1.4825270227447618e-05,0.7675,4.65,4.65,0.008668899536132812,0.0,6.405881867976859e-05,0.07172071933746338
Residual PPO,1031,4,0.2,200.0,-0.9611496329307556,0.9009804725646973,0.39864641427993774,True,0.35353749990463257,0.009898959659039974,0.007092541549354792,4.460888249013806e-06,0.83,3.4000000000000004,3.4000000000000004,0.007091522216796875,0.0,5.930866609560326e-05,0.06360748410224915
Residual PPO,1032,4,0.2,200.0,-0.6833899617195129,-0.5306191444396973,0.49894750118255615,True,0.2544141411781311,0.011398326605558395,0.010594921186566353,2.7408059395384043e-06,0.8475,3.0500000000000003,3.0500000000000003,0.010582923889160156,0.0,5.834165494889021e-05,0.07100287824869156
Residual PPO,1033,4,0.2,200.0,-0.7577928304672241,0.7459949851036072,0.4761985242366791,True,0.29532498121261597,0.01067321002483368,0.009789043106138706,1.6384814443881623e-05,0.8425,3.1500000000000004,3.1500000000000004,0.009779930114746094,0.0,5.327358303475194e-05,0.06486687064170837
Residual PPO,1034,4,0.2,200.0,-0.5296080112457275,-0.6777904629707336,0.22327283024787903,True,0.19836103916168213,0.006141795311123133,0.0009268862195312977,4.8412221076432616e-06,0.855,2.9000000000000004,2.9000000000000004,0.0006527900695800781,0.0,6.094278069213033e-05,0.06897097080945969
Residual PPO,1035,4,0.2,200.0,-1.5201642513275146,-0.23973245918750763,0.436818927526474,True,0.497661292552948,0.01784556172788143,0.008426252752542496,1.5502779206144623e-05,0.78,4.4,4.4,0.008421897888183594,0.0,5.6716326071182266e-05,0.07085181772708893
Residual PPO,1036,4,0.2,200.0,-1.558912754058838,0.6018440127372742,0.34900519251823425,True,0.4913520812988281,0.01273277122527361,0.005287948064506054,1.0995592674589716e-05,0.7875,4.25,4.25,0.00528717041015625,0.0,6.038520950824022e-05,0.06819506734609604
Residual PPO,1037,4,0.2,200.0,-1.5164998769760132,-0.3818822205066681,0.38270920515060425,True,0.4766089916229248,0.014929107390344143,0.0065061780624091625,1.1142211405967828e-05,0.7875,4.25,4.25,0.0065059661865234375,0.0,6.045290865586139e-05,0.07000026851892471
Residual PPO,1038,4,0.2,200.0,-1.5098652839660645,-0.8029577136039734,0.31811848282814026,True,0.4794199466705322,0.013658936135470867,0.004168454557657242,8.577439984946977e-06,0.795,4.1000000000000005,4.1000000000000005,0.004162311553955078,0.0,6.839381239842623e-05,0.07277633994817734
Residual PPO,1039,4,0.2,200.0,-0.6960156559944153,-0.0387578122317791,0.3661683201789856,True,0.19804783165454865,0.006860365159809589,0.005913278553634882,8.470458851661533e-06,0.8575,2.85,2.85,0.005913257598876953,0.0,5.620990486931987e-05,0.07031775265932083
Residual PPO,1040,4,0.2,200.0,-0.7547146081924438,0.5635512471199036,0.4134989380836487,True,0.2580853998661041,0.008503289893269539,0.007618183270096779,7.673280379094649e-06,0.8475,3.0500000000000003,3.0500000000000003,0.0076160430908203125,0.0,5.5054406402632594e-05,0.06575488299131393
Residual PPO,1041,4,0.2,200.0,-0.6478168964385986,-0.19675222039222717,0.46515655517578125,True,0.21020996570587158,0.009603839367628098,0.009410964325070381,1.4866318451822735e-05,0.855,2.9000000000000004,2.9000000000000004,0.009403228759765625,0.0,5.5992153647821397e-05,0.06898526847362518
Residual PPO,1042,4,0.2,200.0,-1.463887333869934,-0.25558269023895264,0.3728010952472687,True,0.4496501088142395,0.013506701216101646,0.006151686422526836,1.00048982858425e-05,0.7925,4.15,4.15,0.006151676177978516,0.0,6.006377225276083e-05,0.06819325685501099
Residual PPO,1043,4,0.2,200.0,-1.7490100860595703,-0.7958716750144958,0.31946444511413574,True,0.5582247972488403,0.01645215041935444,0.004217206034809351,8.50720789458137e-06,0.7775,4.45,4.45,0.00421142578125,0.0,6.791834312025458e-05,0.07247322052717209
Residual PPO,1044,4,0.2,200.0,-1.981444239616394,0.7169352173805237,0.20961801707744598,True,0.5923560261726379,0.011441315524280071,0.0007366735953837633,6.667848992947256e-06,0.77,4.6000000000000005,4.6000000000000005,0.00014448165893554688,0.0,6.869418575661257e-05,0.06991978734731674
Residual PPO,1045,4,0.2,200.0,-0.7272861003875732,-0.39523494243621826,0.4158290922641754,True,0.23524919152259827,0.0089753158390522,0.0077042123302817345,6.066208243282745e-06,0.85,3.0,3.0,0.007701873779296875,0.0,5.940346818533726e-05,0.07163653522729874
Residual PPO,1046,4,0.2,200.0,-1.868130087852478,0.6265861392021179,0.39649125933647156,True,0.6277062296867371,0.019913719967007637,0.006998905912041664,1.3759836292592809e-05,0.7575,4.8500000000000005,4.8500000000000005,0.0069980621337890625,0.0,5.845557461725548e-05,0.06952114403247833
Residual PPO,1047,4,0.2,200.0,-1.1699552536010742,-0.14992530643939972,0.29876548051834106,True,0.3280988335609436,0.008460243232548237,0.0034649609588086605,7.786046808178071e-06,0.82,3.6,3.6,0.0034508705139160156,0.0,6.190132990013808e-05,0.07138831168413162
Residual PPO,1048,4,0.2,200.0,-0.9076822996139526,-0.7630760073661804,0.4824531674385071,True,0.34133538603782654,0.01322360523045063,0.010038681328296661,2.889264123950852e-06,0.8275,3.45,3.45,0.010028839111328125,0.0,6.0517475503729656e-05,0.07176163792610168
Residual PPO,1049,4,0.2,200.0,-1.6127384901046753,0.09402617067098618,0.43331217765808105,True,0.5294829607009888,0.01881607063114643,0.008305715397000313,1.4194277355272789e-05,0.7725,4.55,4.55,0.008301734924316406,0.0,5.560105637414381e-05,0.0701550766825676
Residual PPO,1050,4,0.2,200.0,-1.2507070302963257,-0.40418457984924316,0.49881017208099365,True,0.4321580231189728,0.017379866912961006,0.010573855601251125,1.3368412510317285e-05,0.7925,4.15,4.15,0.010561943054199219,0.0,5.5649808928137645e-05,0.06958585977554321
Residual PPO,1051,4,0.2,200.0,-0.8433747291564941,-0.6024307608604431,0.2584548592567444,True,0.2579147517681122,0.007148237898945808,0.0020242342725396156,4.534750132734189e-06,0.8475,3.0500000000000003,3.0500000000000003,0.0019626617431640625,0.0,6.362835847539827e-05,0.07137402892112732
Residual PPO,1052,4,0.2,200.0,-1.577463150024414,-0.03658809885382652,0.32490968704223633,True,0.46819472312927246,0.012484235689043999,0.004418906755745411,7.264130999828922e-06,0.79,4.2,4.2,0.004414558410644531,0.0,6.114459392847493e-05,0.07112504541873932
Residual PPO,1053,4,0.2,200.0,-0.7320424914360046,-0.38764455914497375,0.44851720333099365,True,0.24318966269493103,0.009907380677759647,0.008856778964400291,3.4921185942948796e-06,0.8475,3.0500000000000003,3.0500000000000003,0.008851051330566406,0.0,5.9221358242211863e-05,0.07132507860660553
Residual PPO,1054,4,0.2,200.0,-1.9604523181915283,0.6108824014663696,0.3443475067615509,True,0.6350957751274109,0.01754462905228138,0.005125308874994516,8.190604603441898e-06,0.7575,4.8500000000000005,4.8500000000000005,0.005124092102050781,0.0,6.102538463892415e-05,0.06731799989938736
Residual PPO,1055,4,0.2,200.0,-0.8035520911216736,-0.8197364807128906,0.37500709295272827,True,0.29892951250076294,0.009913592599332333,0.006243743002414703,4.267161784810014e-06,0.8325,3.35,3.35,0.006243705749511719,0.0,6.916039274074137e-05,0.07168348133563995
Residual PPO,1056,4,0.2,200.0,-0.6173267960548401,-0.7547652125358582,0.33817118406295776,True,0.24145996570587158,0.007947256788611412,0.004901885986328125,7.028741947578965e-06,0.845,3.1,3.1,0.0048999786376953125,0.0,6.13819865975529e-05,0.06799987703561783
Residual PPO,1057,4,0.2,200.0,-1.4013786315917969,-0.020997419953346252,0.2980625629425049,True,0.39966246485710144,0.009893032722175121,0.0034424690529704094,6.436246621888131e-06,0.805,3.9000000000000004,3.9000000000000004,0.0034279823303222656,0.0,6.247164128581062e-05,0.06974788755178452
Residual PPO,1058,4,0.2,200.0,-1.9344123601913452,-0.6835842132568359,0.34246277809143066,True,0.6266301274299622,0.01960216462612152,0.005042560864239931,1.5511379388044588e-05,0.76,4.800000000000001,4.800000000000001,0.0050411224365234375,0.0,6.518405280075967e-05,0.07087094336748123
Residual PPO,1059,4,0.2,200.0,-1.3239208459854126,-0.34795770049095154,0.3298633396625519,True,0.3912299573421478,0.0108069758862257,0.0045904736034572124,1.1403330063330941e-05,0.8075,3.85,3.85,0.0045871734619140625,0.0,6.294585909927264e-05,0.07180905342102051
Residual PPO,1060,4,0.2,200.0,-0.5232435464859009,-0.8263487219810486,0.4775193929672241,True,0.2554457485675812,0.011013627052307129,0.009844494983553886,1.1509686373756267e-05,0.835,3.3000000000000003,3.3000000000000003,0.009835243225097656,0.0,6.067438152967952e-05,0.06970065832138062
Residual PPO,1061,4,0.2,200.0,-1.0766786336898804,0.09924349933862686,0.28927016258239746,True,0.29629480838775635,0.007225478999316692,0.003129614284262061,3.361502194820787e-06,0.8275,3.45,3.45,0.003109455108642578,0.0,5.9472560678841546e-05,0.07022229582071304
Residual PPO,1062,4,0.2,200.0,-1.020176649093628,-0.6513675451278687,0.4292861223220825,True,0.3465889096260071,0.012059799395501614,0.008170872926712036,7.786110472807195e-06,0.8225,3.5500000000000003,3.5500000000000003,0.008167266845703125,0.0,6.157746975077316e-05,0.07222849875688553
Residual PPO,1063,4,0.2,200.0,-0.5567145943641663,0.6067063212394714,0.2895512878894806,True,0.1950102001428604,0.004796050954610109,0.0031293954234570265,6.955170647415798e-06,0.875,2.5,2.5,0.003109455108642578,0.0,5.064179276814684e-05,0.06294718384742737
Residual PPO,1064,4,0.2,200.0,-1.6129041910171509,-0.13716638088226318,0.24278511106967926,True,0.4538463354110718,0.010433251969516277,0.0014867485733702779,8.616425475338474e-06,0.7925,4.15,4.15,0.0013737678527832031,0.0,6.601566565223038e-05,0.07189057767391205
Residual PPO,1065,4,0.2,200.0,-0.5033138990402222,-0.5932050347328186,0.453745573759079,True,0.2079191654920578,0.009422240778803825,0.009044301696121693,1.4877977037031087e-06,0.8625,2.75,2.75,0.009037971496582031,0.0,5.780257924925536e-05,0.06992465257644653
Residual PPO,1066,4,0.2,200.0,-1.3762075901031494,0.32575497031211853,0.20805609226226807,True,0.37625816464424133,0.0074759614653885365,0.00073433161014691,5.9371177485445514e-06,0.81,3.8000000000000003,3.8000000000000003,8.7738037109375e-05,0.0,6.44779865979217e-05,0.06858620792627335
Residual PPO,1067,4,0.2,200.0,-0.6176835894584656,0.9055254459381104,0.20151829719543457,True,0.2520861327648163,0.0056476774625480175,0.0007719651330262423,3.749472625713679e-07,0.855,2.9000000000000004,2.9000000000000004,0.0,0.0,5.217733632889576e-05,0.05892118811607361
Residual PPO,1068,4,0.2,200.0,-0.7787961959838867,0.5352519750595093,0.25048118829727173,True,0.23067264258861542,0.004884182941168547,0.0017474908381700516,5.039372808823828e-06,0.855,2.9000000000000004,2.9000000000000004,0.0016646385192871094,0.0,6.017065970809199e-05,0.0656391978263855
Residual PPO,1069,4,0.2,200.0,-0.5076419115066528,0.8446078896522522,0.24751581251621246,True,0.2273707538843155,0.005279242526739836,0.0016481421189382672,4.490980700211367e-06,0.855,2.9000000000000004,2.9000000000000004,0.0015554428100585938,0.0,4.752497989102267e-05,0.057322654873132706
Residual PPO,1070,4,0.2,200.0,-1.6644020080566406,0.9533751606941223,0.22921264171600342,True,0.517749547958374,0.009981135837733746,0.0010748793138191104,6.4726805248938035e-06,0.79,4.2,4.2,0.0008702278137207031,0.0,6.908692012075335e-05,0.06897072494029999
Residual PPO,1071,4,0.2,200.0,-1.6379417181015015,0.7469041347503662,0.26974478363990784,True,0.5012927055358887,0.010604697279632092,0.00241540907882154,9.081145435629878e-06,0.79,4.2,4.2,0.0023741722106933594,0.0,6.517214933410287e-05,0.06949792802333832
Residual PPO,1072,4,0.2,200.0,-1.22187077999115,0.3675197660923004,0.4661308228969574,True,0.4062487483024597,0.014183061197400093,0.009448221884667873,1.2765540304826573e-05,0.8025,3.95,3.95,0.009440422058105469,0.0,5.4018521041143686e-05,0.06843477487564087
Residual PPO,1073,4,0.2,200.0,-1.5133368968963623,0.8512749075889587,0.3800120949745178,True,0.5082992911338806,0.013846459798514843,0.00641550263389945,8.39706353872316e-06,0.7875,4.25,4.25,0.006415367126464844,0.0,6.041812594048679e-05,0.06862123310565948
Residual PPO,1074,4,0.2,200.0,-0.5001789927482605,-0.2884053587913513,0.4962819218635559,True,0.1802678108215332,0.009992077015340328,0.010514478199183941,2.412119101791177e-06,0.8675,2.6500000000000004,2.6500000000000004,0.010502815246582031,0.0,5.438906737254001e-05,0.0711904913187027
Residual PPO,1075,4,0.2,200.0,-0.8189709782600403,0.9466501474380493,0.23914383351802826,True,0.30077308416366577,0.006429052911698818,0.0013768508797511458,3.176307700414327e-06,0.8475,3.0500000000000003,3.0500000000000003,0.0012469291687011719,0.0,5.860143937752582e-05,0.06253916025161743
Residual PPO,1076,4,0.2,200.0,-1.445397138595581,-0.562984049320221,0.45283621549606323,True,0.4909444749355316,0.018229380249977112,0.008985011838376522,1.6483838408021256e-05,0.7825,4.3500000000000005,4.3500000000000005,0.008978843688964844,0.0,5.8922254538629204e-05,0.07014675438404083
Residual PPO,1077,4,0.2,200.0,-0.6151338219642639,-0.8893533945083618,0.2694230377674103,True,0.25846171379089355,0.008083938620984554,0.002412739209830761,4.752825589093845e-06,0.835,3.3000000000000003,3.3000000000000003,0.0023713111877441406,0.0,6.345003203023225e-05,0.06652045249938965
Residual PPO,1078,4,0.2,200.0,-0.6580581068992615,-0.6858707666397095,0.23459486663341522,True,0.22480982542037964,0.006596233695745468,0.0012365139555186033,2.862170958906063e-06,0.8475,3.0500000000000003,3.0500000000000003,0.0010781288146972656,0.0,6.904946349095553e-05,0.07059885561466217
Residual PPO,1079,4,0.2,200.0,-0.5874135494232178,0.8651593327522278,0.4896434247493744,True,0.27617618441581726,0.010733566246926785,0.010285708121955395,1.237042397406185e-06,0.8525,2.95,2.95,0.010274887084960938,0.0,5.123966548126191e-05,0.059559814631938934
Residual PPO,1080,4,0.2,200.0,-0.6397119164466858,0.7102972865104675,0.367546945810318,True,0.24063196778297424,0.007098052185028791,0.005974299740046263,2.889102461267612e-06,0.86,2.8000000000000003,2.8000000000000003,0.005974292755126953,0.0,5.243149644229561e-05,0.0628291666507721
Residual PPO,1081,4,0.2,200.0,-1.3320256471633911,0.8601993322372437,0.3006768822669983,True,0.4275754988193512,0.009417225606739521,0.003543508006259799,3.554684553819243e-06,0.8075,3.85,3.85,0.0035305023193359375,0.0,6.37622651993297e-05,0.06809838861227036
Residual PPO,1082,4,0.2,200.0,-0.9581221342086792,-0.30673766136169434,0.3117980659008026,True,0.273176908493042,0.00767162861302495,0.00395203847438097,1.9389397039049072e-06,0.8375,3.25,3.25,0.003943920135498047,0.0,6.099023448769003e-05,0.07088098675012589
Residual PPO,1083,4,0.2,200.0,-1.3940625190734863,0.6289385557174683,0.21643398702144623,True,0.4028213322162628,0.007665632292628288,0.0007955085020512342,6.0848974499094766e-06,0.8075,3.85,3.85,0.0003962516784667969,0.0,6.552434933837503e-05,0.06962662935256958
Residual PPO,1084,4,0.2,200.0,-0.7371216416358948,-0.8951173424720764,0.4071005880832672,True,0.3019089698791504,0.010670436546206474,0.007376373745501041,1.171509939013049e-05,0.83,3.4000000000000004,3.4000000000000004,0.007374763488769531,0.0,6.538017623824999e-05,0.071112722158432
Residual PPO,1085,4,0.2,200.0,-0.7224554419517517,-0.08529454469680786,0.4138740301132202,True,0.2170269787311554,0.008369931019842625,0.0076239402405917645,8.46081820782274e-06,0.8525,2.95,2.95,0.00762176513671875,0.0,5.635190973407589e-05,0.07112429291009903
Residual PPO,1086,4,0.2,200.0,-0.7490203976631165,-0.7008727788925171,0.4387705326080322,True,0.2799724042415619,0.010615113191306591,0.00851521361619234,3.1848169328441145e-06,0.845,3.1,3.1,0.008510589599609375,0.0,6.32129012956284e-05,0.06827621161937714
Residual PPO,1087,4,0.2,200.0,-1.2718281745910645,-0.8616007566452026,0.3274095356464386,True,0.4167124629020691,0.01213375385850668,0.004514178726822138,5.317022896633716e-06,0.81,3.8000000000000003,3.8000000000000003,0.004510402679443359,0.0,6.894258694956079e-05,0.07207700610160828
Residual PPO,1088,4,0.2,200.0,-1.148199200630188,-0.9221230149269104,0.4605681300163269,True,0.42667925357818604,0.01547117531299591,0.009266328066587448,1.0663071407179814e-05,0.8075,3.85,3.85,0.009259223937988281,0.0,6.385441520251334e-05,0.07198047637939453
Residual PPO,1089,4,0.2,200.0,-1.8535881042480469,0.5890284776687622,0.37915652990341187,True,0.6109073162078857,0.018493592739105225,0.006384480744600296,9.288732144341338e-06,0.7625,4.75,4.75,0.006384372711181641,0.0,5.9098794736200944e-05,0.06966863572597504
Residual PPO,1090,4,0.2,200.0,-0.9845758080482483,-0.6573527455329895,0.30003631114959717,True,0.3081475794315338,0.008756361901760101,0.003516207681968808,5.395077096181922e-06,0.835,3.3000000000000003,3.3000000000000003,0.0035028457641601562,0.0,6.401238351827487e-05,0.07272792607545853
Residual PPO,1091,4,0.2,200.0,-1.8845704793930054,-0.6914018392562866,0.36124923825263977,True,0.6176660060882568,0.020095353946089745,0.0057221814058721066,1.7085840227082372e-05,0.7625,4.75,4.75,0.0057220458984375,0.0,6.420216232072562e-05,0.07127555459737778
Residual PPO,1092,4,0.2,200.0,-1.9696727991104126,-0.2278679758310318,0.31251582503318787,True,0.6078434586524963,0.01712786592543125,0.003950553946197033,1.5000633538875263e-05,0.7625,4.75,4.75,0.0039424896240234375,0.0,6.255687912926078e-05,0.07128728181123734
Residual PPO,1093,4,0.2,200.0,-0.8791002631187439,0.07968070358037949,0.43002596497535706,True,0.2688969671726227,0.009637598879635334,0.0081986328586936,7.3884248195099644e-06,0.8375,3.25,3.25,0.008194923400878906,0.0,5.6922126532299444e-05,0.07041482627391815
Residual PPO,1094,4,0.2,200.0,-0.9031349420547485,-0.5643354058265686,0.2514164447784424,True,0.2673616111278534,0.007227483671158552,0.0017809236887842417,4.888028797722654e-06,0.845,3.1,3.1,0.0017008781433105469,0.0,6.223698437679559e-05,0.07053136825561523
Residual PPO,1095,4,0.2,200.0,-1.3096781969070435,-0.4019305408000946,0.2943161725997925,True,0.3797965943813324,0.009948465041816235,0.0033092868980020285,5.092717401566915e-06,0.81,3.8000000000000003,3.8000000000000003,0.003292560577392578,0.0,6.486844358732924e-05,0.07168736308813095
Residual PPO,1096,4,0.2,200.0,-0.5565752387046814,0.7886120080947876,0.27283963561058044,True,0.22543583810329437,0.005279626697301865,0.0025402645114809275,7.353644946306304e-07,0.8675,2.6500000000000004,2.6500000000000004,0.0025038719177246094,0.0,4.968252687831409e-05,0.05881020799279213
Residual PPO,1097,4,0.2,200.0,-1.3080552816390991,0.037033263593912125,0.27344202995300293,True,0.36352115869522095,0.00854320265352726,0.002562095643952489,2.1249875317153055e-06,0.8125,3.75,3.75,0.0025262832641601562,0.0,6.276489148149267e-05,0.06938406080007553
Residual PPO,1098,4,0.2,200.0,-1.2224541902542114,-0.25077617168426514,0.4742331802845001,True,0.4045420289039612,0.01519524585455656,0.00975151639431715,5.038346898800228e-06,0.8,4.0,4.0,0.00974273681640625,0.0,5.5568412790307775e-05,0.06829646229743958
Residual PPO,1099,4,0.2,200.0,-1.9130916595458984,0.09447009861469269,0.36984628438949585,True,0.6133437156677246,0.019121186807751656,0.006042480934411287,1.2537006114143878e-05,0.7575,4.8500000000000005,4.8500000000000005,0.00604248046875,0.0,5.862404213985428e-05,0.06852839887142181
PD+FF,1000,6,0.30000000000000004,300.00000000000006,-1.2179213762283325,0.20768369734287262,0.34128254652023315,True,0.37790989875793457,0.03315044566988945,3.602893411880359e-05,2.0055083950865082e-05,0.76,4.800000000000001,4.800000000000001,0.0,0.0,1.051849358191248e-05,0.012313402257859707
PD+FF,1001,6,0.30000000000000004,300.00000000000006,-1.0811076164245605,-0.9685990810394287,0.25630688667297363,True,0.39393526315689087,0.03250271826982498,4.033229561173357e-05,2.1842106434633024e-05,0.7625,4.75,4.75,0.0,0.0,1.3813993973599281e-05,0.01375532802194357
PD+FF,1002,6,0.30000000000000004,300.00000000000006,-1.428768277168274,-0.28562131524086,0.4242836833000183,True,0.4744950830936432,0.04424786940217018,5.1848095608875155e-05,2.5875593564705923e-05,0.7325,5.3500000000000005,5.3500000000000005,0.0,0.0,1.132261058955919e-05,0.012965714558959007
PD+FF,1003,6,0.30000000000000004,300.00000000000006,-1.7183640003204346,-0.48658838868141174,0.34840381145477295,True,0.5560749769210815,0.05129097402095795,6.188840052345768e-05,3.365299562574364e-05,0.72,5.6000000000000005,5.6000000000000005,0.0,0.0,1.5468902347492985e-05,0.014843467622995377
PD+FF,1004,6,0.30000000000000004,300.00000000000006,-1.998679280281067,-0.7396973967552185,0.24154320359230042,True,0.6291329264640808,0.05627359822392464,6.95246781106107e-05,3.746983566088602e-05,0.7125,5.75,5.75,0.0,0.0,2.2279617041931488e-05,0.017561128363013268
PD+FF,1005,6,0.30000000000000004,300.00000000000006,-1.8766711950302124,0.8611240983009338,0.28618520498275757,True,0.6137471199035645,0.05513135716319084,6.792032945668325e-05,3.66476560884621e-05,0.7125,5.75,5.75,0.0,0.0,2.137690353265498e-05,0.016902079805731773
PD+FF,1006,6,0.30000000000000004,300.00000000000006,-1.4946178197860718,0.20171388983726501,0.28934937715530396,True,0.4520471692085266,0.03968189284205437,3.317454320495017e-05,2.025396315730177e-05,0.7425,5.15,5.15,0.0,0.0,1.4639967957918998e-05,0.014483744278550148
PD+FF,1007,6,0.30000000000000004,300.00000000000006,-1.8931626081466675,0.6319606900215149,0.39287856221199036,True,0.6474186182022095,0.0646904930472374,6.621261854888871e-05,3.7691199395339936e-05,0.7,6.0,6.0,0.0,0.0,1.4684975212730933e-05,0.013978388160467148
PD+FF,1008,6,0.30000000000000004,300.00000000000006,-1.749120831489563,0.6261014938354492,0.26522985100746155,True,0.5467628240585327,0.04812498018145561,4.673560397350229e-05,2.7004702133126557e-05,0.725,5.5,5.5,0.0,0.0,1.9858285668306053e-05,0.01678466983139515
PD+FF,1009,6,0.30000000000000004,300.00000000000006,-1.9152493476867676,-0.3461688160896301,0.2149554342031479,True,0.5716869235038757,0.0503738708794117,5.720946137444116e-05,3.0710198188899085e-05,0.7225,5.550000000000001,5.550000000000001,0.0,0.0,2.0530642359517515e-05,0.01748845912516117
PD+FF,1010,6,0.30000000000000004,300.00000000000006,-1.8575115203857422,0.07161146402359009,0.4753030240535736,True,0.6627845168113708,0.07567697763442993,0.0001011007116176188,5.317391696735285e-05,0.685,6.300000000000001,6.300000000000001,0.0,0.0,9.099422641156707e-06,0.011806366965174675
PD+FF,1011,6,0.30000000000000004,300.00000000000006,-1.57381272315979,0.12664707005023956,0.26378002762794495,True,0.4690868556499481,0.041067712008953094,3.871567969326861e-05,2.2608764993492514e-05,0.74,5.2,5.2,0.0,0.0,1.573142799315974e-05,0.015020442195236683
PD+FF,1012,6,0.30000000000000004,300.00000000000006,-1.5405192375183105,0.561293363571167,0.2715309262275696,True,0.47896608710289,0.04162219911813736,4.451600761967711e-05,2.5102292056544684e-05,0.74,5.2,5.2,0.0,0.0,1.713175697659608e-05,0.015338777564466
PD+FF,1013,6,0.30000000000000004,300.00000000000006,-0.8082606196403503,-0.8420410752296448,0.401797890663147,True,0.33269110321998596,0.028061002492904663,3.883091267198324e-05,2.0909732484142296e-05,0.775,4.5,4.5,0.0,0.0,9.870527719613165e-06,0.011252340860664845
PD+FF,1014,6,0.30000000000000004,300.00000000000006,-1.3467140197753906,0.1714046150445938,0.4693894386291504,True,0.45991694927215576,0.0440346822142601,6.685460539301857e-05,3.355753869982436e-05,0.735,5.300000000000001,5.300000000000001,0.0,0.0,9.372959539177828e-06,0.011918907053768635
PD+FF,1015,6,0.30000000000000004,300.00000000000006,-1.4601455926895142,0.21413566172122955,0.39239153265953064,True,0.4715343713760376,0.04322802647948265,4.2677154851844534e-05,2.4387585654039867e-05,0.735,5.300000000000001,5.300000000000001,0.0,0.0,1.2307274118938949e-05,0.013572420924901962
PD+FF,1016,6,0.30000000000000004,300.00000000000006,-1.6580126285552979,-0.11461202055215836,0.3060871958732605,True,0.5082933902740479,0.04554019123315811,6.060634405002929e-05,3.206543260603212e-05,0.73,5.4,5.4,0.0,0.0,1.558651820232626e-05,0.015344036743044853
PD+FF,1017,6,0.30000000000000004,300.00000000000006,-0.62247234582901,0.6426637768745422,0.4917738139629364,True,0.27300330996513367,0.023663248866796494,2.044148823188152e-05,1.2970771422260441e-05,0.79,4.2,4.2,0.0,0.0,6.783326625736663e-06,0.00908793043345213
PD+FF,1018,6,0.30000000000000004,300.00000000000006,-1.1090368032455444,-0.0900818482041359,0.4614541530609131,True,0.37248140573501587,0.03410907834768295,2.1066327462904155e-05,1.4819322132098023e-05,0.7575,4.8500000000000005,4.8500000000000005,0.0,0.0,9.180762390315067e-06,0.011718825437128544
PD+FF,1019,6,0.30000000000000004,300.00000000000006,-1.674609661102295,-0.20800989866256714,0.34006524085998535,True,0.5272843241691589,0.048250991851091385,4.456144233699888e-05,2.5952500436687842e-05,0.725,5.5,5.5,0.0,0.0,1.4498145901598036e-05,0.01476545911282301
PD+FF,1020,6,0.30000000000000004,300.00000000000006,-1.1319496631622314,-0.4326494336128235,0.2227078378200531,True,0.3376198410987854,0.028152979910373688,3.551936606527306e-05,1.9011802578461356e-05,0.775,4.5,4.5,0.0,0.0,9.647632396081463e-06,0.011713520623743534
PD+FF,1021,6,0.30000000000000004,300.00000000000006,-1.4384177923202515,-0.8382971882820129,0.49743902683258057,True,0.5458750128746033,0.053954970091581345,5.4571421060245484e-05,3.141193519695662e-05,0.715,5.7,5.7,0.0,0.0,1.2759643141180277e-05,0.012061779387295246
PD+FF,1022,6,0.30000000000000004,300.00000000000006,-1.999210000038147,0.8368335366249084,0.37694433331489563,True,0.6933332085609436,0.06946180015802383,6.730688619427383e-05,3.888747960445471e-05,0.6925,6.15,6.15,0.0,0.0,1.71776282513747e-05,0.01457048486918211
PD+FF,1023,6,0.30000000000000004,300.00000000000006,-1.4916963577270508,0.8117974996566772,0.4728805720806122,True,0.5510197281837463,0.05369669571518898,7.361915049841627e-05,3.906474375980906e-05,0.715,5.7,5.7,0.0,0.0,1.3313960153027438e-05,0.01259476225823164
PD+FF,1024,6,0.30000000000000004,300.00000000000006,-1.51630699634552,-0.48329436779022217,0.3110935389995575,True,0.47673067450523376,0.04201624542474747,5.76481397729367e-05,3.0419672839343548e-05,0.7375,5.25,5.25,0.0,0.0,1.6047350072767586e-05,0.01506176870316267
PD+FF,1025,6,0.30000000000000004,300.00000000000006,-0.7683239579200745,0.258014976978302,0.24864348769187927,True,0.2276475876569748,0.018805157393217087,1.7550581105751917e-05,9.916009730659425e-06,0.8125,3.75,3.75,0.0,0.0,4.6468198888760526e-06,0.00818129163235426
PD+FF,1026,6,0.30000000000000004,300.00000000000006,-1.7438942193984985,0.19023452699184418,0.2583710551261902,True,0.5236863493919373,0.0463072806596756,4.8326699470635504e-05,2.727032006077934e-05,0.73,5.4,5.4,0.0,0.0,1.7715174180921167e-05,0.016325321048498154
PD+FF,1027,6,0.30000000000000004,300.00000000000006,-1.9580382108688354,0.12429128587245941,0.36954861879348755,True,0.6431697607040405,0.06425214558839798,7.25264399079606e-05,4.01699508074671e-05,0.7,6.0,6.0,0.0,0.0,1.3136961570126005e-05,0.014182494953274727
PD+FF,1028,6,0.30000000000000004,300.00000000000006,-0.7757433652877808,-0.22796711325645447,0.4025936424732208,True,0.2571072578430176,0.02242414467036724,2.6192423320026137e-05,1.4082106645219028e-05,0.795,4.1000000000000005,4.1000000000000005,0.0,0.0,5.323573986970587e-06,0.008668214082717896
PD+FF,1029,6,0.30000000000000004,300.00000000000006,-0.7448340058326721,0.6458722352981567,0.214758962392807,True,0.25920483469963074,0.02090921439230442,2.232138649560511e-05,1.2267299098311923e-05,0.8025,3.95,3.95,0.0,0.0,6.607556315429974e-06,0.009667225182056427
PD+FF,1030,6,0.30000000000000004,300.00000000000006,-1.6447029113769531,-0.9496257901191711,0.4438457489013672,True,0.6058520674705505,0.05914544314146042,6.085226414143108e-05,3.5412773286225274e-05,0.7075,5.8500000000000005,5.8500000000000005,0.0,0.0,1.589228486409411e-05,0.013457353226840496
PD+FF,1031,6,0.30000000000000004,300.00000000000006,-0.9611496329307556,0.9009804725646973,0.39864641427993774,True,0.37933868169784546,0.032323721796274185,3.4249984310008585e-05,1.9278011677670293e-05,0.7625,4.75,4.75,0.0,0.0,1.2283589057915378e-05,0.012574302032589912
PD+FF,1032,6,0.30000000000000004,300.00000000000006,-0.6833899617195129,-0.5306191444396973,0.49894750118255615,True,0.2765481770038605,0.024438751861453056,1.814831375668291e-05,1.187667567137396e-05,0.7875,4.25,4.25,0.0,0.0,6.601356290047988e-06,0.009112933650612831
PD+FF,1033,6,0.30000000000000004,300.00000000000006,-0.7577928304672241,0.7459949851036072,0.4761985242366791,True,0.319556325674057,0.027688831090927124,4.577341314870864e-05,2.3562943169963546e-05,0.7775,4.45,4.45,0.0,0.0,8.935573532653507e-06,0.010510116815567017
PD+FF,1034,6,0.30000000000000004,300.00000000000006,-0.5296080112457275,-0.6777904629707336,0.22327283024787903,True,0.22123947739601135,0.017654146999120712,2.2395417545340024e-05,1.2150972906965762e-05,0.8175,3.6500000000000004,3.6500000000000004,0.0,0.0,5.0909457058878615e-06,0.008534603752195835
PD+FF,1035,6,0.30000000000000004,300.00000000000006,-1.5201642513275146,-0.23973245918750763,0.436818927526474,True,0.5112851858139038,0.04923565313220024,5.744249210692942e-05,3.215953620383516e-05,0.725,5.5,5.5,0.0,0.0,1.0730128451541532e-05,0.012692403979599476
PD+FF,1036,6,0.30000000000000004,300.00000000000006,-1.558912754058838,0.6018440127372742,0.34900519251823425,True,0.5090066194534302,0.045641373842954636,5.443291229312308e-05,2.9552649721154012e-05,0.73,5.4,5.4,0.0,0.0,1.6169611626537517e-05,0.014975696802139282
PD+FF,1037,6,0.30000000000000004,300.00000000000006,-1.5164998769760132,-0.3818822205066681,0.38270920515060425,True,0.49357131123542786,0.04519904777407646,5.212186442804523e-05,2.8631706300075166e-05,0.7325,5.3500000000000005,5.3500000000000005,0.0,0.0,1.333808177150786e-05,0.01395181380212307
PD+FF,1038,6,0.30000000000000004,300.00000000000006,-1.5098652839660645,-0.8029577136039734,0.31811848282814026,True,0.5020226240158081,0.043880440294742584,4.624289067578502e-05,2.6156203603022732e-05,0.735,5.300000000000001,5.300000000000001,0.0,0.0,1.848848296504002e-05,0.015824684873223305
PD+FF,1039,6,0.30000000000000004,300.00000000000006,-0.6960156559944153,-0.0387578122317791,0.3661683201789856,True,0.21953709423542023,0.018895449116826057,3.24351858580485e-05,1.6040034097386524e-05,0.8125,3.75,3.75,0.0,0.0,3.97781786887208e-06,0.007570156827569008
PD+FF,1040,6,0.30000000000000004,300.00000000000006,-0.7547146081924438,0.5635512471199036,0.4134989380836487,True,0.28205129504203796,0.024188628420233727,3.542932972777635e-05,1.911288927658461e-05,0.79,4.2,4.2,0.0,0.0,6.9062080001458526e-06,0.009522238746285439
PD+FF,1041,6,0.30000000000000004,300.00000000000006,-0.6478168964385986,-0.19675222039222717,0.46515655517578125,True,0.23098956048488617,0.020566556602716446,3.268829095759429e-05,1.7319163816864602e-05,0.8025,3.95,3.95,0.0,0.0,4.378061476018047e-06,0.007731734309345484
PD+FF,1042,6,0.30000000000000004,300.00000000000006,-1.463887333869934,-0.25558269023895264,0.3728010952472687,True,0.46734240651130676,0.042320795357227325,4.703864033217542e-05,2.6187999537796713e-05,0.7375,5.25,5.25,0.0,0.0,1.3135920198692475e-05,0.013976635411381721
PD+FF,1043,6,0.30000000000000004,300.00000000000006,-1.7490100860595703,-0.7958716750144958,0.31946444511413574,True,0.5771891474723816,0.05197366327047348,5.2894789405399933e-05,3.016324626514688e-05,0.72,5.6000000000000005,5.6000000000000005,0.0,0.0,1.922697811096441e-05,0.016025522723793983
PD+FF,1044,6,0.30000000000000004,300.00000000000006,-1.981444239616394,0.7169352173805237,0.20961801707744598,True,0.6114361882209778,0.05374849587678909,5.96804529777728e-05,3.3136606361949816e-05,0.715,5.7,5.7,0.0,0.0,2.3542690541944467e-05,0.01819264516234398
PD+FF,1045,6,0.30000000000000004,300.00000000000006,-0.7272861003875732,-0.39523494243621826,0.4158290922641754,True,0.2575221657752991,0.022311076521873474,2.6153718863497488e-05,1.5144498320296407e-05,0.7975,4.05,4.05,0.0,0.0,5.585778126260266e-06,0.008706244640052319
PD+FF,1046,6,0.30000000000000004,300.00000000000006,-1.868130087852478,0.6265861392021179,0.39649125933647156,True,0.6394249200820923,0.06373438239097595,6.852622755104676e-05,3.835074676317163e-05,0.7,6.0,6.0,0.0,0.0,1.4529257896356285e-05,0.01390657015144825
PD+FF,1047,6,0.30000000000000004,300.00000000000006,-1.1699552536010742,-0.14992530643939972,0.29876548051834106,True,0.3510591387748718,0.03024897165596485,3.7802066799486056e-05,2.010351454373449e-05,0.7675,4.65,4.65,0.0,0.0,9.434274943487253e-06,0.011724894866347313
PD+FF,1048,6,0.30000000000000004,300.00000000000006,-0.9076822996139526,-0.7630760073661804,0.4824531674385071,True,0.3634950518608093,0.032030463218688965,2.2997854102868587e-05,1.4356512110680342e-05,0.7625,4.75,4.75,0.0,0.0,1.0902648682531435e-05,0.01167294755578041
PD+FF,1049,6,0.30000000000000004,300.00000000000006,-1.6127384901046753,0.09402617067098618,0.43331217765808105,True,0.5416722893714905,0.05327502265572548,5.725467053707689e-05,3.2205225579673424e-05,0.7175,5.65,5.65,0.0,0.0,1.0575714441074524e-05,0.012735748663544655
PD+FF,1050,6,0.30000000000000004,300.00000000000006,-1.2507070302963257,-0.40418457984924316,0.49881017208099365,True,0.4460752308368683,0.042778778821229935,4.6560111513826996e-05,2.6119450922124088e-05,0.7375,5.25,5.25,0.0,0.0,9.313653208664618e-06,0.011433163657784462
PD+FF,1051,6,0.30000000000000004,300.00000000000006,-0.8433747291564941,-0.6024307608604431,0.2584548592567444,True,0.28272634744644165,0.023219333961606026,2.7022731956094503e-05,1.4838497008895501e-05,0.7925,4.15,4.15,0.0,0.0,7.3847800194926094e-06,0.010144888423383236
PD+FF,1052,6,0.30000000000000004,300.00000000000006,-1.577463150024414,-0.03658809885382652,0.32490968704223633,True,0.4864242672920227,0.04361490160226822,4.339901352068409e-05,2.4799212042125873e-05,0.735,5.300000000000001,5.300000000000001,0.0,0.0,1.4638943866884802e-05,0.0148578817024827
PD+FF,1053,6,0.30000000000000004,300.00000000000006,-0.7320424914360046,-0.38764455914497375,0.44851720333099365,True,0.2652093470096588,0.023297928273677826,1.6468238754896447e-05,1.109766435547499e-05,0.7925,4.15,4.15,0.0,0.0,5.8267187341698445e-06,0.008844183757901192
PD+FF,1054,6,0.30000000000000004,300.00000000000006,-1.9604523181915283,0.6108824014663696,0.3443475067615509,True,0.6481524109840393,0.06245129182934761,5.958781548542902e-05,3.4487155062379315e-05,0.7025,5.95,5.95,0.0,0.0,1.656143467698712e-05,0.015066852793097496
PD+FF,1055,6,0.30000000000000004,300.00000000000006,-0.8035520911216736,-0.8197364807128906,0.37500709295272827,True,0.3233000338077545,0.027068540453910828,2.3942631742102094e-05,1.4359566193888895e-05,0.7775,4.45,4.45,0.0,0.0,9.424982636119239e-06,0.011101705953478813
PD+FF,1056,6,0.30000000000000004,300.00000000000006,-0.6173267960548401,-0.7547652125358582,0.33817118406295776,True,0.264892578125,0.0216840710490942,2.7995865821139887e-05,1.4712603842781391e-05,0.8,4.0,4.0,0.0,0.0,6.800059964007232e-06,0.009571932256221771
PD+FF,1057,6,0.30000000000000004,300.00000000000006,-1.4013786315917969,-0.020997419953346252,0.2980625629425049,True,0.42190060019493103,0.03695201128721237,3.8626338209724054e-05,2.2144482500152662e-05,0.75,5.0,5.0,0.0,0.0,1.2848912774643395e-05,0.013593427836894989
PD+FF,1058,6,0.30000000000000004,300.00000000000006,-1.9344123601913452,-0.6835842132568359,0.34246277809143066,True,0.6421884298324585,0.06125165522098541,7.25156714906916e-05,3.95705719711259e-05,0.705,5.9,5.9,0.0,0.0,1.7249336451641284e-05,0.01521919947117567
PD+FF,1059,6,0.30000000000000004,300.00000000000006,-1.3239208459854126,-0.34795770049095154,0.3298633396625519,True,0.413964182138443,0.0363277867436409,4.777157664648257e-05,2.550855788285844e-05,0.7525,4.95,4.95,0.0,0.0,1.2584219803102314e-05,0.013322667218744755
PD+FF,1060,6,0.30000000000000004,300.00000000000006,-0.5232435464859009,-0.8263487219810486,0.4775193929672241,True,0.27787595987319946,0.02333213947713375,3.1287727324524894e-05,1.781810169632081e-05,0.7925,4.15,4.15,0.0,0.0,7.482869477826171e-06,0.00954370852559805
PD+FF,1061,6,0.30000000000000004,300.00000000000006,-1.0766786336898804,0.09924349933862686,0.28927016258239746,True,0.31925520300865173,0.027273982763290405,2.6784453439177014e-05,1.539187360322103e-05,0.7775,4.45,4.45,0.0,0.0,8.015944331418723e-06,0.010827138088643551
PD+FF,1062,6,0.30000000000000004,300.00000000000006,-1.020176649093628,-0.6513675451278687,0.4292861223220825,True,0.36957865953445435,0.03246551379561424,3.877673952956684e-05,2.066225715680048e-05,0.7625,4.75,4.75,0.0,0.0,1.0870046025956981e-05,0.01191045343875885
PD+FF,1063,6,0.30000000000000004,300.00000000000006,-0.5567145943641663,0.6067063212394714,0.2895512878894806,True,0.22080563008785248,0.017914192751049995,2.7066387701779604e-05,1.385333416692447e-05,0.8175,3.6500000000000004,3.6500000000000004,0.0,0.0,4.8637762120051775e-06,0.008195780217647552
PD+FF,1064,6,0.30000000000000004,300.00000000000006,-1.6129041910171509,-0.13716638088226318,0.24278511106967926,True,0.4762749671936035,0.041511379182338715,4.967502900399268e-05,2.712273271754384e-05,0.74,5.2,5.2,0.0,0.0,1.6345287804142572e-05,0.015269446186721325
PD+FF,1065,6,0.30000000000000004,300.00000000000006,-0.5033138990402222,-0.5932050347328186,0.453745573759079,True,0.229561910033226,0.01945856586098671,1.5179776710283477e-05,1.045022963808151e-05,0.81,3.8000000000000003,3.8000000000000003,0.0,0.0,5.074244654679205e-06,0.007938089780509472
PD+FF,1066,6,0.30000000000000004,300.00000000000006,-1.3762075901031494,0.32575497031211853,0.20805609226226807,True,0.4000876545906067,0.03384331613779068,3.922762334696017e-05,2.262895941385068e-05,0.7575,4.8500000000000005,4.8500000000000005,0.0,0.0,1.2691704796452541e-05,0.013453078456223011
PD+FF,1067,6,0.30000000000000004,300.00000000000006,-0.6176835894584656,0.9055254459381104,0.20151829719543457,True,0.28004172444343567,0.022320909425616264,2.297781247762032e-05,1.26412569443346e-05,0.795,4.1000000000000005,4.1000000000000005,0.0,0.0,7.96763470134465e-06,0.01076336856931448
PD+FF,1068,6,0.30000000000000004,300.00000000000006,-0.7787961959838867,0.5352519750595093,0.25048118829727173,True,0.25698408484458923,0.021027548238635063,2.6801808417076245e-05,1.4043980627320707e-05,0.8025,3.95,3.95,0.0,0.0,6.19565889792284e-06,0.009329845197498798
PD+FF,1069,6,0.30000000000000004,300.00000000000006,-0.5076419115066528,0.8446078896522522,0.24751581251621246,True,0.25295549631118774,0.02018626779317856,2.3751974367769435e-05,1.3127874808560591e-05,0.805,3.9000000000000004,3.9000000000000004,0.0,0.0,6.569928700628225e-06,0.009725447744131088
PD+FF,1070,6,0.30000000000000004,300.00000000000006,-1.6644020080566406,0.9533751606941223,0.22921264171600342,True,0.5419471263885498,0.04640072211623192,5.5097847507568076e-05,2.9815466405125335e-05,0.73,5.4,5.4,0.0,0.0,2.287288043589797e-05,0.017347002401947975
PD+FF,1071,6,0.30000000000000004,300.00000000000006,-1.6379417181015015,0.7469041347503662,0.26974478363990784,True,0.5229878425598145,0.04552874341607094,5.573433736572042e-05,3.0202194466255605e-05,0.73,5.4,5.4,0.0,0.0,1.992878969758749e-05,0.016490118578076363
PD+FF,1072,6,0.30000000000000004,300.00000000000006,-1.22187077999115,0.3675197660923004,0.4661308228969574,True,0.42136868834495544,0.039036717265844345,5.396303822635673e-05,2.6868923669098876e-05,0.745,5.1000000000000005,5.1000000000000005,0.0,0.0,1.0150611160497647e-05,0.012089055962860584
PD+FF,1073,6,0.30000000000000004,300.00000000000006,-1.5133368968963623,0.8512749075889587,0.3800120949745178,True,0.5260007381439209,0.047262173146009445,4.932063166052103e-05,2.7717835109797306e-05,0.7275,5.45,5.45,0.0,0.0,1.7209815268870443e-05,0.014932261779904366
PD+FF,1074,6,0.30000000000000004,300.00000000000006,-0.5001789927482605,-0.2884053587913513,0.4962819218635559,True,0.2001829892396927,0.017819903790950775,6.362736712617334e-06,4.868866653851001e-06,0.8175,3.6500000000000004,3.6500000000000004,1.9073486328125e-06,0.0,3.5969214877695777e-06,0.006803547032177448
PD+FF,1075,6,0.30000000000000004,300.00000000000006,-0.8189709782600403,0.9466501474380493,0.23914383351802826,True,0.3293609619140625,0.026640908792614937,2.909056820499245e-05,1.609232640475966e-05,0.78,4.4,4.4,0.0,0.0,1.038972277456196e-05,0.012135320343077183
PD+FF,1076,6,0.30000000000000004,300.00000000000006,-1.445397138595581,-0.562984049320221,0.45283621549606323,True,0.5058474540710449,0.0481693334877491,6.217801274033263e-05,3.226903572794981e-05,0.725,5.5,5.5,0.0,0.0,1.1903612175956368e-05,0.012660632841289043
PD+FF,1077,6,0.30000000000000004,300.00000000000006,-0.6151338219642639,-0.8893533945083618,0.2694230377674103,True,0.28230980038642883,0.022707225754857063,2.486566881998442e-05,1.3739354471908882e-05,0.795,4.1000000000000005,4.1000000000000005,0.0,0.0,7.924123565317132e-06,0.0105985626578331
PD+FF,1078,6,0.30000000000000004,300.00000000000006,-0.6580581068992615,-0.6858707666397095,0.23459486663341522,True,0.24902214109897614,0.020041802898049355,2.179269904445391e-05,1.1983683180005755e-05,0.805,3.9000000000000004,3.9000000000000004,0.0,0.0,6.202010808920022e-06,0.009379994124174118
PD+FF,1079,6,0.30000000000000004,300.00000000000006,-0.5874135494232178,0.8651593327522278,0.4896434247493744,True,0.3007977306842804,0.025474319234490395,1.9283741494291462e-05,1.2092722499801312e-05,0.785,4.3,4.3,0.0,0.0,8.538920155842789e-06,0.010155943222343922
PD+FF,1080,6,0.30000000000000004,300.00000000000006,-0.6397119164466858,0.7102972865104675,0.367546945810318,True,0.26621726155281067,0.022049661725759506,2.359059544687625e-05,1.2943372894369531e-05,0.7975,4.05,4.05,0.0,0.0,6.718734766764101e-06,0.009425029158592224
PD+FF,1081,6,0.30000000000000004,300.00000000000006,-1.3320256471633911,0.8601993322372437,0.3006768822669983,True,0.4526931047439575,0.0386849083006382,3.819579433184117e-05,2.2097910914453678e-05,0.745,5.1000000000000005,5.1000000000000005,0.0,0.0,1.6470828995807096e-05,0.014757423661649227
PD+FF,1082,6,0.30000000000000004,300.00000000000006,-0.9581221342086792,-0.30673766136169434,0.3117980659008026,True,0.29644522070884705,0.0252258088439703,1.8787070075632073e-05,1.2076743587385863e-05,0.785,4.3,4.3,0.0,0.0,7.165702299971599e-06,0.010122784413397312
PD+FF,1083,6,0.30000000000000004,300.00000000000006,-1.3940625190734863,0.6289385557174683,0.21643398702144623,True,0.4276207983493805,0.03605080768465996,4.0848688513506204e-05,2.1650352209690027e-05,0.7525,4.95,4.95,0.0,0.0,1.4896472748660017e-05,0.014354332350194454
PD+FF,1084,6,0.30000000000000004,300.00000000000006,-0.7371216416358948,-0.8951173424720764,0.4071005880832672,True,0.32594674825668335,0.02727554924786091,3.6157820431981236e-05,2.008196315728128e-05,0.7775,4.45,4.45,0.0,0.0,9.71910048974678e-06,0.011190691962838173
PD+FF,1085,6,0.30000000000000004,300.00000000000006,-0.7224554419517517,-0.08529454469680786,0.4138740301132202,True,0.23828473687171936,0.020912179723381996,2.486043558747042e-05,1.4458661098615266e-05,0.8025,3.95,3.95,0.0,0.0,4.548784090729896e-06,0.008046931587159634
PD+FF,1086,6,0.30000000000000004,300.00000000000006,-0.7490203976631165,-0.7008727788925171,0.4387705326080322,True,0.30334821343421936,0.02598709799349308,2.0652814782806672e-05,1.3075172319076955e-05,0.7825,4.3500000000000005,4.3500000000000005,0.0,0.0,8.131729373417329e-06,0.01018727570772171
PD+FF,1087,6,0.30000000000000004,300.00000000000006,-1.2718281745910645,-0.8616007566452026,0.3274095356464386,True,0.4419764280319214,0.03789762407541275,3.533351264195517e-05,2.056778612313792e-05,0.7475,5.050000000000001,5.050000000000001,0.0,0.0,1.5711628293502145e-05,0.014393948949873447
PD+FF,1088,6,0.30000000000000004,300.00000000000006,-1.148199200630188,-0.9221230149269104,0.4605681300163269,True,0.44679853320121765,0.0396367572247982,4.393891504150815e-05,2.3797842004569247e-05,0.745,5.1000000000000005,5.1000000000000005,0.0,0.0,1.4732063391420525e-05,0.01361743826419115
PD+FF,1089,6,0.30000000000000004,300.00000000000006,-1.8535881042480469,0.5890284776687622,0.37915652990341187,True,0.6234527826309204,0.060734350234270096,5.762337241321802e-05,3.3412383345421404e-05,0.705,5.9,5.9,0.0,0.0,1.493712352385046e-05,0.014266370795667171
PD+FF,1090,6,0.30000000000000004,300.00000000000006,-0.9845758080482483,-0.6573527455329895,0.30003631114959717,True,0.33306968212127686,0.027892783284187317,2.8856660719611682e-05,1.6574094843235798e-05,0.775,4.5,4.5,0.0,0.0,9.627659892430529e-06,0.011435084044933319
PD+FF,1091,6,0.30000000000000004,300.00000000000006,-1.8845704793930054,-0.6914018392562866,0.36124923825263977,True,0.6329373121261597,0.06076541170477867,7.441952038789168e-05,4.029051342513412e-05,0.705,5.9,5.9,0.0,0.0,1.647864337428473e-05,0.014822551049292088
PD+FF,1092,6,0.30000000000000004,300.00000000000006,-1.9696727991104126,-0.2278679758310318,0.31251582503318787,True,0.6227384209632874,0.05882152169942856,7.406520307995379e-05,3.9756014302838594e-05,0.7075,5.8500000000000005,5.8500000000000005,0.0,0.0,1.5788828022778034e-05,0.015468386001884937
PD+FF,1093,6,0.30000000000000004,300.00000000000006,-0.8791002631187439,0.07968070358037949,0.43002596497535706,True,0.2903732657432556,0.025861548259854317,2.4852182832546532e-05,1.4067689335206524e-05,0.7825,4.3500000000000005,4.3500000000000005,0.0,0.0,6.382668743754039e-06,0.009561623446643353
PD+FF,1094,6,0.30000000000000004,300.00000000000006,-0.9031349420547485,-0.5643354058265686,0.2514164447784424,True,0.2922552525997162,0.024087542667984962,2.8364262107061222e-05,1.5699737559771165e-05,0.79,4.2,4.2,0.0,0.0,7.738590284134261e-06,0.010423598811030388
PD+FF,1095,6,0.30000000000000004,300.00000000000006,-1.3096781969070435,-0.4019305408000946,0.2943161725997925,True,0.4036335051059723,0.03489004448056221,3.3049109333660454e-05,1.9121831428492442e-05,0.755,4.9,4.9,0.0,0.0,1.2406515452312306e-05,0.013194278813898563
PD+FF,1096,6,0.30000000000000004,300.00000000000006,-0.5565752387046814,0.7886120080947876,0.27283963561058044,True,0.2519358694553375,0.020242469385266304,1.9170634914189577e-05,1.1059200915042311e-05,0.805,3.9000000000000004,3.9000000000000004,0.0,0.0,6.421151738322806e-06,0.009535444900393486
PD+FF,1097,6,0.30000000000000004,300.00000000000006,-1.3080552816390991,0.037033263593912125,0.27344202995300293,True,0.3864079713821411,0.03334059938788414,2.7190892069484107e-05,1.657573193369899e-05,0.76,4.800000000000001,4.800000000000001,0.0,0.0,1.1219718544452917e-05,0.0127720283344388
PD+FF,1098,6,0.30000000000000004,300.00000000000006,-1.2224541902542114,-0.25077617168426514,0.4742331802845001,True,0.4195583760738373,0.03926227241754532,2.6284602427040227e-05,1.8148937670048326e-05,0.745,5.1000000000000005,5.1000000000000005,0.0,0.0,9.398152542416938e-06,0.011810870841145515
PD+FF,1099,6,0.30000000000000004,300.00000000000006,-1.9130916595458984,0.09447009861469269,0.36984628438949585,True,0.6257134675979614,0.06181458756327629,6.48803252261132e-05,3.667344572022557e-05,0.7025,5.95,5.95,0.0,0.0,1.3079783457214944e-05,0.014166299253702164
Direct PPO,1000,6,0.30000000000000004,300.00000000000006,-1.2179213762283325,0.20768369734287262,0.34128254652023315,False,0.35008421540260315,0.06180403754115105,0.06983235478401184,0.304801344871521,0.1725,nan,nan,0.1441349983215332,0.0475,0.05874853581190109,0.6188815236091614
Direct PPO,1001,6,0.30000000000000004,300.00000000000006,-1.0811076164245605,-0.9685990810394287,0.25630688667297363,False,0.344320148229599,0.06760134547948837,0.03303185850381851,0.29210683703422546,0.16,nan,nan,0.21521443128585815,0.0625,0.05895154923200607,0.7528543472290039
Direct PPO,1002,6,0.30000000000000004,300.00000000000006,-1.428768277168274,-0.28562131524086,0.4242836833000183,False,0.45574480295181274,0.06637784838676453,0.04138786345720291,0.3269021511077881,0.15,nan,nan,0.07994234561920166,0.025,0.055385541170835495,0.7145780324935913
Direct PPO,1003,6,0.30000000000000004,300.00000000000006,-1.7183640003204346,-0.48658838868141174,0.34840381145477295,False,0.5325784087181091,0.06969956308603287,0.09545403718948364,0.07598176598548889,0.165,nan,19.85,0.1394587755203247,0.045,0.05535964295268059,0.6832495927810669
Direct PPO,1004,6,0.30000000000000004,300.00000000000006,-1.998679280281067,-0.7396973967552185,0.24154320359230042,False,0.5999521017074585,0.08232183754444122,0.027793047949671745,0.28423547744750977,0.1525,nan,nan,0.2476750612258911,0.07,0.053786519914865494,0.8408211469650269
Direct PPO,1005,6,0.30000000000000004,300.00000000000006,-1.8766711950302124,0.8611240983009338,0.28618520498275757,False,0.5797745585441589,0.05794081464409828,0.04447062313556671,0.1800367683172226,0.14,nan,nan,0.19806969165802002,0.06,0.05572536587715149,0.6905739903450012
Direct PPO,1006,6,0.30000000000000004,300.00000000000006,-1.4946178197860718,0.20171388983726501,0.28934937715530396,False,0.4242802560329437,0.060984209179878235,0.04229743033647537,0.22664396464824677,0.16,nan,nan,0.19831299781799316,0.06,0.05513720586895943,0.6496983170509338
Direct PPO,1007,6,0.30000000000000004,300.00000000000006,-1.8931626081466675,0.6319606900215149,0.39287856221199036,False,0.6262916326522827,0.060573168098926544,0.017718270421028137,0.36912789940834045,0.1575,nan,nan,0.12858951091766357,0.0425,0.05501934140920639,0.8720305562019348
Direct PPO,1008,6,0.30000000000000004,300.00000000000006,-1.749120831489563,0.6261014938354492,0.26522985100746155,False,0.5152520537376404,0.07455013692378998,0.05745468661189079,0.3513820171356201,0.1625,nan,nan,0.23054254055023193,0.0675,0.055968888103961945,0.7041853070259094
Direct PPO,1009,6,0.30000000000000004,300.00000000000006,-1.9152493476867676,-0.3461688160896301,0.2149554342031479,False,0.5464113354682922,0.09034426510334015,0.033188436180353165,0.300361305475235,0.14,nan,nan,0.2755073308944702,0.075,0.05265755578875542,0.7108123898506165
Direct PPO,1010,6,0.30000000000000004,300.00000000000006,-1.8575115203857422,0.07161146402359009,0.4753030240535736,False,0.6542197465896606,0.06667061895132065,0.053019121289253235,0.2280091494321823,0.155,nan,nan,0.04991960525512695,0.0,0.050961755216121674,0.5134031772613525
Direct PPO,1011,6,0.30000000000000004,300.00000000000006,-1.57381272315979,0.12664707005023956,0.26378002762794495,False,0.4424331784248352,0.06939464807510376,0.09621069580316544,0.14087578654289246,0.1625,nan,nan,0.22534412145614624,0.0675,0.056067563593387604,0.6907415986061096
Direct PPO,1012,6,0.30000000000000004,300.00000000000006,-1.5405192375183105,0.561293363571167,0.2715309262275696,False,0.4438427686691284,0.06683612614870071,0.09756647795438766,0.04485088586807251,0.1675,nan,19.85,0.21980667114257812,0.065,0.05715778097510338,0.7997324466705322
Direct PPO,1013,6,0.30000000000000004,300.00000000000006,-0.8082606196403503,-0.8420410752296448,0.401797890663147,False,0.28747546672821045,0.06369095295667648,0.06065535545349121,0.2629208266735077,0.19,nan,nan,0.11102485656738281,0.04,0.060406554490327835,0.6604421138763428
Direct PPO,1014,6,0.30000000000000004,300.00000000000006,-1.3467140197753906,0.1714046150445938,0.4693894386291504,False,0.4466550946235657,0.06503088027238846,0.03997687250375748,0.2431716024875641,0.1725,nan,nan,0.06446826457977295,0.02,0.054307468235492706,0.5795700550079346
Direct PPO,1015,6,0.30000000000000004,300.00000000000006,-1.4601455926895142,0.21413566172122955,0.39239153265953064,False,0.4531197249889374,0.0682196170091629,0.08471941202878952,0.14814864099025726,0.18,nan,nan,0.11877739429473877,0.04,0.055828191339969635,0.6782997846603394
Direct PPO,1016,6,0.30000000000000004,300.00000000000006,-1.6580126285552979,-0.11461202055215836,0.3060871958732605,False,0.48642832040786743,0.07119599729776382,0.02788754180073738,0.3733901083469391,0.1675,nan,nan,0.17577612400054932,0.055,0.05549304187297821,0.7151856422424316
Direct PPO,1017,6,0.30000000000000004,300.00000000000006,-0.62247234582901,0.6426637768745422,0.4917738139629364,False,0.2378862202167511,0.06788857281208038,0.019086576998233795,0.34203365445137024,0.1575,nan,nan,0.032788753509521484,0.0,0.058401256799697876,0.5445629954338074
Direct PPO,1018,6,0.30000000000000004,300.00000000000006,-1.1090368032455444,-0.0900818482041359,0.4614541530609131,False,0.3549812138080597,0.06306783109903336,0.09397558867931366,0.16367791593074799,0.165,nan,nan,0.08074605464935303,0.0275,0.059208013117313385,0.752811849117279
Direct PPO,1019,6,0.30000000000000004,300.00000000000006,-1.674609661102295,-0.20800989866256714,0.34006524085998535,False,0.5066883563995361,0.06730849295854568,0.0454542376101017,0.3301059603691101,0.16,nan,nan,0.13660895824432373,0.0475,0.05589643493294716,0.7984501719474792
Direct PPO,1020,6,0.30000000000000004,300.00000000000006,-1.1319496631622314,-0.4326494336128235,0.2227078378200531,False,0.3039267063140869,0.06488677859306335,0.056316208094358444,0.08390925824642181,0.155,nan,19.950000000000003,0.2681586742401123,0.0725,0.05907953903079033,0.8833889961242676
Direct PPO,1021,6,0.30000000000000004,300.00000000000006,-1.4384177923202515,-0.8382971882820129,0.49743902683258057,False,0.5220218896865845,0.06637166440486908,0.029066110029816628,0.3338810205459595,0.1425,nan,nan,0.039791107177734375,0.0,0.05190383642911911,0.5714362859725952
Direct PPO,1022,6,0.30000000000000004,300.00000000000006,-1.999210000038147,0.8368335366249084,0.37694433331489563,False,0.668489933013916,0.06463515013456345,0.070099838078022,0.3096894323825836,0.1625,nan,nan,0.1024465560913086,0.035,0.0546802394092083,0.6360346674919128
Direct PPO,1023,6,0.30000000000000004,300.00000000000006,-1.4916963577270508,0.8117974996566772,0.4728805720806122,False,0.5263330936431885,0.0676865503191948,0.07551467418670654,0.20062808692455292,0.1475,nan,nan,0.03566265106201172,0.0,0.05385996028780937,0.5599420070648193
Direct PPO,1024,6,0.30000000000000004,300.00000000000006,-1.51630699634552,-0.48329436779022217,0.3110935389995575,False,0.4451891779899597,0.0594196617603302,0.042516712099313736,0.38916489481925964,0.15,nan,nan,0.17940545082092285,0.0575,0.05742499977350235,0.7241412401199341
Direct PPO,1025,6,0.30000000000000004,300.00000000000006,-0.7683239579200745,0.258014976978302,0.24864348769187927,False,0.2011052519083023,0.06700877845287323,0.023568442091345787,0.31106433272361755,0.1725,nan,nan,0.20804119110107422,0.0625,0.06010965257883072,0.6784136891365051
Direct PPO,1026,6,0.30000000000000004,300.00000000000006,-1.7438942193984985,0.19023452699184418,0.2583710551261902,False,0.49905499815940857,0.07042227685451508,0.04336991533637047,0.3898179829120636,0.1675,nan,nan,0.23157846927642822,0.0675,0.05483546853065491,0.8199816346168518
Direct PPO,1027,6,0.30000000000000004,300.00000000000006,-1.9580382108688354,0.12429128587245941,0.36954861879348755,False,0.6283519268035889,0.055595334619283676,0.045985132455825806,0.19418418407440186,0.155,nan,nan,0.1399095058441162,0.0525,0.05237659811973572,0.7783719897270203
Direct PPO,1028,6,0.30000000000000004,300.00000000000006,-0.7757433652877808,-0.22796711325645447,0.4025936424732208,False,0.230132058262825,0.06781891733407974,0.09461044520139694,0.13891085982322693,0.165,nan,nan,0.1062091588973999,0.0375,0.06096908077597618,0.7301170825958252
Direct PPO,1029,6,0.30000000000000004,300.00000000000006,-0.7448340058326721,0.6458722352981567,0.214758962392807,False,0.21891221404075623,0.0664939284324646,0.071681909263134,0.2832023501396179,0.175,nan,nan,0.22156649827957153,0.065,0.06125969812273979,0.6856290698051453
Direct PPO,1030,6,0.30000000000000004,300.00000000000006,-1.6447029113769531,-0.9496257901191711,0.4438457489013672,False,0.5794875621795654,0.06672166287899017,0.09753309935331345,0.06951785087585449,0.155,nan,19.950000000000003,0.059139251708984375,0.015,0.05464945361018181,0.6654123663902283
Direct PPO,1031,6,0.30000000000000004,300.00000000000006,-0.9611496329307556,0.9009804725646973,0.39864641427993774,False,0.3329486846923828,0.059229448437690735,0.05338342860341072,0.12288719415664673,0.1675,nan,nan,0.12075448036193848,0.045,0.0598616749048233,0.8750677704811096
Direct PPO,1032,6,0.30000000000000004,300.00000000000006,-0.6833899617195129,-0.5306191444396973,0.49894750118255615,False,0.24339789152145386,0.06421224027872086,0.06361231952905655,0.0612950436770916,0.1775,nan,19.900000000000002,0.048766136169433594,0.0,0.06036011874675751,0.766757607460022
Direct PPO,1033,6,0.30000000000000004,300.00000000000006,-0.7577928304672241,0.7459949851036072,0.4761985242366791,False,0.28131768107414246,0.0689670592546463,0.09214270859956741,0.1017354354262352,0.1475,nan,nan,0.030727624893188477,0.0,0.05843281000852585,0.5895875692367554
Direct PPO,1034,6,0.30000000000000004,300.00000000000006,-0.5296080112457275,-0.6777904629707336,0.22327283024787903,False,0.17874915897846222,0.062523253262043,0.04252152517437935,0.34564095735549927,0.1725,nan,nan,0.10507640242576599,0.0375,0.06287388503551483,0.6244922876358032
Direct PPO,1035,6,0.30000000000000004,300.00000000000006,-1.5201642513275146,-0.23973245918750763,0.436818927526474,False,0.4954598844051361,0.06603390723466873,0.03495766595005989,0.3317876160144806,0.1775,nan,nan,0.04973769187927246,0.0,0.05462930351495743,0.545029878616333
Direct PPO,1036,6,0.30000000000000004,300.00000000000006,-1.558912754058838,0.6018440127372742,0.34900519251823425,False,0.48056408762931824,0.06900101900100708,0.048322949558496475,0.3120560348033905,0.175,nan,nan,0.13754844665527344,0.045,0.05589662492275238,0.6730056405067444
Direct PPO,1037,6,0.30000000000000004,300.00000000000006,-1.5164998769760132,-0.3818822205066681,0.38270920515060425,False,0.4711964428424835,0.06661982834339142,0.09710612148046494,0.04387863352894783,0.1575,nan,19.85,0.12959206104278564,0.045,0.056333716958761215,0.8023720383644104
Direct PPO,1038,6,0.30000000000000004,300.00000000000006,-1.5098652839660645,-0.8029577136039734,0.31811848282814026,False,0.464622437953949,0.0608903244137764,0.03333311900496483,0.2789769470691681,0.155,nan,nan,0.16633069515228271,0.0525,0.056965284049510956,0.66324782371521
Direct PPO,1039,6,0.30000000000000004,300.00000000000006,-0.6960156559944153,-0.0387578122317791,0.3661683201789856,False,0.19818755984306335,0.06646080315113068,0.09455782175064087,0.13979725539684296,0.165,nan,nan,0.13607549667358398,0.0475,0.06153697520494461,0.792564868927002
Direct PPO,1040,6,0.30000000000000004,300.00000000000006,-0.7547146081924438,0.5635512471199036,0.4134989380836487,False,0.24593080580234528,0.06519035249948502,0.0711529329419136,0.21669627726078033,0.1775,nan,nan,0.0706932544708252,0.0225,0.05995216593146324,0.5820983052253723
Direct PPO,1041,6,0.30000000000000004,300.00000000000006,-0.6478168964385986,-0.19675222039222717,0.46515655517578125,False,0.20682305097579956,0.06355027109384537,0.0630798414349556,0.35552889108657837,0.1675,nan,nan,0.05514323711395264,0.01,0.06154683232307434,0.6683641076087952
Direct PPO,1042,6,0.30000000000000004,300.00000000000006,-1.463887333869934,-0.25558269023895264,0.3728010952472687,False,0.4456351697444916,0.06731214374303818,0.08698545396327972,0.13339178264141083,0.16,nan,nan,0.1409590244293213,0.0475,0.05660418048501015,0.9212400913238525
Direct PPO,1043,6,0.30000000000000004,300.00000000000006,-1.7490100860595703,-0.7958716750144958,0.31946444511413574,False,0.5465587973594666,0.06673915684223175,0.053395822644233704,0.3754463791847229,0.1525,nan,nan,0.18436098098754883,0.0575,0.054894812405109406,0.8005658388137817
Direct PPO,1044,6,0.30000000000000004,300.00000000000006,-1.981444239616394,0.7169352173805237,0.20961801707744598,False,0.5775439143180847,0.0668824166059494,0.02186383120715618,0.2937479019165039,0.17,nan,nan,0.2642061114311218,0.0725,0.05496789887547493,0.6400187611579895
Direct PPO,1045,6,0.30000000000000004,300.00000000000006,-0.7272861003875732,-0.39523494243621826,0.4158290922641754,False,0.22482004761695862,0.06224386394023895,0.058080654591321945,0.07899487763643265,0.1625,nan,19.85,0.11108660697937012,0.04,0.06177186220884323,0.83942049741745
Direct PPO,1046,6,0.30000000000000004,300.00000000000006,-1.868130087852478,0.6265861392021179,0.39649125933647156,False,0.6183562874794006,0.06072753295302391,0.01755974255502224,0.36837685108184814,0.1575,nan,nan,0.1268841028213501,0.045,0.05463314801454544,0.6589622497558594
Direct PPO,1047,6,0.30000000000000004,300.00000000000006,-1.1699552536010742,-0.14992530643939972,0.29876548051834106,False,0.3203306198120117,0.06114421784877777,0.0977771207690239,0.03873174637556076,0.17,nan,19.85,0.1601375937461853,0.0525,0.059784796088933945,0.714677631855011
Direct PPO,1048,6,0.30000000000000004,300.00000000000006,-0.9076822996139526,-0.7630760073661804,0.4824531674385071,False,0.3265967071056366,0.06422735005617142,0.05821535363793373,0.12451747059822083,0.155,nan,nan,0.035517215728759766,0.0,0.0585826151072979,0.613762378692627
Direct PPO,1049,6,0.30000000000000004,300.00000000000006,-1.6127384901046753,0.09402617067098618,0.43331217765808105,False,0.5286348462104797,0.06127465143799782,0.04551960900425911,0.20974810421466827,0.1525,nan,nan,0.0993194580078125,0.035,0.055495165288448334,0.8375487327575684
Direct PPO,1050,6,0.30000000000000004,300.00000000000006,-1.2507070302963257,-0.40418457984924316,0.49881017208099365,False,0.42797160148620605,0.0630476251244545,0.09523097425699234,0.1454443633556366,0.15,nan,nan,0.03464150428771973,0.0,0.056422725319862366,0.6698065400123596
Direct PPO,1051,6,0.30000000000000004,300.00000000000006,-0.8433747291564941,-0.6024307608604431,0.2584548592567444,False,0.24227944016456604,0.06664469093084335,0.03937704116106033,0.19370748102664948,0.1675,nan,nan,0.20543712377548218,0.06,0.06018367409706116,0.7503488659858704
Direct PPO,1052,6,0.30000000000000004,300.00000000000006,-1.577463150024414,-0.03658809885382652,0.32490968704223633,False,0.46515679359436035,0.06780866533517838,0.02263331040740013,0.3342820703983307,0.1725,nan,nan,0.1561272144317627,0.05,0.056227270513772964,0.7754848599433899
Direct PPO,1053,6,0.30000000000000004,300.00000000000006,-0.7320424914360046,-0.38764455914497375,0.44851720333099365,False,0.23391973972320557,0.06251000612974167,0.05465194582939148,0.15709780156612396,0.1675,nan,nan,0.08120739459991455,0.0275,0.06126522272825241,0.8813413381576538
Direct PPO,1054,6,0.30000000000000004,300.00000000000006,-1.9604523181915283,0.6108824014663696,0.3443475067615509,False,0.62513667345047,0.06130896508693695,0.0691440999507904,0.2387586385011673,0.16,nan,nan,0.15392374992370605,0.0525,0.05477939546108246,0.6928696036338806
Direct PPO,1055,6,0.30000000000000004,300.00000000000006,-0.8035520911216736,-0.8197364807128906,0.37500709295272827,False,0.2777373492717743,0.06374805420637131,0.04576515778899193,0.3175179660320282,0.185,nan,nan,0.12302827835083008,0.0425,0.059601373970508575,0.6892213225364685
Direct PPO,1056,6,0.30000000000000004,300.00000000000006,-0.6173267960548401,-0.7547652125358582,0.33817118406295776,False,0.22134563326835632,0.06465369462966919,0.031501654535532,0.35943835973739624,0.195,nan,nan,0.07648038864135742,0.0275,0.060145437717437744,0.6165956258773804
Direct PPO,1057,6,0.30000000000000004,300.00000000000006,-1.4013786315917969,-0.020997419953346252,0.2980625629425049,False,0.39529696106910706,0.0661420077085495,0.0438956581056118,0.3402693271636963,0.1675,nan,nan,0.1977548599243164,0.06,0.05611675605177879,0.7993794679641724
Direct PPO,1058,6,0.30000000000000004,300.00000000000006,-1.9344123601913452,-0.6835842132568359,0.34246277809143066,False,0.6179860234260559,0.0648602843284607,0.09176520258188248,0.09789975732564926,0.1625,nan,19.8,0.141679048538208,0.05,0.0544474758207798,0.7070260643959045
Direct PPO,1059,6,0.30000000000000004,300.00000000000006,-1.3239208459854126,-0.34795770049095154,0.3298633396625519,False,0.3828735053539276,0.06048087775707245,0.0691382959485054,0.31155312061309814,0.16,nan,nan,0.1616426706314087,0.055,0.05861718952655792,0.6407006978988647
Direct PPO,1060,6,0.30000000000000004,300.00000000000006,-0.5232435464859009,-0.8263487219810486,0.4775193929672241,False,0.23540589213371277,0.0662841871380806,0.05102366954088211,0.18108195066452026,0.1625,nan,nan,0.02069103717803955,0.0,0.05974678322672844,0.5679869651794434
Direct PPO,1061,6,0.30000000000000004,300.00000000000006,-1.0766786336898804,0.09924349933862686,0.28927016258239746,False,0.2909904718399048,0.0651676282286644,0.05339615419507027,0.08880093693733215,0.1725,nan,19.8,0.1929224729537964,0.06,0.05822442099452019,0.6986898183822632
Direct PPO,1062,6,0.30000000000000004,300.00000000000006,-1.020176649093628,-0.6513675451278687,0.4292861223220825,False,0.3338078558444977,0.06615839898586273,0.04403793811798096,0.3600023090839386,0.1575,nan,nan,0.05914926528930664,0.015,0.057722482830286026,0.6509662866592407
Direct PPO,1063,6,0.30000000000000004,300.00000000000006,-0.5567145943641663,0.6067063212394714,0.2895512878894806,False,0.1831640601158142,0.06139452010393143,0.03136087954044342,0.3391018509864807,0.1775,nan,nan,0.1624961495399475,0.0525,0.06243252009153366,0.6967393159866333
Direct PPO,1064,6,0.30000000000000004,300.00000000000006,-1.6129041910171509,-0.13716638088226318,0.24278511106967926,False,0.4482763409614563,0.06934352219104767,0.09108404815196991,0.17525896430015564,0.1675,nan,nan,0.24590349197387695,0.07,0.0571698434650898,0.6624874472618103
Direct PPO,1065,6,0.30000000000000004,300.00000000000006,-0.5033138990402222,-0.5932050347328186,0.453745573759079,False,0.19278152287006378,0.06423915922641754,0.05926474556326866,0.09123317897319794,0.185,nan,19.950000000000003,0.05822432041168213,0.015,0.061819251626729965,0.5660240054130554
Direct PPO,1066,6,0.30000000000000004,300.00000000000006,-1.3762075901031494,0.32575497031211853,0.20805609226226807,False,0.3692035675048828,0.07753589004278183,0.035364434123039246,0.2922936677932739,0.1525,nan,nan,0.2813706398010254,0.075,0.05641752853989601,0.7379329800605774
Direct PPO,1067,6,0.30000000000000004,300.00000000000006,-0.6176835894584656,0.9055254459381104,0.20151829719543457,False,0.23693042993545532,0.06694677472114563,0.024711182340979576,0.35661810636520386,0.175,nan,nan,0.21967998147010803,0.065,0.05974841117858887,0.6494461297988892
Direct PPO,1068,6,0.30000000000000004,300.00000000000006,-0.7787961959838867,0.5352519750595093,0.25048118829727173,False,0.2228422611951828,0.061847932636737823,0.02894045226275921,0.36125776171684265,0.1775,nan,nan,0.22879338264465332,0.0675,0.05996411666274071,0.7289083003997803
Direct PPO,1069,6,0.30000000000000004,300.00000000000006,-0.5076419115066528,0.8446078896522522,0.24751581251621246,False,0.21075165271759033,0.05954744294285774,0.042423129081726074,0.39048829674720764,0.1675,nan,nan,0.188601553440094,0.06,0.06093254312872887,0.6755219101905823
Direct PPO,1070,6,0.30000000000000004,300.00000000000006,-1.6644020080566406,0.9533751606941223,0.22921264171600342,False,0.49953600764274597,0.08456022292375565,0.04586363583803177,0.1435517966747284,0.155,nan,nan,0.25532662868499756,0.0725,0.05494238808751106,0.7315173745155334
Direct PPO,1071,6,0.30000000000000004,300.00000000000006,-1.6379417181015015,0.7469041347503662,0.26974478363990784,False,0.4852283298969269,0.06656070053577423,0.09604855626821518,0.1165713220834732,0.1575,nan,nan,0.2096480131149292,0.0625,0.057084180414676666,0.695468008518219
Direct PPO,1072,6,0.30000000000000004,300.00000000000006,-1.22187077999115,0.3675197660923004,0.4661308228969574,False,0.4024932086467743,0.06457890570163727,0.061544764786958694,0.07043183594942093,0.1775,nan,19.85,0.0683438777923584,0.02,0.057183887809515,0.6885771751403809
Direct PPO,1073,6,0.30000000000000004,300.00000000000006,-1.5133368968963623,0.8512749075889587,0.3800120949745178,False,0.492756724357605,0.06238777935504913,0.058758072555065155,0.08759155869483948,0.165,nan,19.950000000000003,0.12567424774169922,0.0425,0.057604461908340454,0.7113250494003296
Direct PPO,1074,6,0.30000000000000004,300.00000000000006,-0.5001789927482605,-0.2884053587913513,0.4962819218635559,False,0.1757536381483078,0.06483691185712814,0.05213247239589691,0.30041056871414185,0.1725,nan,nan,0.05662035942077637,0.0125,0.06125933304429054,0.8277897238731384
Direct PPO,1075,6,0.30000000000000004,300.00000000000006,-0.8189709782600403,0.9466501474380493,0.23914383351802826,False,0.27932482957839966,0.06661714613437653,0.025117821991443634,0.3359227180480957,0.1675,nan,nan,0.18508553504943848,0.06,0.05878767371177673,0.7685577273368835
Direct PPO,1076,6,0.30000000000000004,300.00000000000006,-1.445397138595581,-0.562984049320221,0.45283621549606323,False,0.48423463106155396,0.06625855714082718,0.03347240760922432,0.33451810479164124,0.145,nan,nan,0.054601430892944336,0.01,0.05383497104048729,0.6786401867866516
Direct PPO,1077,6,0.30000000000000004,300.00000000000006,-0.6151338219642639,-0.8893533945083618,0.2694230377674103,False,0.2334626019001007,0.06274344027042389,0.09916924685239792,0.06642141938209534,0.185,nan,19.950000000000003,0.08538371324539185,0.03,0.06320503354072571,0.6737558245658875
Direct PPO,1078,6,0.30000000000000004,300.00000000000006,-0.6580581068992615,-0.6858707666397095,0.23459486663341522,False,0.20726823806762695,0.0638686791062355,0.06337008625268936,0.26909297704696655,0.195,nan,nan,0.1291784644126892,0.045,0.060644958168268204,0.6941547393798828
Direct PPO,1079,6,0.30000000000000004,300.00000000000006,-0.5874135494232178,0.8651593327522278,0.4896434247493744,False,0.2574690580368042,0.06450001895427704,0.05968131870031357,0.1250169575214386,0.1725,nan,nan,0.059690237045288086,0.015,0.06050972640514374,0.7361158132553101
Direct PPO,1080,6,0.30000000000000004,300.00000000000006,-0.6397119164466858,0.7102972865104675,0.367546945810318,False,0.2241143435239792,0.06210542097687721,0.056085292249917984,0.10375427454710007,0.1825,nan,nan,0.13214999437332153,0.045,0.0622168630361557,0.6122899651527405
Direct PPO,1081,6,0.30000000000000004,300.00000000000006,-1.3320256471633911,0.8601993322372437,0.3006768822669983,False,0.409124493598938,0.06660905480384827,0.05835966020822525,0.061042677611112595,0.165,nan,19.950000000000003,0.1892077922821045,0.06,0.05808630585670471,0.8369459509849548
Direct PPO,1082,6,0.30000000000000004,300.00000000000006,-0.9581221342086792,-0.30673766136169434,0.3117980659008026,False,0.26565006375312805,0.062206022441387177,0.04904830828309059,0.139359712600708,0.1775,nan,nan,0.18744730949401855,0.0575,0.059386685490608215,0.8253526091575623
Direct PPO,1083,6,0.30000000000000004,300.00000000000006,-1.3940625190734863,0.6289385557174683,0.21643398702144623,False,0.38530901074409485,0.06740085035562515,0.07342978566884995,0.22216539084911346,0.1725,nan,nan,0.23950958251953125,0.07,0.05842665955424309,0.6780272126197815
Direct PPO,1084,6,0.30000000000000004,300.00000000000006,-0.7371216416358948,-0.8951173424720764,0.4071005880832672,False,0.2793233394622803,0.06445693969726562,0.043848518282175064,0.32211706042289734,0.18,nan,nan,0.08594846725463867,0.03,0.060352325439453125,0.6275257468223572
Direct PPO,1085,6,0.30000000000000004,300.00000000000006,-0.7224554419517517,-0.08529454469680786,0.4138740301132202,False,0.215900257229805,0.06701488047838211,0.09784790128469467,0.035716816782951355,0.1725,nan,19.900000000000002,0.08741295337677002,0.03,0.060902852565050125,0.7991642951965332
Direct PPO,1086,6,0.30000000000000004,300.00000000000006,-0.7490203976631165,-0.7008727788925171,0.4387705326080322,False,0.2627764344215393,0.06396319717168808,0.01946995034813881,0.35626667737960815,0.195,nan,nan,0.09287571907043457,0.035,0.05921651050448418,0.6187402009963989
Direct PPO,1087,6,0.30000000000000004,300.00000000000006,-1.2718281745910645,-0.8616007566452026,0.3274095356464386,False,0.39965784549713135,0.06460226327180862,0.05758519098162651,0.07990681380033493,0.165,nan,19.950000000000003,0.16509807109832764,0.0525,0.05762333422899246,0.7854102253913879
Direct PPO,1088,6,0.30000000000000004,300.00000000000006,-1.148199200630188,-0.9221230149269104,0.4605681300163269,False,0.4114815890789032,0.06493575870990753,0.05530393868684769,0.16293427348136902,0.165,nan,nan,0.04093480110168457,0.0,0.057155609130859375,0.5406813621520996
Direct PPO,1089,6,0.30000000000000004,300.00000000000006,-1.8535881042480469,0.5890284776687622,0.37915652990341187,False,0.6017473936080933,0.06028122827410698,0.01987846940755844,0.3418770730495453,0.1575,nan,nan,0.13681721687316895,0.0475,0.055035244673490524,0.8023938536643982
Direct PPO,1090,6,0.30000000000000004,300.00000000000006,-0.9845758080482483,-0.6573527455329895,0.30003631114959717,False,0.28996461629867554,0.06047304719686508,0.09905597567558289,0.11266303807497025,0.16,nan,nan,0.19324594736099243,0.06,0.058208953589200974,0.6603988409042358
Direct PPO,1091,6,0.30000000000000004,300.00000000000006,-1.8845704793930054,-0.6914018392562866,0.36124923825263977,False,0.6091070771217346,0.0646265298128128,0.09737440198659897,0.040697965770959854,0.17,nan,19.85,0.1270895004272461,0.045,0.054846350103616714,0.7413046956062317
Direct PPO,1092,6,0.30000000000000004,300.00000000000006,-1.9696727991104126,-0.2278679758310318,0.31251582503318787,False,0.6034336686134338,0.061828166246414185,0.02081630565226078,0.374505877494812,0.1525,nan,nan,0.17294347286224365,0.055,0.05473678186535835,0.6737155914306641
Direct PPO,1093,6,0.30000000000000004,300.00000000000006,-0.8791002631187439,0.07968070358037949,0.43002596497535706,False,0.2681993544101715,0.06405824422836304,0.08959776908159256,0.11232230067253113,0.19,nan,nan,0.08880579471588135,0.0325,0.059666894376277924,0.6964278817176819
Direct PPO,1094,6,0.30000000000000004,300.00000000000006,-0.9031349420547485,-0.5643354058265686,0.2514164447784424,False,0.2532556354999542,0.06798941642045975,0.05618787184357643,0.02727769874036312,0.17,nan,19.85,0.22765934467315674,0.065,0.059724871069192886,0.6628350019454956
Direct PPO,1095,6,0.30000000000000004,300.00000000000006,-1.3096781969070435,-0.4019305408000946,0.2943161725997925,False,0.36841389536857605,0.06029481440782547,0.09574096649885178,0.13349667191505432,0.16,nan,nan,0.16969406604766846,0.055,0.05925770848989487,0.6910009980201721
Direct PPO,1096,6,0.30000000000000004,300.00000000000006,-0.5565752387046814,0.7886120080947876,0.27283963561058044,False,0.2089131474494934,0.061496492475271225,0.038195300847291946,0.21285030245780945,0.18,nan,nan,0.16281580924987793,0.0525,0.06155577301979065,0.6907917857170105
Direct PPO,1097,6,0.30000000000000004,300.00000000000006,-1.3080552816390991,0.037033263593912125,0.27344202995300293,False,0.3578367531299591,0.06687246263027191,0.025014493614435196,0.33197343349456787,0.1675,nan,nan,0.20974606275558472,0.0625,0.057134613394737244,0.7951027154922485
Direct PPO,1098,6,0.30000000000000004,300.00000000000006,-1.2224541902542114,-0.25077617168426514,0.4742331802845001,False,0.4023171365261078,0.06361191719770432,0.09096673876047134,0.2105439305305481,0.1575,nan,nan,0.061297059059143066,0.025,0.05811377987265587,0.8433021306991577
Direct PPO,1099,6,0.30000000000000004,300.00000000000006,-1.9130916595458984,0.09447009861469269,0.36984628438949585,False,0.6108720302581787,0.05805042386054993,0.05902472510933876,0.03309926018118858,0.1475,nan,19.900000000000002,0.14027392864227295,0.0475,0.053997911512851715,0.6206631064414978
Residual PPO,1000,6,0.30000000000000004,300.00000000000006,-1.2179213762283325,0.20768369734287262,0.34128254652023315,True,0.35321494936943054,0.007742063142359257,0.005021642427891493,3.3102564884757157e-06,0.815,3.7,3.7,0.0050201416015625,0.0,6.900596781633794e-05,0.07524356991052628
Residual PPO,1001,6,0.30000000000000004,300.00000000000006,-1.0811076164245605,-0.9685990810394287,0.25630688667297363,True,0.36347973346710205,0.007948779501020908,0.0019454817520454526,5.701062036678195e-06,0.8175,3.85,3.85,0.0018787384033203125,0.0,7.729051867499948e-05,0.07598146796226501
Residual PPO,1002,6,0.30000000000000004,300.00000000000006,-1.428768277168274,-0.28562131524086,0.4242836833000183,True,0.4576815664768219,0.013604499399662018,0.007992052473127842,9.549965398036875e-06,0.79,4.2,4.2,0.007988929748535156,0.0,6.673121970379725e-05,0.07435653358697891
Residual PPO,1003,6,0.30000000000000004,300.00000000000006,-1.7183640003204346,-0.48658838868141174,0.34840381145477295,True,0.5374625325202942,0.013902240432798862,0.00526796281337738,1.0411433322587982e-05,0.7775,4.45,4.45,0.005267143249511719,0.0,7.183145498856902e-05,0.07315943390130997
Residual PPO,1004,6,0.30000000000000004,300.00000000000006,-1.998679280281067,-0.7396973967552185,0.24154320359230042,True,0.6069902777671814,0.012871590442955494,0.001446305075660348,8.821370101941284e-06,0.77,4.6000000000000005,4.6000000000000005,0.0013275146484375,0.0,8.018664084374905e-05,0.07575120776891708
Residual PPO,1005,6,0.30000000000000004,300.00000000000006,-1.8766711950302124,0.8611240983009338,0.28618520498275757,True,0.5937817692756653,0.011309873312711716,0.0030067921616137028,8.943842658482026e-06,0.7725,4.55,4.55,0.0029840469360351562,0.0,7.516039477195591e-05,0.07454416900873184
Residual PPO,1006,6,0.30000000000000004,300.00000000000006,-1.4946178197860718,0.20171388983726501,0.28934937715530396,True,0.4280890226364136,0.008176778443157673,0.00313902017660439,8.544397473997378e-07,0.8,4.0,4.0,0.0031189918518066406,0.0,7.174850179580972e-05,0.07227770239114761
Residual PPO,1007,6,0.30000000000000004,300.00000000000006,-1.8931626081466675,0.6319606900215149,0.39287856221199036,True,0.6342706680297852,0.016458675265312195,0.006879510823637247,7.461388577212347e-06,0.755,4.9,4.9,0.006878852844238281,0.0,6.816179666202515e-05,0.07405928522348404
Residual PPO,1008,6,0.30000000000000004,300.00000000000006,-1.749120831489563,0.6261014938354492,0.26522985100746155,True,0.5247009992599487,0.009470787830650806,0.0022705167066305876,1.881819116533734e-06,0.7825,4.3500000000000005,4.3500000000000005,0.0022225379943847656,0.0,7.45755824027583e-05,0.07458868622779846
Residual PPO,1009,6,0.30000000000000004,300.00000000000006,-1.9152493476867676,-0.3461688160896301,0.2149554342031479,True,0.5488695502281189,0.010624798946082592,0.0007757726707495749,6.472102086263476e-06,0.7775,4.45,4.45,0.0003409385681152344,0.0,7.76808665250428e-05,0.07558431476354599
Residual PPO,1010,6,0.30000000000000004,300.00000000000006,-1.8575115203857422,0.07161146402359009,0.4753030240535736,True,0.6534568667411804,0.02320375293493271,0.009751622565090656,2.2886166334501468e-05,0.7375,5.25,5.25,0.00974273681640625,0.0,6.289019074756652e-05,0.07240142673254013
Residual PPO,1011,6,0.30000000000000004,300.00000000000006,-1.57381272315979,0.12664707005023956,0.26378002762794495,True,0.4448646605014801,0.008213765919208527,0.0022191826719790697,1.6310895034621353e-06,0.795,4.1000000000000005,4.1000000000000005,0.0021686553955078125,0.0,7.318722055060789e-05,0.07582183927297592
Residual PPO,1012,6,0.30000000000000004,300.00000000000006,-1.5405192375183105,0.561293363571167,0.2715309262275696,True,0.45369014143943787,0.0078010279685258865,0.0024892999790608883,2.956328899017535e-06,0.7975,4.05,4.05,0.0024509429931640625,0.0,7.353830005740747e-05,0.07336916029453278
Residual PPO,1013,6,0.30000000000000004,300.00000000000006,-0.8082606196403503,-0.8420410752296448,0.401797890663147,True,0.30491122603416443,0.008985268883407116,0.007194797042757273,8.830672413751017e-06,0.83,3.5500000000000003,3.5500000000000003,0.007193565368652344,0.0,7.68542304285802e-05,0.07587020099163055
Residual PPO,1014,6,0.30000000000000004,300.00000000000006,-1.3467140197753906,0.1714046150445938,0.4693894386291504,True,0.4458663761615753,0.014585673809051514,0.009555458091199398,1.562363286211621e-05,0.7875,4.25,4.25,0.009547233581542969,0.0,6.328265590127558e-05,0.07156164944171906
Residual PPO,1015,6,0.30000000000000004,300.00000000000006,-1.4601455926895142,0.21413566172122955,0.39239153265953064,True,0.45414990186691284,0.011834763921797276,0.006867577321827412,5.373530257202219e-06,0.79,4.2,4.2,0.006866931915283203,0.0,6.670298898825422e-05,0.07146690785884857
Residual PPO,1016,6,0.30000000000000004,300.00000000000006,-1.6580126285552979,-0.11461202055215836,0.3060871958732605,True,0.48801395297050476,0.010765493847429752,0.003726952476426959,1.0190052307734732e-05,0.7875,4.25,4.25,0.0037164688110351562,0.0,7.154660124797374e-05,0.07528175413608551
Residual PPO,1017,6,0.30000000000000004,300.00000000000006,-0.62247234582901,0.6426637768745422,0.4917738139629364,True,0.2470802664756775,0.009719964116811752,0.010347047820687294,4.667595021601301e-06,0.8525,2.95,2.95,0.010335922241210938,0.0,6.190630665514618e-05,0.06767773628234863
Residual PPO,1018,6,0.30000000000000004,300.00000000000006,-1.1090368032455444,-0.0900818482041359,0.4614541530609131,True,0.35398244857788086,0.011362330988049507,0.009318922646343708,2.017781071117497e-06,0.8125,3.75,3.75,0.009311676025390625,0.0,6.414057861547917e-05,0.07575944066047668
Residual PPO,1019,6,0.30000000000000004,300.00000000000006,-1.674609661102295,-0.20800989866256714,0.34006524085998535,True,0.5089618563652039,0.01253847312182188,0.004978889133781195,3.872638444590848e-06,0.7825,4.3500000000000005,4.3500000000000005,0.004977226257324219,0.0,7.036540046101436e-05,0.07458486407995224
Residual PPO,1020,6,0.30000000000000004,300.00000000000006,-1.1319496631622314,-0.4326494336128235,0.2227078378200531,True,0.30976852774620056,0.006078025326132774,0.0009109045495279133,7.004333838267485e-06,0.8275,3.45,3.45,0.0006275177001953125,0.0,7.226886373246089e-05,0.07238981872797012
Residual PPO,1021,6,0.30000000000000004,300.00000000000006,-1.4384177923202515,-0.8382971882820129,0.49743902683258057,True,0.5300002694129944,0.01958835870027542,0.010537453927099705,9.09384289116133e-06,0.7725,4.55,4.55,0.010525703430175781,0.0,6.933981057954952e-05,0.07290246337652206
Residual PPO,1022,6,0.30000000000000004,300.00000000000006,-1.999210000038147,0.8368335366249084,0.37694433331489563,True,0.6797133088111877,0.016218362376093864,0.006310051307082176,5.926141056988854e-06,0.75,5.0,5.0,0.006309986114501953,0.0,7.051990542095155e-05,0.07485849410295486
Residual PPO,1023,6,0.30000000000000004,300.00000000000006,-1.4916963577270508,0.8117974996566772,0.4728805720806122,True,0.5366283655166626,0.01713579334318638,0.009676992893218994,1.4470464520854875e-05,0.7725,4.55,4.55,0.009668350219726562,0.0,6.586867675650865e-05,0.07379069924354553
Residual PPO,1024,6,0.30000000000000004,300.00000000000006,-1.51630699634552,-0.48329436779022217,0.3110935389995575,True,0.45252615213394165,0.010016512125730515,0.0039089759811758995,1.027137568598846e-05,0.795,4.1000000000000005,4.1000000000000005,0.0039005279541015625,0.0,7.401643961202353e-05,0.07634729146957397
Residual PPO,1025,6,0.30000000000000004,300.00000000000006,-0.7683239579200745,0.258014976978302,0.24864348769187927,True,0.20171137154102325,0.00377416773699224,0.001691091456450522,1.9466012872726424e-06,0.855,2.9000000000000004,2.9000000000000004,0.0016026496887207031,0.0,7.063924567773938e-05,0.0742768719792366
Residual PPO,1026,6,0.30000000000000004,300.00000000000006,-1.7438942193984985,0.19023452699184418,0.2583710551261902,True,0.502057671546936,0.009582201018929482,0.0020261851605027914,3.336738700454589e-06,0.785,4.3,4.3,0.001964569091796875,0.0,7.349817315116525e-05,0.07181992381811142
Residual PPO,1027,6,0.30000000000000004,300.00000000000006,-1.9580382108688354,0.12429128587245941,0.36954861879348755,True,0.6300208568572998,0.016184361651539803,0.006033897865563631,1.0047780051536392e-05,0.755,4.9,4.9,0.006033897399902344,0.0,6.769379251636565e-05,0.07527035474777222
Residual PPO,1028,6,0.30000000000000004,300.00000000000006,-0.7757433652877808,-0.22796711325645447,0.4025936424732208,True,0.23325879871845245,0.007737454958260059,0.007233007811009884,3.086362085014116e-06,0.8475,3.0500000000000003,3.0500000000000003,0.007231712341308594,0.0,6.766767182853073e-05,0.0745987668633461
Residual PPO,1029,6,0.30000000000000004,300.00000000000006,-0.7448340058326721,0.6458722352981567,0.214758962392807,True,0.22898435592651367,0.0035436467733234167,0.0007768871728330851,1.4150714378047269e-06,0.8575,2.85,2.85,0.0003437995910644531,0.0,6.888314965181053e-05,0.07077696919441223
Residual PPO,1030,6,0.30000000000000004,300.00000000000006,-1.6447029113769531,-0.9496257901191711,0.4438457489013672,True,0.5886352062225342,0.0192693043500185,0.008684523403644562,1.0917330655502155e-05,0.765,4.7,4.7,0.008679389953613281,0.0,7.316151459235698e-05,0.07367676496505737
Residual PPO,1031,6,0.30000000000000004,300.00000000000006,-0.9611496329307556,0.9009804725646973,0.39864641427993774,True,0.3502078652381897,0.008367759175598621,0.0070939818397164345,2.0470406525419094e-06,0.83,3.4000000000000004,3.4000000000000004,0.007092952728271484,0.0,6.947846850380301e-05,0.07074806094169617
Residual PPO,1032,6,0.30000000000000004,300.00000000000006,-0.6833899617195129,-0.5306191444396973,0.49894750118255615,True,0.251873642206192,0.01050644088536501,0.01059590745717287,3.0255714591476135e-06,0.8475,3.0500000000000003,3.0500000000000003,0.010583877563476562,0.0,6.686236156383529e-05,0.07303844392299652
Residual PPO,1033,6,0.30000000000000004,300.00000000000006,-0.7577928304672241,0.7459949851036072,0.4761985242366791,True,0.29265207052230835,0.009739975444972515,0.009789067320525646,1.6308524209307507e-05,0.84,3.2,3.2,0.009779930114746094,0.0,6.337359809549525e-05,0.07031368464231491
Residual PPO,1034,6,0.30000000000000004,300.00000000000006,-0.5296080112457275,-0.6777904629707336,0.22327283024787903,True,0.19543607532978058,0.004796873312443495,0.0009269285947084427,4.964059826306766e-06,0.8525,2.95,2.95,0.0006532669067382812,0.0,6.818865949753672e-05,0.07108254730701447
Residual PPO,1035,6,0.30000000000000004,300.00000000000006,-1.5201642513275146,-0.23973245918750763,0.436818927526474,True,0.4964950382709503,0.015744900330901146,0.008434868417680264,1.0014761755883228e-05,0.78,4.4,4.4,0.00843048095703125,0.0,6.578075408469886e-05,0.07342489063739777
Residual PPO,1036,6,0.30000000000000004,300.00000000000006,-1.558912754058838,0.6018440127372742,0.34900519251823425,True,0.48924720287323,0.010809939354658127,0.005294607486575842,8.037108273128979e-06,0.79,4.2,4.2,0.005293846130371094,0.0,6.990791735006496e-05,0.07107329368591309
Residual PPO,1037,6,0.30000000000000004,300.00000000000006,-1.5164998769760132,-0.3818822205066681,0.38270920515060425,True,0.4748845100402832,0.012774406932294369,0.006513339001685381,8.339787200384308e-06,0.7875,4.25,4.25,0.006513118743896484,0.0,6.942207983229309e-05,0.07625404000282288
Residual PPO,1038,6,0.30000000000000004,300.00000000000006,-1.5098652839660645,-0.8029577136039734,0.31811848282814026,True,0.4763583540916443,0.010920646600425243,0.004176023881882429,5.218583737587323e-06,0.795,4.1000000000000005,4.1000000000000005,0.004169940948486328,0.0,7.730462675681338e-05,0.076680988073349
Residual PPO,1039,6,0.30000000000000004,300.00000000000006,-0.6960156559944153,-0.0387578122317791,0.3661683201789856,True,0.19631512463092804,0.006214070599526167,0.005913753993809223,7.744680260657333e-06,0.8575,2.85,2.85,0.005913734436035156,0.0,6.490664964076132e-05,0.07212171703577042
Residual PPO,1040,6,0.30000000000000004,300.00000000000006,-0.7547146081924438,0.5635512471199036,0.4134989380836487,True,0.2557745575904846,0.007716991938650608,0.007624868769198656,5.2453547141340096e-06,0.8475,3.0500000000000003,3.0500000000000003,0.007622718811035156,0.0,6.48677596473135e-05,0.06893908232450485
Residual PPO,1041,6,0.30000000000000004,300.00000000000006,-0.6478168964385986,-0.19675222039222717,0.46515655517578125,True,0.20828019082546234,0.00902992021292448,0.009411938488483429,1.4432981515710708e-05,0.855,2.9000000000000004,2.9000000000000004,0.009404182434082031,0.0,6.463199679274112e-05,0.07497391849756241
Residual PPO,1042,6,0.30000000000000004,300.00000000000006,-1.463887333869934,-0.25558269023895264,0.3728010952472687,True,0.4479036331176758,0.011446789838373661,0.006158840376883745,7.114011623343686e-06,0.7925,4.15,4.15,0.0061588287353515625,0.0,6.900967127876356e-05,0.07473494857549667
Residual PPO,1043,6,0.30000000000000004,300.00000000000006,-1.7490100860595703,-0.7958716750144958,0.31946444511413574,True,0.5556241273880005,0.013600052334368229,0.004224768374115229,5.56586110178614e-06,0.7775,4.45,4.45,0.00421905517578125,0.0,7.700982678215951e-05,0.07689059525728226
Residual PPO,1044,6,0.30000000000000004,300.00000000000006,-1.981444239616394,0.7169352173805237,0.20961801707744598,True,0.5894131064414978,0.009391187690198421,0.0007369072991423309,3.676611186165246e-06,0.7725,4.55,4.55,0.00014925003051757812,0.0,7.819004531484097e-05,0.07411419600248337
Residual PPO,1045,6,0.30000000000000004,300.00000000000006,-0.7272861003875732,-0.39523494243621826,0.4158290922641754,True,0.23291873931884766,0.008081473410129547,0.007711854297667742,3.196450734321843e-06,0.85,3.0,3.0,0.007709503173828125,0.0,6.802289863117039e-05,0.07657580822706223
Residual PPO,1046,6,0.30000000000000004,300.00000000000006,-1.868130087852478,0.6265861392021179,0.39649125933647156,True,0.6262273788452148,0.016490062698721886,0.007005601655691862,8.99847782420693e-06,0.7575,4.8500000000000005,4.8500000000000005,0.007004737854003906,0.0,6.797157402615994e-05,0.07439836859703064
Residual PPO,1047,6,0.30000000000000004,300.00000000000006,-1.1699552536010742,-0.14992530643939972,0.29876548051834106,True,0.32544800639152527,0.006840531248599291,0.003467756090685725,4.757774604513543e-06,0.8225,3.5500000000000003,3.5500000000000003,0.0034537315368652344,0.0,7.074493623804301e-05,0.0753268226981163
Residual PPO,1048,6,0.30000000000000004,300.00000000000006,-0.9076822996139526,-0.7630760073661804,0.4824531674385071,True,0.3386419117450714,0.011588017456233501,0.010041574016213417,2.524693172745174e-06,0.8275,3.45,3.45,0.010031700134277344,0.0,6.915769336046651e-05,0.07275177538394928
Residual PPO,1049,6,0.30000000000000004,300.00000000000006,-1.6127384901046753,0.09402617067098618,0.43331217765808105,True,0.5284770131111145,0.01652640663087368,0.00831719022244215,8.272161721833982e-06,0.77,4.6000000000000005,4.6000000000000005,0.008313179016113281,0.0,6.482197204604745e-05,0.07325417548418045
Residual PPO,1050,6,0.30000000000000004,300.00000000000006,-1.2507070302963257,-0.40418457984924316,0.49881017208099365,True,0.43094879388809204,0.015454298816621304,0.010582481510937214,7.452932550222613e-06,0.79,4.2,4.2,0.010570526123046875,0.0,6.44391548121348e-05,0.07543736696243286
Residual PPO,1051,6,0.30000000000000004,300.00000000000006,-0.8433747291564941,-0.6024307608604431,0.2584548592567444,True,0.2549726068973541,0.005630794912576675,0.0020245835185050964,3.925357759726467e-06,0.8475,3.0500000000000003,3.0500000000000003,0.0019631385803222656,0.0,7.182057743193582e-05,0.07371178269386292
Residual PPO,1052,6,0.30000000000000004,300.00000000000006,-1.577463150024414,-0.03658809885382652,0.32490968704223633,True,0.46628788113594055,0.010506777092814445,0.00442601228132844,4.054435976286186e-06,0.79,4.2,4.2,0.004421710968017578,0.0,7.025396189419553e-05,0.07588662952184677
Residual PPO,1053,6,0.30000000000000004,300.00000000000006,-0.7320424914360046,-0.38764455914497375,0.44851720333099365,True,0.24084950983524323,0.00903907511383295,0.008857757784426212,2.9561422252299963e-06,0.8475,3.0500000000000003,3.0500000000000003,0.008852005004882812,0.0,6.801397103117779e-05,0.07661689817905426
Residual PPO,1054,6,0.30000000000000004,300.00000000000006,-1.9604523181915283,0.6108824014663696,0.3443475067615509,True,0.6333924531936646,0.014382216148078442,0.005131957121193409,4.877288120042067e-06,0.76,4.800000000000001,4.800000000000001,0.005130767822265625,0.0,7.041721255518496e-05,0.07197260856628418
Residual PPO,1055,6,0.30000000000000004,300.00000000000006,-0.8035520911216736,-0.8197364807128906,0.37500709295272827,True,0.2954708933830261,0.008252612315118313,0.006249467376619577,1.1829582717837184e-06,0.8325,3.5,3.5,0.006249427795410156,0.0,7.753302634228021e-05,0.07402601838111877
Residual PPO,1056,6,0.30000000000000004,300.00000000000006,-0.6173267960548401,-0.7547652125358582,0.33817118406295776,True,0.23822075128555298,0.006515221670269966,0.0049033015966415405,4.66163373857853e-06,0.84,3.2,3.2,0.004901409149169922,0.0,6.903536996105686e-05,0.07418052107095718
Residual PPO,1057,6,0.30000000000000004,300.00000000000006,-1.4013786315917969,-0.020997419953346252,0.2980625629425049,True,0.39715778827667236,0.007943348959088326,0.003448100993409753,2.9426205401250627e-06,0.805,3.9000000000000004,3.9000000000000004,0.003433704376220703,0.0,7.155870116548613e-05,0.0756358802318573
Residual PPO,1058,6,0.30000000000000004,300.00000000000006,-1.9344123601913452,-0.6835842132568359,0.34246277809143066,True,0.624671220779419,0.016093140468001366,0.005049682222306728,1.108507603930775e-05,0.7625,4.75,4.75,0.005048274993896484,0.0,7.414779247483239e-05,0.07506468147039413
Residual PPO,1059,6,0.30000000000000004,300.00000000000006,-1.3239208459854126,-0.34795770049095154,0.3298633396625519,True,0.3886924386024475,0.008723851293325424,0.004597591236233711,7.888456821092404e-06,0.8075,3.85,3.85,0.004594326019287109,0.0,7.18598093953915e-05,0.07584653049707413
Residual PPO,1060,6,0.30000000000000004,300.00000000000006,-0.5232435464859009,-0.8263487219810486,0.4775193929672241,True,0.25200289487838745,0.00986181665211916,0.009845477528870106,1.1462118891358841e-05,0.84,3.2,3.2,0.009836196899414062,0.0,6.88694417476654e-05,0.0739862471818924
Residual PPO,1061,6,0.30000000000000004,300.00000000000006,-1.0766786336898804,0.09924349933862686,0.28927016258239746,True,0.2938863933086395,0.0059341685846447945,0.0031300296541303396,1.534319949314522e-06,0.83,3.4000000000000004,3.4000000000000004,0.0031099319458007812,0.0,6.850944191683084e-05,0.07546553760766983
Residual PPO,1062,6,0.30000000000000004,300.00000000000006,-1.020176649093628,-0.6513675451278687,0.4292861223220825,True,0.3439366817474365,0.010308590717613697,0.008171850815415382,7.71945997257717e-06,0.8225,3.5500000000000003,3.5500000000000003,0.008168220520019531,0.0,7.032835856080055e-05,0.07488597929477692
Residual PPO,1063,6,0.30000000000000004,300.00000000000006,-0.5567145943641663,0.6067063212394714,0.2895512878894806,True,0.1928240805864334,0.0038443603552877903,0.0031298401299864054,6.649535862379707e-06,0.8725,2.5500000000000003,2.5500000000000003,0.0031099319458007812,0.0,6.0341299104038626e-05,0.06656334549188614
Residual PPO,1064,6,0.30000000000000004,300.00000000000006,-1.6129041910171509,-0.13716638088226318,0.24278511106967926,True,0.45105940103530884,0.008400757797062397,0.001491332775913179,5.108371624373831e-06,0.795,4.1000000000000005,4.1000000000000005,0.0013790130615234375,0.0,7.504415407311171e-05,0.07410601526498795
Residual PPO,1065,6,0.30000000000000004,300.00000000000006,-0.5033138990402222,-0.5932050347328186,0.453745573759079,True,0.20521749556064606,0.008652208372950554,0.009045272134244442,1.0166704669245519e-06,0.8575,3.0,3.0,0.009038925170898438,0.0,6.611559365410358e-05,0.07524728029966354
Residual PPO,1066,6,0.30000000000000004,300.00000000000006,-1.3762075901031494,0.32575497031211853,0.20805609226226807,True,0.3732590079307556,0.005780111066997051,0.0007342884200625122,4.440279553818982e-06,0.81,3.8000000000000003,3.8000000000000003,9.1552734375e-05,0.0,7.375636778306216e-05,0.07536398619413376
Residual PPO,1067,6,0.30000000000000004,300.00000000000006,-0.6176835894584656,0.9055254459381104,0.20151829719543457,True,0.24913139641284943,0.0038599891122430563,0.000771714432630688,4.639955193397327e-07,0.855,2.9000000000000004,2.9000000000000004,0.0,0.0,6.201036012498662e-05,0.0629291757941246
Residual PPO,1068,6,0.30000000000000004,300.00000000000006,-0.7787961959838867,0.5352519750595093,0.25048118829727173,True,0.22839583456516266,0.0038456362672150135,0.0017478421796113253,4.690804416895844e-06,0.855,2.9000000000000004,2.9000000000000004,0.0016651153564453125,0.0,6.953866977710277e-05,0.07248417288064957
Residual PPO,1069,6,0.30000000000000004,300.00000000000006,-0.5076419115066528,0.8446078896522522,0.24751581251621246,True,0.22488097846508026,0.0036798114888370037,0.0016485366504639387,4.248292498232331e-06,0.8625,2.75,2.75,0.0015559196472167969,0.0,5.7383531384402886e-05,0.061796922236680984
Residual PPO,1070,6,0.30000000000000004,300.00000000000006,-1.6644020080566406,0.9533751606941223,0.22921264171600342,True,0.5140307545661926,0.0077372402884066105,0.0010752337984740734,6.309295258688508e-06,0.7925,4.15,4.15,0.0008711814880371094,0.0,7.913514855317771e-05,0.0705367773771286
Residual PPO,1071,6,0.30000000000000004,300.00000000000006,-1.6379417181015015,0.7469041347503662,0.26974478363990784,True,0.4983311593532562,0.008561193943023682,0.0024199646431952715,5.833885097672464e-06,0.79,4.2,4.2,0.0023789405822753906,0.0,7.497138722101226e-05,0.07434041053056717
Residual PPO,1072,6,0.30000000000000004,300.00000000000006,-1.22187077999115,0.3675197660923004,0.4661308228969574,True,0.4049573242664337,0.012449066154658794,0.009449218399822712,1.309047183895018e-05,0.8,4.0,4.0,0.009441375732421875,0.0,6.351091724354774e-05,0.07074517756700516
Residual PPO,1073,6,0.30000000000000004,300.00000000000006,-1.5133368968963623,0.8512749075889587,0.3800120949745178,True,0.5059390068054199,0.011727950535714626,0.006421707570552826,5.762416549259797e-06,0.7875,4.25,4.25,0.006421566009521484,0.0,7.041068602120504e-05,0.07050653547048569
Residual PPO,1074,6,0.30000000000000004,300.00000000000006,-0.5001789927482605,-0.2884053587913513,0.4962819218635559,True,0.17836447060108185,0.009572414681315422,0.010514507070183754,1.8566573771749972e-06,0.865,2.7,2.7,0.010502815246582031,0.0,6.298672087723389e-05,0.0746762603521347
Residual PPO,1075,6,0.30000000000000004,300.00000000000006,-0.8189709782600403,0.9466501474380493,0.23914383351802826,True,0.29738327860832214,0.004581548273563385,0.0013771571684628725,2.9154100502637448e-06,0.8475,3.0500000000000003,3.0500000000000003,0.001247406005859375,0.0,6.860233406769112e-05,0.06762409955263138
Residual PPO,1076,6,0.30000000000000004,300.00000000000006,-1.445397138595581,-0.562984049320221,0.45283621549606323,True,0.4893968105316162,0.015996178612113,0.008986962959170341,1.2978952327102888e-05,0.7825,4.3500000000000005,4.3500000000000005,0.008980751037597656,0.0,6.786917947465554e-05,0.0762714073061943
Residual PPO,1077,6,0.30000000000000004,300.00000000000006,-0.6151338219642639,-0.8893533945083618,0.2694230377674103,True,0.2548726797103882,0.006302794441580772,0.002413586713373661,2.6396596695121843e-06,0.8375,3.25,3.25,0.002372264862060547,0.0,7.04188205418177e-05,0.06970865279436111
Residual PPO,1078,6,0.30000000000000004,300.00000000000006,-0.6580581068992615,-0.6858707666397095,0.23459486663341522,True,0.2218153178691864,0.005094573367387056,0.0012363133719190955,3.185846708220197e-06,0.8425,3.1500000000000004,3.1500000000000004,0.0010781288146972656,0.0,7.666701276320964e-05,0.07444573938846588
Residual PPO,1079,6,0.30000000000000004,300.00000000000006,-0.5874135494232178,0.8651593327522278,0.4896434247493744,True,0.27312979102134705,0.009821644984185696,0.010286685079336166,1.2808800420316402e-06,0.8525,2.95,2.95,0.010275840759277344,0.0,6.136012234492227e-05,0.06580891460180283
Residual PPO,1080,6,0.30000000000000004,300.00000000000006,-0.6397119164466858,0.7102972865104675,0.367546945810318,True,0.23805047571659088,0.006172919180244207,0.0059747761115431786,2.7047221919929143e-06,0.86,2.8000000000000003,2.8000000000000003,0.005974769592285156,0.0,6.23453306616284e-05,0.06824649125337601
Residual PPO,1081,6,0.30000000000000004,300.00000000000006,-1.3320256471633911,0.8601993322372437,0.3006768822669983,True,0.42409273982048035,0.007238178048282862,0.0035458309575915337,9.508074185760051e-07,0.81,3.8000000000000003,3.8000000000000003,0.003532886505126953,0.0,7.379282033070922e-05,0.0731126070022583
Residual PPO,1082,6,0.30000000000000004,300.00000000000006,-0.9581221342086792,-0.30673766136169434,0.3117980659008026,True,0.2707213759422302,0.006387416739016771,0.003953908104449511,1.1018519217032008e-06,0.8375,3.25,3.25,0.003945827484130859,0.0,6.964864587644115e-05,0.07318081706762314
Residual PPO,1083,6,0.30000000000000004,300.00000000000006,-1.3940625190734863,0.6289385557174683,0.21643398702144623,True,0.3994095027446747,0.005801284685730934,0.0007979352958500385,3.3851463285827776e-06,0.81,3.8000000000000003,3.8000000000000003,0.0004019737243652344,0.0,7.507110422011465e-05,0.07123520225286484
Residual PPO,1084,6,0.30000000000000004,300.00000000000006,-0.7371216416358948,-0.8951173424720764,0.4071005880832672,True,0.2982761561870575,0.009007509797811508,0.007383061572909355,8.475218237435911e-06,0.825,3.5,3.5,0.007381439208984375,0.0,7.321880548261106e-05,0.07079023122787476
Residual PPO,1085,6,0.30000000000000004,300.00000000000006,-0.7224554419517517,-0.08529454469680786,0.4138740301132202,True,0.21518172323703766,0.007707918528467417,0.007630627136677504,4.990658453607466e-06,0.85,3.0,3.0,0.007628440856933594,0.0,6.530588143505156e-05,0.07425936311483383
Residual PPO,1086,6,0.30000000000000004,300.00000000000006,-0.7490203976631165,-0.7008727788925171,0.4387705326080322,True,0.2768586277961731,0.00933610275387764,0.008516192436218262,3.221786300855456e-06,0.845,3.1,3.1,0.008511543273925781,0.0,7.165140414144844e-05,0.07635808736085892
Residual PPO,1087,6,0.30000000000000004,300.00000000000006,-1.2718281745910645,-0.8616007566452026,0.3274095356464386,True,0.41307446360588074,0.009498938918113708,0.004521292168647051,2.085190999423503e-06,0.8125,3.75,3.75,0.004517555236816406,0.0,7.776831625960767e-05,0.0768970400094986
Residual PPO,1088,6,0.30000000000000004,300.00000000000006,-1.148199200630188,-0.9221230149269104,0.4605681300163269,True,0.4239189326763153,0.012996011413633823,0.009270179085433483,5.393259925767779e-06,0.8075,3.85,3.85,0.009263038635253906,0.0,7.266477041412145e-05,0.0732150599360466
Residual PPO,1089,6,0.30000000000000004,300.00000000000006,-1.8535881042480469,0.5890284776687622,0.37915652990341187,True,0.6093635559082031,0.015450824052095413,0.006391163449734449,5.327741746441461e-06,0.76,4.800000000000001,4.800000000000001,0.006391048431396484,0.0,6.859588029328734e-05,0.0714278370141983
Residual PPO,1090,6,0.30000000000000004,300.00000000000006,-0.9845758080482483,-0.6573527455329895,0.30003631114959717,True,0.3049796223640442,0.007003411650657654,0.0035190070047974586,2.363044359299238e-06,0.835,3.3000000000000003,3.3000000000000003,0.003505706787109375,0.0,7.252463547047228e-05,0.07683608680963516
Residual PPO,1091,6,0.30000000000000004,300.00000000000006,-1.8845704793930054,-0.6914018392562866,0.36124923825263977,True,0.6157715916633606,0.016605831682682037,0.005729325581341982,1.2153308489359915e-05,0.7625,4.75,4.75,0.005729198455810547,0.0,7.327543426072225e-05,0.07460080087184906
Residual PPO,1092,6,0.30000000000000004,300.00000000000006,-1.9696727991104126,-0.2278679758310318,0.31251582503318787,True,0.6062170267105103,0.014115344732999802,0.003958095796406269,1.1745556548703462e-05,0.7625,4.75,4.75,0.0039501190185546875,0.0,7.16701106284745e-05,0.07624782621860504
Residual PPO,1093,6,0.30000000000000004,300.00000000000006,-0.8791002631187439,0.07968070358037949,0.43002596497535706,True,0.26686450839042664,0.00875602662563324,0.008206278085708618,3.9141032175393775e-06,0.835,3.3000000000000003,3.3000000000000003,0.008202552795410156,0.0,6.619733176194131e-05,0.07179035246372223
Residual PPO,1094,6,0.30000000000000004,300.00000000000006,-0.9031349420547485,-0.5643354058265686,0.2514164447784424,True,0.26449060440063477,0.005709091201424599,0.001781238242983818,4.072492174600484e-06,0.845,3.1,3.1,0.00170135498046875,0.0,7.04934645909816e-05,0.07402189075946808
Residual PPO,1095,6,0.30000000000000004,300.00000000000006,-1.3096781969070435,-0.4019305408000946,0.2943161725997925,True,0.37670448422431946,0.00784930121153593,0.0033153840340673923,1.6673557183821686e-06,0.8125,3.75,3.75,0.0032987594604492188,0.0,7.367596845142543e-05,0.07279261946678162
Residual PPO,1096,6,0.30000000000000004,300.00000000000006,-0.5565752387046814,0.7886120080947876,0.27283963561058044,True,0.2230961173772812,0.0039142644964158535,0.0025406982749700546,4.5829287387277873e-07,0.8675,2.6500000000000004,2.6500000000000004,0.0025043487548828125,0.0,5.938580579822883e-05,0.06483381241559982
Residual PPO,1097,6,0.30000000000000004,300.00000000000006,-1.3080552816390991,0.037033263593912125,0.27344202995300293,True,0.3607146143913269,0.006752301007509232,0.002565287984907627,1.2855509794462705e-06,0.8125,3.75,3.75,0.002529621124267578,0.0,7.185553113231435e-05,0.07562991976737976
Residual PPO,1098,6,0.30000000000000004,300.00000000000006,-1.2224541902542114,-0.25077617168426514,0.4742331802845001,True,0.4033258855342865,0.013347383588552475,0.009760132990777493,1.4535957006955869e-06,0.8,4.0,4.0,0.009751319885253906,0.0,6.441478035412729e-05,0.07556630671024323
Residual PPO,1099,6,0.30000000000000004,300.00000000000006,-1.9130916595458984,0.09447009861469269,0.36984628438949585,True,0.6121603846549988,0.015883196145296097,0.006049156188964844,8.018561857170425e-06,0.7575,4.8500000000000005,4.8500000000000005,0.006049156188964844,0.0,6.775188376195729e-05,0.07503930479288101
PD+FF,1000,8,0.4,400.0,-1.2179213762283325,0.20768369734287262,0.34128254652023315,True,0.3734857439994812,0.027464734390378,1.5856003301450983e-05,9.341628356196452e-06,0.7725,4.55,4.55,0.0,0.0,1.1028701919713058e-05,0.012558089569211006
PD+FF,1001,8,0.4,400.0,-1.0811076164245605,-0.9685990810394287,0.25630688667297363,True,0.38832932710647583,0.026614690199494362,2.1295452825143002e-05,1.1739073670469224e-05,0.775,4.5,4.5,0.0,0.0,1.4488091437669937e-05,0.014078449457883835
PD+FF,1002,8,0.4,400.0,-1.428768277168274,-0.28562131524086,0.4242836833000183,True,0.470878541469574,0.03743872418999672,2.4940150979091413e-05,1.111343863158254e-05,0.745,5.1000000000000005,5.1000000000000005,0.0,0.0,1.1857896424771752e-05,0.012990610674023628
PD+FF,1003,8,0.4,400.0,-1.7183640003204346,-0.48658838868141174,0.34840381145477295,True,0.5518850684165955,0.04341358318924904,3.1329367629950866e-05,1.7971186025533825e-05,0.7325,5.3500000000000005,5.3500000000000005,0.0,0.0,1.619585782464128e-05,0.014862552285194397
PD+FF,1004,8,0.4,400.0,-1.998679280281067,-0.7396973967552185,0.24154320359230042,True,0.6237504482269287,0.04730844497680664,3.551508052623831e-05,1.982465255423449e-05,0.725,5.5,5.5,0.0,0.0,2.3333519493462518e-05,0.017626676708459854
PD+FF,1005,8,0.4,400.0,-1.8766711950302124,0.8611240983009338,0.28618520498275757,True,0.6084399223327637,0.04638242349028587,3.5323744668858126e-05,1.9825918570859358e-05,0.7275,5.45,5.45,0.0,0.0,2.2389760488294996e-05,0.017007896676659584
PD+FF,1006,8,0.4,400.0,-1.4946178197860718,0.20171388983726501,0.28934937715530396,True,0.4470193684101105,0.032938722521066666,9.723008588480297e-06,7.978455869306345e-06,0.7575,4.8500000000000005,4.8500000000000005,0.0,0.0,1.53356868395349e-05,0.014738747850060463
PD+FF,1007,8,0.4,400.0,-1.8931626081466675,0.6319606900215149,0.39287856221199036,True,0.6439998149871826,0.0559963621199131,2.7826465156977065e-05,1.779562262527179e-05,0.7125,5.75,5.75,0.0,0.0,1.5376943338196725e-05,0.013994928449392319
PD+FF,1008,8,0.4,400.0,-1.749120831489563,0.6261014938354492,0.26522985100746155,True,0.54115891456604,0.0401030033826828,1.636193883314263e-05,1.1806182556028944e-05,0.74,5.2,5.2,0.0,0.0,2.080587910313625e-05,0.016877776011824608
PD+FF,1009,8,0.4,400.0,-1.9152493476867676,-0.3461688160896301,0.2149554342031479,True,0.5661460161209106,0.04203997552394867,2.689998655114323e-05,1.4643369468103629e-05,0.735,5.300000000000001,5.300000000000001,0.0,0.0,2.1511761588044465e-05,0.017590772360563278
PD+FF,1010,8,0.4,400.0,-1.8575115203857422,0.07161146402359009,0.4753030240535736,True,0.6607349514961243,0.0672885850071907,5.8178018662147224e-05,3.0609626264777035e-05,0.695,6.1000000000000005,6.1000000000000005,0.0,0.0,9.52585196500877e-06,0.011806451715528965
PD+FF,1011,8,0.4,400.0,-1.57381272315979,0.12664707005023956,0.26378002762794495,True,0.4639171361923218,0.034090809524059296,1.3404294804786332e-05,9.890179171634372e-06,0.755,4.9,4.9,0.0,0.0,1.6474275980726816e-05,0.015285637229681015
PD+FF,1012,8,0.4,400.0,-1.5405192375183105,0.561293363571167,0.2715309262275696,True,0.47341740131378174,0.034487951546907425,1.9331206203787588e-05,1.2044049981341232e-05,0.7525,4.95,4.95,0.0,0.0,1.7945445506484248e-05,0.01565413922071457
PD+FF,1013,8,0.4,400.0,-0.8082606196403503,-0.8420410752296448,0.401797890663147,True,0.3279957175254822,0.023037491366267204,2.4282102458528243e-05,1.2429418347892351e-05,0.7875,4.25,4.25,0.0,0.0,1.0347613169869874e-05,0.011560102924704552
PD+FF,1014,8,0.4,400.0,-1.3467140197753906,0.1714046150445938,0.4693894386291504,True,0.45683667063713074,0.037506431341171265,3.818091136054136e-05,2.06158929358935e-05,0.745,5.1000000000000005,5.1000000000000005,0.0,0.0,9.815759767661802e-06,0.011934124864637852
PD+FF,1015,8,0.4,400.0,-1.4601455926895142,0.21413566172122955,0.39239153265953064,True,0.4675733149051666,0.03637975454330444,1.6809986846055835e-05,1.1270025424892083e-05,0.7475,5.050000000000001,5.050000000000001,0.0,0.0,1.288875409954926e-05,0.013621111400425434
PD+FF,1016,8,0.4,400.0,-1.6580126285552979,-0.11461202055215836,0.3060871958732605,True,0.5035865306854248,0.03810931369662285,3.2442781957797706e-05,1.8071674276143312e-05,0.745,5.1000000000000005,5.1000000000000005,0.0,0.0,1.6328831407008693e-05,0.015431853011250496
PD+FF,1017,8,0.4,400.0,-0.62247234582901,0.6426637768745422,0.4917738139629364,True,0.26921266317367554,0.01948772929608822,9.023484381032176e-06,4.660079866880551e-06,0.8025,3.95,3.95,0.0,0.0,7.099527920217952e-06,0.009291667491197586
PD+FF,1018,8,0.4,400.0,-1.1090368032455444,-0.0900818482041359,0.4614541530609131,True,0.3686000406742096,0.028469335287809372,1.2747366326948395e-06,4.587736839312129e-06,0.77,4.6000000000000005,4.6000000000000005,9.5367431640625e-07,0.0,9.625530765333679e-06,0.011845826171338558
PD+FF,1019,8,0.4,400.0,-1.674609661102295,-0.20800989866256714,0.34006524085998535,True,0.5231286287307739,0.04069789499044418,1.4910430763848126e-05,1.1147846635140013e-05,0.74,5.2,5.2,0.0,0.0,1.5181443814071827e-05,0.014805944636464119
PD+FF,1020,8,0.4,400.0,-1.1319496631622314,-0.4326494336128235,0.2227078378200531,True,0.3330596089363098,0.023110095411539078,1.8104648916050792e-05,1.0000353540817741e-05,0.7875,4.25,4.25,0.0,0.0,1.011735548672732e-05,0.011959750205278397
PD+FF,1021,8,0.4,400.0,-1.4384177923202515,-0.8382971882820129,0.49743902683258057,True,0.5423069000244141,0.04646652936935425,2.3371660063276067e-05,1.4787119653192349e-05,0.7275,5.45,5.45,0.0,0.0,1.336600416834699e-05,0.012103801593184471
PD+FF,1022,8,0.4,400.0,-1.999210000038147,0.8368335366249084,0.37694433331489563,True,0.6895663142204285,0.06020718440413475,2.652461080288049e-05,1.7800535715650767e-05,0.705,5.9,5.9,0.0,0.0,1.7992548237089068e-05,0.014597040601074696
PD+FF,1023,8,0.4,400.0,-1.4916963577270508,0.8117974996566772,0.4728805720806122,True,0.5473383665084839,0.04609519988298416,4.361649916972965e-05,2.2978030756348744e-05,0.7275,5.45,5.45,0.0,0.0,1.3945825230621267e-05,0.012642228044569492
PD+FF,1024,8,0.4,400.0,-1.51630699634552,-0.48329436779022217,0.3110935389995575,True,0.4713729918003082,0.034890539944171906,3.226877743145451e-05,1.7291104086325504e-05,0.7525,4.95,4.95,0.0,0.0,1.682905713096261e-05,0.015431897714734077
PD+FF,1025,8,0.4,400.0,-0.7683239579200745,0.258014976978302,0.24864348769187927,True,0.22434844076633453,0.015381705947220325,4.519004050962394e-06,4.304370577301597e-06,0.8225,3.5500000000000003,3.5500000000000003,0.0,0.0,4.875328613707097e-06,0.008316606283187866
PD+FF,1026,8,0.4,400.0,-1.7438942193984985,0.19023452699184418,0.2583710551261902,True,0.5184164047241211,0.0385969877243042,1.9156947018927895e-05,1.2651576071220916e-05,0.7425,5.15,5.15,0.0,0.0,1.8567061488283798e-05,0.01645154133439064
PD+FF,1027,8,0.4,400.0,-1.9580382108688354,0.12429128587245941,0.36954861879348755,True,0.6401050090789795,0.05561724677681923,3.5305245546624064e-05,2.075415977742523e-05,0.7125,5.75,5.75,0.0,0.0,1.3754875908489339e-05,0.014185571111738682
PD+FF,1028,8,0.4,400.0,-0.7757433652877808,-0.22796711325645447,0.4025936424732208,True,0.253831148147583,0.01851165108382702,1.2581200280692428e-05,7.060988991725026e-06,0.805,3.9000000000000004,3.9000000000000004,0.0,0.0,5.580359356827103e-06,0.008808029815554619
PD+FF,1029,8,0.4,400.0,-0.7448340058326721,0.6458722352981567,0.214758962392807,True,0.25514867901802063,0.017021942883729935,7.197149898274802e-06,5.45464990864275e-06,0.8125,3.75,3.75,0.0,0.0,6.928447874088306e-06,0.00986931100487709
PD+FF,1030,8,0.4,400.0,-1.6447029113769531,-0.9496257901191711,0.4438457489013672,True,0.6018457412719727,0.050862543284893036,2.646978282427881e-05,1.7868294889922254e-05,0.72,5.6000000000000005,5.6000000000000005,0.0,0.0,1.664731462369673e-05,0.013515103608369827
PD+FF,1031,8,0.4,400.0,-0.9611496329307556,0.9009804725646973,0.39864641427993774,True,0.3741835951805115,0.026600485667586327,1.4778781405766495e-05,9.051237611856777e-06,0.775,4.5,4.5,0.0,0.0,1.288039220526116e-05,0.012915851548314095
PD+FF,1032,8,0.4,400.0,-0.6833899617195129,-0.5306191444396973,0.49894750118255615,True,0.272906094789505,0.02019364759325981,5.072848125564633e-06,3.243971150368452e-06,0.7975,4.05,4.05,0.0,0.0,6.908836894581327e-06,0.009269331581890583
PD+FF,1033,8,0.4,400.0,-0.7577928304672241,0.7459949851036072,0.4761985242366791,True,0.31522107124328613,0.02282431721687317,3.5060893424088135e-05,1.466707544750534e-05,0.7875,4.25,4.25,0.0,0.0,9.359008799947333e-06,0.010747571475803852
PD+FF,1034,8,0.4,400.0,-0.5296080112457275,-0.6777904629707336,0.22327283024787903,True,0.2176220715045929,0.014333087019622326,1.1104516488558147e-05,5.659858288709074e-06,0.8275,3.45,3.45,0.0,0.0,5.335714376997203e-06,0.008679450489580631
PD+FF,1035,8,0.4,400.0,-1.5201642513275146,-0.23973245918750763,0.436818927526474,True,0.5081173777580261,0.042092278599739075,3.060048766201362e-05,1.7486270735389553e-05,0.735,5.300000000000001,5.300000000000001,0.0,0.0,1.1236760656174738e-05,0.012700692750513554
PD+FF,1036,8,0.4,400.0,-1.558912754058838,0.6018440127372742,0.34900519251823425,True,0.5041818022727966,0.03821495547890663,2.6832052753889002e-05,1.5660278222640045e-05,0.745,5.1000000000000005,5.1000000000000005,0.0,0.0,1.6932082871790044e-05,0.015023700892925262
PD+FF,1037,8,0.4,400.0,-1.5164998769760132,-0.3818822205066681,0.38270920515060425,True,0.4894663393497467,0.038071777671575546,2.3638571292394772e-05,1.4494476999971084e-05,0.745,5.1000000000000005,5.1000000000000005,0.0,0.0,1.396900916006416e-05,0.013987003825604916
PD+FF,1038,8,0.4,400.0,-1.5098652839660645,-0.8029577136039734,0.31811848282814026,True,0.49614909291267395,0.036382999271154404,1.9248389435233548e-05,1.2307501492614392e-05,0.7475,5.050000000000001,5.050000000000001,0.0,0.0,1.9391547539271414e-05,0.016159478574991226
PD+FF,1039,8,0.4,400.0,-0.6960156559944153,-0.0387578122317791,0.3661683201789856,True,0.21664148569107056,0.015558390878140926,1.907695877889637e-05,1.0284104973834474e-05,0.82,3.6,3.6,0.0,0.0,4.171308319200762e-06,0.0076905833557248116
PD+FF,1040,8,0.4,400.0,-0.7547146081924438,0.5635512471199036,0.4134989380836487,True,0.27820879220962524,0.019907329231500626,1.615307519386988e-05,1.1444873052823823e-05,0.8,4.0,4.0,0.0,0.0,7.237136287585599e-06,0.009723189286887646
PD+FF,1041,8,0.4,400.0,-0.6478168964385986,-0.19675222039222717,0.46515655517578125,True,0.22806347906589508,0.01701001077890396,3.057344656554051e-05,1.2565657016239129e-05,0.8125,3.75,3.75,0.0,0.0,4.583795998769347e-06,0.007854428142309189
PD+FF,1042,8,0.4,400.0,-1.463887333869934,-0.25558269023895264,0.3728010952472687,True,0.4630443751811981,0.035462524741888046,2.1117641153978184e-05,1.2865523785876576e-05,0.75,5.0,5.0,0.0,0.0,1.3759488865616731e-05,0.014047189615666866
PD+FF,1043,8,0.4,400.0,-1.7490100860595703,-0.7958716750144958,0.31946444511413574,True,0.5721305012702942,0.04370550066232681,2.0983658032491803e-05,1.385481755278306e-05,0.7325,5.3500000000000005,5.3500000000000005,0.0,0.0,2.0134993974352255e-05,0.01612413115799427
PD+FF,1044,8,0.4,400.0,-1.981444239616394,0.7169352173805237,0.20961801707744598,True,0.6055461764335632,0.04489746317267418,2.6635174435796216e-05,1.6182539184228517e-05,0.73,5.4,5.4,0.0,0.0,2.4660144845256582e-05,0.018264999613165855
PD+FF,1045,8,0.4,400.0,-0.7272861003875732,-0.39523494243621826,0.4158290922641754,True,0.25409603118896484,0.01838691346347332,7.63793104852084e-06,7.859945071686525e-06,0.805,3.9000000000000004,3.9000000000000004,0.0,0.0,5.854525170434499e-06,0.008851395919919014
PD+FF,1046,8,0.4,400.0,-1.868130087852478,0.6265861392021179,0.39649125933647156,True,0.6360076069831848,0.055129341781139374,3.155302329105325e-05,1.9134729882352985e-05,0.7125,5.75,5.75,0.0,0.0,1.5212403923214879e-05,0.013925227336585522
PD+FF,1047,8,0.4,400.0,-1.1699552536010742,-0.14992530643939972,0.29876548051834106,True,0.34681156277656555,0.02499113231897354,2.007657712965738e-05,1.0791539352794643e-05,0.78,4.4,4.4,0.0,0.0,9.890052751870826e-06,0.011920358054339886
PD+FF,1048,8,0.4,400.0,-0.9076822996139526,-0.7630760073661804,0.4824531674385071,True,0.3588045835494995,0.026492005214095116,9.264198524761014e-06,5.1016040742979385e-06,0.775,4.5,4.5,5.7220458984375e-06,0.0,1.142318251368124e-05,0.011949238367378712
PD+FF,1049,8,0.4,400.0,-1.6127384901046753,0.09402617067098618,0.43331217765808105,True,0.5387376546859741,0.04583089053630829,2.6717472792370245e-05,1.5982770491973497e-05,0.7275,5.45,5.45,0.0,0.0,1.107367188524222e-05,0.012741985730826855
PD+FF,1050,8,0.4,400.0,-1.2507070302963257,-0.40418457984924316,0.49881017208099365,True,0.4429340958595276,0.03642934188246727,2.0383589799166657e-05,1.3337422387849074e-05,0.7475,5.050000000000001,5.050000000000001,0.0,0.0,9.75113198364852e-06,0.0114488136023283
PD+FF,1051,8,0.4,400.0,-0.8433747291564941,-0.6024307608604431,0.2584548592567444,True,0.27855199575424194,0.01897602528333664,1.1927567356906366e-05,7.5692287282436155e-06,0.8025,3.95,3.95,0.0,0.0,7.744741196802352e-06,0.01035575196146965
PD+FF,1052,8,0.4,400.0,-1.577463150024414,-0.03658809885382652,0.32490968704223633,True,0.4817892014980316,0.03646046295762062,1.6216103176702745e-05,1.1207557690795511e-05,0.7475,5.050000000000001,5.050000000000001,0.0,0.0,1.5337380318669602e-05,0.014950570650398731
PD+FF,1053,8,0.4,400.0,-0.7320424914360046,-0.38764455914497375,0.44851720333099365,True,0.2617688775062561,0.01924089528620243,3.7627557958330726e-06,2.3535601485491497e-06,0.8025,3.95,3.95,0.0,0.0,6.104663498263108e-06,0.008990435861051083
PD+FF,1054,8,0.4,400.0,-1.9604523181915283,0.6108824014663696,0.3443475067615509,True,0.6443111896514893,0.05360669270157814,2.3139165932661854e-05,1.5671681467210874e-05,0.715,5.7,5.7,0.0,0.0,1.7339694750262424e-05,0.015090393833816051
PD+FF,1055,8,0.4,400.0,-0.8035520911216736,-0.8197364807128906,0.37500709295272827,True,0.31867140531539917,0.02219397947192192,8.376821824640501e-06,5.9494177548913285e-06,0.79,4.2,4.2,0.0,0.0,9.881895493890624e-06,0.011395913548767567
PD+FF,1056,8,0.4,400.0,-0.6173267960548401,-0.7547652125358582,0.33817118406295776,True,0.26083987951278687,0.017694851383566856,1.233370403497247e-05,7.869482942624018e-06,0.81,3.8000000000000003,3.8000000000000003,0.0,0.0,7.128132892830763e-06,0.00980678666383028
PD+FF,1057,8,0.4,400.0,-1.4013786315917969,-0.020997419953346252,0.2980625629425049,True,0.4171600043773651,0.03065142035484314,1.6213662092923187e-05,1.004407477012137e-05,0.7625,4.75,4.75,0.0,0.0,1.3461253729474265e-05,0.013905651867389679
PD+FF,1058,8,0.4,400.0,-1.9344123601913452,-0.6835842132568359,0.34246277809143066,True,0.6381450891494751,0.05243682116270065,3.6814170016441494e-05,2.110127934429329e-05,0.7175,5.65,5.65,0.0,0.0,1.806037653295789e-05,0.015252510085701942
PD+FF,1059,8,0.4,400.0,-1.3239208459854126,-0.34795770049095154,0.3298633396625519,True,0.4091988503932953,0.03012232482433319,2.6428777346154675e-05,1.3936173672846053e-05,0.765,4.7,4.7,0.0,0.0,1.3187613149057142e-05,0.013626821339130402
PD+FF,1060,8,0.4,400.0,-0.5232435464859009,-0.8263487219810486,0.4775193929672241,True,0.2737377882003784,0.019111907109618187,2.3328384486376308e-05,1.0177263902733102e-05,0.8025,3.95,3.95,0.0,0.0,7.834460120648146e-06,0.009805860929191113
PD+FF,1061,8,0.4,400.0,-1.0766786336898804,0.09924349933862686,0.28927016258239746,True,0.3152036666870117,0.02247910387814045,1.0056847713713069e-05,6.639552793785697e-06,0.79,4.2,4.2,0.0,0.0,8.409766451222822e-06,0.011007078923285007
PD+FF,1062,8,0.4,400.0,-1.020176649093628,-0.6513675451278687,0.4292861223220825,True,0.36496591567993164,0.02686598151922226,1.4703034139529336e-05,1.0001221198763233e-05,0.775,4.5,4.5,0.0,0.0,1.1391147381800693e-05,0.012191551737487316
PD+FF,1063,8,0.4,400.0,-0.5567145943641663,0.6067063212394714,0.2895512878894806,True,0.21734394133090973,0.014590938575565815,1.4963636203901842e-05,7.580354576930404e-06,0.825,3.5,3.5,0.0,0.0,5.097495431982679e-06,0.008355017751455307
PD+FF,1064,8,0.4,400.0,-1.6129041910171509,-0.13716638088226318,0.24278511106967926,True,0.47096022963523865,0.034431979060173035,2.4352777472813614e-05,1.3953866982774343e-05,0.7525,4.95,4.95,0.0,0.0,1.712000994302798e-05,0.01563517563045025
PD+FF,1065,8,0.4,400.0,-0.5033138990402222,-0.5932050347328186,0.453745573759079,True,0.22620123624801636,0.015959132462739944,6.7649889388121665e-06,4.537561380857369e-06,0.8175,3.6500000000000004,3.6500000000000004,3.814697265625e-06,0.0,5.310219421517104e-06,0.008091733790934086
PD+FF,1066,8,0.4,400.0,-1.3762075901031494,0.32575497031211853,0.20805609226226807,True,0.3950973451137543,0.02789258025586605,1.7436523194191977e-05,1.2119421626266558e-05,0.77,4.6000000000000005,4.6000000000000005,0.0,0.0,1.3301908438734245e-05,0.013759520836174488
PD+FF,1067,8,0.4,400.0,-0.6176835894584656,0.9055254459381104,0.20151829719543457,True,0.2755122184753418,0.018127337098121643,9.23882907954976e-06,5.637018603010802e-06,0.8075,3.85,3.85,0.0,0.0,8.35502942209132e-06,0.010934176854789257
PD+FF,1068,8,0.4,400.0,-0.7787961959838867,0.5352519750595093,0.25048118829727173,True,0.2531283497810364,0.01716749183833599,1.2064232578268275e-05,7.594200269522844e-06,0.8125,3.75,3.75,0.0,0.0,6.497716640296858e-06,0.009497384540736675
PD+FF,1069,8,0.4,400.0,-0.5076419115066528,0.8446078896522522,0.24751581251621246,True,0.24885603785514832,0.016394300386309624,1.1153470950375777e-05,6.1194637055450585e-06,0.815,3.7,3.7,0.0,0.0,6.887161816848675e-06,0.009880932979285717
PD+FF,1070,8,0.4,400.0,-1.6644020080566406,0.9533751606941223,0.22921264171600342,True,0.5353994369506836,0.03835812583565712,2.8277772798901424e-05,1.5377507224911824e-05,0.745,5.1000000000000005,5.1000000000000005,0.0,0.0,2.3959417376318015e-05,0.017792707309126854
PD+FF,1071,8,0.4,400.0,-1.6379417181015015,0.7469041347503662,0.26974478363990784,True,0.5169488787651062,0.03774731606245041,2.7635805963655002e-05,1.589934981893748e-05,0.745,5.1000000000000005,5.1000000000000005,0.0,0.0,2.089635563606862e-05,0.016939328983426094
PD+FF,1072,8,0.4,400.0,-1.22187077999115,0.3675197660923004,0.4661308228969574,True,0.4177091419696808,0.03286227211356163,2.6924946723738685e-05,1.489585338276811e-05,0.7575,4.8500000000000005,4.8500000000000005,0.0,0.0,1.0630263204802759e-05,0.01212375145405531
PD+FF,1073,8,0.4,400.0,-1.5133368968963623,0.8512749075889587,0.3800120949745178,True,0.5210113525390625,0.03963440656661987,2.0326791855040938e-05,1.3334061804926023e-05,0.74,5.2,5.2,0.0,0.0,1.8024260498350486e-05,0.015057996846735477
PD+FF,1074,8,0.4,400.0,-0.5001789927482605,-0.2884053587913513,0.4962819218635559,True,0.19754132628440857,0.014720122329890728,1.0834317436092533e-05,4.116926447750302e-06,0.825,3.5,3.5,1.049041748046875e-05,0.0,3.758332923098351e-06,0.006861981004476547
PD+FF,1075,8,0.4,400.0,-0.8189709782600403,0.9466501474380493,0.23914383351802826,True,0.3242967128753662,0.021708810701966286,1.1678664122882765e-05,7.729885510343593e-06,0.7925,4.15,4.15,0.0,0.0,1.0898405889747664e-05,0.012405349873006344
PD+FF,1076,8,0.4,400.0,-1.445397138595581,-0.562984049320221,0.45283621549606323,True,0.5023044943809509,0.041051216423511505,3.191351788700558e-05,1.8130314856534824e-05,0.7375,5.25,5.25,0.0,0.0,1.2462949598557316e-05,0.01269671693444252
PD+FF,1077,8,0.4,400.0,-0.6151338219642639,-0.8893533945083618,0.2694230377674103,True,0.2778477370738983,0.018473882228136063,9.841095561569091e-06,6.426010259019677e-06,0.805,3.9000000000000004,3.9000000000000004,0.0,0.0,8.308976248372346e-06,0.01081161480396986
PD+FF,1078,8,0.4,400.0,-0.6580581068992615,-0.6858707666397095,0.23459486663341522,True,0.2450767457485199,0.016304656863212585,7.790100426063873e-06,5.4787647059129085e-06,0.8175,3.6500000000000004,3.6500000000000004,0.0,0.0,6.502150426968001e-06,0.009548453614115715
PD+FF,1079,8,0.4,400.0,-0.5874135494232178,0.8651593327522278,0.4896434247493744,True,0.29641270637512207,0.02090180478990078,1.1312808965158183e-05,5.248949491942767e-06,0.795,4.1000000000000005,4.1000000000000005,7.62939453125e-06,0.0,8.941880878410302e-06,0.010437648743391037
PD+FF,1080,8,0.4,400.0,-0.6397119164466858,0.7102972865104675,0.367546945810318,True,0.2622425854206085,0.01803046464920044,8.260050890385173e-06,5.9994399634888396e-06,0.8075,3.85,3.85,0.0,0.0,7.042015113256639e-06,0.009645508602261543
PD+FF,1081,8,0.4,400.0,-1.3320256471633911,0.8601993322372437,0.3006768822669983,True,0.4469503164291382,0.03191725164651871,1.5318448276957497e-05,9.709920959721785e-06,0.76,4.800000000000001,4.800000000000001,0.0,0.0,1.726566733850632e-05,0.015163780190050602
PD+FF,1082,8,0.4,400.0,-0.9581221342086792,-0.30673766136169434,0.3117980659008026,True,0.29257529973983765,0.020766006782650948,4.408726454130374e-06,4.2128358472837135e-06,0.795,4.1000000000000005,4.1000000000000005,0.0,0.0,7.515564448112855e-06,0.010303888469934464
PD+FF,1083,8,0.4,400.0,-1.3940625190734863,0.6289385557174683,0.21643398702144623,True,0.42216941714286804,0.029691016301512718,1.861428245319985e-05,1.032966156344628e-05,0.765,4.7,4.7,0.0,0.0,1.5609666661475785e-05,0.014619189314544201
PD+FF,1084,8,0.4,400.0,-0.7371216416358948,-0.8951173424720764,0.4071005880832672,True,0.32122042775154114,0.022353673353791237,2.3586360839544795e-05,1.1675858331727795e-05,0.79,4.2,4.2,0.0,0.0,1.0189327440457419e-05,0.011499800719320774
PD+FF,1085,8,0.4,400.0,-0.7224554419517517,-0.08529454469680786,0.4138740301132202,True,0.23525267839431763,0.017270132899284363,2.0043167751282454e-05,8.447650543530472e-06,0.8125,3.75,3.75,0.0,0.0,4.768487542605726e-06,0.00817317608743906
PD+FF,1086,8,0.4,400.0,-0.7490203976631165,-0.7008727788925171,0.4387705326080322,True,0.29914340376853943,0.02137891575694084,6.918924100318691e-06,4.170333795627812e-06,0.7925,4.15,4.15,0.0,0.0,8.521063136868179e-06,0.010417884215712547
PD+FF,1087,8,0.4,400.0,-1.2718281745910645,-0.8616007566452026,0.3274095356464386,True,0.4363568425178528,0.03127660974860191,1.2297453395149205e-05,8.300940862682182e-06,0.76,4.800000000000001,4.800000000000001,0.0,0.0,1.6470838090754114e-05,0.014741321094334126
PD+FF,1088,8,0.4,400.0,-1.148199200630188,-0.9221230149269104,0.4605681300163269,True,0.44166281819343567,0.032962072640657425,1.6882302588783205e-05,1.2101043466827832e-05,0.7575,4.8500000000000005,4.8500000000000005,0.0,0.0,1.5439425624208525e-05,0.013805386610329151
PD+FF,1089,8,0.4,400.0,-1.8535881042480469,0.5890284776687622,0.37915652990341187,True,0.6198527216911316,0.0522402860224247,2.2624903067480773e-05,1.526599226053804e-05,0.7175,5.65,5.65,0.0,0.0,1.563879595778417e-05,0.014286848716437817
PD+FF,1090,8,0.4,400.0,-0.9845758080482483,-0.6573527455329895,0.30003631114959717,True,0.32848018407821655,0.02289598621428013,1.2194456758152228e-05,7.719872883171774e-06,0.7875,4.25,4.25,0.0,0.0,1.0094689059769735e-05,0.011714930646121502
PD+FF,1091,8,0.4,400.0,-1.8845704793930054,-0.6914018392562866,0.36124923825263977,True,0.6290073394775391,0.05209263786673546,3.8706319173797965e-05,2.1842408386874013e-05,0.7175,5.65,5.65,0.0,0.0,1.7255460988963023e-05,0.014857620000839233
PD+FF,1092,8,0.4,400.0,-1.9696727991104126,-0.2278679758310318,0.31251582503318787,True,0.6189171075820923,0.050217948853969574,3.9159145671874285e-05,2.1704052414861508e-05,0.72,5.6000000000000005,5.6000000000000005,0.0,0.0,1.6533438611077145e-05,0.015480025671422482
PD+FF,1093,8,0.4,400.0,-0.8791002631187439,0.07968070358037949,0.43002596497535706,True,0.2868865430355072,0.02142897993326187,1.8135251593776047e-05,7.434259714500513e-06,0.7925,4.15,4.15,0.0,0.0,6.690936970699113e-06,0.009713851846754551
PD+FF,1094,8,0.4,400.0,-0.9031349420547485,-0.5643354058265686,0.2514164447784424,True,0.2880246937274933,0.019705498591065407,1.3486145689967088e-05,8.208551662391983e-06,0.8,4.0,4.0,0.0,0.0,8.115749551507179e-06,0.010610082186758518
PD+FF,1095,8,0.4,400.0,-1.3096781969070435,-0.4019305408000946,0.2943161725997925,True,0.398817241191864,0.02885756455361843,1.2050335499225184e-05,7.956339686643332e-06,0.7675,4.65,4.65,0.0,0.0,1.3001338629692327e-05,0.013503707014024258
PD+FF,1096,8,0.4,400.0,-0.5565752387046814,0.7886120080947876,0.27283963561058044,True,0.24792243540287018,0.01646190881729126,7.682157047383953e-06,4.647271452995483e-06,0.815,3.7,3.7,1.430511474609375e-06,0.0,6.73061003908515e-06,0.009701435454189777
PD+FF,1097,8,0.4,400.0,-1.3080552816390991,0.037033263593912125,0.27344202995300293,True,0.3818033039569855,0.027564136311411858,7.161005214584293e-06,5.874740509170806e-06,0.7725,4.55,4.55,0.0,0.0,1.176289970317157e-05,0.013033503666520119
PD+FF,1098,8,0.4,400.0,-1.2224541902542114,-0.25077617168426514,0.4742331802845001,True,0.41615787148475647,0.033149152994155884,3.030303560080938e-06,5.9217773014097475e-06,0.755,4.9,4.9,0.0,0.0,9.842618055699859e-06,0.011842463165521622
PD+FF,1099,8,0.4,400.0,-1.9130916595458984,0.09447009861469269,0.36984628438949585,True,0.6225761771202087,0.05335290729999542,2.9100589017616585e-05,1.800842073862441e-05,0.715,5.7,5.7,0.0,0.0,1.3695042071049102e-05,0.01417157705873251
Direct PPO,1000,8,0.4,400.0,-1.2179213762283325,0.20768369734287262,0.34128254652023315,False,0.3646867573261261,0.12211207300424576,0.14063715934753418,0.2500861585140228,0.04,nan,nan,0.21906018257141113,0.225,0.045460063964128494,0.7376208901405334
Direct PPO,1001,8,0.4,400.0,-1.0811076164245605,-0.9685990810394287,0.25630688667297363,False,0.357441246509552,0.11089462786912918,0.03261978179216385,0.5000420212745667,0.0425,nan,nan,0.22759824991226196,0.195,0.04620455205440521,0.6575085520744324
Direct PPO,1002,8,0.4,400.0,-1.428768277168274,-0.28562131524086,0.4242836833000183,False,0.4656177759170532,0.12382952123880386,0.14658397436141968,0.22959913313388824,0.055,nan,nan,0.14499163627624512,0.18,0.04366124048829079,0.6675140857696533
Direct PPO,1003,8,0.4,400.0,-1.7183640003204346,-0.48658838868141174,0.34840381145477295,False,0.5411916375160217,0.12556640803813934,0.1130475401878357,0.3575175702571869,0.0525,nan,nan,0.20927321910858154,0.1825,0.042503852397203445,0.5949549078941345
Direct PPO,1004,8,0.4,400.0,-1.998679280281067,-0.7396973967552185,0.24154320359230042,False,0.6114539504051208,0.1564251184463501,0.10781451314687729,0.12028772383928299,0.0275,nan,nan,0.2917959690093994,0.2275,0.042045243084430695,0.7006121277809143
Direct PPO,1005,8,0.4,400.0,-1.8766711950302124,0.8611240983009338,0.28618520498275757,False,0.5894140005111694,0.13171786069869995,0.1544976532459259,0.17222124338150024,0.035,nan,nan,0.19926047325134277,0.2125,0.044662561267614365,0.7166180610656738
Direct PPO,1006,8,0.4,400.0,-1.4946178197860718,0.20171388983726501,0.28934937715530396,False,0.44114238023757935,0.1454898566007614,0.013612370006740093,0.4502107501029968,0.045,nan,nan,0.2540935277938843,0.2275,0.041916798800230026,0.7909089922904968
Direct PPO,1007,8,0.4,400.0,-1.8931626081466675,0.6319606900215149,0.39287856221199036,False,0.63234543800354,0.11820530891418457,0.04938410595059395,0.3973381817340851,0.0525,nan,nan,0.13982999324798584,0.2,0.0412493459880352,0.762374222278595
Direct PPO,1008,8,0.4,400.0,-1.749120831489563,0.6261014938354492,0.26522985100746155,False,0.5294833779335022,0.15413503348827362,0.10807117819786072,0.11813467741012573,0.03,nan,nan,0.2758113145828247,0.2425,0.04332215338945389,0.8045610785484314
Direct PPO,1009,8,0.4,400.0,-1.9152493476867676,-0.3461688160896301,0.2149554342031479,False,0.5628231763839722,0.17333897948265076,0.11071890592575073,0.26056987047195435,0.03,nan,nan,0.3235727548599243,0.255,0.04062395915389061,0.8173975348472595
Direct PPO,1010,8,0.4,400.0,-1.8575115203857422,0.07161146402359009,0.4753030240535736,False,0.660346508026123,0.12075399607419968,0.10974866896867752,0.17221316695213318,0.0575,nan,nan,0.11103510856628418,0.14,0.04127134382724762,0.6773169636726379
Direct PPO,1011,8,0.4,400.0,-1.57381272315979,0.12664707005023956,0.26378002762794495,False,0.4569789171218872,0.1355835348367691,0.03245596960186958,0.5012692809104919,0.03,nan,nan,0.2931605577468872,0.2425,0.04356248676776886,0.7299155592918396
Direct PPO,1012,8,0.4,400.0,-1.5405192375183105,0.561293363571167,0.2715309262275696,False,0.4594420790672302,0.14745482802391052,0.0389399528503418,0.39035382866859436,0.0375,nan,nan,0.256619930267334,0.235,0.04407846927642822,0.7533997893333435
Direct PPO,1013,8,0.4,400.0,-0.8082606196403503,-0.8420410752296448,0.401797890663147,False,0.3022221326828003,0.11344397068023682,0.09669864922761917,0.21970979869365692,0.065,nan,nan,0.11141037940979004,0.185,0.04687260091304779,0.6666489839553833
Direct PPO,1014,8,0.4,400.0,-1.3467140197753906,0.1714046150445938,0.4693894386291504,False,0.45401185750961304,0.11091440916061401,0.12367904186248779,0.04154079034924507,0.0625,nan,19.900000000000002,0.11457288265228271,0.155,0.04591891169548035,0.7304692268371582
Direct PPO,1015,8,0.4,400.0,-1.4601455926895142,0.21413566172122955,0.39239153265953064,False,0.4626321494579315,0.1215929165482521,0.050413310527801514,0.5199077129364014,0.0575,nan,nan,0.17807745933532715,0.165,0.042886797338724136,0.6534709334373474
Direct PPO,1016,8,0.4,400.0,-1.6580126285552979,-0.11461202055215836,0.3060871958732605,False,0.49980419874191284,0.14210575819015503,0.09117383509874344,0.2236069142818451,0.0475,nan,nan,0.24608933925628662,0.215,0.04219208285212517,0.7574957609176636
Direct PPO,1017,8,0.4,400.0,-0.62247234582901,0.6426637768745422,0.4917738139629364,False,0.25144022703170776,0.11591064929962158,0.15723471343517303,0.20709481835365295,0.0625,nan,nan,0.10372495651245117,0.1225,0.04843676835298538,0.7043595314025879
Direct PPO,1018,8,0.4,400.0,-1.1090368032455444,-0.0900818482041359,0.4614541530609131,False,0.366928368806839,0.12025284022092819,0.10981224477291107,0.20214144885540009,0.08,nan,nan,0.08842039108276367,0.145,0.045218177139759064,0.780876874923706
Direct PPO,1019,8,0.4,400.0,-1.674609661102295,-0.20800989866256714,0.34006524085998535,False,0.5164695382118225,0.1248965784907341,0.04753720015287399,0.49828723073005676,0.0475,nan,nan,0.21852588653564453,0.18,0.04293472319841385,0.6223640441894531
Direct PPO,1020,8,0.4,400.0,-1.1319496631622314,-0.4326494336128235,0.2227078378200531,False,0.328399121761322,0.14340783655643463,0.1307886838912964,0.29760631918907166,0.0275,nan,nan,0.32540351152420044,0.2325,0.04491424933075905,0.7324270009994507
Direct PPO,1021,8,0.4,400.0,-1.4384177923202515,-0.8382971882820129,0.49743902683258057,False,0.5289167761802673,0.1212191954255104,0.1537359356880188,0.2832444906234741,0.055,nan,nan,0.09419584274291992,0.1075,0.043123580515384674,0.683722198009491
Direct PPO,1022,8,0.4,400.0,-1.999210000038147,0.8368335366249084,0.37694433331489563,False,0.6750611066818237,0.11925090849399567,0.16980807483196259,0.10389652103185654,0.0575,nan,nan,0.19489598274230957,0.17,0.04326857253909111,0.7435702085494995
Direct PPO,1023,8,0.4,400.0,-1.4916963577270508,0.8117974996566772,0.4728805720806122,False,0.5334957838058472,0.11891250312328339,0.17342959344387054,0.13343404233455658,0.0525,nan,nan,0.11193609237670898,0.14,0.0442601814866066,0.7058039307594299
Direct PPO,1024,8,0.4,400.0,-1.51630699634552,-0.48329436779022217,0.3110935389995575,False,0.45822855830192566,0.1349712610244751,0.10066261142492294,0.392769992351532,0.035,nan,nan,0.20869672298431396,0.2175,0.04527987167239189,0.9050979614257812
Direct PPO,1025,8,0.4,400.0,-0.7683239579200745,0.258014976978302,0.24864348769187927,False,0.23108439147472382,0.10445494949817657,0.14584927260875702,0.22409099340438843,0.035,nan,nan,0.2717876434326172,0.2025,0.04681587219238281,0.8251488208770752
Direct PPO,1026,8,0.4,400.0,-1.7438942193984985,0.19023452699184418,0.2583710551261902,False,0.5118874311447144,0.13868063688278198,0.05810077115893364,0.3317212462425232,0.035,nan,nan,0.2996166944503784,0.255,0.04302589222788811,0.770972728729248
Direct PPO,1027,8,0.4,400.0,-1.9580382108688354,0.12429128587245941,0.36954861879348755,False,0.6357943415641785,0.12350873649120331,0.09670901298522949,0.4542098939418793,0.0575,nan,nan,0.14960479736328125,0.1925,0.04322066903114319,0.7777484059333801
Direct PPO,1028,8,0.4,400.0,-0.7757433652877808,-0.22796711325645447,0.4025936424732208,False,0.24928204715251923,0.1084708645939827,0.0689668357372284,0.5285840630531311,0.0675,nan,nan,0.1620159149169922,0.1875,0.04724332317709923,0.6923272013664246
Direct PPO,1029,8,0.4,400.0,-0.7448340058326721,0.6458722352981567,0.214758962392807,False,0.25663116574287415,0.13473407924175262,0.10898975282907486,0.1986035853624344,0.0225,nan,nan,0.27947288751602173,0.215,0.04661537706851959,0.8175588250160217
Direct PPO,1030,8,0.4,400.0,-1.6447029113769531,-0.9496257901191711,0.4438457489013672,False,0.5854101181030273,0.11960237473249435,0.144678995013237,0.2929594814777374,0.0575,nan,nan,0.13440155982971191,0.16,0.04352039843797684,0.6523856520652771
Direct PPO,1031,8,0.4,400.0,-0.9611496329307556,0.9009804725646973,0.39864641427993774,False,0.34744003415107727,0.11157941818237305,0.05750033259391785,0.359811007976532,0.07,nan,nan,0.18003427982330322,0.18,0.04605833813548088,0.6614559292793274
Direct PPO,1032,8,0.4,400.0,-0.6833899617195129,-0.5306191444396973,0.49894750118255615,False,0.26108282804489136,0.11519349366426468,0.07510867714881897,0.3488151729106903,0.06,nan,nan,0.09357857704162598,0.115,0.046490252017974854,0.7145256400108337
Direct PPO,1033,8,0.4,400.0,-0.7577928304672241,0.7459949851036072,0.4761985242366791,False,0.292449951171875,0.11362090706825256,0.17525477707386017,0.13929539918899536,0.0725,nan,nan,0.11965250968933105,0.1475,0.04893002286553383,0.7130210995674133
Direct PPO,1034,8,0.4,400.0,-0.5296080112457275,-0.6777904629707336,0.22327283024787903,False,0.19928531348705292,0.10838499665260315,0.08828826993703842,0.22322268784046173,0.05,nan,nan,0.19462892413139343,0.205,0.05083862692117691,0.7585532069206238
Direct PPO,1035,8,0.4,400.0,-1.5201642513275146,-0.23973245918750763,0.436818927526474,False,0.504047155380249,0.1195099726319313,0.17714200913906097,0.05523563548922539,0.0575,nan,nan,0.13627970218658447,0.165,0.04417821019887924,0.6736668348312378
Direct PPO,1036,8,0.4,400.0,-1.558912754058838,0.6018440127372742,0.34900519251823425,False,0.48976796865463257,0.12390096485614777,0.04585738107562065,0.49028363823890686,0.0525,nan,nan,0.2080700397491455,0.185,0.04330988973379135,0.6425902843475342
Direct PPO,1037,8,0.4,400.0,-1.5164998769760132,-0.3818822205066681,0.38270920515060425,False,0.48047393560409546,0.12436403334140778,0.1208295077085495,0.32348406314849854,0.05,nan,nan,0.1617581844329834,0.1925,0.04405859485268593,0.6442725658416748
Direct PPO,1038,8,0.4,400.0,-1.5098652839660645,-0.8029577136039734,0.31811848282814026,False,0.4750199615955353,0.1228799819946289,0.1562703549861908,0.1831170618534088,0.035,nan,nan,0.24779784679412842,0.235,0.046000052243471146,0.8035084009170532
Direct PPO,1039,8,0.4,400.0,-0.6960156559944153,-0.0387578122317791,0.3661683201789856,False,0.22139300405979156,0.10783887654542923,0.1571086198091507,0.19174110889434814,0.0625,nan,nan,0.1867361068725586,0.195,0.04865291714668274,0.6622889041900635
Direct PPO,1040,8,0.4,400.0,-0.7547146081924438,0.5635512471199036,0.4134989380836487,False,0.25871750712394714,0.11201735585927963,0.049428947269916534,0.5266296863555908,0.06,nan,nan,0.1554940938949585,0.175,0.0477154478430748,0.7354602217674255
Direct PPO,1041,8,0.4,400.0,-0.6478168964385986,-0.19675222039222717,0.46515655517578125,False,0.228709414601326,0.1133086308836937,0.05354924499988556,0.5406792163848877,0.0725,nan,nan,0.11909127235412598,0.1675,0.04768582805991173,0.6674556136131287
Direct PPO,1042,8,0.4,400.0,-1.463887333869934,-0.25558269023895264,0.3728010952472687,False,0.4555259346961975,0.12374509125947952,0.059441324323415756,0.5121868252754211,0.0525,nan,nan,0.16103315353393555,0.1925,0.04469277709722519,0.6787298321723938
Direct PPO,1043,8,0.4,400.0,-1.7490100860595703,-0.7958716750144958,0.31946444511413574,False,0.5541183948516846,0.1278567910194397,0.1339680403470993,0.2648736834526062,0.045,nan,nan,0.1871662139892578,0.1975,0.04441230371594429,0.7358254790306091
Direct PPO,1044,8,0.4,400.0,-1.981444239616394,0.7169352173805237,0.20961801707744598,False,0.5947908759117126,0.17239469289779663,0.07507465034723282,0.5008112192153931,0.0225,nan,nan,0.29693275690078735,0.2725,0.04093310236930847,0.7555134892463684
Direct PPO,1045,8,0.4,400.0,-0.7272861003875732,-0.39523494243621826,0.4158290922641754,False,0.24515709280967712,0.10979463160037994,0.03282846510410309,0.4951450824737549,0.07,nan,nan,0.1546097993850708,0.195,0.04659561067819595,0.6229603886604309
Direct PPO,1046,8,0.4,400.0,-1.868130087852478,0.6265861392021179,0.39649125933647156,False,0.6243910789489746,0.11767618358135223,0.035472068935632706,0.42871707677841187,0.0575,nan,nan,0.13709867000579834,0.21,0.04157080501317978,0.8277391791343689
Direct PPO,1047,8,0.4,400.0,-1.1699552536010742,-0.14992530643939972,0.29876548051834106,False,0.33869606256484985,0.12202321738004684,0.11729582399129868,0.3368527889251709,0.035,nan,nan,0.2712024450302124,0.235,0.04633659869432449,0.8985651731491089
Direct PPO,1048,8,0.4,400.0,-0.9076822996139526,-0.7630760073661804,0.4824531674385071,False,0.3394140601158142,0.114789679646492,0.12100838869810104,0.0884975865483284,0.06,nan,19.950000000000003,0.10879528522491455,0.1275,0.04626397043466568,0.6900996565818787
Direct PPO,1049,8,0.4,400.0,-1.6127384901046753,0.09402617067098618,0.43331217765808105,False,0.5347657799720764,0.1081845760345459,0.12176652997732162,0.03239526227116585,0.06,nan,19.85,0.1155707836151123,0.17,0.04483748972415924,0.7756975889205933
Direct PPO,1050,8,0.4,400.0,-1.2507070302963257,-0.40418457984924316,0.49881017208099365,False,0.4384462833404541,0.12399134039878845,0.17309410870075226,0.07638832926750183,0.055,nan,nan,0.08649325370788574,0.1,0.04326841980218887,0.7018228769302368
Direct PPO,1051,8,0.4,400.0,-0.8433747291564941,-0.6024307608604431,0.2584548592567444,False,0.26174575090408325,0.10574793070554733,0.1557525098323822,0.19308917224407196,0.04,nan,nan,0.21904271841049194,0.1925,0.04896273836493492,0.7126165628433228
Direct PPO,1052,8,0.4,400.0,-1.577463150024414,-0.03658809885382652,0.32490968704223633,False,0.4757886528968811,0.12459863722324371,0.11896584928035736,0.07879207283258438,0.0425,nan,19.950000000000003,0.23216772079467773,0.175,0.044633135199546814,0.7592818737030029
Direct PPO,1053,8,0.4,400.0,-0.7320424914360046,-0.38764455914497375,0.44851720333099365,False,0.2529674768447876,0.11173543334007263,0.053613074123859406,0.4242890179157257,0.0675,nan,nan,0.12681519985198975,0.1725,0.04705289378762245,0.6646690368652344
Direct PPO,1054,8,0.4,400.0,-1.9604523181915283,0.6108824014663696,0.3443475067615509,False,0.6322758197784424,0.1220255121588707,0.09112434089183807,0.22575511038303375,0.0375,nan,nan,0.2169508934020996,0.22,0.042535800486803055,0.7549315690994263
Direct PPO,1055,8,0.4,400.0,-0.8035520911216736,-0.8197364807128906,0.37500709295272827,False,0.29272380471229553,0.11535555124282837,0.09822989255189896,0.2110259085893631,0.07,nan,nan,0.10846364498138428,0.205,0.04663636535406113,0.6757950782775879
Direct PPO,1056,8,0.4,400.0,-0.6173267960548401,-0.7547652125358582,0.33817118406295776,False,0.23446093499660492,0.11035526543855667,0.11724909394979477,0.13907547295093536,0.0625,nan,nan,0.06683957576751709,0.1725,0.05006180331110954,0.6009302139282227
Direct PPO,1057,8,0.4,400.0,-1.4013786315917969,-0.020997419953346252,0.2980625629425049,False,0.40772515535354614,0.12302248924970627,0.11762592196464539,0.08814862370491028,0.045,nan,19.950000000000003,0.20897340774536133,0.185,0.04631560668349266,0.7094352841377258
Direct PPO,1058,8,0.4,400.0,-1.9344123601913452,-0.6835842132568359,0.34246277809143066,False,0.6252280473709106,0.12265092134475708,0.15396055579185486,0.16198612749576569,0.0525,nan,nan,0.21606862545013428,0.185,0.04234560951590538,0.6819584965705872
Direct PPO,1059,8,0.4,400.0,-1.3239208459854126,-0.34795770049095154,0.3298633396625519,False,0.3969450891017914,0.12545697391033173,0.1634712815284729,0.07172228395938873,0.035,nan,nan,0.22378671169281006,0.2325,0.04574019834399223,0.735564649105072
Direct PPO,1060,8,0.4,400.0,-0.5232435464859009,-0.8263487219810486,0.4775193929672241,False,0.25042298436164856,0.11674065887928009,0.06469756364822388,0.38704895973205566,0.0775,nan,nan,0.059630632400512695,0.095,0.04748941585421562,0.6408419609069824
Direct PPO,1061,8,0.4,400.0,-1.0766786336898804,0.09924349933862686,0.28927016258239746,False,0.30859997868537903,0.11194054782390594,0.01645963452756405,0.44625306129455566,0.0475,nan,nan,0.22022289037704468,0.2075,0.04651125520467758,0.8225234746932983
Direct PPO,1062,8,0.4,400.0,-1.020176649093628,-0.6513675451278687,0.4292861223220825,False,0.3459499478340149,0.11269573122262955,0.10702089220285416,0.16620901226997375,0.0725,nan,nan,0.15469145774841309,0.165,0.04623069986701012,0.6600583791732788
Direct PPO,1063,8,0.4,400.0,-0.5567145943641663,0.6067063212394714,0.2895512878894806,False,0.20982897281646729,0.10507272928953171,0.06922663003206253,0.48769113421440125,0.0425,nan,nan,0.22005367279052734,0.1925,0.04818367213010788,0.6475298404693604
Direct PPO,1064,8,0.4,400.0,-1.6129041910171509,-0.13716638088226318,0.24278511106967926,False,0.46419206261634827,0.1503259539604187,0.03940026834607124,0.3860504925251007,0.025,nan,nan,0.2674824595451355,0.2575,0.043802373111248016,0.7019319534301758
Direct PPO,1065,8,0.4,400.0,-0.5033138990402222,-0.5932050347328186,0.453745573759079,False,0.20915652811527252,0.11328987032175064,0.06402748823165894,0.36854106187820435,0.0775,nan,nan,0.06983304023742676,0.125,0.04825909435749054,0.6197137236595154
Direct PPO,1066,8,0.4,400.0,-1.3762075901031494,0.32575497031211853,0.20805609226226807,False,0.3887850046157837,0.1513027399778366,0.1601538360118866,0.12168152630329132,0.0175,nan,nan,0.3395826816558838,0.2275,0.044431816786527634,0.7061672210693359
Direct PPO,1067,8,0.4,400.0,-0.6176835894584656,0.9055254459381104,0.20151829719543457,False,0.2731441259384155,0.12254087626934052,0.07244531810283661,0.4830493927001953,0.0375,nan,nan,0.30711594223976135,0.265,0.04285889491438866,0.6916741728782654
Direct PPO,1068,8,0.4,400.0,-0.7787961959838867,0.5352519750595093,0.25048118829727173,False,0.2513228952884674,0.124983049929142,0.05682210624217987,0.4953640401363373,0.0325,nan,nan,0.2884756922721863,0.245,0.04698082059621811,0.8135486245155334
Direct PPO,1069,8,0.4,400.0,-0.5076419115066528,0.8446078896522522,0.24751581251621246,False,0.2428489774465561,0.10485956072807312,0.16580288112163544,0.07985492795705795,0.0425,nan,nan,0.27255409955978394,0.2275,0.047633517533540726,0.6842679381370544
Direct PPO,1070,8,0.4,400.0,-1.6644020080566406,0.9533751606941223,0.22921264171600342,False,0.5111424922943115,0.12868306040763855,0.08039454370737076,0.47123634815216064,0.03,nan,nan,0.34625720977783203,0.2575,0.04475704953074455,0.864190936088562
Direct PPO,1071,8,0.4,400.0,-1.6379417181015015,0.7469041347503662,0.26974478363990784,False,0.4985080063343048,0.14159415662288666,0.11733171343803406,0.34228241443634033,0.03,nan,nan,0.24252593517303467,0.2225,0.04434318467974663,0.8329159021377563
Direct PPO,1072,8,0.4,400.0,-1.22187077999115,0.3675197660923004,0.4661308228969574,False,0.40973445773124695,0.11054088175296783,0.08772563189268112,0.5087205767631531,0.06,nan,nan,0.07899701595306396,0.1475,0.04668090492486954,0.7461522817611694
Direct PPO,1073,8,0.4,400.0,-1.5133368968963623,0.8512749075889587,0.3800120949745178,False,0.5012829303741455,0.12143048644065857,0.16973049938678741,0.06954837590456009,0.06,nan,nan,0.10896873474121094,0.195,0.04489225149154663,0.7290337085723877
Direct PPO,1074,8,0.4,400.0,-0.5001789927482605,-0.2884053587913513,0.4962819218635559,False,0.1999824047088623,0.11488642543554306,0.12181724607944489,0.41313618421554565,0.0625,nan,nan,0.09513914585113525,0.115,0.04870811104774475,0.726481556892395
Direct PPO,1075,8,0.4,400.0,-0.8189709782600403,0.9466501474380493,0.23914383351802826,False,0.3008689284324646,0.1056431382894516,0.15669624507427216,0.19319896399974823,0.04,nan,nan,0.25015079975128174,0.2025,0.04736001044511795,0.6035825610160828
Direct PPO,1076,8,0.4,400.0,-1.445397138595581,-0.562984049320221,0.45283621549606323,False,0.4927010238170624,0.12251332402229309,0.17774878442287445,0.024023519828915596,0.0525,nan,nan,0.12261843681335449,0.1575,0.04395692050457001,0.7157598733901978
Direct PPO,1077,8,0.4,400.0,-0.6151338219642639,-0.8893533945083618,0.2694230377674103,False,0.24872414767742157,0.10954811424016953,0.10947313904762268,0.19155433773994446,0.06,nan,nan,0.14948272705078125,0.1775,0.051120154559612274,0.6708715558052063
Direct PPO,1078,8,0.4,400.0,-0.6580581068992615,-0.6858707666397095,0.23459486663341522,False,0.22032086551189423,0.10885440558195114,0.09937387704849243,0.17056754231452942,0.0575,nan,nan,0.15771770477294922,0.195,0.050092700868844986,0.6035146713256836
Direct PPO,1079,8,0.4,400.0,-0.5874135494232178,0.8651593327522278,0.4896434247493744,False,0.2730462849140167,0.11506108194589615,0.07122062146663666,0.5373103022575378,0.0675,nan,nan,0.09823095798492432,0.115,0.047061920166015625,0.6607875227928162
Direct PPO,1080,8,0.4,400.0,-0.6397119164466858,0.7102972865104675,0.367546945810318,False,0.24331612884998322,0.10715805739164352,0.15845943987369537,0.1873365193605423,0.055,nan,nan,0.17444056272506714,0.21,0.04886714369058609,0.6505964398384094
Direct PPO,1081,8,0.4,400.0,-1.3320256471633911,0.8601993322372437,0.3006768822669983,False,0.4213886260986328,0.12096928060054779,0.16638264060020447,0.0714380070567131,0.04,nan,nan,0.2776782512664795,0.22,0.04513592645525932,0.7605381608009338
Direct PPO,1082,8,0.4,400.0,-0.9581221342086792,-0.30673766136169434,0.3117980659008026,False,0.2827550172805786,0.10647682100534439,0.16643938422203064,0.05623314902186394,0.045,nan,nan,0.23569941520690918,0.1825,0.047221001237630844,0.7123545408248901
Direct PPO,1083,8,0.4,400.0,-1.3940625190734863,0.6289385557174683,0.21643398702144623,False,0.4164956212043762,0.17609275877475739,0.10596834868192673,0.39448297023773193,0.0175,nan,nan,0.35383743047714233,0.28,0.04464295133948326,0.9946362972259521
Direct PPO,1084,8,0.4,400.0,-0.7371216416358948,-0.8951173424720764,0.4071005880832672,False,0.289529949426651,0.11123859137296677,0.12340214848518372,0.05089592933654785,0.0625,nan,19.950000000000003,0.06728339195251465,0.14,0.04822133854031563,0.5998461246490479
Direct PPO,1085,8,0.4,400.0,-0.7224554419517517,-0.08529454469680786,0.4138740301132202,False,0.23622749745845795,0.1103198453783989,0.11556607484817505,0.3941684067249298,0.07,nan,nan,0.16153180599212646,0.175,0.04873919114470482,0.7732649445533752
Direct PPO,1086,8,0.4,400.0,-0.7490203976631165,-0.7008727788925171,0.4387705326080322,False,0.2790582478046417,0.11147554218769073,0.0771225169301033,0.3116035759449005,0.06,nan,nan,0.11973845958709717,0.1825,0.046627987176179886,0.7315757870674133
Direct PPO,1087,8,0.4,400.0,-1.2718281745910645,-0.8616007566452026,0.3274095356464386,False,0.41037291288375854,0.11630590260028839,0.02029566466808319,0.44271156191825867,0.0525,nan,nan,0.2326641082763672,0.1825,0.04493594914674759,0.7161493897438049
Direct PPO,1088,8,0.4,400.0,-1.148199200630188,-0.9221230149269104,0.4605681300163269,False,0.41930970549583435,0.11251407116651535,0.11644501984119415,0.09775645285844803,0.075,nan,19.8,0.1382509469985962,0.15,0.04602717235684395,0.7225936651229858
Direct PPO,1089,8,0.4,400.0,-1.8535881042480469,0.5890284776687622,0.37915652990341187,False,0.6085321307182312,0.12054687738418579,0.033707600086927414,0.42863592505455017,0.0525,nan,nan,0.15960407257080078,0.21,0.041720010340213776,0.7421090006828308
Direct PPO,1090,8,0.4,400.0,-0.9845758080482483,-0.6573527455329895,0.30003631114959717,False,0.30667921900749207,0.10625762492418289,0.15899327397346497,0.11996635794639587,0.0425,nan,nan,0.2363644242286682,0.1975,0.0464571937918663,0.6913556456565857
Direct PPO,1091,8,0.4,400.0,-1.8845704793930054,-0.6914018392562866,0.36124923825263977,False,0.6162436604499817,0.12213695794343948,0.17074847221374512,0.03821619600057602,0.0575,nan,nan,0.19821703433990479,0.18,0.04295237362384796,0.7294588685035706
Direct PPO,1092,8,0.4,400.0,-1.9696727991104126,-0.2278679758310318,0.31251582503318787,False,0.6101247668266296,0.10833574086427689,0.11033172160387039,0.18707968294620514,0.04,nan,nan,0.255230188369751,0.17,0.04429614171385765,0.7591861486434937
Direct PPO,1093,8,0.4,400.0,-0.8791002631187439,0.07968070358037949,0.43002596497535706,False,0.28403639793395996,0.12325483560562134,0.1211392804980278,0.03558742254972458,0.065,nan,19.85,0.09810328483581543,0.19,0.0464867427945137,0.7753039598464966
Direct PPO,1094,8,0.4,400.0,-0.9031349420547485,-0.5643354058265686,0.2514164447784424,False,0.2800866365432739,0.1290881633758545,0.14516940712928772,0.22307993471622467,0.0425,nan,nan,0.25387173891067505,0.2375,0.046398747712373734,0.7993821501731873
Direct PPO,1095,8,0.4,400.0,-1.3096781969070435,-0.4019305408000946,0.2943161725997925,False,0.3846051096916199,0.12527987360954285,0.16352269053459167,0.07607623934745789,0.0325,nan,nan,0.2790379524230957,0.2425,0.046056948602199554,0.7050346732139587
Direct PPO,1096,8,0.4,400.0,-0.5565752387046814,0.7886120080947876,0.27283963561058044,False,0.2366500049829483,0.10543196648359299,0.1612171232700348,0.12049151957035065,0.045,nan,nan,0.23740482330322266,0.205,0.048356302082538605,0.6977353096008301
Direct PPO,1097,8,0.4,400.0,-1.3080552816390991,0.037033263593912125,0.27344202995300293,False,0.37160956859588623,0.11855059117078781,0.03463707119226456,0.504561722278595,0.04,nan,nan,0.23470264673233032,0.18,0.04542342573404312,0.7425243258476257
Direct PPO,1098,8,0.4,400.0,-1.2224541902542114,-0.25077617168426514,0.4742331802845001,False,0.41408100724220276,0.12451744824647903,0.1694536954164505,0.12318677455186844,0.0625,nan,nan,0.08073759078979492,0.1375,0.04434831440448761,0.7285594940185547
Direct PPO,1099,8,0.4,400.0,-1.9130916595458984,0.09447009861469269,0.36984628438949585,False,0.6185769438743591,0.12487930804491043,0.026733648031949997,0.5206519365310669,0.0575,nan,nan,0.1404426097869873,0.1825,0.04238370060920715,0.7511493563652039
Residual PPO,1000,8,0.4,400.0,-1.2179213762283325,0.20768369734287262,0.34128254652023315,True,0.3511994779109955,0.00652408367022872,0.005022109020501375,1.8694735217650305e-06,0.815,3.7,3.7,0.005020618438720703,0.0,7.664474833291024e-05,0.08009973913431168
Residual PPO,1001,8,0.4,400.0,-1.0811076164245605,-0.9685990810394287,0.25630688667297363,True,0.3597765862941742,0.006080725695937872,0.0019462797790765762,6.081643277866533e-06,0.81,4.0,4.0,0.0018796920776367188,0.0,8.273794810520485e-05,0.07778926938772202
Residual PPO,1002,8,0.4,400.0,-1.428768277168274,-0.28562131524086,0.4242836833000183,True,0.45651525259017944,0.012586512602865696,0.00799969956278801,5.847776719747344e-06,0.7875,4.25,4.25,0.007996559143066406,0.0,7.416962762363255e-05,0.0795300081372261
Residual PPO,1003,8,0.4,400.0,-1.7183640003204346,-0.48658838868141174,0.34840381145477295,True,0.5358532667160034,0.012187591753900051,0.005274147726595402,7.728992386546452e-06,0.7775,4.45,4.45,0.005273342132568359,0.0,7.914078014437109e-05,0.07789594680070877
Residual PPO,1004,8,0.4,400.0,-1.998679280281067,-0.7396973967552185,0.24154320359230042,True,0.604546308517456,0.010540302842855453,0.00144737190566957,5.90298259339761e-06,0.7625,5.15,5.15,0.004314899444580078,0.0,8.721173799131066e-05,0.08051867038011551
Residual PPO,1005,8,0.4,400.0,-1.8766711950302124,0.8611240983009338,0.28618520498275757,True,0.591485857963562,0.009847164154052734,0.0030095630791038275,6.088913323765155e-06,0.775,4.5,4.5,0.002986907958984375,0.0,8.333933510584757e-05,0.07899942249059677
Residual PPO,1006,8,0.4,400.0,-1.4946178197860718,0.20171388983726501,0.28934937715530396,True,0.4260159730911255,0.007151605561375618,0.0031399184372276068,2.419719066892867e-06,0.8,4.0,4.0,0.003119945526123047,0.0,7.925394311314449e-05,0.07925929129123688
Residual PPO,1007,8,0.4,400.0,-1.8931626081466675,0.6319606900215149,0.39287856221199036,True,0.6329820156097412,0.013781209476292133,0.006885721813887358,5.137962034496013e-06,0.755,4.9,4.9,0.006885051727294922,0.0,7.619320967933163e-05,0.08041419833898544
Residual PPO,1008,8,0.4,400.0,-1.749120831489563,0.6261014938354492,0.26522985100746155,True,0.5224252343177795,0.008598800748586655,0.0022718231193721294,1.1675017503876006e-06,0.785,4.3,4.3,0.002443075180053711,0.0,8.232515392592177e-05,0.07653173059225082
Residual PPO,1009,8,0.4,400.0,-1.9152493476867676,-0.3461688160896301,0.2149554342031479,True,0.5465412735939026,0.009104166179895401,0.0007771778618916869,4.472083219297929e-06,0.77,5.0,5.0,0.008794248104095459,0.0,8.459553646389395e-05,0.08067774772644043
Residual PPO,1010,8,0.4,400.0,-1.8575115203857422,0.07161146402359009,0.4753030240535736,True,0.6529281139373779,0.01896364614367485,0.00976216048002243,1.6664047507219948e-05,0.7375,5.25,5.25,0.009753227233886719,0.0,7.044510130072013e-05,0.08025986701250076
Residual PPO,1011,8,0.4,400.0,-1.57381272315979,0.12664707005023956,0.26378002762794495,True,0.4426766335964203,0.007248421665281057,0.0022200222592800856,1.2116677226003958e-06,0.795,4.55,4.55,0.0023363828659057617,0.0,8.044762216741219e-05,0.07770002633333206
Residual PPO,1012,8,0.4,400.0,-1.5405192375183105,0.561293363571167,0.2715309262275696,True,0.4512350559234619,0.006860444322228432,0.0024901682045310736,1.8165321762353415e-06,0.8,4.0,4.0,0.0024518966674804688,0.0,8.14542654552497e-05,0.07981043308973312
Residual PPO,1013,8,0.4,400.0,-0.8082606196403503,-0.8420410752296448,0.401797890663147,True,0.3017439842224121,0.007996993139386177,0.007196712773293257,6.638907507294789e-06,0.825,3.7,3.7,0.007195472717285156,0.0,8.281573536805809e-05,0.07587885856628418
Residual PPO,1014,8,0.4,400.0,-1.3467140197753906,0.1714046150445938,0.4693894386291504,True,0.4450359046459198,0.0138096883893013,0.00955740176141262,1.5424511730088852e-05,0.7875,4.25,4.25,0.009549140930175781,0.0,7.092221494531259e-05,0.07998161017894745
Residual PPO,1015,8,0.4,400.0,-1.4601455926895142,0.21413566172122955,0.39239153265953064,True,0.4529130458831787,0.011018780991435051,0.006873308215290308,2.711617071327055e-06,0.79,4.2,4.2,0.006872653961181641,0.0,7.436680607497692e-05,0.07946720719337463
Residual PPO,1016,8,0.4,400.0,-1.6580126285552979,-0.11461202055215836,0.3060871958732605,True,0.4863132834434509,0.009685568511486053,0.003729761578142643,7.303166967176367e-06,0.7875,4.25,4.25,0.003719329833984375,0.0,7.874891889514402e-05,0.07584788650274277
Residual PPO,1017,8,0.4,400.0,-0.62247234582901,0.6426637768745422,0.4917738139629364,True,0.24491438269615173,0.009467137046158314,0.010348971001803875,3.6577919217961608e-06,0.85,3.0,3.0,0.01033782958984375,0.0,7.084375829435885e-05,0.07432257384061813
Residual PPO,1018,8,0.4,400.0,-1.1090368032455444,-0.0900818482041359,0.4614541530609131,True,0.3528805375099182,0.01025956030935049,0.009320849552750587,4.608644758263836e-06,0.81,3.8000000000000003,3.8000000000000003,0.009313583374023438,0.0,7.171515608206391e-05,0.07939127832651138
Residual PPO,1019,8,0.4,400.0,-1.674609661102295,-0.20800989866256714,0.34006524085998535,True,0.5075075030326843,0.011275791563093662,0.004985067993402481,1.2400151945257676e-06,0.7825,4.3500000000000005,4.3500000000000005,0.004983425140380859,0.0,7.761891174595803e-05,0.07771288603544235
Residual PPO,1020,8,0.4,400.0,-1.1319496631622314,-0.4326494336128235,0.2227078378200531,True,0.30704179406166077,0.004681981168687344,0.0009145904914475977,4.185257239441853e-06,0.82,4.0,4.0,0.006228625774383545,0.0,7.84735384513624e-05,0.07994865626096725
Residual PPO,1021,8,0.4,400.0,-1.4384177923202515,-0.8382971882820129,0.49743902683258057,True,0.5284044146537781,0.01744936779141426,0.010542264208197594,3.5267987641418586e-06,0.7725,4.55,4.55,0.010530471801757812,0.0,7.683532021474093e-05,0.07823971658945084
Residual PPO,1022,8,0.4,400.0,-1.999210000038147,0.8368335366249084,0.37694433331489563,True,0.6781188249588013,0.013259858824312687,0.0063157775439321995,3.7585830341413384e-06,0.75,5.0,5.0,0.006315708160400391,0.0,7.873406866565347e-05,0.07963763177394867
Residual PPO,1023,8,0.4,400.0,-1.4916963577270508,0.8117974996566772,0.4728805720806122,True,0.5351402163505554,0.015534388832747936,0.009677983820438385,1.5229325072141364e-05,0.7725,4.55,4.55,0.009669303894042969,0.0,7.425554940709844e-05,0.07980425655841827
Residual PPO,1024,8,0.4,400.0,-1.51630699634552,-0.48329436779022217,0.3110935389995575,True,0.45033857226371765,0.008640007115900517,0.00391131779178977,7.209448540379526e-06,0.795,4.55,4.55,0.003902912139892578,0.0,8.104035077849403e-05,0.07736436277627945
Residual PPO,1025,8,0.4,400.0,-0.7683239579200745,0.258014976978302,0.24864348769187927,True,0.20014925301074982,0.0035149746108800173,0.0016914814477786422,1.5834287978577777e-06,0.855,2.9000000000000004,2.9000000000000004,0.0047490596771240234,0.0,7.782384636811912e-05,0.07706638425588608
Residual PPO,1026,8,0.4,400.0,-1.7438942193984985,0.19023452699184418,0.2583710551261902,True,0.50006103515625,0.0086457384750247,0.002026529982686043,9.149836728283844e-07,0.785,4.75,4.75,0.003062009811401367,0.0,8.085260196821764e-05,0.08045632392168045
Residual PPO,1027,8,0.4,400.0,-1.9580382108688354,0.12429128587245941,0.36954861879348755,True,0.6290493607521057,0.013517193496227264,0.006039619445800781,8.070036528806668e-06,0.755,4.9,4.9,0.006039619445800781,0.0,7.530031143687665e-05,0.07902004569768906
Residual PPO,1028,8,0.4,400.0,-0.7757433652877808,-0.22796711325645447,0.4025936424732208,True,0.23138673603534698,0.0072859120555222034,0.007233015261590481,3.09390247821284e-06,0.845,3.1,3.1,0.007232189178466797,0.0,7.471028948202729e-05,0.08071011304855347
Residual PPO,1029,8,0.4,400.0,-0.7448340058326721,0.6458722352981567,0.214758962392807,True,0.22682294249534607,0.00306110130622983,0.0007776133134029806,6.224440767255146e-07,0.8575,2.85,2.85,0.00915294885635376,0.0,7.723566523054615e-05,0.07511390000581741
Residual PPO,1030,8,0.4,400.0,-1.6447029113769531,-0.9496257901191711,0.4438457489013672,True,0.5867597460746765,0.01642584800720215,0.008695042692124844,6.70515055389842e-06,0.765,4.7,4.7,0.00868988037109375,0.0,8.074536162894219e-05,0.08111997693777084
Residual PPO,1031,8,0.4,400.0,-0.9611496329307556,0.9009804725646973,0.39864641427993774,True,0.347296804189682,0.007221922744065523,0.007094940636307001,1.815796053961094e-06,0.83,3.4000000000000004,3.4000000000000004,0.007093906402587891,0.0,7.878715405240655e-05,0.07363775372505188
Residual PPO,1032,8,0.4,400.0,-0.6833899617195129,-0.5306191444396973,0.49894750118255615,True,0.2496819794178009,0.010049199685454369,0.010596890933811665,2.1962432583677582e-06,0.845,3.1,3.1,0.010584831237792969,0.0,7.381411705864593e-05,0.07830175012350082
Residual PPO,1033,8,0.4,400.0,-0.7577928304672241,0.7459949851036072,0.4761985242366791,True,0.29036661982536316,0.009189803153276443,0.009790986776351929,1.5350289686466567e-05,0.84,3.2,3.2,0.009781837463378906,0.0,7.235383964143693e-05,0.07645048946142197
Residual PPO,1034,8,0.4,400.0,-0.5296080112457275,-0.6777904629707336,0.22327283024787903,True,0.1928655058145523,0.003973307553678751,0.0009263911633752286,4.9730815590010025e-06,0.8475,3.0500000000000003,3.0500000000000003,0.0006527900695800781,0.0,7.28864106349647e-05,0.07043284177780151
Residual PPO,1035,8,0.4,400.0,-1.5201642513275146,-0.23973245918750763,0.436818927526474,True,0.4955241084098816,0.014387207105755806,0.00843680091202259,6.495472462120233e-06,0.7775,4.45,4.45,0.008432388305664062,0.0,7.32951593818143e-05,0.08078828454017639
Residual PPO,1036,8,0.4,400.0,-1.558912754058838,0.6018440127372742,0.34900519251823425,True,0.4874393045902252,0.00998123362660408,0.005298411939293146,5.15300143888453e-06,0.79,4.2,4.2,0.005297660827636719,0.0,7.790163363097236e-05,0.0756576731801033
Residual PPO,1037,8,0.4,400.0,-1.5164998769760132,-0.3818822205066681,0.38270920515060425,True,0.47342291474342346,0.011626115068793297,0.006519543472677469,5.59740965400124e-06,0.7875,4.25,4.25,0.006519317626953125,0.0,7.665995508432388e-05,0.08121108263731003
Residual PPO,1038,8,0.4,400.0,-1.5098652839660645,-0.8029577136039734,0.31811848282814026,True,0.47369521856307983,0.009200162254273891,0.00417979946359992,2.087572738673771e-06,0.79,4.6000000000000005,4.6000000000000005,0.004173755645751953,0.0,8.425588748650625e-05,0.07762590050697327
Residual PPO,1039,8,0.4,400.0,-0.6960156559944153,-0.0387578122317791,0.3661683201789856,True,0.1947951763868332,0.006013081409037113,0.005914230365306139,7.977557288540993e-06,0.855,2.9000000000000004,2.9000000000000004,0.005914211273193359,0.0,7.20294556231238e-05,0.07955849915742874
Residual PPO,1040,8,0.4,400.0,-0.7547146081924438,0.5635512471199036,0.4134989380836487,True,0.2537287771701813,0.007326146587729454,0.00762487668544054,6.938548722246196e-06,0.845,3.1,3.1,0.007622718811035156,0.0,7.335191912716255e-05,0.07639658451080322
Residual PPO,1041,8,0.4,400.0,-0.6478168964385986,-0.19675222039222717,0.46515655517578125,True,0.20660629868507385,0.008822599425911903,0.009420533664524555,1.037646688928362e-05,0.8525,2.95,2.95,0.009412765502929688,0.0,7.194295176304877e-05,0.08090533316135406
Residual PPO,1042,8,0.4,400.0,-1.463887333869934,-0.25558269023895264,0.3728010952472687,True,0.44642892479896545,0.01039260346442461,0.0061640869826078415,4.198832357360516e-06,0.795,4.1000000000000005,4.1000000000000005,0.006164073944091797,0.0,7.62447016313672e-05,0.08011684566736221
Residual PPO,1043,8,0.4,400.0,-1.7490100860595703,-0.7958716750144958,0.31946444511413574,True,0.5533671975135803,0.011638586409389973,0.004231396596878767,2.5677518351585604e-06,0.7775,4.9,4.9,0.004225730895996094,0.0,8.414425246883184e-05,0.07951078563928604
Residual PPO,1044,8,0.4,400.0,-1.981444239616394,0.7169352173805237,0.20961801707744598,True,0.5868483185768127,0.008250733837485313,0.0007362556643784046,3.1566153211315395e-06,0.77,5.0,5.0,0.010596632957458496,0.0,8.591063669882715e-05,0.07596644759178162
Residual PPO,1045,8,0.4,400.0,-0.7272861003875732,-0.39523494243621826,0.4158290922641754,True,0.23082824051380157,0.007658910937607288,0.007716630585491657,1.9718224848475074e-06,0.85,3.0,3.0,0.007714271545410156,0.0,7.47647718526423e-05,0.07630083709955215
Residual PPO,1046,8,0.4,400.0,-1.868130087852478,0.6265861392021179,0.39649125933647156,True,0.6249476075172424,0.013882700353860855,0.007010860368609428,7.108129011612618e-06,0.7575,4.8500000000000005,4.8500000000000005,0.007009983062744141,0.0,7.597156945848837e-05,0.07559911161661148
Residual PPO,1047,8,0.4,400.0,-1.1699552536010742,-0.14992530643939972,0.29876548051834106,True,0.3230445683002472,0.0054873693734407425,0.003468669019639492,4.686755801230902e-06,0.82,4.05,4.05,0.0034546852111816406,0.0,7.777701830491424e-05,0.07695961743593216
Residual PPO,1048,8,0.4,400.0,-0.9076822996139526,-0.7630760073661804,0.4824531674385071,True,0.33629751205444336,0.010316019877791405,0.010043504647910595,3.258139940953697e-06,0.825,3.5,3.5,0.010033607482910156,0.0,7.61330738896504e-05,0.08014474809169769
Residual PPO,1049,8,0.4,400.0,-1.6127384901046753,0.09402617067098618,0.43331217765808105,True,0.5276448130607605,0.014761587604880333,0.008319122716784477,3.916203240805771e-06,0.77,4.6000000000000005,4.6000000000000005,0.008315086364746094,0.0,7.250085764098912e-05,0.08049877732992172
Residual PPO,1050,8,0.4,400.0,-1.2507070302963257,-0.40418457984924316,0.49881017208099365,True,0.42992785573005676,0.014497430995106697,0.010584421455860138,4.420741333888145e-06,0.79,4.2,4.2,0.010572433471679688,0.0,7.196034130174667e-05,0.08113211393356323
Residual PPO,1051,8,0.4,400.0,-0.8433747291564941,-0.6024307608604431,0.2584548592567444,True,0.25236424803733826,0.004781382158398628,0.002025413094088435,3.7930201415292686e-06,0.835,3.6,3.6,0.001964092254638672,0.0,7.747209747321904e-05,0.07893037050962448
Residual PPO,1052,8,0.4,400.0,-1.577463150024414,-0.03658809885382652,0.32490968704223633,True,0.4646739363670349,0.009521150030195713,0.0044293212704360485,1.235022182299872e-06,0.79,4.2,4.2,0.004425048828125,0.0,7.759295840514824e-05,0.08085223287343979
Residual PPO,1053,8,0.4,400.0,-0.7320424914360046,-0.38764455914497375,0.44851720333099365,True,0.23874543607234955,0.008592410013079643,0.008856821805238724,3.0905919174983865e-06,0.845,3.1,3.1,0.008851051330566406,0.0,7.493588054785505e-05,0.07641653716564178
Residual PPO,1054,8,0.4,400.0,-1.9604523181915283,0.6108824014663696,0.3443475067615509,True,0.6319197416305542,0.012157528661191463,0.005137184634804726,3.0283333671832224e-06,0.76,4.800000000000001,4.800000000000001,0.005136013031005859,0.0,7.821598410373554e-05,0.0763230174779892
Residual PPO,1055,8,0.4,400.0,-0.8035520911216736,-0.8197364807128906,0.37500709295272827,True,0.2923755347728729,0.007301324512809515,0.00624994607642293,9.01753537618788e-07,0.8275,3.6500000000000004,3.6500000000000004,0.006249904632568359,0.0,8.333628647960722e-05,0.07589956372976303
Residual PPO,1056,8,0.4,400.0,-0.6173267960548401,-0.7547652125358582,0.33817118406295776,True,0.2353532314300537,0.005869443994015455,0.004903767723590136,5.161193257663399e-06,0.835,3.3000000000000003,3.3000000000000003,0.004901885986328125,0.0,7.422431372106075e-05,0.07671007513999939
Residual PPO,1057,8,0.4,400.0,-1.4013786315917969,-0.020997419953346252,0.2980625629425049,True,0.39502182602882385,0.0067061446607112885,0.003449010197073221,1.2608430779437185e-06,0.8075,3.85,3.85,0.0034346580505371094,0.0,7.882665522629395e-05,0.08048661053180695
Residual PPO,1058,8,0.4,400.0,-1.9344123601913452,-0.6835842132568359,0.34246277809143066,True,0.6229822039604187,0.013291926123201847,0.005056335125118494,8.731047273613513e-06,0.7625,4.75,4.75,0.005054950714111328,0.0,8.144952880684286e-05,0.07811253517866135
Residual PPO,1059,8,0.4,400.0,-1.3239208459854126,-0.34795770049095154,0.3298633396625519,True,0.3865201473236084,0.007262023631483316,0.004598525818437338,5.4240122153714765e-06,0.81,3.8000000000000003,3.8000000000000003,0.004595279693603516,0.0,7.893398287706077e-05,0.0782332643866539
Residual PPO,1060,8,0.4,400.0,-0.5232435464859009,-0.8263487219810486,0.4775193929672241,True,0.24892066419124603,0.009371698834002018,0.009847409091889858,1.0032328646047972e-05,0.835,3.3000000000000003,3.3000000000000003,0.009838104248046875,0.0,7.501278014387935e-05,0.07736250013113022
Residual PPO,1061,8,0.4,400.0,-1.0766786336898804,0.09924349933862686,0.28927016258239746,True,0.29176345467567444,0.004872199613600969,0.003130935365334153,1.7172956177091692e-06,0.83,3.4000000000000004,3.4000000000000004,0.0031108856201171875,0.0,7.562648534076288e-05,0.07974506169557571
Residual PPO,1062,8,0.4,400.0,-1.020176649093628,-0.6513675451278687,0.4292861223220825,True,0.3416465222835541,0.008924894966185093,0.008169963955879211,8.770887689024676e-06,0.8225,3.5500000000000003,3.5500000000000003,0.008166313171386719,0.0,7.731741789029911e-05,0.07901035994291306
Residual PPO,1063,8,0.4,400.0,-0.5567145943641663,0.6067063212394714,0.2895512878894806,True,0.19133642315864563,0.003438374027609825,0.0031302999705076218,6.468612355092773e-06,0.87,2.6,2.6,0.0031104087829589844,0.0,6.868578202556819e-05,0.07390867173671722
Residual PPO,1064,8,0.4,400.0,-1.6129041910171509,-0.13716638088226318,0.24278511106967926,True,0.44866275787353516,0.007294497452676296,0.00149204779881984,3.810261432590778e-06,0.7925,4.6000000000000005,4.6000000000000005,0.004898428916931152,0.0,8.210312807932496e-05,0.0806555226445198
Residual PPO,1065,8,0.4,400.0,-0.5033138990402222,-0.5932050347328186,0.453745573759079,True,0.20281724631786346,0.008380662649869919,0.009045286104083061,8.592635367676849e-07,0.85,3.2,3.2,0.009038925170898438,0.0,7.238872785819694e-05,0.07927256077528
Residual PPO,1066,8,0.4,400.0,-1.3762075901031494,0.32575497031211853,0.20805609226226807,True,0.3704523742198944,0.004650982096791267,0.0007343516917899251,3.4275490179425105e-06,0.805,4.3,4.3,0.010755479335784912,0.0,8.10136625659652e-05,0.07571747899055481
Residual PPO,1067,8,0.4,400.0,-0.6176835894584656,0.9055254459381104,0.20151829719543457,True,0.24688318371772766,0.0027253550942987204,0.00077156099723652,6.608136118302355e-07,0.845,3.1,3.1,0.007252514362335205,0.0,7.134366751415655e-05,0.06762098520994186
Residual PPO,1068,8,0.4,400.0,-0.7787961959838867,0.5352519750595093,0.25048118829727173,True,0.22645819187164307,0.0034413347020745277,0.0017482461407780647,4.356320005172165e-06,0.8525,2.95,2.95,0.004288613796234131,0.0,7.761413144180551e-05,0.07554295659065247
Residual PPO,1069,8,0.4,400.0,-0.5076419115066528,0.8446078896522522,0.24751581251621246,True,0.22272475063800812,0.0026145430747419596,0.0016489623812958598,3.979158918809844e-06,0.8525,2.95,2.95,0.001556396484375,0.0,6.65599072817713e-05,0.06642512232065201
Residual PPO,1070,8,0.4,400.0,-1.6644020080566406,0.9533751606941223,0.22921264171600342,True,0.5107681751251221,0.0067326826974749565,0.001075785723514855,5.569183031184366e-06,0.7925,4.15,4.15,0.007887601852416992,0.0,8.759977936279029e-05,0.07887260615825653
Residual PPO,1071,8,0.4,400.0,-1.6379417181015015,0.7469041347503662,0.26974478363990784,True,0.4957634210586548,0.007698460482060909,0.0024208310060203075,4.325342160882428e-06,0.7925,4.15,4.15,0.002379894256591797,0.0,8.303398499265313e-05,0.07543618977069855
Residual PPO,1072,8,0.4,400.0,-1.22187077999115,0.3675197660923004,0.4661308228969574,True,0.4038792848587036,0.011617973446846008,0.0094492482021451,1.2506347957241815e-05,0.8,4.0,4.0,0.009441375732421875,0.0,7.141497917473316e-05,0.07931142300367355
Residual PPO,1073,8,0.4,400.0,-1.5133368968963623,0.8512749075889587,0.3800120949745178,True,0.5038877129554749,0.010795175097882748,0.006426956504583359,3.1235865662893048e-06,0.7875,4.25,4.25,0.006426811218261719,0.0,7.886789535405114e-05,0.07820294797420502
Residual PPO,1074,8,0.4,400.0,-0.5001789927482605,-0.2884053587913513,0.4962819218635559,True,0.17668962478637695,0.009494299069046974,0.010516433045268059,2.6003410766861634e-06,0.8625,2.75,2.75,0.010504722595214844,0.0,7.000331243034452e-05,0.07730612903833389
Residual PPO,1075,8,0.4,400.0,-0.8189709782600403,0.9466501474380493,0.23914383351802826,True,0.294375479221344,0.0034471929538995028,0.0013775354018434882,2.7013816179533023e-06,0.8475,3.0500000000000003,3.0500000000000003,0.004163980484008789,0.0,7.739925786154345e-05,0.0700334832072258
Residual PPO,1076,8,0.4,400.0,-1.445397138595581,-0.562984049320221,0.45283621549606323,True,0.4880763590335846,0.014648391865193844,0.0089870011433959,1.2986384717805777e-05,0.7825,4.3500000000000005,4.3500000000000005,0.008980751037597656,0.0,7.528206333518028e-05,0.07684445381164551
Residual PPO,1077,8,0.4,400.0,-0.6151338219642639,-0.8893533945083618,0.2694230377674103,True,0.2516670525074005,0.005356595851480961,0.0024139878805726767,3.06744254885416e-06,0.8375,3.25,3.25,0.00237274169921875,0.0,7.487331458833069e-05,0.0684075728058815
Residual PPO,1078,8,0.4,400.0,-0.6580581068992615,-0.6858707666397095,0.23459486663341522,True,0.21916048228740692,0.004405898042023182,0.0012369615724310279,2.580959517217707e-06,0.8375,3.3000000000000003,3.3000000000000003,0.0010790824890136719,0.0,8.134388917824253e-05,0.07600390911102295
Residual PPO,1079,8,0.4,400.0,-0.5874135494232178,0.8651593327522278,0.4896434247493744,True,0.27066680788993835,0.009422092698514462,0.010287647135555744,1.3979890809423523e-06,0.85,3.0,3.0,0.01027679443359375,0.0,7.10200474713929e-05,0.07203924655914307
Residual PPO,1080,8,0.4,400.0,-0.6397119164466858,0.7102972865104675,0.367546945810318,True,0.23583605885505676,0.005809287540614605,0.0059757293201982975,2.152114120690385e-06,0.8575,2.85,2.85,0.0059757232666015625,0.0,7.124697003746405e-05,0.0740790143609047
Residual PPO,1081,8,0.4,400.0,-1.3320256471633911,0.8601993322372437,0.3006768822669983,True,0.4210703372955322,0.0057748062536120415,0.0035467513371258974,5.909052447350405e-07,0.81,3.8000000000000003,3.8000000000000003,0.0035338401794433594,0.0,8.258493471657857e-05,0.07852636277675629
Residual PPO,1082,8,0.4,400.0,-0.9581221342086792,-0.30673766136169434,0.3117980659008026,True,0.26848292350769043,0.005401534494012594,0.0039543588645756245,8.161293862940511e-07,0.83,3.8000000000000003,3.8000000000000003,0.0039463043212890625,0.0,7.635019574081525e-05,0.07883165031671524
Residual PPO,1083,8,0.4,400.0,-1.3940625190734863,0.6289385557174683,0.21643398702144623,True,0.39632296562194824,0.004609748721122742,0.0007991220918484032,2.0685652089014184e-06,0.81,3.8000000000000003,3.8000000000000003,0.009744346141815186,0.0,8.296855230582878e-05,0.07916954159736633
Residual PPO,1084,8,0.4,400.0,-0.7371216416358948,-0.8951173424720764,0.4071005880832672,True,0.29500213265419006,0.008135038428008556,0.007386885583400726,6.192935416038381e-06,0.82,3.6,3.6,0.00738525390625,0.0,7.879796612542123e-05,0.0782192200422287
Residual PPO,1085,8,0.4,400.0,-0.7224554419517517,-0.08529454469680786,0.4138740301132202,True,0.2135556936264038,0.007433450315147638,0.0076325424015522,4.506846835283795e-06,0.85,3.0,3.0,0.007630348205566406,0.0,7.247271423693746e-05,0.07846931368112564
Residual PPO,1086,8,0.4,400.0,-0.7490203976631165,-0.7008727788925171,0.4387705326080322,True,0.2740575671195984,0.008628650568425655,0.008512397296726704,4.474329216463957e-06,0.835,3.6,3.6,0.00850820541381836,0.0,7.812666444806382e-05,0.07682973146438599
Residual PPO,1087,8,0.4,400.0,-1.2718281745910645,-0.8616007566452026,0.3274095356464386,True,0.409891813993454,0.007479230407625437,0.004523176234215498,1.1297811397525948e-06,0.805,4.25,4.25,0.004519462585449219,0.0,8.446007268503308e-05,0.0802711546421051
Residual PPO,1088,8,0.4,400.0,-1.148199200630188,-0.9221230149269104,0.4605681300163269,True,0.4214889109134674,0.01128031499683857,0.009271159768104553,5.950456397840753e-06,0.8075,3.85,3.85,0.009263992309570312,0.0,7.986171112861484e-05,0.0812917947769165
Residual PPO,1089,8,0.4,400.0,-1.8535881042480469,0.5890284776687622,0.37915652990341187,True,0.6080332398414612,0.013196014799177647,0.00639689015224576,3.3578555758140283e-06,0.7625,4.75,4.75,0.006396770477294922,0.0,7.64907817938365e-05,0.07824716717004776
Residual PPO,1090,8,0.4,400.0,-0.9845758080482483,-0.6573527455329895,0.30003631114959717,True,0.3020942509174347,0.005679747089743614,0.0035199220292270184,2.338725153094856e-06,0.8225,3.85,3.85,0.0035066604614257812,0.0,7.869861292419955e-05,0.08061891794204712
Residual PPO,1091,8,0.4,400.0,-1.8845704793930054,-0.6914018392562866,0.36124923825263977,True,0.6141394972801208,0.0137878293171525,0.0057355179451406,1.0035229934146628e-05,0.7625,4.75,4.75,0.0057353973388671875,0.0,8.067894668783993e-05,0.07850801944732666
Residual PPO,1092,8,0.4,400.0,-1.9696727991104126,-0.2278679758310318,0.31251582503318787,True,0.6048381924629211,0.01188596710562706,0.003964230418205261,9.151103768090252e-06,0.765,4.7,4.7,0.003956317901611328,0.0,7.889344124123454e-05,0.08034772425889969
Residual PPO,1093,8,0.4,400.0,-0.8791002631187439,0.07968070358037949,0.43002596497535706,True,0.2651706337928772,0.008104625158011913,0.008212010376155376,1.4296805375124677e-06,0.835,3.3000000000000003,3.3000000000000003,0.008208274841308594,0.0,7.385904609691352e-05,0.08064936846494675
Residual PPO,1094,8,0.4,400.0,-0.9031349420547485,-0.5643354058265686,0.2514164447784424,True,0.2618938088417053,0.004736884031444788,0.0017815765459090471,4.086384706170065e-06,0.8325,3.7,3.7,0.0017018318176269531,0.0,7.630130130564794e-05,0.07808048278093338
Residual PPO,1095,8,0.4,400.0,-1.3096781969070435,-0.4019305408000946,0.2943161725997925,True,0.37403422594070435,0.006255538202822208,0.0033162888139486313,7.426676233990293e-07,0.8075,4.25,4.25,0.003299713134765625,0.0,8.06180396466516e-05,0.0804038867354393
Residual PPO,1096,8,0.4,400.0,-0.5565752387046814,0.7886120080947876,0.27283963561058044,True,0.22118519246578217,0.0031420125160366297,0.002541149500757456,2.2616418959842122e-07,0.865,2.7,2.7,0.0025048255920410156,0.0,6.855346873635426e-05,0.0700531005859375
Residual PPO,1097,8,0.4,400.0,-1.3080552816390991,0.037033263593912125,0.27344202995300293,True,0.3581100404262543,0.005418285261839628,0.0025661643594503403,1.9307474303786876e-06,0.8125,4.2,4.2,0.0025305747985839844,0.0,7.907785766292363e-05,0.07944835722446442
Residual PPO,1098,8,0.4,400.0,-1.2224541902542114,-0.25077617168426514,0.4742331802845001,True,0.4023107886314392,0.01237472239881754,0.009762066416442394,4.241006536176428e-06,0.7975,4.05,4.05,0.009753227233886719,0.0,7.195542275439948e-05,0.08088377118110657
Residual PPO,1099,8,0.4,400.0,-1.9130916595458984,0.09447009861469269,0.36984628438949585,True,0.6111688613891602,0.013412769883871078,0.006055355072021484,5.813091775053181e-06,0.7575,4.8500000000000005,4.8500000000000005,0.006055355072021484,0.0,7.523854583268985e-05,0.08060340583324432
