method,alpha,seed,initial_uav_x,initial_uav_y,ugv_vx,success,rmse,steady_rmse,max_tracking_error,final_error,final_relative_speed,stable_ratio,capture_time,forward_overshoot,ahead_ratio,command_smoothness,mean_abs_velocity_error,total_reward,held_out
Nominal Residual PPO,0.0,1000,-1.2179213762283325,0.20768369734287262,0.34128254652023315,True,0.3612095665501576,0.013683193356569064,1.2965424060821533,0.005001693498343229,1.3944091733719688e-05,0.8125,3.75,0.005000114440917969,0.505,3.379302830571665e-05,0.0,259.9993637975407,False
Nominal Residual PPO,0.0,1001,-1.0811076164245605,-0.9685990810394287,0.25630688667297363,True,0.3760833371911697,0.016620411467153002,1.4634742736816406,0.0019275072263553739,1.6550966392969713e-05,0.81,3.8000000000000003,0.0018596649169921875,0.4125,4.318963358177512e-05,0.0,256.1891897431613,False
Nominal Residual PPO,0.0,1002,-1.428768277168274,-0.28562131524086,0.4242836833000183,True,0.4624569899563298,0.02143478039041708,1.5500004291534424,0.007963348180055618,2.4469538402627222e-05,0.7875,4.25,0.007960319519042969,0.5075,3.21958141391968e-05,0.0,227.91166899013504,False
Nominal Residual PPO,0.0,1003,-1.7183640003204346,-0.48658838868141174,0.34840381145477295,True,0.5438386014875692,0.023328004221357272,1.8390741348266602,0.005236085969954729,2.6381725547253154e-05,0.7725,4.55,0.005235195159912109,0.4625,3.670249845655411e-05,0.0,207.31395074910705,False
Nominal Residual PPO,0.0,1004,-1.998679280281067,-0.7396973967552185,0.24154320359230042,True,0.6163114995931639,0.024074100971503774,2.150963544845581,0.0014178375713527203,2.4515633413102478e-05,0.7625,4.75,0.0012950897216796875,0.3375,4.4138096057378147e-05,0.0,191.08349627897863,False
Nominal Residual PPO,0.0,1005,-1.8766711950302124,0.8611240983009338,0.28618520498275757,True,0.602458150752614,0.020859227249441774,2.090625047683716,0.0029817847535014153,2.1567355361185037e-05,0.7675,4.65,0.0029582977294921875,0.43,3.913275566684782e-05,0.0,196.20108799596605,False
Nominal Residual PPO,0.0,1006,-1.4946178197860718,0.20171388983726501,0.28934937715530396,True,0.43632839985692107,0.015342537030091408,1.5514538288116455,0.0031171035952866077,1.1388018720026594e-05,0.795,4.1000000000000005,0.0030965805053710938,0.4525,3.615180466948677e-05,0.0,239.52566942113586,False
Nominal Residual PPO,0.0,1007,-1.8931626081466675,0.6319606900215149,0.39287856221199036,True,0.639272329207733,0.028452311478134054,2.0610768795013428,0.00684319855645299,2.6273884941474535e-05,0.755,4.9,0.006842613220214844,0.47,3.290406170896699e-05,0.0,179.26265936777395,False
Nominal Residual PPO,0.0,1008,-1.749120831489563,0.6261014938354492,0.26522985100746155,True,0.5335387922239125,0.017587458260093943,1.8834666013717651,0.002247939119115472,1.3434510037768632e-05,0.7775,4.45,0.0021986961364746094,0.415,3.8538380318687577e-05,0.0,214.28936454503875,False
Nominal Residual PPO,0.0,1009,-1.9152493476867676,-0.3461688160896301,0.2149554342031479,True,0.5579289327199792,0.019593172796348646,1.9666138887405396,0.0007689861813560128,1.8362397895543836e-05,0.77,4.6000000000000005,0.0003190040588378906,0.2275,4.177825498661061e-05,0.0,206.28245329694454,False
Nominal Residual PPO,0.0,1010,-1.8575115203857422,0.07161146402359009,0.4753030240535736,True,0.6557147704746803,0.03814190542191486,1.9881092309951782,0.00969989225268364,4.745781552628614e-05,0.74,5.2,0.009691238403320312,0.4725,2.869144137685064e-05,0.0,164.7495236318369,False
Nominal Residual PPO,0.0,1011,-1.57381272315979,0.12664707005023956,0.26378002762794495,True,0.45351419651851005,0.015551381617374729,1.6155236959457397,0.0021974556148052216,1.2921393135911785e-05,0.79,4.2,0.0021457672119140625,0.4175,3.744530796841603e-05,0.0,234.55191526294527,False
Nominal Residual PPO,0.0,1012,-1.5405192375183105,0.561293363571167,0.2715309262275696,True,0.463281165026422,0.015351935720208347,1.6671758890151978,0.0024710961151868105,1.3396152098721359e-05,0.7925,4.15,0.0024318695068359375,0.4375,3.762917657094962e-05,0.0,233.94531953723305,False
Nominal Residual PPO,0.0,1013,-0.8082606196403503,-0.8420410752296448,0.401797890663147,True,0.3158614603824914,0.015486035028494724,1.1964707374572754,0.0071718767285346985,2.0352317733340897e-05,0.8175,3.6500000000000004,0.007170677185058594,0.5375,4.797574726555492e-05,0.0,268.49429491738664,False
Nominal Residual PPO,0.0,1014,-1.3467140197753906,0.1714046150445938,0.4693894386291504,True,0.44937043517983744,0.021657643846899416,1.4806573390960693,0.009526695124804974,3.117717642453499e-05,0.79,4.2,0.009518623352050781,0.5225,2.8957786616225076e-05,0.0,230.5157233365461,False
Nominal Residual PPO,0.0,1015,-1.4601455926895142,0.21413566172122955,0.39239153265953064,True,0.4592255012025719,0.01915055645009371,1.5589067935943604,0.006839871406555176,1.858260111475829e-05,0.79,4.2,0.006839275360107422,0.5025,3.176390257426672e-05,0.0,230.80010414715863,False
Nominal Residual PPO,0.0,1016,-1.6580126285552979,-0.11461202055215836,0.3060871958732605,True,0.49482224578775713,0.018821691029434946,1.7121773958206177,0.0036991529632359743,2.37389267567778e-05,0.7825,4.3500000000000005,0.003688335418701172,0.45,3.61181014158881e-05,0.0,222.42609751015348,False
Nominal Residual PPO,0.0,1017,-0.62247234582901,0.6426637768745422,0.4917738139629364,True,0.25498970475691984,0.01284474221072207,0.9478725790977478,0.010344062931835651,7.2557045314169955e-06,0.8425,3.1500000000000004,0.010333061218261719,0.6025,2.99068269153022e-05,0.0,289.29779459431927,False
Nominal Residual PPO,0.0,1018,-1.1090368032455444,-0.0900818482041359,0.4614541530609131,True,0.3585906440022958,0.017075959334439558,1.2328956127166748,0.009289258159697056,1.357173914584564e-05,0.8125,3.75,0.009282112121582031,0.54,3.0020571858631074e-05,0.0,257.86163563289193,False
Nominal Residual PPO,0.0,1019,-1.674609661102295,-0.20800989866256714,0.34006524085998535,True,0.5148280684656397,0.02096084951867998,1.748307704925537,0.004948955029249191,1.822301965148654e-05,0.7775,4.45,0.004947185516357422,0.465,3.525796714085987e-05,0.0,215.53915945659907,False
Nominal Residual PPO,0.0,1020,-1.1319496631622314,-0.4326494336128235,0.2227078378200531,True,0.319119361798938,0.01222703075551813,1.2291920185089111,0.000903709908016026,1.3788575415674131e-05,0.825,3.5,0.0006151199340820312,0.33,3.7560317634568556e-05,0.0,273.64321795349304,False
Nominal Residual PPO,0.0,1021,-1.4384177923202515,-0.8382971882820129,0.49743902683258057,True,0.5359554323992696,0.02965970171279438,1.7444440126419067,0.010492485947906971,3.0480723580694757e-05,0.7675,4.65,0.010480880737304688,0.505,3.482867424302613e-05,0.0,202.50735871727744,False
Nominal Residual PPO,0.0,1022,-1.999210000038147,0.8368335366249084,0.37694433331489563,True,0.6856614998964229,0.029940199147362852,2.218454360961914,0.006273310631513596,2.497606328688562e-05,0.7475,5.050000000000001,0.0062732696533203125,0.46,3.501401607418453e-05,0.0,167.18609746618944,False
Nominal Residual PPO,0.0,1023,-1.4916963577270508,0.8117974996566772,0.4728805720806122,True,0.5421852511930904,0.02607387677191626,1.7737066745758057,0.00964532233774662,3.221473525627516e-05,0.7725,4.55,0.009636878967285156,0.5125,3.101288991504753e-05,0.0,204.84807693641926,False
Nominal Residual PPO,0.0,1024,-1.51630699634552,-0.48329436779022217,0.3110935389995575,True,0.4610966797741957,0.018551961620146364,1.631180763244629,0.003881096839904785,2.3821952709113248e-05,0.7925,4.15,0.003872394561767578,0.4575,3.8642499517637953e-05,0.0,232.7596933817429,False
Nominal Residual PPO,0.0,1025,-0.7683239579200745,0.258014976978302,0.24864348769187927,True,0.20762118218142367,0.007234308348121746,0.8374007940292358,0.001686630304902792,5.382567451306386e-06,0.8575,2.85,0.0015974044799804688,0.4675,3.6361616692333016e-05,0.0,307.6098173454345,False
Nominal Residual PPO,0.0,1026,-1.7438942193984985,0.19023452699184418,0.2583710551261902,True,0.509953556653324,0.01727477500172671,1.788628101348877,0.0020020385272800922,1.5804791473783553e-05,0.78,4.4,0.0019388198852539062,0.4,3.7808728070422176e-05,0.0,219.63868166285107,False
Nominal Residual PPO,0.0,1027,-1.9580382108688354,0.12429128587245941,0.36954861879348755,True,0.6339989595425122,0.028007719825647155,2.037653923034668,0.005995755549520254,2.9756920412182808e-05,0.7525,4.95,0.005995750427246094,0.4575,3.27447717083837e-05,0.0,179.67170893802458,False
Nominal Residual PPO,0.0,1028,-0.7757433652877808,-0.22796711325645447,0.4025936424732208,True,0.23994916693895374,0.011350352446504218,0.8892406821250916,0.007213898003101349,1.2916766536363866e-05,0.8475,3.0500000000000003,0.007212638854980469,0.5575,3.6491334304203955e-05,0.0,294.9285432877692,False
Nominal Residual PPO,0.0,1029,-0.7448340058326721,0.6458722352981567,0.214758962392807,True,0.23715332595249355,0.008169655058761046,0.9937342405319214,0.0007768401992507279,3.2304915293934755e-06,0.8575,2.85,0.00034046173095703125,0.3525,3.674378597434332e-05,0.0,302.4008520692159,False
Nominal Residual PPO,0.0,1030,-1.6447029113769531,-0.9496257901191711,0.4438457489013672,True,0.5955281522002314,0.031078558350822964,1.9598075151443481,0.008641497232019901,3.102056143688969e-05,0.7625,4.75,0.008636474609375,0.485,3.807864858859114e-05,0.0,189.93411208663127,False
Nominal Residual PPO,0.0,1031,-0.9611496329307556,0.9009804725646973,0.39864641427993774,True,0.36069608613804366,0.014625694541133258,1.349510669708252,0.0070791481994092464,1.0611074685584754e-05,0.8225,3.5500000000000003,0.0070781707763671875,0.5575,3.718185160182717e-05,0.0,263.5714123039674,False
Nominal Residual PPO,0.0,1032,-0.6833899617195129,-0.5306191444396973,0.49894750118255615,True,0.26024492422186873,0.01449673767591098,0.9415234923362732,0.010577704757452011,1.2755440366163384e-05,0.8325,3.35,0.010565757751464844,0.575,3.376680796471618e-05,0.0,283.3675646528552,False
Nominal Residual PPO,0.0,1033,-0.7577928304672241,0.7459949851036072,0.4761985242366791,True,0.30142455224302767,0.01404701410006488,1.111611008644104,0.009787026792764664,1.764213084243238e-05,0.8325,3.35,0.009778022766113281,0.5875,3.062750376871184e-05,0.0,277.1402848393554,False
Nominal Residual PPO,0.0,1034,-0.5296080112457275,-0.6777904629707336,0.22327283024787903,True,0.20482997411697815,0.009737574264769667,0.8656488060951233,0.0009202964720316231,1.0575606211205013e-05,0.8525,2.95,0.0006427764892578125,0.3625,4.088414020888503e-05,0.0,304.0723398128063,False
Nominal Residual PPO,0.0,1035,-1.5201642513275146,-0.23973245918750763,0.436818927526474,True,0.5005165022576762,0.02403917001419142,1.6411229372024536,0.008398514240980148,2.8070231564925052e-05,0.7775,4.45,0.008394241333007812,0.5,3.129054166415558e-05,0.0,215.63828291877954,False
Nominal Residual PPO,0.0,1036,-1.558912754058838,0.6018440127372742,0.34900519251823425,True,0.49636031526192276,0.01874446498900065,1.7183763980865479,0.005269885063171387,2.006366958084982e-05,0.785,4.3,0.005269050598144531,0.4875,3.439545554681501e-05,0.0,222.8572546139213,False
Nominal Residual PPO,0.0,1037,-1.5164998769760132,-0.3818822205066681,0.38270920515060425,True,0.48075794834040486,0.021110840268792567,1.6335798501968384,0.006482794415205717,2.308582406840287e-05,0.785,4.3,0.006482601165771484,0.49,3.450655534941406e-05,0.0,224.30279398381023,False
Nominal Residual PPO,0.0,1038,-1.5098652839660645,-0.8029577136039734,0.31811848282814026,True,0.4864528418480248,0.02071700329344498,1.7404906749725342,0.004146654158830643,1.9305562091176398e-05,0.79,4.2,0.004140377044677734,0.4575,4.174105140315877e-05,0.0,226.6839415655979,False
Nominal Residual PPO,0.0,1039,-0.6960156559944153,-0.0387578122317791,0.3661683201789856,True,0.20191070644222361,0.00906906304770791,0.7714503407478333,0.005900407675653696,1.5028687812446151e-05,0.86,2.8000000000000003,0.005900382995605469,0.56,3.2832484349579534e-05,0.0,307.5968201233497,False
Nominal Residual PPO,0.0,1040,-0.7547146081924438,0.5635512471199036,0.4134989380836487,True,0.2632780248036639,0.011347396112603342,0.990514874458313,0.007605741731822491,1.2641932698898017e-05,0.845,3.1,0.007603645324707031,0.5775,3.1894463538741946e-05,0.0,290.15992505833293,False
Nominal Residual PPO,0.0,1041,-0.6478168964385986,-0.19675222039222717,0.46515655517578125,True,0.21441344266458162,0.011732561049900943,0.7885604500770569,0.009408990852534771,1.696733852440957e-05,0.855,2.9000000000000004,0.009401321411132812,0.5825,3.1340534637126076e-05,0.0,301.5357090355993,False
Nominal Residual PPO,0.0,1042,-1.463887333869934,-0.25558269023895264,0.3728010952472687,True,0.4538705144520529,0.019265359463827302,1.5576238632202148,0.00613022455945611,2.076398959616199e-05,0.7925,4.15,0.006130218505859375,0.4925,3.403717664505661e-05,0.0,232.99787833732668,False
Nominal Residual PPO,0.0,1043,-1.7490100860595703,-0.7958716750144958,0.31946444511413574,True,0.5642242312306405,0.02418181575516368,1.9551773071289062,0.004192560911178589,2.1603709683404304e-05,0.7725,4.55,0.0041866302490234375,0.4425,4.1297096564714376e-05,0.0,204.0790812916677,False
Nominal Residual PPO,0.0,1044,-1.981444239616394,0.7169352173805237,0.20961801707744598,True,0.5992311773346443,0.018117617869650497,2.121452808380127,0.0007362143369391561,1.5542596884188242e-05,0.7675,4.65,0.00012683868408203125,0.1625,4.17519984236536e-05,0.0,198.1501490596846,False
Nominal Residual PPO,0.0,1045,-0.7272861003875732,-0.39523494243621826,0.4158290922641754,True,0.24043115399796006,0.011921353391011077,0.8941770792007446,0.00768606411293149,1.370856352878036e-05,0.8475,3.0500000000000003,0.007683753967285156,0.5625,3.649918588009959e-05,0.0,294.3983458600705,False
Nominal Residual PPO,0.0,1046,-1.868130087852478,0.6265861392021179,0.39649125933647156,True,0.6311998971918823,0.028130668007809233,2.037029266357422,0.006969756912440062,2.7617479645414278e-05,0.755,4.9,0.006968975067138672,0.4725,3.281732084238274e-05,0.0,180.88837790351874,False
Nominal Residual PPO,0.0,1047,-1.1699552536010742,-0.14992530643939972,0.29876548051834106,True,0.3337308119945226,0.012694326551904628,1.2259840965270996,0.0034499196335673332,1.4883230505802203e-05,0.82,3.6,0.0034356117248535156,0.4775,3.5811656117711357e-05,0.0,268.4623702919447,False
Nominal Residual PPO,0.0,1048,-0.9076822996139526,-0.7630760073661804,0.4824531674385071,True,0.34747291233635924,0.017993744415479185,1.2431679964065552,0.010012884624302387,1.3787170246359892e-05,0.81,3.8000000000000003,0.010003089904785156,0.55,3.5336851168993315e-05,0.0,258.42966622110947,False
Nominal Residual PPO,0.0,1049,-1.6127384901046753,0.09402617067098618,0.43331217765808105,True,0.5319633190981956,0.025200750546482683,1.7216302156448364,0.008279870264232159,2.606411544547882e-05,0.77,4.6000000000000005,0.008275985717773438,0.495,3.0216945008146517e-05,0.0,206.28255975975802,False
Nominal Residual PPO,0.0,1050,-1.2507070302963257,-0.40418457984924316,0.49881017208099365,True,0.4350987949909772,0.022915423569298713,1.4333502054214478,0.010547056794166565,2.5346645998070017e-05,0.7925,4.15,0.010535240173339844,0.5275,3.057906698571861e-05,0.0,233.27467195761022,False
Nominal Residual PPO,0.0,1051,-0.8433747291564941,-0.6024307608604431,0.2584548592567444,True,0.26431789598665983,0.011323736010086446,1.0516074895858765,0.0020110695622861385,1.1554316188266966e-05,0.8425,3.1500000000000004,0.0019488334655761719,0.445,3.847891277523341e-05,0.0,289.8834395844236,False
Nominal Residual PPO,0.0,1052,-1.577463150024414,-0.03658809885382652,0.32490968704223633,True,0.47278937412101474,0.01822258956072124,1.6356801986694336,0.004399011377245188,1.7068179658963345e-05,0.7875,4.25,0.00439453125,0.4675,3.500355629865137e-05,0.0,228.4833905197184,False
Nominal Residual PPO,0.0,1053,-0.7320424914360046,-0.38764455914497375,0.44851720333099365,True,0.24837136511232671,0.012827897806415344,0.9092598557472229,0.00884433463215828,1.0709512025641743e-05,0.845,3.1,0.008838653564453125,0.5675,3.602297896169558e-05,0.0,291.4608720369109,False
Nominal Residual PPO,0.0,1054,-1.9604523181915283,0.6108824014663696,0.3443475067615509,True,0.6391269523722567,0.025665367410665187,2.1031830310821533,0.005099654197692871,2.1521114831557497e-05,0.755,4.9,0.0050983428955078125,0.4525,3.4842045009373584e-05,0.0,181.11391696265878,False
Nominal Residual PPO,0.0,1055,-0.8035520911216736,-0.8197364807128906,0.37500709295272827,True,0.30623254200904976,0.014682528492291753,1.1733254194259644,0.006228003650903702,1.1947429811698385e-05,0.8225,3.5500000000000003,0.006227970123291016,0.53,4.8552763752444716e-05,0.0,272.62878947101234,False
Nominal Residual PPO,0.0,1056,-0.6173267960548401,-0.7547652125358582,0.33817118406295776,True,0.24839963371075557,0.011969814042201227,0.9910121560096741,0.004886659327894449,1.3843806300428696e-05,0.835,3.3000000000000003,0.0048847198486328125,0.5275,4.155719531887033e-05,0.0,288.43504476795994,False
Nominal Residual PPO,0.0,1057,-1.4013786315917969,-0.020997419953346252,0.2980625629425049,True,0.4056414251949154,0.014901214510826044,1.4497898817062378,0.003426517592743039,1.451965727028437e-05,0.8025,3.95,0.0034117698669433594,0.4625,3.6218528421756396e-05,0.0,248.06685990886766,False
Nominal Residual PPO,0.0,1058,-1.9344123601913452,-0.6835842132568359,0.34246277809143066,True,0.6312327945422812,0.028171992083940094,2.0965728759765625,0.0050116428174078465,3.0444767617154866e-05,0.7575,4.8500000000000005,0.005010128021240234,0.4425,3.878830176314311e-05,0.0,183.26370178394848,False
Nominal Residual PPO,0.0,1059,-1.3239208459854126,-0.34795770049095154,0.3298633396625519,True,0.3972665547553616,0.01607345279703411,1.4192335605621338,0.0045724413357675076,2.0310902982600965e-05,0.805,3.9000000000000004,0.004569053649902344,0.485,3.670670631421528e-05,0.0,249.80505215838778,False
Nominal Residual PPO,0.0,1060,-0.5232435464859009,-0.8263487219810486,0.4775193929672241,True,0.26284900479481216,0.01466824881713187,1.0047281980514526,0.009829203598201275,2.043063796008937e-05,0.825,3.5,0.009819984436035156,0.5775,3.732412776730269e-05,0.0,279.9767464171008,False
Nominal Residual PPO,0.0,1061,-1.0766786336898804,0.09924349933862686,0.28927016258239746,True,0.3013930974848205,0.010866858555503244,1.1258193254470825,0.0031151194125413895,9.97618099063402e-06,0.8275,3.45,0.0030946731567382812,0.4825,3.347654478184428e-05,0.0,277.92627567313133,False
Nominal Residual PPO,0.0,1062,-1.020176649093628,-0.6513675451278687,0.4292861223220825,True,0.35277911145896823,0.016931326091073576,1.2664623260498047,0.00814889743924141,2.018787563429214e-05,0.815,3.7,0.008145332336425781,0.535,3.5991819854898124e-05,0.0,260.37348492757474,False
Nominal Residual PPO,0.0,1063,-0.5567145943641663,0.6067063212394714,0.2895512878894806,True,0.20013959660225067,0.007652668965820275,0.8364686965942383,0.003128601238131523,7.544506388512673e-06,0.87,2.6,0.003108501434326172,0.5575,2.8332744215739333e-05,0.0,312.8787578922906,False
Nominal Residual PPO,0.0,1064,-1.6129041910171509,-0.13716638088226318,0.24278511106967926,True,0.46044632617698633,0.0160682424018262,1.6486083269119263,0.0014716737205162644,1.713128949631937e-05,0.79,4.2,0.0013566017150878906,0.3725,3.937202904948977e-05,0.0,233.23643526106466,False
Nominal Residual PPO,0.0,1065,-0.5033138990402222,-0.5932050347328186,0.453745573759079,True,0.21397964609101167,0.012054306622598569,0.8157080411911011,0.009028063155710697,1.0082629160024226e-05,0.845,3.1,0.009021759033203125,0.5825,3.3628060835625936e-05,0.0,297.2607645409345,False
Nominal Residual PPO,0.0,1066,-1.3762075901031494,0.32575497031211853,0.20805609226226807,True,0.3826971067691743,0.011865431729007126,1.4330849647521973,0.000734869041480124,1.1166843250975944e-05,0.8075,3.85,7.677078247070312e-05,0.1475,3.8107779772249015e-05,0.0,255.95219584745618,False
Nominal Residual PPO,0.0,1067,-0.6176835894584656,0.9055254459381104,0.20151829719543457,True,0.2591376777732632,0.010138627777414809,1.0992552042007446,0.0007733528036624193,1.1462875590950716e-06,0.84,3.2,0.0,0.0,3.2689480385506126e-05,0.0,290.51496525529353,False
Nominal Residual PPO,0.0,1068,-0.7787961959838867,0.5352519750595093,0.25048118829727173,True,0.23579704700982537,0.008046532473021792,0.9600626230239868,0.0017451985040679574,7.235290468088351e-06,0.855,2.9000000000000004,0.0016617774963378906,0.4775,3.756290731543538e-05,0.0,301.52998027733287,False
Nominal Residual PPO,0.0,1069,-0.5076419115066528,0.8446078896522522,0.24751581251621246,True,0.23335675295129105,0.009373721224410306,0.9901279211044312,0.0016481367638334632,4.902690307062585e-06,0.845,3.1,0.0015549659729003906,0.5275,2.910429226948647e-05,0.0,296.686411649147,False
Nominal Residual PPO,0.0,1070,-1.6644020080566406,0.9533751606941223,0.22921264171600342,True,0.5262418514637517,0.016609590425489342,1.9316902160644531,0.001065391581505537,1.434242949471809e-05,0.785,4.3,0.0008563995361328125,0.35,4.268900306333236e-05,0.0,219.79367022787642,False
Nominal Residual PPO,0.0,1071,-1.6379417181015015,0.7469041347503662,0.26974478363990784,True,0.5082069159465077,0.01675522460377925,1.8231765031814575,0.0024014052469283342,1.6636220607324503e-05,0.785,4.3,0.0023593902587890625,0.43,3.89685460777351e-05,0.0,222.41797325047972,False
Nominal Residual PPO,0.0,1072,-1.22187077999115,0.3675197660923004,0.4661308228969574,True,0.40939697882487186,0.0188894508659387,1.3832852840423584,0.009428090415894985,2.451166983519215e-05,0.8,4.0,0.009420394897460938,0.535,2.9084720417995155e-05,0.0,243.0454833035499,False
Nominal Residual PPO,0.0,1073,-1.5133368968963623,0.8512749075889587,0.3800120949745178,True,0.5137246299077144,0.02030070553813928,1.7803895473480225,0.006397361401468515,1.7574249795870855e-05,0.785,4.3,0.006397247314453125,0.5025,3.4934509936211815e-05,0.0,219.01726307080023,False
Nominal Residual PPO,0.0,1074,-0.5001789927482605,-0.2884053587913513,0.4962819218635559,True,0.1845224327364672,0.01162498675628628,0.6843822598457336,0.01050298847258091,5.358542694011703e-06,0.8625,2.75,0.010491371154785156,0.6,2.9898829235820588e-05,0.0,309.2044301296687,False
Nominal Residual PPO,0.0,1075,-0.8189709782600403,0.9466501474380493,0.23914383351802826,True,0.30818531524242876,0.011324567891484068,1.2590471506118774,0.001376754604279995,4.068169346282957e-06,0.835,3.3000000000000003,0.0012459754943847656,0.465,3.909217450142252e-05,0.0,280.08683935292413,False
Nominal Residual PPO,0.0,1076,-1.445397138595581,-0.562984049320221,0.45283621549606323,True,0.4946329771632078,0.024718053262355745,1.6364034414291382,0.008953460492193699,3.052285319427028e-05,0.7825,4.3500000000000005,0.008947372436523438,0.505,3.3410741806122036e-05,0.0,218.4600182368013,False
Nominal Residual PPO,0.0,1077,-0.6151338219642639,-0.8893533945083618,0.2694230377674103,True,0.26602856595788826,0.012759940987258243,1.088533878326416,0.0023983505088835955,1.127683117374545e-05,0.8275,3.45,0.0023565292358398438,0.46,4.479828535139595e-05,0.0,282.67122404353415,False
Nominal Residual PPO,0.0,1078,-0.6580581068992615,-0.6858707666397095,0.23459486663341522,True,0.23145256818143542,0.010550663121833871,0.9584092497825623,0.0012264832621440291,9.470153599977493e-06,0.845,3.1,0.0010662078857421875,0.4,4.526311173066411e-05,0.0,296.5255630784778,False
Nominal Residual PPO,0.0,1079,-0.5874135494232178,0.8651593327522278,0.4896434247493744,True,0.28283951879752917,0.014003831543328385,1.076871633529663,0.01028369553387165,2.725627382460516e-06,0.83,3.4000000000000004,0.010272979736328125,0.61,3.1174247568128626e-05,0.0,279.16622849161814,False
Nominal Residual PPO,0.0,1080,-0.6397119164466858,0.7102972865104675,0.367546945810318,True,0.24638023380063617,0.010183931893659081,0.9783483743667603,0.005969057325273752,6.328351446427405e-06,0.85,3.0,0.005969047546386719,0.585,3.0383576828883826e-05,0.0,295.72843267253137,False
Nominal Residual PPO,0.0,1081,-1.3320256471633911,0.8601993322372437,0.3006768822669983,True,0.43536777907451796,0.015148978886971292,1.6089626550674438,0.003529487643390894,1.018291095533641e-05,0.805,3.9000000000000004,0.0035161972045898438,0.4825,3.811847610986586e-05,0.0,244.12963818702926,False
Nominal Residual PPO,0.0,1082,-0.9581221342086792,-0.30673766136169434,0.3117980659008026,True,0.2785293839427279,0.011386706070132719,1.0490784645080566,0.003936902619898319,8.711430382390972e-06,0.835,3.3000000000000003,0.003928661346435547,0.5025,3.5648655503220377e-05,0.0,284.21273095709546,False
Nominal Residual PPO,0.0,1083,-1.3940625190734863,0.6289385557174683,0.21643398702144623,True,0.4100757296212966,0.012609317356937452,1.543319821357727,0.000793584855273366,1.0664884030120447e-05,0.805,3.9000000000000004,0.0003886222839355469,0.295,3.9200649923262924e-05,0.0,249.9665178433002,False
Nominal Residual PPO,0.0,1084,-0.7371216416358948,-0.8951173424720764,0.4071005880832672,True,0.3095086411696729,0.01549598114949029,1.1846938133239746,0.007363000884652138,1.9573710233089514e-05,0.8175,3.6500000000000004,0.007361412048339844,0.5425,4.517087680510526e-05,0.0,269.5004549043191,False
Nominal Residual PPO,0.0,1085,-0.7224554419517517,-0.08529454469680786,0.4138740301132202,True,0.22112040504356356,0.010674087333313716,0.8224303722381592,0.007619136944413185,1.2533023436844815e-05,0.8525,2.95,0.007616996765136719,0.57,3.308123923076411e-05,0.0,300.34682537814047,False
Nominal Residual PPO,0.0,1086,-0.7490203976631165,-0.7008727788925171,0.4387705326080322,True,0.28672479468240464,0.014609170942935875,1.0677448511123657,0.008498967625200748,1.2496888302848674e-05,0.825,3.5,0.008494377136230469,0.5575,4.1397878912850245e-05,0.0,276.3758483497981,False
Nominal Residual PPO,0.0,1087,-1.2718281745910645,-0.8616007566452026,0.3274095356464386,True,0.42493704430554297,0.018652247674637173,1.5632307529449463,0.004493757151067257,1.5187599274213426e-05,0.8025,3.95,0.004489898681640625,0.4775,4.246378542188567e-05,0.0,243.3451223678544,False
Nominal Residual PPO,0.0,1088,-1.148199200630188,-0.9221230149269104,0.4605681300163269,True,0.43281158815292475,0.021765235430448764,1.5241628885269165,0.009238620288670063,2.279863110743463e-05,0.7925,4.15,0.0092315673828125,0.525,3.818985577626299e-05,0.0,235.44550146261275,False
Nominal Residual PPO,0.0,1089,-1.8535881042480469,0.5890284776687622,0.37915652990341187,True,0.6145689079131534,0.026189427839675785,2.0068397521972656,0.0063577559776604176,2.2602975150221027e-05,0.76,4.800000000000001,0.006357669830322266,0.47,3.324971844169496e-05,0.0,187.1213236672172,False
Nominal Residual PPO,0.0,1090,-0.9845758080482483,-0.6573527455329895,0.30003631114959717,True,0.31506368838905574,0.01355310322599208,1.2067850828170776,0.0035006410907953978,1.2649662494368386e-05,0.83,3.4000000000000004,0.003487110137939453,0.4825,3.838658869140726e-05,0.0,275.23971463916416,False
Nominal Residual PPO,0.0,1091,-1.8845704793930054,-0.6914018392562866,0.36124923825263977,True,0.6221154834026604,0.028546929104281443,2.057251453399658,0.005690254736691713,3.2085401471704245e-05,0.76,4.800000000000001,0.005690097808837891,0.4525,3.796698779398286e-05,0.0,185.59516112520785,False
Nominal Residual PPO,0.0,1092,-1.9696727991104126,-0.2278679758310318,0.31251582503318787,True,0.611755430678597,0.02473466354453025,2.033517599105835,0.003925046883523464,2.8546592147904448e-05,0.76,4.800000000000001,0.003916740417480469,0.43,3.6343297629925216e-05,0.0,189.18321742105775,False
Nominal Residual PPO,0.0,1093,-0.8791002631187439,0.07968070358037949,0.43002596497535706,True,0.2733713639627044,0.012566205694530234,0.9867653250694275,0.008186180144548416,1.3415681678452529e-05,0.835,3.3000000000000003,0.008182525634765625,0.56,3.1737454106314425e-05,0.0,283.7557453796651,False
Nominal Residual PPO,0.0,1094,-0.9031349420547485,-0.5643354058265686,0.2514164447784424,True,0.27373230040646773,0.011451329402071796,1.0811164379119873,0.001767573761753738,1.1913247362826951e-05,0.8425,3.1500000000000004,0.0016865730285644531,0.43,3.667226943481451e-05,0.0,288.356199820798,False
Nominal Residual PPO,0.0,1095,-1.3096781969070435,-0.4019305408000946,0.2943161725997925,True,0.38648790216027623,0.015200190236059041,1.4065625667572021,0.0032928581349551678,1.3300422324391548e-05,0.8075,3.85,0.0032758712768554688,0.46,3.8473502931561776e-05,0.0,253.34770178693518,False
Nominal Residual PPO,0.0,1096,-0.5565752387046814,0.7886120080947876,0.27283963561058044,True,0.23160293550562783,0.00905175082924043,0.972832441329956,0.0025395737029612064,1.7456519572078832e-06,0.85,3.0,0.002502918243408203,0.55,2.9352715205156583e-05,0.0,299.1062111893932,False
Nominal Residual PPO,0.0,1097,-1.3080552816390991,0.037033263593912125,0.27344202995300293,True,0.3694741957288935,0.013029132003169552,1.3485984802246094,0.0025473684072494507,9.136680091614835e-06,0.81,3.8000000000000003,0.0025110244750976562,0.4475,3.6589826803305946e-05,0.0,258.3786296049201,False
Nominal Residual PPO,0.0,1098,-1.2224541902542114,-0.25077617168426514,0.4742331802845001,True,0.4075301196709038,0.02020401777274874,1.3670852184295654,0.009726636111736298,1.5817760868230835e-05,0.8,4.0,0.009717941284179688,0.53,3.0371806321341328e-05,0.0,242.68270274601048,False
Nominal Residual PPO,0.0,1099,-1.9130916595458984,0.09447009861469269,0.36984628438949585,True,0.6162301872407062,0.026998098715139876,1.9915422201156616,0.006012442987412214,2.6932717446470633e-05,0.7575,4.8500000000000005,0.006012439727783203,0.46,3.272396384759655e-05,0.0,185.5021501376445,False
Robust Residual PPO,0.0,1000,-1.2179213762283325,0.20768369734287262,0.34128254652023315,True,0.36208885039776467,0.005032726471802619,1.2977311611175537,0.0021343070548027754,4.053498741996009e-06,0.7975,4.05,0.0011992454528808594,0.6175,1.5799893480735824e-05,0.0,255.72690547148255,False
Robust Residual PPO,0.0,1001,-1.0811076164245605,-0.9685990810394287,0.25630688667297363,True,0.36935258458749476,0.0085379669747539,1.4634742736816406,0.0006145201623439789,2.391923032973864e-07,0.8075,3.85,0.000606536865234375,0.585,2.604924254694967e-05,0.0,259.16805616249894,False
Robust Residual PPO,0.0,1002,-1.428768277168274,-0.28562131524086,0.4242836833000183,True,0.46032619809670877,0.010328275972776415,1.5469764471054077,0.003980319015681744,1.1397888783903909e-06,0.77,4.6000000000000005,0.0018024444580078125,0.605,1.542421958065585e-05,0.0,223.36438663801076,False
Robust Residual PPO,0.0,1003,-1.7183640003204346,-0.48658838868141174,0.34840381145477295,True,0.5405313531167505,0.012554517488967236,1.8369406461715698,0.0022905326914042234,6.3207708080881275e-06,0.7575,4.8500000000000005,0.0012478828430175781,0.575,2.027604478490477e-05,0.0,203.8824096413665,False
Robust Residual PPO,0.0,1004,-1.998679280281067,-0.7396973967552185,0.24154320359230042,True,0.611906348448558,0.014548346750715003,2.150963544845581,0.0006593945436179638,1.1107953241662472e-06,0.7525,4.95,0.0005040168762207031,0.5275,2.8158766714366553e-05,0.0,189.94252156635594,False
Robust Residual PPO,0.0,1005,-1.8766711950302124,0.8611240983009338,0.28618520498275757,True,0.6034759241887085,0.011639738893203178,2.090773582458496,0.000987304258160293,1.253352365893079e-06,0.7525,4.95,0.0008132457733154297,0.5625,2.0827208596687347e-05,0.0,191.89713465903284,False
Robust Residual PPO,0.0,1006,-1.4946178197860718,0.20171388983726501,0.28934937715530396,True,0.4373798125266819,0.006510183087607582,1.5522891283035278,0.0010471121640875936,5.135877358952712e-07,0.7825,4.3500000000000005,0.0008368492126464844,0.585,1.790749329714177e-05,0.0,236.01223909819464,False
Robust Residual PPO,0.0,1007,-1.8931626081466675,0.6319606900215149,0.39287856221199036,True,0.6409328071701641,0.01850460328605077,2.0624454021453857,0.003280704142525792,1.4421202649828047e-06,0.735,5.300000000000001,0.0015730857849121094,0.57,1.5095377601371251e-05,0.0,172.98911051342594,False
Robust Residual PPO,0.0,1008,-1.749120831489563,0.6261014938354492,0.26522985100746155,True,0.5348728584326318,0.00879574388225354,1.8841649293899536,0.0006752446643076837,3.9602343804290285e-07,0.765,4.7,0.0006680488586425781,0.5625,2.0140409824962415e-05,0.0,210.7367208143108,False
Robust Residual PPO,0.0,1009,-1.9152493476867676,-0.3461688160896301,0.2149554342031479,True,0.5559721903312049,0.01128575341811852,1.9658644199371338,0.0010656658560037613,3.7987294376762293e-07,0.76,4.800000000000001,0.00032329559326171875,0.5175,2.3973837433025332e-05,0.0,204.15086337031317,False
Robust Residual PPO,0.0,1010,-1.8575115203857422,0.07161146402359009,0.4753030240535736,True,0.6565407984188749,0.028627481437917057,1.988638162612915,0.00511014461517334,3.2273367196467007e-06,0.7175,5.65,0.0021772384643554688,0.5625,1.140693177087572e-05,0.0,157.68493609646146,False
Robust Residual PPO,0.0,1011,-1.57381272315979,0.12664707005023956,0.26378002762794495,True,0.4543966660206039,0.007038517485469446,1.6159745454788208,0.0006613705772906542,3.7367269101196143e-07,0.7775,4.45,0.0006580352783203125,0.57,1.90368422368688e-05,0.0,230.96378577036967,False
Robust Residual PPO,0.0,1012,-1.5405192375183105,0.561293363571167,0.2715309262275696,True,0.4644744274145245,0.006297827909542967,1.668099284172058,0.0007491513388231397,1.6996773410937749e-06,0.7775,4.45,0.0007107257843017578,0.58,1.958584397789338e-05,0.0,229.49194798554868,False
Robust Residual PPO,0.0,1013,-0.8082606196403503,-0.8420410752296448,0.401797890663147,True,0.3083154022755774,0.00864882889696558,1.1964707374572754,0.003477418562397361,8.703176717972383e-06,0.8175,3.6500000000000004,0.0016307830810546875,0.645,2.153905471636338e-05,0.0,272.5062095971405,False
Robust Residual PPO,0.0,1014,-1.3467140197753906,0.1714046150445938,0.4693894386291504,True,0.45017743776302355,0.01003773278125849,1.4820244312286377,0.004979375749826431,4.113896920898696e-06,0.7675,4.65,0.002132415771484375,0.6125,1.1499101349578762e-05,0.0,223.63076540022914,False
Robust Residual PPO,0.0,1015,-1.4601455926895142,0.21413566172122955,0.39239153265953064,True,0.4602266895486426,0.008628148081249192,1.560097336769104,0.0032695368863642216,2.2073356831242563e-06,0.7725,4.55,0.0015687942504882812,0.6025,1.4050347833767578e-05,0.0,225.6276896931286,False
Robust Residual PPO,0.0,1016,-1.6580126285552979,-0.11461202055215836,0.3060871958732605,True,0.4944411898520797,0.009346414922905704,1.7116214036941528,0.0013751968508586287,8.464816346531734e-06,0.7675,4.65,0.0009455680847167969,0.575,1.8232345941458823e-05,0.0,218.18888538896016,False
Robust Residual PPO,0.0,1017,-0.62247234582901,0.6426637768745422,0.4917738139629364,True,0.2526200955837666,0.005195533554355488,0.947567343711853,0.005472839809954166,1.7900383397773112e-07,0.8275,3.45,0.0023031234741210938,0.69,1.3710200053595804e-05,0.0,287.0636801202795,False
Robust Residual PPO,0.0,1018,-1.1090368032455444,-0.0900818482041359,0.4614541530609131,True,0.35772302606014733,0.007686879194578751,1.2319190502166748,0.0048058535903692245,2.4577257136115804e-06,0.7925,4.15,0.0020799636840820312,0.6325,1.2755713561420345e-05,0.0,252.18385117174833,False
Robust Residual PPO,0.0,1019,-1.674609661102295,-0.20800989866256714,0.34006524085998535,True,0.5137601505854664,0.010808650282714728,1.7469614744186401,0.0021089825313538313,5.538043410524551e-07,0.7625,4.75,0.001194000244140625,0.58,1.768444069449648e-05,0.0,211.52136301149662,False
Robust Residual PPO,0.0,1020,-1.1319496631622314,-0.4326494336128235,0.2227078378200531,True,0.3147861793597741,0.004836459877534114,1.2280879020690918,0.0009228579001501203,1.0772686209747917e-06,0.815,3.7,0.0003752708435058594,0.5725,2.01296829470452e-05,0.0,272.28754313491885,False
Robust Residual PPO,0.0,1021,-1.4384177923202515,-0.8382971882820129,0.49743902683258057,True,0.5298685932789701,0.01625289700236941,1.7430847883224487,0.005596786737442017,2.513447498131427e-06,0.7525,4.95,0.0023431777954101562,0.5975,2.0212855035390345e-05,0.0,200.23551544389287,False
Robust Residual PPO,0.0,1022,-1.999210000038147,0.8368335366249084,0.37694433331489563,True,0.6872008892988986,0.021020652989736318,2.219111919403076,0.002926051151007414,1.2928138914958254e-07,0.73,5.4,0.0014591217041015625,0.5625,1.7017389747209454e-05,0.0,161.9370975276035,False
Robust Residual PPO,0.0,1023,-1.4916963577270508,0.8117974996566772,0.4728805720806122,True,0.5429297613957239,0.012580717899614497,1.7745285034179688,0.005056542810052633,3.338482429171563e-06,0.7525,4.95,0.00215911865234375,0.6025,1.4095583368980862e-05,0.0,199.29433591610447,False
Robust Residual PPO,0.0,1024,-1.51630699634552,-0.48329436779022217,0.3110935389995575,True,0.45733709839120656,0.008821157145596042,1.629368543624878,0.0014796470059081912,8.941755368141457e-06,0.7775,4.45,0.000980377197265625,0.585,2.2046882720636815e-05,0.0,229.4377671368496,False
Robust Residual PPO,0.0,1025,-0.7683239579200745,0.258014976978302,0.24864348769187927,True,0.2081730951331943,0.001334675602444891,0.8382416367530823,0.0006147522362880409,7.750679174023389e-07,0.845,3.1,0.000553131103515625,0.635,1.118497443330915e-05,0.0,304.14811778997085,False
Robust Residual PPO,0.0,1026,-1.7438942193984985,0.19023452699184418,0.2583710551261902,True,0.5110901080227996,0.008918385813095635,1.7891871929168701,0.0006226316909305751,6.053035122022266e-07,0.7675,4.65,0.0006203651428222656,0.5575,1.9292703017476723e-05,0.0,215.95982672489276,False
Robust Residual PPO,0.0,1027,-1.9580382108688354,0.12429128587245941,0.36954861879348755,True,0.634997879643641,0.018909730185922617,2.038254499435425,0.002760120667517185,4.4745556806446984e-06,0.735,5.300000000000001,0.0014014244079589844,0.5625,1.4892480724378847e-05,0.0,174.2974361227121,False
Robust Residual PPO,0.0,1028,-0.7757433652877808,-0.22796711325645447,0.4025936424732208,True,0.23676010801742103,0.005308260766704486,0.8854032158851624,0.003496072255074978,4.619746505341027e-06,0.83,3.4000000000000004,0.0016407966613769531,0.66,1.3837361961258436e-05,0.0,290.54044177644715,False
Robust Residual PPO,0.0,1029,-0.7448340058326721,0.6458722352981567,0.214758962392807,True,0.235446493856041,0.0024141806289251933,0.9937342405319214,0.0010703200241550803,1.0137938488696818e-06,0.8425,3.1500000000000004,0.0003235340118408203,0.6375,1.456951747140543e-05,0.0,298.48932330695044,False
Robust Residual PPO,0.0,1030,-1.6447029113769531,-0.9496257901191711,0.4438457489013672,True,0.5895323994938009,0.01801425535463313,1.9596617221832275,0.0044151414185762405,1.982884441531496e-06,0.7475,5.050000000000001,0.00194549560546875,0.5825,2.3321454925876506e-05,0.0,187.63283633312759,False
Robust Residual PPO,0.0,1031,-0.9611496329307556,0.9009804725646973,0.39864641427993774,True,0.3590299227730513,0.004262740124747258,1.349510669708252,0.0034090701956301928,1.4306814364317688e-06,0.805,3.9000000000000004,0.0016150474548339844,0.655,1.903679402538422e-05,0.0,260.00219606444824,False
Robust Residual PPO,0.0,1032,-0.6833899617195129,-0.5306191444396973,0.49894750118255615,True,0.2531860667911289,0.008278182867556985,0.9354367256164551,0.005630167666822672,4.260205059836153e-07,0.8275,3.45,0.0023565292358398438,0.6675,1.670065089896675e-05,0.0,285.1073362556722,False
Robust Residual PPO,0.0,1033,-0.7577928304672241,0.7459949851036072,0.4761985242366791,True,0.299454008814088,0.005023809702028749,1.1114614009857178,0.005129838362336159,2.294818841619417e-06,0.815,3.7,0.0021848678588867188,0.6775,1.5231912125420487e-05,0.0,273.8290349202368,False
Robust Residual PPO,0.0,1034,-0.5296080112457275,-0.6777904629707336,0.22327283024787903,True,0.19764334486602114,0.004295218070223802,0.8656488060951233,0.0009115415741689503,3.5623916119220667e-06,0.855,2.9000000000000004,0.00037670135498046875,0.61,1.5738451732764077e-05,0.0,308.4357504773972,False
Robust Residual PPO,0.0,1035,-1.5201642513275146,-0.23973245918750763,0.436818927526474,True,0.4990081952101526,0.012277197784571835,1.6388505697250366,0.00425760867074132,6.528417543449905e-06,0.76,4.800000000000001,0.0018892288208007812,0.5975,1.4469808290478044e-05,0.0,210.96883094296035,False
Robust Residual PPO,0.0,1036,-1.558912754058838,0.6018440127372742,0.34900519251823425,True,0.49751148674756096,0.008173863628588282,1.719631552696228,0.0023038664367049932,5.871407665836159e-06,0.77,4.6000000000000005,0.0012526512145996094,0.595,1.6711136514469454e-05,0.0,218.68859020239574,False
Robust Residual PPO,0.0,1037,-1.5164998769760132,-0.3818822205066681,0.38270920515060425,True,0.47788993315456085,0.010344364728796776,1.63066828250885,0.0030529298819601536,5.068345217296155e-06,0.77,4.6000000000000005,0.0014958381652832031,0.595,1.7872027632386076e-05,0.0,220.8293683292523,False
Robust Residual PPO,0.0,1038,-1.5098652839660645,-0.8029577136039734,0.31811848282814026,True,0.48081448101217744,0.010547755609910447,1.7404528856277466,0.0016315639950335026,3.104420329691493e-06,0.7775,4.45,0.0010356903076171875,0.5825,2.5850739829027327e-05,0.0,225.152677140016,False
Robust Residual PPO,0.0,1039,-0.6960156559944153,-0.0387578122317791,0.3661683201789856,True,0.20095575446950703,0.0037751464653861867,0.7710025310516357,0.0026833745650947094,8.881178473529872e-06,0.8425,3.1500000000000004,0.0013728141784667969,0.665,1.1101154020652903e-05,0.0,302.6547909996374,False
Robust Residual PPO,0.0,1040,-0.7547146081924438,0.5635512471199036,0.4134989380836487,True,0.2622953264649416,0.0037673248937123917,0.9909124374389648,0.003740574698895216,2.4695152660569875e-06,0.825,3.5,0.0017223358154296875,0.6725,1.3577373850751738e-05,0.0,285.1166629901939,False
Robust Residual PPO,0.0,1041,-0.6478168964385986,-0.19675222039222717,0.46515655517578125,True,0.21114743116308202,0.006229606407333757,0.7842358350753784,0.004886333830654621,2.206178123742575e-06,0.8375,3.25,0.0021028518676757812,0.675,1.250719052599627e-05,0.0,297.2997585783824,False
Robust Residual PPO,0.0,1042,-1.463887333869934,-0.25558269023895264,0.3728010952472687,True,0.45206788870147996,0.00901621587765626,1.5555634498596191,0.0028325526509433985,4.0849863580660895e-06,0.775,4.5,0.0014252662658691406,0.6,1.6882725242478728e-05,0.0,228.25284835177862,False
Robust Residual PPO,0.0,1043,-1.7490100860595703,-0.7958716750144958,0.31946444511413574,True,0.5590976762690245,0.01329157392454955,1.9551254510879517,0.0016608439618721604,2.0963616407243535e-06,0.76,4.800000000000001,0.0010461807250976562,0.5675,2.573083742727801e-05,0.0,202.32288897780867,False
Robust Residual PPO,0.0,1044,-1.981444239616394,0.7169352173805237,0.20961801707744598,True,0.6006689028373543,0.011263134091466755,2.1215574741363525,0.0011693212436512113,1.8644169585968484e-06,0.755,4.9,0.0002856254577636719,0.5175,2.2894645586460208e-05,0.0,194.17862724634404,False
Robust Residual PPO,0.0,1045,-0.7272861003875732,-0.39523494243621826,0.4158290922641754,True,0.23487319503934184,0.006065525177655233,0.8887603282928467,0.003793468000367284,1.2400657851685537e-06,0.8325,3.35,0.0017423629760742188,0.6625,1.5383349505200292e-05,0.0,291.5817695700409,False
Robust Residual PPO,0.0,1046,-1.868130087852478,0.6265861392021179,0.39649125933647156,True,0.6328390684788566,0.01794034897034799,2.0384159088134766,0.0033606209326535463,3.3700459880492417e-06,0.7375,5.25,0.0015974044799804688,0.5725,1.5024161094028701e-05,0.0,175.63347722478088,False
Robust Residual PPO,0.0,1047,-1.1699552536010742,-0.14992530643939972,0.29876548051834106,True,0.3324943050454963,0.004860337796754766,1.2247850894927979,0.00122706382535398,5.543700353882741e-06,0.805,3.9000000000000004,0.0008969306945800781,0.61,1.7767987904862354e-05,0.0,264.4403499179632,False
Robust Residual PPO,0.0,1048,-0.9076822996139526,-0.7630760073661804,0.4824531674385071,True,0.3401349022773446,0.00994801693550305,1.2417165040969849,0.005268498789519072,8.049721600400517e-07,0.805,3.9000000000000004,0.0022344589233398438,0.645,1.9833672330921267e-05,0.0,260.463633874092,False
Robust Residual PPO,0.0,1049,-1.6127384901046753,0.09402617067098618,0.43331217765808105,True,0.5326855123954711,0.0135601511481722,1.722305417060852,0.004180165007710457,4.531239483185345e-06,0.7525,4.95,0.0018658638000488281,0.59,1.2815775638759267e-05,0.0,201.21264006069998,False
Robust Residual PPO,0.0,1050,-1.2507070302963257,-0.40418457984924316,0.49881017208099365,True,0.4314566020305514,0.011208875049940371,1.4281262159347534,0.005626343656331301,4.234216703480342e-06,0.7725,4.55,0.0023517608642578125,0.6175,1.4552616100610921e-05,0.0,228.25131405678576,False
Robust Residual PPO,0.0,1051,-0.8433747291564941,-0.6024307608604431,0.2584548592567444,True,0.2578476999845918,0.004939438422028166,1.051550030708313,0.0006210179999470711,2.6836594315682305e-06,0.8325,3.35,0.0006189346313476562,0.6125,1.850473877572353e-05,0.0,289.2961048504386,False
Robust Residual PPO,0.0,1052,-1.577463150024414,-0.03658809885382652,0.32490968704223633,True,0.47285554029236637,0.00862159754126436,1.6355236768722534,0.0017779592890292406,2.0594607121893205e-06,0.7725,4.55,0.0010848045349121094,0.585,1.7096290793569326e-05,0.0,224.20506584082278,False
Robust Residual PPO,0.0,1053,-0.7320424914360046,-0.38764455914497375,0.44851720333099365,True,0.2428958662273323,0.006723426770570057,0.9030110836029053,0.004518690053373575,1.4122744573796808e-07,0.83,3.4000000000000004,0.0019817352294921875,0.665,1.557779314026285e-05,0.0,288.69829850766087,False
Robust Residual PPO,0.0,1054,-1.9604523181915283,0.6108824014663696,0.3443475067615509,True,0.6408397144276275,0.016716904769225837,2.10439395904541,0.0022032991982996464,1.5308255285617633e-07,0.74,5.2,0.0012249946594238281,0.5625,1.6715958881776286e-05,0.0,176.65518317494497,False
Robust Residual PPO,0.0,1055,-0.8035520911216736,-0.8197364807128906,0.37500709295272827,True,0.2987970491032682,0.008003451847355576,1.1733254194259644,0.0028825090266764164,1.3166313692636322e-06,0.8225,3.5500000000000003,0.0014438629150390625,0.6425,2.10307325092124e-05,0.0,276.562750762468,False
Robust Residual PPO,0.0,1056,-0.6173267960548401,-0.7547652125358582,0.33817118406295776,True,0.24078031687197662,0.006418684058930159,0.9910121560096741,0.0020651724189519882,6.259203473746311e-06,0.84,3.2,0.0011749267578125,0.65,1.7866685686554107e-05,0.0,294.1834315363253,False
Robust Residual PPO,0.0,1057,-1.4013786315917969,-0.020997419953346252,0.2980625629425049,True,0.40570530407285094,0.00620195782951586,1.4497172832489014,0.0012141967890784144,3.4283370951015968e-06,0.7875,4.25,0.0008940696716308594,0.5925,1.8036927711855068e-05,0.0,243.7372849144167,False
Robust Residual PPO,0.0,1058,-1.9344123601913452,-0.6835842132568359,0.34246277809143066,True,0.6270593782568922,0.01750581196276165,2.095850706100464,0.002159581519663334,6.322361969068879e-06,0.7425,5.15,0.0012054443359375,0.5575,2.312544694013893e-05,0.0,180.08380281971532,False
Robust Residual PPO,0.0,1059,-1.3239208459854126,-0.34795770049095154,0.3298633396625519,True,0.39424047163318493,0.007028819601731176,1.4165372848510742,0.0018829865148290992,7.779087354720104e-06,0.79,4.2,0.0011143684387207031,0.6025,1.9613033420920362e-05,0.0,246.2883050562128,False
Robust Residual PPO,0.0,1060,-0.5232435464859009,-0.8263487219810486,0.4775193929672241,True,0.25448290345330654,0.009211457736922914,1.0047281980514526,0.00515764532610774,8.3752820501104e-06,0.8325,3.35,0.0021886825561523438,0.675,1.8629963893525896e-05,0.0,287.07804630077385,False
Robust Residual PPO,0.0,1061,-1.0766786336898804,0.09924349933862686,0.28927016258239746,True,0.30193509840241106,0.003526151653576999,1.12649405002594,0.0010446886299178004,8.955278190114768e-07,0.8125,3.75,0.0008349418640136719,0.6175,1.5079028267532526e-05,0.0,273.53410106278454,False
Robust Residual PPO,0.0,1062,-1.020176649093628,-0.6513675451278687,0.4292861223220825,True,0.3463828691122522,0.008627339977491068,1.2641409635543823,0.00409074779599905,4.533608716883464e-06,0.8025,3.95,0.0018358230590820312,0.635,2.0150317241344534e-05,0.0,259.0166820052676,False
Robust Residual PPO,0.0,1063,-0.5567145943641663,0.6067063212394714,0.2895512878894806,True,0.19716463480881982,0.0017948449788370618,0.8364167213439941,0.0010508395498618484,4.775495199282886e-07,0.8525,2.95,0.0008416175842285156,0.69,1.2835739887598571e-05,0.0,308.89927883115644,False
Robust Residual PPO,0.0,1064,-1.6129041910171509,-0.13716638088226318,0.24278511106967926,True,0.45986995955084736,0.007606323863097763,1.6481434106826782,0.000646654109004885,3.4738036447379272e-06,0.7775,4.45,0.0005102157592773438,0.5575,2.1138649784643043e-05,0.0,229.87039903748487,False
Robust Residual PPO,0.0,1065,-0.5033138990402222,-0.5932050347328186,0.453745573759079,True,0.20596976870268577,0.007262315779340809,0.8134565353393555,0.00463462108746171,6.974973416618013e-07,0.8475,3.0500000000000003,0.0020198822021484375,0.6825,1.561934794890662e-05,0.0,302.03758060068924,False
Robust Residual PPO,0.0,1066,-1.3762075901031494,0.32575497031211853,0.20805609226226807,True,0.3839242109945992,0.0044355975559178815,1.4336589574813843,0.0012004032032564282,1.3718149602937046e-06,0.7975,4.05,0.00027561187744140625,0.5525,1.9519224103319866e-05,0.0,252.98556148993845,False
Robust Residual PPO,0.0,1067,-0.6176835894584656,0.9055254459381104,0.20151829719543457,True,0.2548559557294313,0.004678824408240926,1.0992552042007446,0.0013364499900490046,3.696077556014643e-06,0.8375,3.25,0.00029098987579345703,0.6825,1.7944423921333217e-05,0.0,292.31451906248407,False
Robust Residual PPO,0.0,1068,-0.7787961959838867,0.5352519750595093,0.25048118829727173,True,0.2350703503790284,0.0015245379005195826,0.9602864980697632,0.0006081578903831542,2.5033950805664062e-06,0.84,3.2,0.0005640983581542969,0.645,1.3325770031570881e-05,0.0,297.65760190264086,False
Robust Residual PPO,0.0,1069,-0.5076419115066528,0.8446078896522522,0.24751581251621246,True,0.22824177954719518,0.0038145410754174373,0.9901279211044312,0.0006212437292560935,1.2976032621736522e-06,0.845,3.1,0.0006177425384521484,0.7125,1.6351496148637352e-05,0.0,300.01493046279296,False
Robust Residual PPO,0.0,1070,-1.6644020080566406,0.9533751606941223,0.22921264171600342,True,0.5263336695026836,0.007480115216203869,1.9316902160644531,0.0008157656993716955,1.0733840127841177e-07,0.7725,4.55,0.00042057037353515625,0.5575,2.4761089634458603e-05,0.0,216.5579277368465,False
Robust Residual PPO,0.0,1071,-1.6379417181015015,0.7469041347503662,0.26974478363990784,True,0.509020902399458,0.0073814626975946965,1.8233373165130615,0.0007235158700495958,4.142782472627005e-06,0.7725,4.55,0.0006957054138183594,0.575,2.0912303190055004e-05,0.0,219.1300585868222,False
Robust Residual PPO,0.0,1072,-1.22187077999115,0.3675197660923004,0.4661308228969574,True,0.41035106650841974,0.007904395335636288,1.3852949142456055,0.004908192902803421,8.376013624911138e-07,0.78,4.4,0.0021114349365234375,0.625,1.1893812046348273e-05,0.0,237.2430398684089,False
Robust Residual PPO,0.0,1073,-1.5133368968963623,0.8512749075889587,0.3800120949745178,True,0.5140984748771693,0.008414225636918167,1.780608057975769,0.0029934579506516457,2.682451167856925e-06,0.7675,4.65,0.0014786720275878906,0.6025,1.772269924732499e-05,0.0,214.35956892786362,False
Robust Residual PPO,0.0,1074,-0.5001789927482605,-0.2884053587913513,0.4962819218635559,True,0.1790862522314484,0.006894814969359884,0.6766844391822815,0.005572211928665638,1.4348523791340995e-06,0.8475,3.0500000000000003,0.002338409423828125,0.69,1.2237797808810948e-05,0.0,306.4138338442072,False
Robust Residual PPO,0.0,1075,-0.8189709782600403,0.9466501474380493,0.23914383351802826,True,0.30509150061563867,0.004141639296100797,1.2590471506118774,0.0006863417220301926,2.563536327215843e-06,0.825,3.5,0.000499725341796875,0.655,1.9504371343616506e-05,0.0,279.0349529132576,False
Robust Residual PPO,0.0,1076,-1.445397138595581,-0.562984049320221,0.45283621549606323,True,0.49017473245583526,0.012667209203335665,1.6326237916946411,0.004614115692675114,1.5594361002513324e-06,0.7625,4.75,0.0020122528076171875,0.6,1.802104331550471e-05,0.0,213.55759761245815,False
Robust Residual PPO,0.0,1077,-0.6151338219642639,-0.8893533945083618,0.2694230377674103,True,0.2588384849964861,0.006562960639163133,1.088533878326416,0.0007210602634586394,2.357142420805758e-06,0.8325,3.35,0.0006954669952392578,0.6225,1.913580060772374e-05,0.0,288.42474959128117,False
Robust Residual PPO,0.0,1078,-0.6580581068992615,-0.6858707666397095,0.23459486663341522,True,0.22438461392663445,0.004743865238157812,0.9584092497825623,0.0007370825624093413,1.6564314364586608e-06,0.845,3.1,0.0004558563232421875,0.6075,1.7143775772390945e-05,0.0,300.00775427187125,False
Robust Residual PPO,0.0,1079,-0.5874135494232178,0.8651593327522278,0.4896434247493744,True,0.2786778138820854,0.0052392862320415345,1.076871633529663,0.005426418501883745,1.4608890523959417e-06,0.825,3.5,0.002288818359375,0.7,1.6607541367017057e-05,0.0,281.7144640151321,False
Robust Residual PPO,0.0,1080,-0.6397119164466858,0.7102972865104675,0.367546945810318,True,0.2434984074101234,0.0028745557181082005,0.9782975912094116,0.0027173063717782497,1.4306986031442648e-06,0.8375,3.25,0.0013930797576904297,0.69,1.4511146301035394e-05,0.0,294.2409710982956,False
Robust Residual PPO,0.0,1081,-1.3320256471633911,0.8601993322372437,0.3006768822669983,True,0.4350794172880163,0.0048717357667541405,1.6089626550674438,0.0012680351501330733,1.2219244354128023e-06,0.7875,4.25,0.0009145736694335938,0.6075,2.126372073297505e-05,0.0,239.54223030932036,False
Robust Residual PPO,0.0,1082,-0.9581221342086792,-0.30673766136169434,0.3117980659008026,True,0.27495650681938605,0.004538635451330802,1.0463340282440186,0.0014984137378633022,8.67625885803136e-07,0.8225,3.5500000000000003,0.0009932518005371094,0.6275,1.6491950220010822e-05,0.0,281.7714675802563,False
Robust Residual PPO,0.0,1083,-1.3940625190734863,0.6289385557174683,0.21643398702144623,True,0.4107672391880566,0.0045065841773218,1.5435127019882202,0.0010379619197919965,1.3735994741637114e-07,0.7925,4.15,0.0003337860107421875,0.565,2.1252528037347153e-05,0.0,246.31894614715114,False
Robust Residual PPO,0.0,1084,-0.7371216416358948,-0.8951173424720764,0.4071005880832672,True,0.30183843263113774,0.008957356545712567,1.1846938133239746,0.003596219466999173,7.278581961145392e-06,0.82,3.6,0.00167083740234375,0.65,2.13307514857054e-05,0.0,274.55550477545734,False
Robust Residual PPO,0.0,1085,-0.7224554419517517,-0.08529454469680786,0.4138740301132202,True,0.21962666176067844,0.004982511386040601,0.8211201429367065,0.0037475493736565113,5.158517978998134e-06,0.835,3.3000000000000003,0.0017223358154296875,0.6675,1.2012521702519526e-05,0.0,295.63813959872977,False
Robust Residual PPO,0.0,1086,-0.7490203976631165,-0.7008727788925171,0.4387705326080322,True,0.27914141548476723,0.008174883097901979,1.0665756464004517,0.004302342422306538,7.502706580453378e-07,0.825,3.5,0.0019097328186035156,0.655,1.947107161731975e-05,0.0,280.2873593499921,False
Robust Residual PPO,0.0,1087,-1.2718281745910645,-0.8616007566452026,0.3274095356464386,True,0.418580738029602,0.009471180098815452,1.5632307529449463,0.0018327337456867099,7.148743748075503e-07,0.7925,4.15,0.0011038780212402344,0.6,2.6174972647011835e-05,0.0,243.12055288036632,False
Robust Residual PPO,0.0,1088,-1.148199200630188,-0.9221230149269104,0.4605681300163269,True,0.42580338992776373,0.011818514686458295,1.5241628885269165,0.004784495569765568,4.473442913877079e-06,0.7875,4.25,0.002067089080810547,0.6225,2.2453761206390364e-05,0.0,237.55181821563315,False
Robust Residual PPO,0.0,1089,-1.8535881042480469,0.5890284776687622,0.37915652990341187,True,0.6162108284225074,0.01601592234896164,2.0083584785461426,0.0029752289410680532,2.952451438886783e-07,0.7425,5.15,0.0014748573303222656,0.5725,1.5398154770181403e-05,0.0,181.81130990486022,False
Robust Residual PPO,0.0,1090,-0.9845758080482483,-0.6573527455329895,0.30003631114959717,True,0.30870163179685567,0.0063015648232510515,1.2066437005996704,0.0012539050076156855,3.4590282211865997e-06,0.8175,3.6500000000000004,0.00090789794921875,0.615,2.116678960783159e-05,0.0,273.7545077630463,False
Robust Residual PPO,0.0,1091,-1.8845704793930054,-0.6914018392562866,0.36124923825263977,True,0.6178086761032143,0.017420838409458978,2.0562586784362793,0.0025747702457010746,7.305197414098075e-06,0.7425,5.15,0.001338958740234375,0.565,2.2598959573769828e-05,0.0,181.48992301248143,False
Robust Residual PPO,0.0,1092,-1.9696727991104126,-0.2278679758310318,0.31251582503318787,True,0.6108695086305551,0.01563195101261277,2.0324900150299072,0.0015101565513759851,7.989061487023719e-06,0.745,5.1000000000000005,0.0009913444519042969,0.555,1.866175290828268e-05,0.0,185.02305890965553,False
Robust Residual PPO,0.0,1093,-0.8791002631187439,0.07968070358037949,0.43002596497535706,True,0.27343265712188125,0.00539937634604386,0.9878007769584656,0.004108421970158815,6.309155082817597e-07,0.8175,3.6500000000000004,0.0018463134765625,0.655,1.2684198787225065e-05,0.0,278.90127193174123,False
Robust Residual PPO,0.0,1094,-0.9031349420547485,-0.5643354058265686,0.2514164447784424,True,0.2676568595263924,0.004835061549959172,1.080662727355957,0.0006065042107366025,2.7432520255388226e-06,0.83,3.4000000000000004,0.0005702972412109375,0.605,1.8820201575278302e-05,0.0,286.64236260286134,False
Robust Residual PPO,0.0,1095,-1.3096781969070435,-0.4019305408000946,0.2943161725997925,True,0.38291550351611187,0.006547689576969791,1.404334545135498,0.0011412568856030703,1.435009380656993e-06,0.795,4.1000000000000005,0.0008697509765625,0.595,2.1385984230069274e-05,0.0,250.93889484093418,False
Robust Residual PPO,0.0,1096,-0.5565752387046814,0.7886120080947876,0.27283963561058044,True,0.22738090533140606,0.0030290864831255975,0.972832441329956,0.0007693053339608014,6.868277750982088e-07,0.845,3.1,0.000743865966796875,0.7,1.5574543673308234e-05,0.0,300.4503058316178,False
Robust Residual PPO,0.0,1097,-1.3080552816390991,0.037033263593912125,0.27344202995300293,True,0.3698539628127383,0.004966411327538387,1.3488017320632935,0.0007780447485856712,8.382695568798226e-07,0.7975,4.05,0.0007262229919433594,0.5925,1.8155508425323142e-05,0.0,254.9265438427094,False
Robust Residual PPO,0.0,1098,-1.2224541902542114,-0.25077617168426514,0.4742331802845001,True,0.4053322289923519,0.009480085321915785,1.3637455701828003,0.005087781231850386,1.9508468085405184e-06,0.78,4.4,0.00217437744140625,0.6225,1.3580608820444087e-05,0.0,237.2905769095962,False
Robust Residual PPO,0.0,1099,-1.9130916595458984,0.09447009861469269,0.36984628438949585,True,0.6171027963588103,0.017466007404201303,1.992039680480957,0.0027672667056322098,2.7766379844251787e-06,0.74,5.2,0.0014052391052246094,0.565,1.4913660345664628e-05,0.0,180.1521815251909,False
Nominal Residual PPO,0.25,1000,-1.2179213762283325,0.20768369734287262,0.34128254652023315,True,0.34913277002331516,0.006708842546099305,1.2963253259658813,0.0050211441703140736,3.3509929835418006e-06,0.8375,3.25,0.005019664764404297,0.6,5.857939371881895e-05,0.01711283691227436,276.60416802206873,False
Nominal Residual PPO,0.25,1001,-1.0811076164245605,-0.9685990810394287,0.25630688667297363,True,0.3561749172635812,0.006119445602028934,1.4634742736816406,0.001946236938238144,6.559197572642006e-06,0.835,3.3000000000000003,0.0018796920776367188,0.5275,6.48328398913369e-05,0.01456988051533699,275.7947152294425,False
Nominal Residual PPO,0.25,1002,-1.428768277168274,-0.28562131524086,0.4242836833000183,True,0.45563338763838923,0.011581887174584582,1.5492768287658691,0.008006393909454346,2.745767460510251e-06,0.8075,3.85,0.00800323486328125,0.59,5.574627962169411e-05,0.020778065770864485,241.31610194406798,False
Nominal Residual PPO,0.25,1003,-1.7183640003204346,-0.48658838868141174,0.34840381145477295,True,0.5342994649066056,0.011297474763005796,1.8383033275604248,0.005275567062199116,5.880161097593373e-06,0.7975,4.05,0.005274772644042969,0.5575,5.9939530652425e-05,0.02344762846827507,224.38059753504237,False
Nominal Residual PPO,0.25,1004,-1.998679280281067,-0.7396973967552185,0.24154320359230042,True,0.6020857806621847,0.010227250888896436,2.150963544845581,0.0014476554933935404,7.372652817139169e-06,0.7925,4.15,0.0013294219970703125,0.4625,6.838408788237187e-05,0.02591277752071619,212.6821061592894,False
Nominal Residual PPO,0.25,1005,-1.8766711950302124,0.8611240983009338,0.28618520498275757,True,0.5881142449601399,0.009210494467971534,2.0905823707580566,0.0030095067340880632,6.988599125179462e-06,0.7975,4.05,0.002986907958984375,0.53,6.655425847614835e-05,0.024778835847973822,217.24875016678243,False
Nominal Residual PPO,0.25,1006,-1.4946178197860718,0.20171388983726501,0.28934937715530396,True,0.4237315511480098,0.006967056793536816,1.5513352155685425,0.003137485822662711,6.461826842496521e-07,0.8225,3.5500000000000003,0.0031175613403320312,0.555,6.020374424089089e-05,0.020034115687012674,258.09624625711007,False
Nominal Residual PPO,0.25,1007,-1.8931626081466675,0.6319606900215149,0.39287856221199036,True,0.6312453394440077,0.015227005927689129,2.059809684753418,0.006890504155308008,1.5387744269901305e-06,0.775,4.5,0.006889820098876953,0.555,5.8952787952851534e-05,0.02616582654416561,193.55110674379583,False
Nominal Residual PPO,0.25,1008,-1.749120831489563,0.6261014938354492,0.26522985100746155,True,0.519250680471961,0.007722695914415038,1.883079171180725,0.002269839635118842,6.458431585087965e-07,0.81,3.8000000000000003,0.0022220611572265625,0.5225,6.453099840603362e-05,0.022996683828532694,236.06826693267817,False
Nominal Residual PPO,0.25,1009,-1.9152493476867676,-0.3461688160896301,0.2149554342031479,True,0.544397244237005,0.008576381901909218,1.9665178060531616,0.000778562156483531,2.7201674583920976e-06,0.8025,3.95,0.0003490447998046875,0.37,6.510255061559319e-05,0.024672627486288547,228.42468569530482,False
Nominal Residual PPO,0.25,1010,-1.8575115203857422,0.07161146402359009,0.4753030240535736,True,0.6525728031758493,0.022973485348572544,1.9880971908569336,0.009763160720467567,1.6278681869152933e-05,0.755,4.9,0.009754180908203125,0.55,5.3204573648801584e-05,0.02687350958585739,175.0661939867596,False
Nominal Residual PPO,0.25,1011,-1.57381272315979,0.12664707005023956,0.26378002762794495,True,0.44035968077192933,0.006941695250726531,1.6154985427856445,0.0022180485539138317,8.671285627315228e-07,0.82,3.6,0.0021677017211914062,0.5275,6.106074170853656e-05,0.020792941264808178,254.52742104218052,False
Nominal Residual PPO,0.25,1012,-1.5405192375183105,0.561293363571167,0.2715309262275696,True,0.4479195195089624,0.006535318129039918,1.6667472124099731,0.0024891530629247427,3.172609467583243e-06,0.8225,3.5500000000000003,0.0024509429931640625,0.5425,6.368637053153642e-05,0.020443239584565162,254.5392430880614,False
Nominal Residual PPO,0.25,1013,-0.8082606196403503,-0.8420410752296448,0.401797890663147,True,0.298960021778998,0.007737793120573281,1.1964707374572754,0.007196719758212566,8.231866559071932e-06,0.84,3.2,0.007195472717285156,0.625,7.336706251438874e-05,0.012717338800430298,285.19792095448037,False
Nominal Residual PPO,0.25,1014,-1.3467140197753906,0.1714046150445938,0.4693894386291504,True,0.44439031341202945,0.012654310606909634,1.480425238609314,0.009558363817632198,1.6692101780790836e-05,0.805,3.9000000000000004,0.009550094604492188,0.6,5.3824986967094e-05,0.020401273965835572,240.95953572822157,False
Nominal Residual PPO,0.25,1015,-1.4601455926895142,0.21413566172122955,0.39239153265953064,True,0.4516698154063428,0.01010277131186739,1.558668613433838,0.006871887482702732,1.847023327172792e-06,0.81,3.8000000000000003,0.006871223449707031,0.59,5.6445694091343895e-05,0.020746975764632226,244.54379493303344,False
Nominal Residual PPO,0.25,1016,-1.6580126285552979,-0.11461202055215836,0.3060871958732605,True,0.4846872515792934,0.008838300211821665,1.7121177911758423,0.00373020488768816,8.119367521430831e-06,0.81,3.8000000000000003,0.003719806671142578,0.55,5.93469533720141e-05,0.022241531349718572,240.69236323386008,False
Nominal Residual PPO,0.25,1017,-0.62247234582901,0.6426637768745422,0.4917738139629364,True,0.24199722056025932,0.009304389633618978,0.9460756182670593,0.010347068309783936,5.454908205138054e-06,0.8625,2.75,0.010335922241210938,0.6775,6.411190613113487e-05,0.011693895906209945,303.1315430970964,False
Nominal Residual PPO,0.25,1018,-1.1090368032455444,-0.0900818482041359,0.4614541530609131,True,0.3522272047266093,0.0102589391626571,1.2327684164047241,0.00931707676500082,1.7990682863455731e-06,0.8275,3.45,0.009309768676757812,0.62,5.390078796241803e-05,0.017312583699822425,268.4497753092861,False
Nominal Residual PPO,0.25,1019,-1.674609661102295,-0.20800989866256714,0.34006524085998535,True,0.5061781090224249,0.010285714245814422,1.7480803728103638,0.004983142949640751,6.086190182941209e-07,0.8025,3.95,0.004981517791748047,0.56,5.832118896021112e-05,0.022807760760188103,232.27346968837065,False
Nominal Residual PPO,0.25,1020,-1.1319496631622314,-0.4326494336128235,0.2227078378200531,True,0.3042826160257588,0.0050832576783591665,1.2289583683013916,0.0009164877119474113,3.371362481630058e-06,0.85,3.0,0.0006361007690429688,0.46,5.890556930518019e-05,0.014938356466591357,290.9335590039657,False
Nominal Residual PPO,0.25,1021,-1.4384177923202515,-0.8382971882820129,0.49743902683258057,True,0.5268693551615744,0.016525844834626588,1.7433860301971436,0.010540411807596684,5.257300927041797e-06,0.7875,4.25,0.010528564453125,0.585,6.005667474638877e-05,0.021984106749296187,216.1490795408108,False
Nominal Residual PPO,0.25,1022,-1.999210000038147,0.8368335366249084,0.37694433331489563,True,0.675831088519702,0.015618637654149259,2.2178006172180176,0.006320550572127104,9.197223675982968e-07,0.77,4.6000000000000005,0.006320476531982422,0.5475,6.195014852910189e-05,0.02729484185576439,183.21334120972753,False
Nominal Residual PPO,0.25,1023,-1.4916963577270508,0.8117974996566772,0.4728805720806122,True,0.5330700949291539,0.014516586037398117,1.7722655534744263,0.009679914452135563,1.6128586139529943e-05,0.79,4.2,0.009671211242675781,0.5875,5.888666234989007e-05,0.02226504758000374,217.51242564728395,False
Nominal Residual PPO,0.25,1024,-1.51630699634552,-0.48329436779022217,0.3110935389995575,True,0.44824435844466853,0.008277393093922548,1.6305867433547974,0.003911769017577171,8.564172276237514e-06,0.8175,3.6500000000000004,0.0039033889770507812,0.56,6.142010218695453e-05,0.020519562624394895,250.60636810733195,False
Nominal Residual PPO,0.25,1025,-0.7683239579200745,0.258014976978302,0.24864348769187927,True,0.19820635683178459,0.003099524804989897,0.837211549282074,0.0016910048434510827,2.2660433387500234e-06,0.875,2.5,0.0016026496887207031,0.57,6.426306441621374e-05,0.010594231225550175,319.0915706460861,False
Nominal Residual PPO,0.25,1026,-1.7438942193984985,0.19023452699184418,0.2583710551261902,True,0.49785941027084946,0.007872455375199358,1.7885690927505493,0.002025484573096037,2.327668198631727e-06,0.81,3.8000000000000003,0.001964092254638672,0.51,6.175078320766192e-05,0.022872346639633178,239.73730396340028,False
Nominal Residual PPO,0.25,1027,-1.9580382108688354,0.12429128587245941,0.36954861879348755,True,0.6280937156376099,0.014973510476530779,2.037609577178955,0.006044864654541016,4.4892508412885945e-06,0.775,4.5,0.006044864654541016,0.5475,5.680515752131506e-05,0.026689492091536524,194.7522376541236,False
Nominal Residual PPO,0.25,1028,-0.7757433652877808,-0.22796711325645447,0.4025936424732208,True,0.23008610115107822,0.007063452179280804,0.8885769248008728,0.00723302224650979,3.911198291461915e-06,0.8625,2.75,0.007231712341308594,0.6425,6.38019487713707e-05,0.012321284040808678,305.6836362919452,False
Nominal Residual PPO,0.25,1029,-0.7448340058326721,0.6458722352981567,0.214758962392807,True,0.22353799273826816,0.0025512819129937182,0.9937342405319214,0.0007771006785333157,9.853951041804976e-07,0.8725,2.5500000000000003,0.00034499168395996094,0.4775,6.856968641674381e-05,0.01004106380045414,314.80025823917174,False
Nominal Residual PPO,0.25,1030,-1.6447029113769531,-0.9496257901191711,0.4438457489013672,True,0.5848605432621425,0.016178199199816178,1.9596617221832275,0.008696033619344234,2.5100557650148403e-06,0.7825,4.3500000000000005,0.008690834045410156,0.57,6.351827163905806e-05,0.023747964203357695,204.71182541731318,False
Nominal Residual PPO,0.25,1031,-0.9611496329307556,0.9009804725646973,0.39864641427993774,True,0.3433143070994458,0.007057278192628967,1.349510669708252,0.007093994878232479,2.8093743367207935e-06,0.845,3.1,0.007092952728271484,0.645,7.580459889668571e-05,0.014586782306432724,280.9728907925708,False
Nominal Residual PPO,0.25,1032,-0.6833899617195129,-0.5306191444396973,0.49894750118255615,True,0.2485770400186787,0.009860739383694724,0.9386234283447266,0.010595000348985195,3.3445717235736083e-06,0.8525,2.95,0.010582923889160156,0.6525,6.28811508977829e-05,0.012570355460047722,296.7261463761551,False
Nominal Residual PPO,0.25,1033,-0.7577928304672241,0.7459949851036072,0.4761985242366791,True,0.28720354167661727,0.009008013921074691,1.110724925994873,0.009803377091884613,1.1057119991164654e-05,0.8525,2.95,0.009794235229492188,0.665,6.687007886054197e-05,0.013140602633357049,291.80248550516814,False
Nominal Residual PPO,0.25,1034,-0.5296080112457275,-0.6777904629707336,0.22327283024787903,True,0.1910760272953752,0.0038678475947365146,0.8656488060951233,0.0009276866330765188,4.710405846708454e-06,0.8625,2.75,0.0006546974182128906,0.4825,5.999315584409845e-05,0.007413503639400005,314.0461572479375,False
Nominal Residual PPO,0.25,1035,-1.5201642513275146,-0.23973245918750763,0.436818927526474,True,0.4948266030871336,0.01324970523331308,1.640630841255188,0.008434921503067017,1.0121595551026985e-05,0.7975,4.05,0.00843048095703125,0.5825,5.514853557572556e-05,0.022091188803315162,228.74499061282532,False
Nominal Residual PPO,0.25,1036,-1.558912754058838,0.6018440127372742,0.34900519251823425,True,0.48494352165087184,0.008965431331111667,1.717353343963623,0.0052984026260674,5.328659881342901e-06,0.81,3.8000000000000003,0.005297660827636719,0.5775,6.086189177408317e-05,0.021461093500256538,240.09317878702328,False
Nominal Residual PPO,0.25,1037,-1.5164998769760132,-0.3818822205066681,0.38270920515060425,True,0.47214571104058173,0.010688898989121063,1.6328235864639282,0.006519549060612917,4.2785272853507195e-06,0.8075,3.85,0.006519317626953125,0.58,5.7621534288282266e-05,0.021332506909966468,239.58823284486522,False
Nominal Residual PPO,0.25,1038,-1.5098652839660645,-0.8029577136039734,0.31811848282814026,True,0.47099895283959137,0.008810367136799677,1.7404528856277466,0.004178816918283701,2.5224323962902417e-06,0.8175,3.6500000000000004,0.004172801971435547,0.56,6.523256794578064e-05,0.020507670268416406,246.54954586179883,False
Nominal Residual PPO,0.25,1039,-0.6960156559944153,-0.0387578122317791,0.3661683201789856,True,0.19378659585894603,0.005733633115283309,0.7714201807975769,0.005915183573961258,8.31627767183818e-06,0.8725,2.5500000000000003,0.005915164947509766,0.645,6.0395656937276205e-05,0.010872942358255387,316.52011572006245,False
Nominal Residual PPO,0.25,1040,-0.7547146081924438,0.5635512471199036,0.4134989380836487,True,0.2506625373511451,0.0070776005979814975,0.9887796640396118,0.0076229749247431755,3.87824638892198e-06,0.8625,2.75,0.007620811462402344,0.6575,6.54586795348305e-05,0.012206930965185166,302.98698210890393,False
Nominal Residual PPO,0.25,1041,-0.6478168964385986,-0.19675222039222717,0.46515655517578125,True,0.20581727904542207,0.008627490343742376,0.787733793258667,0.009430070407688618,6.73659178573871e-06,0.8675,2.6500000000000004,0.00942230224609375,0.66,6.007617879325013e-05,0.01160204067826271,310.63357725757356,False
Nominal Residual PPO,0.25,1042,-1.463887333869934,-0.25558269023895264,0.3728010952472687,True,0.4451707193813054,0.009721739837875158,1.5572528839111328,0.0061636115424335,3.5899256545235403e-06,0.815,3.7,0.006163597106933594,0.5825,5.7115931967313304e-05,0.020552632734179496,248.24253113669113,False
Nominal Residual PPO,0.25,1043,-1.7490100860595703,-0.7958716750144958,0.31946444511413574,True,0.5510194725173138,0.010737700860862686,1.9551254510879517,0.004229933489114046,1.5113968174773618e-06,0.8,4.0,0.004224300384521484,0.545,6.539554960005283e-05,0.02351036116480827,223.62033376279166,False
Nominal Residual PPO,0.25,1044,-1.981444239616394,0.7169352173805237,0.20961801707744598,True,0.583303132858154,0.007955552021142715,2.121433973312378,0.000736196234356612,3.194413693563547e-06,0.8,4.0,0.0001499652862548828,0.3125,6.814752348182238e-05,0.025461010858416556,221.08236298340498,False
Nominal Residual PPO,0.25,1045,-0.7272861003875732,-0.39523494243621826,0.4158290922641754,True,0.2294723635562805,0.007428253123543373,0.8926817178726196,0.007711872924119234,4.0381658550359134e-07,0.8625,2.75,0.007709503173828125,0.645,6.31893775413852e-05,0.011895399913191796,305.4716472822658,False
Nominal Residual PPO,0.25,1046,-1.868130087852478,0.6265861392021179,0.39649125933647156,True,0.6232216620524047,0.015087577896654733,2.035743236541748,0.007017073221504688,3.039621560674277e-06,0.7775,4.45,0.007016181945800781,0.5575,5.8847362857676564e-05,0.025897431001067162,196.1094891401372,False
Nominal Residual PPO,0.25,1047,-1.1699552536010742,-0.14992530643939972,0.29876548051834106,True,0.32049443802821076,0.00579091383072122,1.2258546352386475,0.003468641545623541,5.430037163023371e-06,0.845,3.1,0.0034546852111816406,0.58,5.9672610067099506e-05,0.01606888238340616,285.23981575889076,False
Nominal Residual PPO,0.25,1048,-0.9076822996139526,-0.7630760073661804,0.4824531674385071,True,0.33438735600036623,0.01034028313207086,1.242110252380371,0.010039733722805977,8.982002555057989e-07,0.835,3.3000000000000003,0.010029792785644531,0.63,7.011333466012586e-05,0.015109722688794135,274.97834575428624,False
Nominal Residual PPO,0.25,1049,-1.6127384901046753,0.09402617067098618,0.43331217765808105,True,0.5269685306297885,0.014064916874000655,1.7215962409973145,0.008317246101796627,7.0100782068038825e-06,0.79,4.2,0.008313179016113281,0.5775,5.466391237520186e-05,0.023200325816869736,219.2811955260894,False
Nominal Residual PPO,0.25,1050,-1.2507070302963257,-0.40418457984924316,0.49881017208099365,True,0.42928108715451785,0.013491532637500773,1.4315338134765625,0.010582559742033482,7.653867214685306e-06,0.805,3.9000000000000004,0.010570526123046875,0.6025,5.4364922644339005e-05,0.019659953489899636,242.74632486984515,False
Nominal Residual PPO,0.25,1051,-0.8433747291564941,-0.6024307608604431,0.2584548592567444,True,0.2499436901972353,0.0046067200329638035,1.051550030708313,0.002024916233494878,4.264852123014862e-06,0.86,2.8000000000000003,0.0019636154174804688,0.5525,5.937327801057156e-05,0.011616849005222321,303.4856215464348,False
Nominal Residual PPO,0.25,1052,-1.577463150024414,-0.03658809885382652,0.32490968704223633,True,0.4631255781426301,0.008759126257350874,1.6356678009033203,0.004427866078913212,1.7358502191200387e-06,0.8125,3.75,0.004423618316650391,0.565,5.833509109150979e-05,0.021425375565886497,245.36599176878357,False
Nominal Residual PPO,0.25,1053,-0.7320424914360046,-0.38764455914497375,0.44851720333099365,True,0.2374074755484649,0.008387985553922086,0.9074500203132629,0.008858737535774708,2.5710089630592847e-06,0.86,2.8000000000000003,0.008852958679199219,0.6475,6.372551712396271e-05,0.012408285290002824,302.56698483614514,False
Nominal Residual PPO,0.25,1054,-1.9604523181915283,0.6108824014663696,0.3443475067615509,True,0.6299080828103308,0.013044889920595102,2.102294921875,0.005139549262821674,8.847940193845716e-07,0.78,4.4,0.005138397216796875,0.545,6.0541381592947536e-05,0.02642820417881012,198.21706868984757,False
Nominal Residual PPO,0.25,1055,-0.8035520911216736,-0.8197364807128906,0.37500709295272827,True,0.28961596555355984,0.007020093332511352,1.1733254194259644,0.00624851742759347,7.225344234029762e-07,0.8425,3.1500000000000004,0.00624847412109375,0.6175,7.309019160697332e-05,0.012325451746582984,288.19854645117914,False
Nominal Residual PPO,0.25,1056,-0.6173267960548401,-0.7547652125358582,0.33817118406295776,True,0.23338231603848825,0.00557193078357918,0.9910121560096741,0.004903760738670826,5.606358627119334e-06,0.8525,2.95,0.004901885986328125,0.6175,6.390017469527301e-05,0.009571303352713586,302.0300825776458,False
Nominal Residual PPO,0.25,1057,-1.4013786315917969,-0.020997419953346252,0.2980625629425049,True,0.3929622050729935,0.006805185173278338,1.449785590171814,0.003448017407208681,2.701679022720782e-06,0.83,3.4000000000000004,0.003433704376220703,0.565,5.9314667182565415e-05,0.018954287506639956,266.4083773930448,False
Nominal Residual PPO,0.25,1058,-1.9344123601913452,-0.6835842132568359,0.34246277809143066,True,0.6212248443718227,0.013671167735710777,2.096104145050049,0.005060131195932627,5.598185452981852e-06,0.7825,4.3500000000000005,0.005058765411376953,0.54,6.263933570881689e-05,0.02608232595026493,200.80892278885256,False
Nominal Residual PPO,0.25,1059,-1.3239208459854126,-0.34795770049095154,0.3298633396625519,True,0.38457341747963736,0.00744729294629889,1.4186917543411255,0.004598510917276144,7.131724942155415e-06,0.83,3.4000000000000004,0.004595279693603516,0.5825,5.9057952819556714e-05,0.018311489149928094,267.0289499391291,False
Nominal Residual PPO,0.25,1060,-0.5232435464859009,-0.8263487219810486,0.4775193929672241,True,0.24728374460088057,0.009153069913363553,1.0047281980514526,0.009847410023212433,1.1862563042086549e-05,0.845,3.1,0.009838104248046875,0.655,6.312564636873289e-05,0.01022865153849125,294.6968065562914,False
Nominal Residual PPO,0.25,1061,-1.0766786336898804,0.09924349933862686,0.28927016258239746,True,0.2893434913941912,0.004999829386086697,1.1257842779159546,0.003129479708150029,2.33168634622416e-06,0.85,3.0,0.003109455108642578,0.5825,5.8500298239334615e-05,0.014809064157307148,292.98793428425245,False
Nominal Residual PPO,0.25,1062,-1.020176649093628,-0.6513675451278687,0.4292861223220825,True,0.3396493059252344,0.009052522178212398,1.2651628255844116,0.00817855540663004,5.2025461627636105e-06,0.8375,3.25,0.008174896240234375,0.62,6.528427229306137e-05,0.015739014372229576,276.1000493982658,False
Nominal Residual PPO,0.25,1063,-0.5567145943641663,0.6067063212394714,0.2895512878894806,True,0.1880717934278749,0.003184556989480067,0.8364167213439941,0.0031307898461818695,7.24203073332319e-06,0.88,2.4000000000000004,0.0031108856201171875,0.6475,5.935755082430664e-05,0.008312688581645489,322.42656729120523,False
Nominal Residual PPO,0.25,1064,-1.6129041910171509,-0.13716638088226318,0.24278511106967926,True,0.44640405015261747,0.0070248541571251094,1.6485702991485596,0.0014914681669324636,5.239680376689648e-06,0.82,3.6,0.0013794898986816406,0.4925,6.219863581010399e-05,0.021101357005536555,253.6395439968095,False
Nominal Residual PPO,0.25,1065,-0.5033138990402222,-0.5932050347328186,0.453745573759079,True,0.2016632587322783,0.008241356206269979,0.8144803643226624,0.009043403901159763,1.4582677749785944e-06,0.86,2.8000000000000003,0.009037017822265625,0.66,5.964981551464029e-05,0.009627195373177529,308.4883926041453,False
Nominal Residual PPO,0.25,1066,-1.3762075901031494,0.32575497031211853,0.20805609226226807,True,0.36669702033484836,0.005142769344001129,1.4329949617385864,0.0007342126918956637,1.5571963558613788e-06,0.8375,3.25,9.489059448242188e-05,0.3075,6.341929538604491e-05,0.017884374149143695,276.06487666365325,False
Nominal Residual PPO,0.25,1067,-0.6176835894584656,0.9055254459381104,0.20151829719543457,True,0.24276297278464357,0.0022736313710432616,1.0992552042007446,0.0007717086700722575,1.6557132198613544e-07,0.86,2.8000000000000003,0.0,0.0,6.463150857698152e-05,0.008354501239955426,306.37277596906864,False
Nominal Residual PPO,0.25,1068,-0.7787961959838867,0.5352519750595093,0.25048118829727173,True,0.22342938464969306,0.002952847685979938,0.9597629308700562,0.001748252660036087,5.2454834076343104e-06,0.8725,2.5500000000000003,0.0016655921936035156,0.5825,6.869379946163294e-05,0.01074121192097664,314.32209924233456,False
Nominal Residual PPO,0.25,1069,-0.5076419115066528,0.8446078896522522,0.24751581251621246,True,0.21795613754947715,0.002265981468859948,0.9901279211044312,0.0016485576052218676,4.902512955595739e-06,0.8625,2.75,0.0015559196472167969,0.6275,5.927160749650279e-05,0.007326383031904697,310.91956741337754,False
Nominal Residual PPO,0.25,1070,-1.6644020080566406,0.9533751606941223,0.22921264171600342,True,0.506074737575276,0.006123999080447658,1.9316902160644531,0.0010780378943309188,5.068551217846107e-06,0.8175,3.6500000000000004,0.0008749961853027344,0.4725,7.169885140190533e-05,0.02164181213825941,243.69016201058577,False
Nominal Residual PPO,0.25,1071,-1.6379417181015015,0.7469041347503662,0.26974478363990784,True,0.4920423127163794,0.006958068589965432,1.823076844215393,0.002420288510620594,6.057945483917138e-06,0.815,3.7,0.0023794174194335938,0.535,6.613369131717759e-05,0.021646061353385447,243.6154945699612,False
Nominal Residual PPO,0.25,1072,-1.22187077999115,0.3675197660923004,0.4661308228969574,True,0.40273844728487324,0.01110056975777641,1.382190465927124,0.009453064762055874,1.2608578799699899e-05,0.8175,3.6500000000000004,0.0094451904296875,0.6125,5.503837399847999e-05,0.018792206048965455,254.80542011179588,False
Nominal Residual PPO,0.25,1073,-1.5133368968963623,0.8512749075889587,0.3800120949745178,True,0.5009227597900227,0.009656569026177737,1.7800352573394775,0.0064255306497216225,2.5577537599019706e-06,0.8075,3.85,0.006425380706787109,0.59,6.325384037450826e-05,0.021259434074163436,235.61568891393892,False
Nominal Residual PPO,0.25,1074,-0.5001789927482605,-0.2884053587913513,0.4962819218635559,True,0.1762214832367829,0.009389714923166106,0.6823973059654236,0.010512642562389374,1.1683508773785434e-06,0.875,2.5,0.010500907897949219,0.6725,5.822730634775182e-05,0.010237835571169853,317.9179410675811,False
Nominal Residual PPO,0.25,1075,-0.8189709782600403,0.9466501474380493,0.23914383351802826,True,0.2905162490568993,0.002830029910419004,1.2590471506118774,0.001376692671328783,3.6509927667793818e-06,0.8575,2.85,0.0012469291687011719,0.575,7.377263221109628e-05,0.011146902926266194,297.6989876658536,False
Nominal Residual PPO,0.25,1076,-1.445397138595581,-0.562984049320221,0.45283621549606323,True,0.4869283504448999,0.01345689932485522,1.6345847845077515,0.008991779759526253,1.2285039701964706e-05,0.7975,4.05,0.008985519409179688,0.5875,5.731947272933007e-05,0.021389418542385102,229.9874309568773,False
Nominal Residual PPO,0.25,1077,-0.6151338219642639,-0.8893533945083618,0.2694230377674103,True,0.2492952901291371,0.004899196853602957,1.088533878326416,0.0024134651757776737,3.431969162193127e-06,0.845,3.1,0.002372264862060547,0.5625,6.482125381642126e-05,0.008857857026159764,297.1646444431298,False
Nominal Residual PPO,0.25,1078,-0.6580581068992615,-0.6858707666397095,0.23459486663341522,True,0.21700743344819748,0.0041682285315117465,0.9584092497825623,0.0012360881082713604,3.4443489766999846e-06,0.86,2.8000000000000003,0.0010781288146972656,0.515,6.498867631554921e-05,0.009102016761898995,308.938596055035,False
Nominal Residual PPO,0.25,1079,-0.5874135494232178,0.8651593327522278,0.4896434247493744,True,0.26693773993527925,0.00925783108934863,1.076871633529663,0.01028481125831604,3.0163934638949286e-07,0.855,2.9000000000000004,0.010273933410644531,0.685,6.651639626124086e-05,0.011221830770373344,296.4336050977646,False
Nominal Residual PPO,0.25,1080,-0.6397119164466858,0.7102972865104675,0.367546945810318,True,0.23252099247337016,0.005543082546121283,0.9782975912094116,0.005974775645881891,2.9520815587602556e-06,0.8675,2.6500000000000004,0.005974769592285156,0.6675,6.378210588701791e-05,0.010185653865337372,309.10930672786634,False
Nominal Residual PPO,0.25,1081,-1.3320256471633911,0.8601993322372437,0.3006768822669983,True,0.4168247470480105,0.005789411056740104,1.6089626550674438,0.0035452861338853836,1.481382355450478e-06,0.8325,3.35,0.00353240966796875,0.585,6.740553744335067e-05,0.018113363422453403,264.556019525405,False
Nominal Residual PPO,0.25,1082,-0.9581221342086792,-0.30673766136169434,0.3117980659008026,True,0.26646620876743077,0.005395096313048546,1.0486446619033813,0.00395290507003665,2.3091104139894014e-07,0.8575,2.85,0.003944873809814453,0.5975,5.927211304472085e-05,0.013548801653087139,299.08475873957417,False
Nominal Residual PPO,0.25,1083,-1.3940625190734863,0.6289385557174683,0.21643398702144623,True,0.3916111768773681,0.004953949885002011,1.5432531833648682,0.0008003670373000205,6.96857966886455e-07,0.835,3.3000000000000003,0.0004076957702636719,0.43,6.689333466387427e-05,0.018168607018887995,271.1130436136318,False
Nominal Residual PPO,0.25,1084,-0.7371216416358948,-0.8951173424720764,0.4071005880832672,True,0.2923119552331775,0.007780287340899305,1.1846938133239746,0.0073878467082977295,7.249443569889991e-06,0.84,3.2,0.007386207580566406,0.6275,7.005160382889067e-05,0.011900013014674186,286.2796239650029,False
Nominal Residual PPO,0.25,1085,-0.7224554419517517,-0.08529454469680786,0.4138740301132202,True,0.21250789765094003,0.007195864277359201,0.8222906589508057,0.0076325503177940845,5.249883997748839e-06,0.8675,2.6500000000000004,0.007630348205566406,0.65,6.136423733603019e-05,0.011808510646224022,310.54548552941543,False
Nominal Residual PPO,0.25,1086,-0.7490203976631165,-0.7008727788925171,0.4387705326080322,True,0.2718671510881762,0.008400378542905233,1.0669790506362915,0.008519081398844719,1.5727472373328055e-06,0.8475,3.0500000000000003,0.008514881134033203,0.6375,6.781411670288031e-05,0.012477681636810303,292.04458670871924,False
Nominal Residual PPO,0.25,1087,-1.2718281745910645,-0.8616007566452026,0.3274095356464386,True,0.40683944969034097,0.0077266741307334815,1.5632307529449463,0.004521247465163469,6.064079798306921e-07,0.83,3.4000000000000004,0.004517555236816406,0.5775,6.499854080641072e-05,0.017632898613810538,263.5746618247222,False
Nominal Residual PPO,0.25,1088,-1.148199200630188,-0.9221230149269104,0.4605681300163269,True,0.4192238666935127,0.011238345478132048,1.5241628885269165,0.009270234033465385,7.165279839682626e-06,0.8175,3.6500000000000004,0.009263038635253906,0.61,6.137745032343008e-05,0.017788911759853362,252.7685715829239,False
Nominal Residual PPO,0.25,1089,-1.8535881042480469,0.5890284776687622,0.37915652990341187,True,0.6062506989736814,0.013719878484885994,2.0056490898132324,0.006399757228791714,8.226767249652767e-07,0.7825,4.3500000000000005,0.006399631500244141,0.5575,5.914088638677775e-05,0.025501907989382743,202.58666457962696,False
Nominal Residual PPO,0.25,1090,-0.9845758080482483,-0.6573527455329895,0.30003631114959717,True,0.2991705294942515,0.005708735830199653,1.2066529989242554,0.0035189413465559483,3.1382119232148398e-06,0.85,3.0,0.003505706787109375,0.58,6.051180143242577e-05,0.013763758279383182,290.71131232412034,False
Nominal Residual PPO,0.25,1091,-1.8845704793930054,-0.6914018392562866,0.36124923825263977,True,0.6124599584604221,0.014105526795064504,2.0565032958984375,0.005740281194448471,6.664260581601411e-06,0.7825,4.3500000000000005,0.005740165710449219,0.5475,6.195383937818756e-05,0.025668853521347047,201.84021777798785,False
Nominal Residual PPO,0.25,1092,-1.9696727991104126,-0.2278679758310318,0.31251582503318787,True,0.6035221969123479,0.01213311396875192,2.033344030380249,0.003966097719967365,7.245787855936214e-06,0.785,4.3,0.003958225250244141,0.53,5.961111716153859e-05,0.026200455985963343,206.40790902327566,False
Nominal Residual PPO,0.25,1093,-0.8791002631187439,0.07968070358037949,0.43002596497535706,True,0.26389592834237846,0.008001533782205035,0.9867115616798401,0.00821583904325962,9.964503533410607e-07,0.8525,2.95,0.008212089538574219,0.6425,6.556140926680127e-05,0.013984952792525292,295.6824509802379,False
Nominal Residual PPO,0.25,1094,-0.9031349420547485,-0.5643354058265686,0.2514164447784424,True,0.2593629064462896,0.004666849298959484,1.0808401107788086,0.001781088882125914,4.711396286438685e-06,0.86,2.8000000000000003,0.00170135498046875,0.54,5.721066185785204e-05,0.012303427383303643,302.04405404382254,False
Nominal Residual PPO,0.25,1095,-1.3096781969070435,-0.4019305408000946,0.2943161725997925,True,0.3715814470556176,0.0065868705337742564,1.4060605764389038,0.0033143407199531794,1.3514431884686928e-06,0.835,3.3000000000000003,0.0032978057861328125,0.565,6.0797778410412924e-05,0.01777139861136675,272.20236434051316,False
Nominal Residual PPO,0.25,1096,-0.5565752387046814,0.7886120080947876,0.27283963561058044,True,0.21691762091851255,0.002805765771948441,0.972832441329956,0.0025397336576133966,9.847609589996864e-07,0.8675,2.6500000000000004,0.0025033950805664062,0.6425,6.105033857556206e-05,0.00815536931157112,312.98121843355966,False
Nominal Residual PPO,0.25,1097,-1.3080552816390991,0.037033263593912125,0.27344202995300293,True,0.3554214467754379,0.005770611498659571,1.3485989570617676,0.002564201597124338,6.885564971526037e-07,0.8375,3.25,0.002528667449951172,0.555,6.042664665665447e-05,0.017553820945322512,276.7777573137939,False
Nominal Residual PPO,0.25,1098,-1.2224541902542114,-0.25077617168426514,0.4742331802845001,True,0.4017173566366857,0.011827817815778878,1.3663215637207031,0.009758301079273224,1.4911661310179625e-06,0.815,3.7,0.009749412536621094,0.61,5.404777460437428e-05,0.018919517993927003,253.25555474497995,False
Nominal Residual PPO,0.25,1099,-1.9130916595458984,0.09447009861469269,0.36984628438949585,True,0.610213073070731,0.01435136057947569,1.9915214776992798,0.0060596466064453125,2.2668650672130752e-06,0.78,4.4,0.0060596466064453125,0.55,5.666681716229144e-05,0.02613100439310074,200.5716079889008,False
Robust Residual PPO,0.25,1000,-1.2179213762283325,0.20768369734287262,0.34128254652023315,True,0.35038002191755746,0.0028149348513250225,1.297610878944397,0.0021347275469452143,2.9206275939941406e-06,0.8225,3.5500000000000003,0.0012009143829345703,0.67,2.5857545704709936e-05,0.01706538684666157,271.54328685532056,False
Robust Residual PPO,0.25,1001,-1.0811076164245605,-0.9685990810394287,0.25630688667297363,True,0.3520123831593811,0.002116399572750014,1.4634742736816406,0.0006150339613668621,3.576278970740532e-07,0.8325,3.35,0.0006070137023925781,0.64,4.1358983110225057e-05,0.014553840607404708,277.23445783210934,False
Robust Residual PPO,0.25,1002,-1.428768277168274,-0.28562131524086,0.4242836833000183,True,0.4544929584146991,0.005706342267160943,1.546172857284546,0.003980457317084074,2.1298491503785044e-07,0.79,4.2,0.0018033981323242188,0.6525,2.6318036804062386e-05,0.020700829103589058,235.75627726857425,False
Robust Residual PPO,0.25,1003,-1.7183640003204346,-0.48658838868141174,0.34840381145477295,True,0.5322190459064735,0.005407753284573572,1.8362880945205688,0.0022905555088073015,5.9604644775390625e-06,0.7825,4.3500000000000005,0.0012488365173339844,0.63,3.3218454070370076e-05,0.023397664949297906,219.71152957459495,False
Robust Residual PPO,0.25,1004,-1.998679280281067,-0.7396973967552185,0.24154320359230042,True,0.5989963191850727,0.0051299251593076725,2.150963544845581,0.0006600054912269115,6.705523105665634e-07,0.7825,4.3500000000000005,0.0005044937133789062,0.59,4.3644682008711134e-05,0.025902350060641767,210.06424664367302,False
Robust Residual PPO,0.25,1005,-1.8766711950302124,0.8611240983009338,0.28618520498275757,True,0.5891939241135316,0.004493493395526598,2.0905823707580566,0.0009879296412691474,2.98023280720372e-07,0.7825,4.3500000000000005,0.0008139610290527344,0.615,3.3932866821325404e-05,0.024751458689570426,211.89820273465003,False
Robust Residual PPO,0.25,1006,-1.4946178197860718,0.20171388983726501,0.28934937715530396,True,0.4250334921865193,0.0026234352943843983,1.5522321462631226,0.0010473886504769325,1.0728836059570312e-06,0.8075,3.85,0.0008373260498046875,0.64,2.8469591629351017e-05,0.02000594563782215,252.8001689600385,False
Robust Residual PPO,0.25,1007,-1.8931626081466675,0.6319606900215149,0.39287856221199036,True,0.6329466643254992,0.009179060357472749,2.061215400695801,0.003280638949945569,1.043081283569336e-06,0.7575,4.8500000000000005,0.0015735626220703125,0.6175,2.542836700481515e-05,0.026099736541509627,187.4877273746972,False
Robust Residual PPO,0.25,1008,-1.749120831489563,0.6261014938354492,0.26522985100746155,True,0.5206716239730705,0.003292017471222581,1.883743166923523,0.0006756889051757753,1.1922642784156778e-07,0.795,4.1000000000000005,0.0006685256958007812,0.62,3.2265076253886056e-05,0.02297748189419508,230.59518723174332,False
Robust Residual PPO,0.25,1009,-1.9152493476867676,-0.3461688160896301,0.2149554342031479,True,0.5429558631211844,0.003965604437472181,1.9657416343688965,0.0010660740081220865,1.6448191786366806e-07,0.79,4.2,0.0003237724304199219,0.5825,3.8426744911091206e-05,0.0246724396944046,224.17593009868585,False
Robust Residual PPO,0.25,1010,-1.8575115203857422,0.07161146402359009,0.4753030240535736,True,0.653805943853181,0.016453691275462392,1.9886913299560547,0.005109789315611124,3.6358835586725036e-06,0.735,5.300000000000001,0.002177715301513672,0.6075,1.9774176314812225e-05,0.026778762117028235,168.23151288131947,False
Robust Residual PPO,0.25,1011,-1.57381272315979,0.12664707005023956,0.26378002762794495,True,0.4414619521514219,0.0025965051641405395,1.6159789562225342,0.0006613571313209832,3.874334026932047e-07,0.8075,3.85,0.0006580352783203125,0.63,3.0008816397094084e-05,0.02077428039163351,250.15832358175211,False
Robust Residual PPO,0.25,1012,-1.5405192375183105,0.561293363571167,0.2715309262275696,True,0.44930845770862826,0.002368569936657938,1.6677173376083374,0.0007495388854295015,1.341104507446289e-06,0.8075,3.85,0.0007109642028808594,0.635,3.14289280974055e-05,0.02042161747813225,249.12385443594889,False
Robust Residual PPO,0.25,1013,-0.8082606196403503,-0.8420410752296448,0.401797890663147,True,0.2940604053799765,0.004118854965197741,1.1964707374572754,0.0034773298539221287,8.64267349243164e-06,0.84,3.2,0.0016317367553710938,0.69,3.627392452722893e-05,0.012648189812898636,288.01524798175393,False
Robust Residual PPO,0.25,1014,-1.3467140197753906,0.1714046150445938,0.4693894386291504,True,0.44561082697033405,0.006600522368106831,1.4819344282150269,0.004979410674422979,3.5166744964953978e-06,0.785,4.3,0.0021333694458007812,0.655,1.980113308088605e-05,0.02030835345387459,234.3340089935546,False
Robust Residual PPO,0.25,1015,-1.4601455926895142,0.21413566172122955,0.39239153265953064,True,0.4529920952024913,0.004838259128477812,1.55996572971344,0.0032695333939045668,1.9073486328125e-06,0.795,4.1000000000000005,0.0015692710876464844,0.6525,2.3332000395893807e-05,0.020681083351373673,239.6225213418531,False
Robust Residual PPO,0.25,1016,-1.6580126285552979,-0.11461202055215836,0.3060871958732605,True,0.4848541226588842,0.003793103602871592,1.7115272283554077,0.0013788999058306217,1.2516977676568786e-06,0.795,4.1000000000000005,0.0009527206420898438,0.6325,2.9906773577827543e-05,0.02220668036490679,235.56025089316609,False
Robust Residual PPO,0.25,1017,-0.62247234582901,0.6426637768745422,0.4917738139629364,True,0.2412900798744043,0.005471142913267975,0.9457911252975464,0.005472590681165457,1.281505319639109e-06,0.8475,3.0500000000000003,0.0023021697998046875,0.735,2.871699351443542e-05,0.011593674719333648,299.26468351953474,False
Robust Residual PPO,0.25,1018,-1.1090368032455444,-0.0900818482041359,0.4614541530609131,True,0.35214885635592846,0.0054840455824693895,1.2317382097244263,0.004805702716112137,2.742604237937485e-06,0.81,3.8000000000000003,0.0020799636840820312,0.6775,2.205436730047881e-05,0.017222712263464928,262.94688876783374,False
Robust Residual PPO,0.25,1019,-1.674609661102295,-0.20800989866256714,0.34006524085998535,True,0.5058429261519419,0.004748214945261982,1.7466374635696411,0.0021092379465699196,4.768373287333816e-07,0.7875,4.25,0.0011949539184570312,0.6325,2.9384642706648398e-05,0.022760822176933287,227.29305255790558,False
Robust Residual PPO,0.25,1020,-1.1319496631622314,-0.4326494336128235,0.2227078378200531,True,0.3013580320345149,0.001527400212057596,1.2279754877090454,0.0009232693118974566,6.854890557406179e-07,0.8375,3.25,0.0003757476806640625,0.6325,3.300566208999159e-05,0.014935176633298398,287.2097902674215,False
Robust Residual PPO,0.25,1021,-1.4384177923202515,-0.8382971882820129,0.49743902683258057,True,0.5229166973785744,0.008884119644989166,1.74289071559906,0.005596729461103678,1.7285399280808633e-06,0.77,4.6000000000000005,0.0023441314697265625,0.64,3.2755650176573984e-05,0.02188213348388672,211.35231190973732,False
Robust Residual PPO,0.25,1022,-1.999210000038147,0.8368335366249084,0.37694433331489563,True,0.6772865276453955,0.010037278463164951,2.2181382179260254,0.0029260870069265366,5.066514745521999e-07,0.755,4.9,0.0014595985412597656,0.61,2.849127418904345e-05,0.027234537750482558,178.1032173883924,False
Robust Residual PPO,0.25,1023,-1.4916963577270508,0.8117974996566772,0.4728805720806122,True,0.534024995653866,0.00780955084488029,1.772817611694336,0.005056366790086031,3.7252914353302913e-06,0.7725,4.55,0.002159595489501953,0.6425,2.4781534084515683e-05,0.0221710129827261,211.89417448769328,False
Robust Residual PPO,0.25,1024,-1.51630699634552,-0.48329436779022217,0.3110935389995575,True,0.44570236226528565,0.0033565909455738965,1.62892746925354,0.0014831047737970948,1.8179418930230895e-06,0.8025,3.95,0.0009875297546386719,0.64,3.529995580916803e-05,0.02048281278461218,246.06526655253072,False
Robust Residual PPO,0.25,1025,-0.7683239579200745,0.258014976978302,0.24864348769187927,True,0.19946428599452906,0.0007085387350883587,0.838096022605896,0.0006152406567707658,3.2782713788037654e-07,0.8625,2.75,0.0005536079406738281,0.6825,2.1287980501299677e-05,0.010581215918064118,314.578115439661,False
Robust Residual PPO,0.25,1026,-1.7438942193984985,0.19023452699184418,0.2583710551261902,True,0.49912057362965123,0.0033323987596795782,1.7891640663146973,0.0006231273873709142,1.788139485370266e-07,0.795,4.1000000000000005,0.0006208419799804688,0.615,3.0349171909521073e-05,0.02285566136240959,234.3104566079575,False
Robust Residual PPO,0.25,1027,-1.9580382108688354,0.12429128587245941,0.36954861879348755,True,0.6293850357348885,0.008962276833328934,2.038267135620117,0.002759963506832719,4.470348358154297e-06,0.76,4.800000000000001,0.0014019012451171875,0.6125,2.4641874159915335e-05,0.026631823927164077,189.62748357218868,False
Robust Residual PPO,0.25,1028,-0.7757433652877808,-0.22796711325645447,0.4025936424732208,True,0.22812257408194764,0.003770428651811145,0.8844501972198486,0.003496181219816208,4.082919986103661e-06,0.8475,3.0500000000000003,0.0016417503356933594,0.7025,2.608458986653444e-05,0.012251768931746483,301.4161951857718,False
Robust Residual PPO,0.25,1029,-0.7448340058326721,0.6458722352981567,0.214758962392807,True,0.2233179618749836,0.001096958831791414,0.9937342405319214,0.0010693580843508244,1.043187012328417e-06,0.86,2.8000000000000003,0.0003216266632080078,0.69,2.8235002247130118e-05,0.010040940307080746,310.3091628679533,False
Robust Residual PPO,0.25,1030,-1.6447029113769531,-0.9496257901191711,0.4438457489013672,True,0.5810121803505001,0.008772698408172372,1.9596617221832275,0.0044149127788841724,1.0575178066574153e-06,0.765,4.7,0.0019464492797851562,0.63,3.747437855873994e-05,0.02366403691470623,199.78728933784086,False
Robust Residual PPO,0.25,1031,-0.9611496329307556,0.9009804725646973,0.39864641427993774,True,0.3430105974986103,0.0034137120184829337,1.349510669708252,0.00340860802680254,3.1590464004693786e-06,0.83,3.4000000000000004,0.001613616943359375,0.705,3.524326180471089e-05,0.014518734812736512,276.64884126683,False
Robust Residual PPO,0.25,1032,-0.6833899617195129,-0.5306191444396973,0.49894750118255615,True,0.2435356246597816,0.005968270770334706,0.9337345957756042,0.005630061961710453,4.768384656017588e-07,0.8425,3.1500000000000004,0.002357006072998047,0.71,2.976667919711159e-05,0.012467819824814796,295.4509646418821,False
Robust Residual PPO,0.25,1033,-0.7577928304672241,0.7459949851036072,0.4761985242366791,True,0.28675022535219036,0.005139145383598372,1.1106603145599365,0.005129534285515547,3.606081691032159e-06,0.8375,3.25,0.0021839141845703125,0.7225,3.0287563293451325e-05,0.013045429810881614,287.7963852975383,False
Robust Residual PPO,0.25,1034,-0.5296080112457275,-0.6777904629707336,0.22327283024787903,True,0.18666312625188425,0.001119671301801932,0.8656488060951233,0.0009122898918576539,2.8908418698847527e-06,0.8675,2.6500000000000004,0.000377655029296875,0.6575,2.4143086491931217e-05,0.007410162389278412,318.1655127557639,False
Robust Residual PPO,0.25,1035,-1.5201642513275146,-0.23973245918750763,0.436818927526474,True,0.4942174230518215,0.006755408791773477,1.638176441192627,0.0042575327679514885,6.198883056640625e-06,0.7775,4.45,0.0018901824951171875,0.6425,2.4840712764971288e-05,0.022009688913822174,222.09678484076574,False
Robust Residual PPO,0.25,1036,-1.558912754058838,0.6018440127372742,0.34900519251823425,True,0.4863188641142855,0.004041136573285268,1.7186247110366821,0.0023040168453007936,5.453824996948242e-06,0.795,4.1000000000000005,0.0012536048889160156,0.645,2.7708296043601593e-05,0.021410879418253898,234.9776928968148,False
Robust Residual PPO,0.25,1037,-1.5164998769760132,-0.3818822205066681,0.38270920515060425,True,0.47038660748317124,0.005008109977957028,1.629784345626831,0.003052965272217989,4.559755325317383e-06,0.7925,4.15,0.0014967918395996094,0.645,2.9855515519135936e-05,0.021270103454589843,235.00275100200392,False
Robust Residual PPO,0.25,1038,-1.5098652839660645,-0.8029577136039734,0.31811848282814026,True,0.4672021795699124,0.003742325607530233,1.7404528856277466,0.001632510800845921,7.450581165358017e-07,0.8025,3.95,0.0010380744934082031,0.64,4.055255269449744e-05,0.020468646362423897,242.54149995306648,False
Robust Residual PPO,0.25,1039,-0.6960156559944153,-0.0387578122317791,0.3661683201789856,True,0.19378661134057126,0.002869951944788617,0.770956814289093,0.0026851515285670757,3.367662884556921e-06,0.8575,2.85,0.0013785362243652344,0.71,2.1688292831349033e-05,0.010816023200750351,311.77852655344196,False
Robust Residual PPO,0.25,1040,-0.7547146081924438,0.5635512471199036,0.4134989380836487,True,0.2508343307290239,0.003793621347437985,0.989158570766449,0.0037407265044748783,1.8426792394166114e-06,0.845,3.1,0.0017232894897460938,0.7175,2.7534677455054684e-05,0.012133648917078972,297.5204769610245,False
Robust Residual PPO,0.25,1041,-0.6478168964385986,-0.19675222039222717,0.46515655517578125,True,0.20385497404307715,0.005093799000311234,0.783240020275116,0.004886200185865164,2.5033957626874326e-06,0.85,3.0,0.0021028518676757812,0.7175,2.478500794486804e-05,0.011510745957493781,305.5750410636171,False
Robust Residual PPO,0.25,1042,-1.463887333869934,-0.25558269023895264,0.3728010952472687,True,0.4442565361779539,0.004434029527584501,1.555042028427124,0.002832474187016487,3.993511199951172e-06,0.7975,4.05,0.0014257431030273438,0.65,2.840355881433788e-05,0.020493751913309096,242.50797740894131,False
Robust Residual PPO,0.25,1043,-1.7490100860595703,-0.7958716750144958,0.31946444511413574,True,0.5476189045974466,0.005048871598817885,1.9551254510879517,0.0016610733000561595,1.2516975402832031e-06,0.785,4.3,0.0010471343994140625,0.6225,4.060057622417519e-05,0.0234709220379591,219.34423477762232,False
Robust Residual PPO,0.25,1044,-1.981444239616394,0.7169352173805237,0.20961801707744598,True,0.5846132004998928,0.004002373515517022,2.121487617492676,0.0011694920249283314,2.101147629218758e-06,0.7875,4.25,0.00028586387634277344,0.5775,3.611984807910744e-05,0.025462869964540006,216.2265343118223,False
Robust Residual PPO,0.25,1045,-0.7272861003875732,-0.39523494243621826,0.4158290922641754,True,0.22554782319832203,0.004091415944338725,0.8870754241943359,0.003793076379224658,1.198977997773909e-06,0.85,3.0,0.0017423629760742188,0.705,2.7691370353479607e-05,0.011821227297186852,302.68219590308786,False
Robust Residual PPO,0.25,1046,-1.868130087852478,0.6265861392021179,0.39649125933647156,True,0.6249168300135697,0.008973978327437742,2.0371923446655273,0.003360540373250842,3.248453140258789e-06,0.76,4.800000000000001,0.0015978813171386719,0.6175,2.526811118191282e-05,0.025830079540610312,190.06226331225383,False
Robust Residual PPO,0.25,1047,-1.1699552536010742,-0.14992530643939972,0.29876548051834106,True,0.32003360382676593,0.0020061793071047837,1.2245789766311646,0.001228334498591721,3.4570693969726562e-06,0.83,3.4000000000000004,0.0008993148803710938,0.6625,3.0740586176038414e-05,0.016037031672894955,280.3060930447385,False
Robust Residual PPO,0.25,1048,-0.9076822996139526,-0.7630760073661804,0.4824531674385071,True,0.329350325632122,0.005922703570442892,1.2415555715560913,0.005268570501357317,1.967112439160701e-06,0.8225,3.5500000000000003,0.00223541259765625,0.69,3.2859436743549574e-05,0.01501273676753044,272.78021633950556,False
Robust Residual PPO,0.25,1049,-1.6127384901046753,0.09402617067098618,0.43331217765808105,True,0.5280964371518863,0.007464206884390121,1.722344160079956,0.004180173389613628,3.993568043370033e-06,0.7725,4.55,0.0018668174743652344,0.635,2.1694190284228762e-05,0.02312005132436752,213.44772223480518,False
Robust Residual PPO,0.25,1050,-1.2507070302963257,-0.40418457984924316,0.49881017208099365,True,0.42697694744945325,0.007130089197519011,1.4259843826293945,0.0056263236328959465,3.635883786046179e-06,0.7875,4.25,0.0023527145385742188,0.66,2.4678354988869588e-05,0.019557464569807052,237.6051009781627,False
Robust Residual PPO,0.25,1051,-0.8433747291564941,-0.6024307608604431,0.2584548592567444,True,0.24570328661661098,0.001306252767498085,1.051550030708313,0.0006215159664861858,2.4437904357910156e-06,0.8525,2.95,0.0006194114685058594,0.6625,2.993120599713459e-05,0.01160016193985939,302.60054022090515,False
Robust Residual PPO,0.25,1052,-1.577463150024414,-0.03658809885382652,0.32490968704223633,True,0.46367972945972574,0.003757246504174042,1.635506272315979,0.001778696896508336,1.1920992903924343e-07,0.7975,4.05,0.0010867118835449219,0.64,2.8025382405743325e-05,0.021383852362632752,240.2493973591155,False
Robust Residual PPO,0.25,1053,-0.7320424914360046,-0.38764455914497375,0.44851720333099365,True,0.23353971065350115,0.004817576366149362,0.9010352492332458,0.004518613219261169,1.1924359455406375e-07,0.845,3.1,0.0019817352294921875,0.7075,2.8544449324894142e-05,0.01232270136475563,298.8449422192025,False
Robust Residual PPO,0.25,1054,-1.9604523181915283,0.6108824014663696,0.3443475067615509,True,0.6316591765980308,0.007574947736771297,2.1035804748535156,0.002203375333920121,4.4703517687594285e-07,0.765,4.7,0.0012254714965820312,0.6125,2.7444600636230955e-05,0.026379691809415816,192.97387356976398,False
Robust Residual PPO,0.25,1055,-0.8035520911216736,-0.8197364807128906,0.37500709295272827,True,0.28481450546964454,0.0035276737007537383,1.1733254194259644,0.002882686210796237,3.8743101526961254e-07,0.8425,3.1500000000000004,0.0014448165893554688,0.6875,3.513604253690682e-05,0.012265743538737297,290.9250722597099,False
Robust Residual PPO,0.25,1056,-0.6173267960548401,-0.7547652125358582,0.33817118406295776,True,0.2285046509033629,0.00257863905258718,0.9910121560096741,0.002066119806841016,3.7252905258355895e-06,0.855,2.9000000000000004,0.0011777877807617188,0.6925,2.9290545203017057e-05,0.00952485166490078,305.67740807619566,False
Robust Residual PPO,0.25,1057,-1.4013786315917969,-0.020997419953346252,0.2980625629425049,True,0.3934995914606578,0.0025122900229248204,1.4497123956680298,0.0012155285803601146,1.072883719643869e-06,0.815,3.7,0.0008966922760009766,0.6475,2.916973305139938e-05,0.018922743164002897,261.25102321668044,False
Robust Residual PPO,0.25,1058,-1.9344123601913452,-0.6835842132568359,0.34246277809143066,True,0.6185923993555296,0.007476925969097177,2.0957717895507812,0.002159569878131151,5.990266799926758e-06,0.7675,4.65,0.0012063980102539062,0.6125,3.683295505607024e-05,0.026034577190876006,196.19853302374,False
Robust Residual PPO,0.25,1059,-1.3239208459854126,-0.34795770049095154,0.3298633396625519,True,0.38260960759082896,0.0030053772078849285,1.4158297777175903,0.0018859058618545532,5.066395374342392e-07,0.815,3.7,0.00112152099609375,0.6575,3.192486203610822e-05,0.018267771154642107,262.4364975892272,False
Robust Residual PPO,0.25,1060,-0.5232435464859009,-0.8263487219810486,0.4775193929672241,True,0.24169535617784182,0.00559739588112384,1.0047281980514526,0.005157520063221455,8.285045623779297e-06,0.85,3.0,0.00218963623046875,0.7125,3.225087352765744e-05,0.010133320540189743,299.8303720304305,False
Robust Residual PPO,0.25,1061,-1.0766786336898804,0.09924349933862686,0.28927016258239746,True,0.29036829765895317,0.001610834880266711,1.1265103816986084,0.0010449658147990704,4.4703506318910513e-07,0.8375,3.25,0.000835418701171875,0.6675,2.65677832654988e-05,0.014780804850161075,288.7798417619174,False
Robust Residual PPO,0.25,1062,-1.020176649093628,-0.6513675451278687,0.4292861223220825,True,0.3352484229328275,0.004776462725192488,1.2636197805404663,0.0040907361544668674,3.9939372982189525e-06,0.8225,3.5500000000000003,0.0018367767333984375,0.6825,3.279595706458668e-05,0.01566012978553772,272.51407040587605,False
Robust Residual PPO,0.25,1063,-0.5567145943641663,0.6067063212394714,0.2895512878894806,True,0.18715646663585267,0.001009179455687698,0.8364167213439941,0.0010505401296541095,4.984211932068661e-10,0.8675,2.6500000000000004,0.0008378028869628906,0.7375,2.590569384544992e-05,0.008283935748040675,318.85167600769705,False
Robust Residual PPO,0.25,1064,-1.6129041910171509,-0.13716638088226318,0.24278511106967926,True,0.4462385097667118,0.002626762096938663,1.648082971572876,0.0006472376408055425,3.337860107421875e-06,0.8075,3.85,0.0005106925964355469,0.6175,3.357115703915531e-05,0.02109064392745495,249.35647503128027,False
Robust Residual PPO,0.25,1065,-0.5033138990402222,-0.5932050347328186,0.453745573759079,True,0.19603281340968284,0.004922625068767399,0.8133116960525513,0.004634340759366751,6.915141170793504e-07,0.86,2.8000000000000003,0.0020198822021484375,0.72,2.713278352119768e-05,0.009539826065301895,311.3432041391882,False
Robust Residual PPO,0.25,1066,-1.3762075901031494,0.32575497031211853,0.20805609226226807,True,0.3681294712737774,0.0017907432463457158,1.4335927963256836,0.0012008222984150052,9.979966080209124e-07,0.825,3.5,0.0002760887145996094,0.6125,3.190614414699749e-05,0.017886866480112076,271.15836053980007,False
Robust Residual PPO,0.25,1067,-0.6176835894584656,0.9055254459381104,0.20151829719543457,True,0.24145503592610681,0.0016613609925976334,1.0992552042007446,0.001336070243269205,3.6358906072564423e-06,0.855,2.9000000000000004,0.0003917217254638672,0.76,3.285336732685919e-05,0.008363854363560677,305.0922690182806,False
Robust Residual PPO,0.25,1068,-0.7787961959838867,0.5352519750595093,0.25048118829727173,True,0.22381522935743617,0.0006230264521746105,0.9598918557167053,0.0006081911269575357,2.8014183044433594e-06,0.8575,2.85,0.0005640983581542969,0.6925,2.6127706634504263e-05,0.010727511644363403,309.0442086565996,False
Robust Residual PPO,0.25,1069,-0.5076419115066528,0.8446078896522522,0.24751581251621246,True,0.21613857911536444,0.0009348838286912428,0.9901279211044312,0.0006211934378370643,1.4454126358032227e-06,0.86,2.8000000000000003,0.0007538795471191406,0.78,3.0480892067797533e-05,0.007318712323904037,311.2204450336537,False
Robust Residual PPO,0.25,1070,-1.6644020080566406,0.9533751606941223,0.22921264171600342,True,0.5064839987776738,0.0022462381249985825,1.9316902160644531,0.0008157952688634396,1.3415687760698347e-07,0.805,3.9000000000000004,0.00042057037353515625,0.6175,4.022503063631771e-05,0.02163610689342022,239.12822708821943,False
Robust Residual PPO,0.25,1071,-1.6379417181015015,0.7469041347503662,0.26974478363990784,True,0.4930390173816714,0.0026695563218914614,1.8231626749038696,0.0007238982943817973,4.0531158447265625e-06,0.8,4.0,0.0006961822509765625,0.63,3.3987056002767777e-05,0.021625124476850034,238.24005638229497,False
Robust Residual PPO,0.25,1072,-1.22187077999115,0.3675197660923004,0.4661308228969574,True,0.4040887905430816,0.005852051449603143,1.3843166828155518,0.0049080997705459595,9.238750635631732e-07,0.7975,4.05,0.0021114349365234375,0.67,2.0475925456897846e-05,0.01870041713118553,248.17016931999115,False
Robust Residual PPO,0.25,1073,-1.5133368968963623,0.8512749075889587,0.3800120949745178,True,0.50163434763441,0.004492888872158008,1.7801393270492554,0.002993507543578744,2.443791117912042e-06,0.7925,4.15,0.0014791488647460938,0.65,3.009437484844368e-05,0.021197992712259292,230.7323709327981,False
Robust Residual PPO,0.25,1074,-0.5001789927482605,-0.2884053587913513,0.4962819218635559,True,0.17243603945917574,0.005750474572278336,0.6744368076324463,0.005572149995714426,1.6093599697342142e-06,0.86,2.8000000000000003,0.002338409423828125,0.73,2.3983018424987048e-05,0.0101362606883049,314.31256974365476,False
Robust Residual PPO,0.25,1075,-0.8189709782600403,0.9466501474380493,0.23914383351802826,True,0.2896372252818814,0.0009247955900670204,1.2590471506118774,0.0006858345586806536,2.3245818283612607e-06,0.845,3.1,0.0004913806915283203,0.715,3.589076097926673e-05,0.011137704141438007,293.6974687612767,False
Robust Residual PPO,0.25,1076,-1.445397138595581,-0.562984049320221,0.45283621549606323,True,0.4840277320732398,0.006865499116102082,1.6311711072921753,0.0046141608618199825,6.556858238582208e-07,0.78,4.4,0.0020132064819335938,0.6475,2.946316839541864e-05,0.021302196606993676,224.80630638119172,False
Robust Residual PPO,0.25,1077,-0.6151338219642639,-0.8893533945083618,0.2694230377674103,True,0.24505878914264792,0.0015771802359215061,1.088533878326416,0.0007218796527013183,1.519918441772461e-06,0.8525,2.95,0.0006961822509765625,0.6675,3.0276356041846277e-05,0.008837034516036511,302.69465968431564,False
Robust Residual PPO,0.25,1078,-0.6580581068992615,-0.6858707666397095,0.23459486663341522,True,0.21260847384257242,0.0011481863969172877,0.9584092497825623,0.0007375688292086124,1.2964018196726101e-06,0.8625,2.75,0.0004563331604003906,0.6575,2.7039654322549837e-05,0.009094362519681454,312.1307750027089,False
Robust Residual PPO,0.25,1079,-0.5874135494232178,0.8651593327522278,0.4896434247493744,True,0.26537473852259114,0.005321858147316302,1.076871633529663,0.005426524206995964,1.6690256643414614e-06,0.845,3.1,0.002288818359375,0.7475,3.3289782667705215e-05,0.011122470274567604,294.96804785751533,False
Robust Residual PPO,0.25,1080,-0.6397119164466858,0.7102972865104675,0.367546945810318,True,0.2316382756772672,0.0026619381341635795,0.9782975912094116,0.0027165240608155727,1.0728836059570312e-06,0.855,2.9000000000000004,0.0013904571533203125,0.735,2.905591906876231e-05,0.010128440037369728,305.8775554435339,False
Robust Residual PPO,0.25,1081,-1.3320256471633911,0.8601993322372437,0.3006768822669983,True,0.41711096321412144,0.0018689251909559603,1.6089626550674438,0.0012682818342000246,8.344651405423065e-07,0.8175,3.6500000000000004,0.0009150505065917969,0.6625,3.5557606937943546e-05,0.01808086860924959,259.5441311256373,False
Robust Residual PPO,0.25,1082,-0.9581221342086792,-0.30673766136169434,0.3117980659008026,True,0.26412419497782647,0.0020090529626125815,1.0457757711410522,0.0014988386537879705,1.4901203826411802e-07,0.8425,3.1500000000000004,0.0009942054748535156,0.6775,2.892868397399526e-05,0.013512182272970677,294.62623204871886,False
Robust Residual PPO,0.25,1083,-1.3940625190734863,0.6289385557174683,0.21643398702144623,True,0.3925745148371519,0.001634402514654122,1.5433863401412964,0.0010379920713603497,1.3411248289685318e-07,0.8225,3.5500000000000003,0.0003337860107421875,0.6225,3.5467357759044975e-05,0.018167876191437244,266.31400687100313,False
Robust Residual PPO,0.25,1084,-0.7371216416358948,-0.8951173424720764,0.4071005880832672,True,0.28737743222017187,0.004237360194277616,1.1846938133239746,0.0035961077082902193,7.035297585389344e-06,0.84,3.2,0.0016717910766601562,0.6925,3.586891687959575e-05,0.01182897314429283,289.19104917151657,False
Robust Residual PPO,0.25,1085,-0.7224554419517517,-0.08529454469680786,0.4138740301132202,True,0.21202449318485447,0.003958483101711544,0.8209013342857361,0.0037476138677448034,4.6809773266431876e-06,0.85,3.0,0.0017232894897460938,0.71,2.358490836242065e-05,0.011735049709677696,305.0459903743043,False
Robust Residual PPO,0.25,1086,-0.7490203976631165,-0.7008727788925171,0.4387705326080322,True,0.2666760374084369,0.004768803211374693,1.066512942314148,0.004302219487726688,8.345996320713311e-07,0.8425,3.1500000000000004,0.0019097328186035156,0.7,3.361599279543335e-05,0.0123954688757658,292.84898630508184,False
Robust Residual PPO,0.25,1087,-1.2718281745910645,-0.8616007566452026,0.3274095356464386,True,0.402642938100603,0.0032570718877271746,1.5632307529449463,0.0018327541183680296,2.086166546177992e-07,0.8175,3.6500000000000004,0.0011043548583984375,0.655,4.052041420407397e-05,0.01759050361812115,260.90683838416436,False
Robust Residual PPO,0.25,1088,-1.148199200630188,-0.9221230149269104,0.4605681300163269,True,0.4145412392128449,0.005984468152782411,1.5241628885269165,0.00478444155305624,3.933906555175781e-06,0.805,3.9000000000000004,0.002068042755126953,0.67,3.5973809797248154e-05,0.017699294462800025,250.45755154663416,False
Robust Residual PPO,0.25,1089,-1.8535881042480469,0.5890284776687622,0.37915652990341187,True,0.6079716896435582,0.007791846369851967,2.0072762966156006,0.0029752617701888084,2.384202559824189e-07,0.765,4.7,0.0014753341674804688,0.62,2.571176338677186e-05,0.025440765842795372,196.4834191297687,False
Robust Residual PPO,0.25,1090,-0.9845758080482483,-0.6573527455329895,0.30003631114959717,True,0.29497623655738614,0.0020814491126270127,1.2066437005996704,0.001255166600458324,1.1324882507324219e-06,0.84,3.2,0.0009102821350097656,0.6675,3.464323897638456e-05,0.01373144168406725,288.90988847035294,False
Robust Residual PPO,0.25,1091,-1.8845704793930054,-0.6914018392562866,0.36124923825263977,True,0.6097439903071977,0.0076724683298655194,2.0561883449554443,0.0025746875908225775,7.06315086063114e-06,0.7675,4.65,0.0013399124145507812,0.6175,3.600166107305173e-05,0.025614280253648758,197.2973562150607,False
Robust Residual PPO,0.25,1092,-1.9696727991104126,-0.2278679758310318,0.31251582503318787,True,0.6033151399524902,0.006540612560633473,2.0322482585906982,0.0015130533138290048,1.8179418930230895e-06,0.77,4.6000000000000005,0.0009975433349609375,0.61,3.082288118282965e-05,0.026163281463086604,201.2557043782655,False
Robust Residual PPO,0.25,1093,-0.8791002631187439,0.07968070358037949,0.43002596497535706,True,0.2646414688736113,0.004386622730482409,0.9878556728363037,0.004108672495931387,1.7887998637888813e-06,0.835,3.3000000000000003,0.0018472671508789062,0.7,2.4099688271836095e-05,0.013905897289514541,290.05300376212233,False
Robust Residual PPO,0.25,1094,-0.9031349420547485,-0.5643354058265686,0.2514164447784424,True,0.25532728226428864,0.001294281241999354,1.080662727355957,0.0006070536910556257,2.5629999527154723e-06,0.85,3.0,0.0005707740783691406,0.6575,3.043770772106556e-05,0.012289403229951859,300.00704316414016,False
Robust Residual PPO,0.25,1095,-1.3096781969070435,-0.4019305408000946,0.2943161725997925,True,0.36914765439633235,0.002347898776083821,1.4038317203521729,0.0011417644564062357,4.768373855768004e-07,0.82,3.6,0.0008707046508789062,0.65,3.436700690890477e-05,0.017741267569363117,267.6539703127157,False
Robust Residual PPO,0.25,1096,-0.5565752387046814,0.7886120080947876,0.27283963561058044,True,0.21546925461425742,0.0008299851740936069,0.972832441329956,0.000769328442402184,7.450581165358017e-07,0.8625,2.75,0.000748753547668457,0.7575,2.9910623082343313e-05,0.008133687376976013,312.44531485176327,False
Robust Residual PPO,0.25,1097,-1.3080552816390991,0.037033263593912125,0.27344202995300293,True,0.35622328141944976,0.0018634476699060502,1.3488168716430664,0.0007780196028761566,8.940698990045348e-07,0.8225,3.5500000000000003,0.0007262229919433594,0.65,2.9856709925991478e-05,0.017531613521277904,271.5029936579557,False
Robust Residual PPO,0.25,1098,-1.2224541902542114,-0.25077617168426514,0.4742331802845001,True,0.4005530012167042,0.006198605165354092,1.3627114295959473,0.005087628494948149,2.1759601622761693e-06,0.7975,4.05,0.00217437744140625,0.6675,2.3490232243823508e-05,0.018825319483876227,247.8969380117028,False
Robust Residual PPO,0.25,1099,-1.9130916595458984,0.09447009861469269,0.36984628438949585,True,0.6114113126887349,0.008270835235017397,1.9920681715011597,0.002767181023955345,2.5629999527154723e-06,0.7625,4.75,0.0014057159423828125,0.615,2.4713037216738828e-05,0.02607322819530964,194.45786609743544,False
Nominal Residual PPO,0.5,1000,-1.2179213762283325,0.20768369734287262,0.34128254652023315,True,0.3460676661846598,0.005311152502854808,1.2960821390151978,0.0050225695595145226,3.0398550734389573e-06,0.845,3.1,0.005021095275878906,0.66,7.873351664643589e-05,0.03422593522816896,281.5403106522983,False
Nominal Residual PPO,0.5,1001,-1.0811076164245605,-0.9685990810394287,0.25630688667297363,True,0.34277152667492583,0.0028649098263357174,1.4634742736816406,0.0019575704354792833,3.049558472412173e-08,0.855,2.9000000000000004,0.0018916130065917969,0.63,0.00010739074913655956,0.029139605425298212,289.58408082026557,False
Nominal Residual PPO,0.5,1002,-1.428768277168274,-0.28562131524086,0.4242836833000183,True,0.4537027172164612,0.00893250074663287,1.5484788417816162,0.00801213551312685,5.962941145298828e-07,0.8125,3.75,0.008008956909179688,0.65,7.225487326957097e-05,0.041556337885558604,244.98399056509484,False
Nominal Residual PPO,0.5,1003,-1.7183640003204346,-0.48658838868141174,0.34840381145477295,True,0.5310106997740955,0.007810223735406144,1.8374541997909546,0.00527746370062232,5.6624876378919e-06,0.805,3.9000000000000004,0.005276679992675781,0.625,7.95661149409783e-05,0.04689563062041998,229.66099344294625,False
Nominal Residual PPO,0.5,1004,-1.998679280281067,-0.7396973967552185,0.24154320359230042,True,0.5963015333263793,0.006234968928637143,2.150963544845581,0.0014578370610252023,1.2369532669254113e-06,0.805,3.9000000000000004,0.0013408660888671875,0.55,9.39593396360271e-05,0.05182550560683012,221.23941056957364,False
Nominal Residual PPO,0.5,1005,-1.8766711950302124,0.8611240983009338,0.28618520498275757,True,0.58162803220399,0.007078957549129342,2.0905823707580566,0.003012307221069932,6.377707450155867e-06,0.805,3.9000000000000004,0.0029897689819335938,0.5925,9.135390716256846e-05,0.04955805160105228,222.85011330469067,False
Nominal Residual PPO,0.5,1006,-1.4946178197860718,0.20171388983726501,0.28934937715530396,True,0.420669224293059,0.004829828431488128,1.5512042045593262,0.00313791586086154,9.539015763948555e-07,0.8325,3.35,0.0031180381774902344,0.6225,7.621972709862966e-05,0.04006858482956886,264.3455560670233,False
Nominal Residual PPO,0.5,1007,-1.8931626081466675,0.6319606900215149,0.39287856221199036,True,0.6275476731751719,0.011906140041893281,2.0584678649902344,0.006891473196446896,6.86110581682442e-07,0.78,4.4,0.006890773773193359,0.61,7.728761332984277e-05,0.052331921346485614,197.27952309598442,False
Nominal Residual PPO,0.5,1008,-1.749120831489563,0.6261014938354492,0.26522985100746155,True,0.5139781158936113,0.005662291671355251,1.8826957941055298,0.002270219847559929,2.0939948797149555e-07,0.82,3.6,0.0022225379943847656,0.5875,8.58137726823051e-05,0.045993610210716726,242.61040889813313,False
Nominal Residual PPO,0.5,1009,-1.9152493476867676,-0.3461688160896301,0.2149554342031479,True,0.5403932248705209,0.005392440018705862,1.966417670249939,0.0007804175256751478,2.5374910705977527e-07,0.815,3.7,0.0003542900085449219,0.4775,8.34198260065969e-05,0.0493454116769135,236.69443820845953,False
Nominal Residual PPO,0.5,1010,-1.8575115203857422,0.07161146402359009,0.4753030240535736,True,0.6519066401717123,0.017400830073580065,1.988083004951477,0.009784198366105556,5.543392489926191e-06,0.755,4.9,0.009775161743164062,0.605,6.935332060352458e-05,0.05374731708317995,176.33079086951227,False
Nominal Residual PPO,0.5,1011,-1.57381272315979,0.12664707005023956,0.26378002762794495,True,0.43723695076633096,0.004589102597097551,1.615471363067627,0.002218896523118019,2.693936096420657e-07,0.83,3.4000000000000004,0.0021686553955078125,0.6,7.669857072844235e-05,0.04158607054501772,261.00161263377686,False
Nominal Residual PPO,0.5,1012,-1.5405192375183105,0.561293363571167,0.2715309262275696,True,0.44255575744406445,0.004702188217294772,1.6662911176681519,0.0024905249010771513,2.8014374038320966e-06,0.8325,3.35,0.002452373504638672,0.6075,8.490334138552321e-05,0.040886752232909204,261.05448041082883,False
Nominal Residual PPO,0.5,1013,-0.8082606196403503,-0.8420410752296448,0.401797890663147,True,0.2878261670467985,0.006669701852872878,1.1964707374572754,0.007200536783784628,7.45058150641853e-06,0.8575,2.85,0.007199287414550781,0.7025,0.00011362185060015615,0.02543495338410139,296.4872913586711,False
Nominal Residual PPO,0.5,1014,-1.3467140197753906,0.1714046150445938,0.4693894386291504,True,0.4431947998594384,0.010264049212342068,1.4801535606384277,0.009584144689142704,3.010136879311176e-06,0.8075,3.85,0.009575843811035156,0.655,6.98960575020539e-05,0.0408022452890873,243.204718531325,False
Nominal Residual PPO,0.5,1015,-1.4601455926895142,0.21413566172122955,0.39239153265953064,True,0.44983587814726295,0.007975924352236872,1.5583971738815308,0.006872848141938448,1.400794758410484e-06,0.8175,3.6500000000000004,0.0068721771240234375,0.645,7.083135475388789e-05,0.04149430740624666,249.10866315903203,False
Nominal Residual PPO,0.5,1016,-1.6580126285552979,-0.11461202055215836,0.3060871958732605,True,0.48240005033123806,0.006056304719172096,1.7120522260665894,0.003733038203790784,7.748616553726606e-06,0.8175,3.6500000000000004,0.003722667694091797,0.6175,7.423479796959301e-05,0.04448347210884094,245.93658874452404,False
Nominal Residual PPO,0.5,1017,-0.62247234582901,0.6426637768745422,0.4917738139629364,True,0.23461775895234308,0.009541180680749686,0.9443933963775635,0.010354707017540932,1.5199210565697285e-06,0.87,2.6,0.010343551635742188,0.725,0.00011162434600832534,0.023387974016368388,308.5484624274693,False
Nominal Residual PPO,0.5,1018,-1.1090368032455444,-0.0900818482041359,0.4614541530609131,True,0.3508153829517058,0.008944669283264024,1.2326215505599976,0.009317103773355484,2.0315637812018394e-06,0.83,3.4000000000000004,0.009309768676757812,0.6775,8.094111974674508e-05,0.03462557949125767,270.8517189363935,False
Nominal Residual PPO,0.5,1019,-1.674609661102295,-0.20800989866256714,0.34006524085998535,True,0.5041079937211601,0.0072586916310198426,1.747826099395752,0.004983603022992611,4.772619490722718e-07,0.81,3.8000000000000003,0.00498199462890625,0.625,7.408525969071687e-05,0.045615876503288744,237.33981450509694,False
Nominal Residual PPO,0.5,1020,-1.1319496631622314,-0.4326494336128235,0.2227078378200531,True,0.29532429953654993,0.0024742617400547863,1.2287145853042603,0.0009198811603710055,5.364503863347636e-07,0.8625,2.75,0.0006413459777832031,0.5625,9.147511966620984e-05,0.029876777827739717,299.97128186757277,False
Nominal Residual PPO,0.5,1021,-1.4384177923202515,-0.8382971882820129,0.49743902683258057,True,0.5215121496946395,0.012048179876281984,1.7429018020629883,0.010543306358158588,4.261805770511273e-06,0.79,4.2,0.010531425476074219,0.645,9.102104914231407e-05,0.04396887987852097,219.24853367797542,False
Nominal Residual PPO,0.5,1022,-1.999210000038147,0.8368335366249084,0.37694433331489563,True,0.6706607491347253,0.012391060083918992,2.217628240585327,0.006321033462882042,9.838217920332681e-07,0.775,4.5,0.006320953369140625,0.6,8.37788459950933e-05,0.0545900871604681,187.189763197736,False
Nominal Residual PPO,0.5,1023,-1.4916963577270508,0.8117974996566772,0.4728805720806122,True,0.5277534409043146,0.011702327901725089,1.7711448669433594,0.009705700911581516,2.324727120139869e-06,0.79,4.2,0.00969696044921875,0.6375,8.350949061184838e-05,0.04452994491904974,219.06765632432095,False
Nominal Residual PPO,0.5,1024,-1.51630699634552,-0.48329436779022217,0.3110935389995575,True,0.4438605141886362,0.005377652235233098,1.6299431324005127,0.003914609085768461,8.255250577349216e-06,0.8275,3.45,0.00390625,0.6325,8.08384400584215e-05,0.041039485037326816,257.32822836556227,False
Nominal Residual PPO,0.5,1025,-0.7683239579200745,0.258014976978302,0.24864348769187927,True,0.19202207822224882,0.0020768260911981883,0.8370103240013123,0.0016945496900007129,1.7885739111989096e-07,0.8875,2.25,0.0016064643859863281,0.6425,9.728641928598151e-05,0.02118850588798523,326.3745907137309,False
Nominal Residual PPO,0.5,1026,-1.7438942193984985,0.19023452699184418,0.2583710551261902,True,0.49491172484675855,0.005346346701739977,1.7885050773620605,0.0020263316109776497,2.086196445816313e-06,0.82,3.6,0.001965045928955078,0.585,7.728232355994018e-05,0.04574494529515505,246.22634209208377,False
Nominal Residual PPO,0.5,1027,-1.9580382108688354,0.12429128587245941,0.36954861879348755,True,0.6267900569480718,0.01121876675722016,2.0375587940216064,0.006046772003173828,3.755216539502726e-06,0.7825,4.3500000000000005,0.006046772003173828,0.605,7.077023081580492e-05,0.05337927307933569,199.47846969875982,False
Nominal Residual PPO,0.5,1028,-0.7757433652877808,-0.22796711325645447,0.4025936424732208,True,0.22497294805663842,0.0066519152508434775,0.8878220915794373,0.007234932389110327,3.397465434318292e-06,0.87,2.6,0.007233619689941406,0.705,9.270094213333579e-05,0.02464290093630552,310.9928345844518,False
Nominal Residual PPO,0.5,1029,-0.7448340058326721,0.6458722352981567,0.214758962392807,True,0.21357720885539283,0.0016631283537291758,0.9937342405319214,0.0007772736134938896,8.493978498336219e-07,0.885,2.3000000000000003,0.00034546852111816406,0.56,0.00011533792766361975,0.02008224532008171,323.31670185669924,False
Nominal Residual PPO,0.5,1030,-1.6447029113769531,-0.9496257901191711,0.4438457489013672,True,0.5788782741749047,0.011460831221401938,1.9596617221832275,0.008697984740138054,1.354216465188074e-06,0.7875,4.25,0.008692741394042969,0.63,9.45643778292855e-05,0.047496176324784756,209.1133667992545,False
Nominal Residual PPO,0.5,1031,-0.9611496329307556,0.9009804725646973,0.39864641427993774,True,0.33416766271806675,0.006629822292395793,1.349510669708252,0.007095427718013525,2.3841912479838356e-06,0.8575,2.85,0.007094383239746094,0.6875,0.00012157926687853186,0.029173923693597316,289.0636776960068,False
Nominal Residual PPO,0.5,1032,-0.6833899617195129,-0.5306191444396973,0.49894750118255615,True,0.24249169189137273,0.009752371868161485,0.9358870983123779,0.010601691901683807,4.768770622831653e-07,0.86,2.8000000000000003,0.010590076446533203,0.7175,9.714667077192026e-05,0.02514100357890129,302.1085897169885,False
Nominal Residual PPO,0.5,1033,-0.7577928304672241,0.7459949851036072,0.4761985242366791,True,0.27959621338315216,0.009012558603122285,1.1103570461273193,0.009818648919463158,3.188850314472802e-06,0.86,2.8000000000000003,0.009809494018554688,0.71,0.00011294188913427178,0.02628101598471403,297.1762607473311,False
Nominal Residual PPO,0.5,1034,-0.5296080112457275,-0.6777904629707336,0.22327283024787903,True,0.17986559408155917,0.001447167972138427,0.8656488060951233,0.0009302669786848128,3.0696419344167225e-06,0.875,2.5,0.0006585121154785156,0.6025,9.494772800062891e-05,0.014827164635062218,323.31141559191644,False
Nominal Residual PPO,0.5,1035,-1.5201642513275146,-0.23973245918750763,0.436818927526474,True,0.49334207568438354,0.010098021838777794,1.6400655508041382,0.008444477804005146,5.751915978180477e-06,0.8,4.0,0.008440017700195312,0.64,7.150721864478283e-05,0.04418270859867334,231.27333884188815,False
Nominal Residual PPO,0.5,1036,-1.558912754058838,0.6018440127372742,0.34900519251823425,True,0.48043192225914766,0.007029733736966726,1.7166422605514526,0.00530030345544219,5.036637048760895e-06,0.8175,3.6500000000000004,0.005299568176269531,0.6325,8.044193554512508e-05,0.042922493070364,245.05690639432416,False
Nominal Residual PPO,0.5,1037,-1.5164998769760132,-0.3818822205066681,0.38270920515060425,True,0.46944664530539354,0.007843154415718177,1.6319763660430908,0.0065214610658586025,3.6955211726308335e-06,0.815,3.7,0.0065212249755859375,0.6425,7.512519424049197e-05,0.04266534563153982,244.57982664263267,False
Nominal Residual PPO,0.5,1038,-1.5098652839660645,-0.8029577136039734,0.31811848282814026,True,0.46403370251587295,0.005539390660539438,1.7404528856277466,0.0041797468438744545,2.294808609804022e-06,0.8275,3.45,0.004173755645751953,0.635,9.198433599754847e-05,0.04101571246981621,253.94499978737258,False
Nominal Residual PPO,0.5,1039,-0.6960156559944153,-0.0387578122317791,0.3661683201789856,True,0.18865049346764579,0.005442824807398097,0.7713860273361206,0.005918044596910477,7.987022399902344e-06,0.8825,2.35,0.005918025970458984,0.7075,9.154989426900236e-05,0.021746204532682896,322.6944607004974,False
Nominal Residual PPO,0.5,1040,-0.7547146081924438,0.5635512471199036,0.4134989380836487,True,0.24304304954880349,0.006999187615918553,0.9875062704086304,0.007624880876392126,3.337943780934438e-06,0.8725,2.5500000000000003,0.007622718811035156,0.7075,0.00010730075774563485,0.024414189271628858,309.5586412060438,False
Nominal Residual PPO,0.5,1041,-0.6478168964385986,-0.19675222039222717,0.46515655517578125,True,0.20177532368281365,0.008682313388748576,0.786771833896637,0.009440573863685131,1.1622909141806304e-06,0.8725,2.5500000000000003,0.009432792663574219,0.7225,9.065290234814092e-05,0.023204135596752166,314.53164912923313,False
Nominal Residual PPO,0.5,1042,-1.463887333869934,-0.25558269023895264,0.3728010952472687,True,0.44290285594214046,0.007196470082518833,1.5568376779556274,0.006165043450891972,3.2485154406458605e-06,0.82,3.6,0.006165027618408203,0.645,7.29249311714759e-05,0.041105511412024495,252.18870270649015,False
Nominal Residual PPO,0.5,1043,-1.7490100860595703,-0.7958716750144958,0.31946444511413574,True,0.5451604460128575,0.0068961544714529885,1.9551254510879517,0.004230852238833904,9.53955691329611e-07,0.81,3.8000000000000003,0.004225254058837891,0.6175,9.176954395409202e-05,0.047020955979824065,230.68042212059447,False
Nominal Residual PPO,0.5,1044,-1.981444239616394,0.7169352173805237,0.20961801707744598,True,0.5771226240507372,0.0059750138028402434,2.121433973312378,0.0007364377379417419,1.5200453162833583e-06,0.8125,3.75,0.0001533031463623047,0.4175,9.217493367322978e-05,0.0509221681393683,229.16511901010594,False
Nominal Residual PPO,0.5,1045,-0.7272861003875732,-0.39523494243621826,0.4158290922641754,True,0.2228310821475111,0.007074028172281893,0.8910033702850342,0.0077128298580646515,4.5407620063997456e-07,0.87,2.6,0.007710456848144531,0.71,9.486947843429064e-05,0.02379112582653761,311.1279490772663,False
Nominal Residual PPO,0.5,1046,-1.868130087852478,0.6265861392021179,0.39649125933647156,True,0.619555631579274,0.011802206399071653,2.034392833709717,0.007018520962446928,2.2353685835696524e-06,0.78,4.4,0.007017612457275391,0.6125,7.732296822630325e-05,0.051795126684010026,198.81260189275338,False
Nominal Residual PPO,0.5,1047,-1.1699552536010742,-0.14992530643939972,0.29876548051834106,True,0.3159958291808074,0.003915469617779744,1.2257119417190552,0.0034705298021435738,5.126000814925646e-06,0.855,2.9000000000000004,0.003456592559814453,0.65,8.138241980851574e-05,0.03213802807033062,291.89166063844266,False
Nominal Residual PPO,0.5,1048,-0.9076822996139526,-0.7630760073661804,0.4824531674385071,True,0.32691260258733257,0.00930960504046514,1.241584300994873,0.010039757937192917,8.643537512398325e-07,0.8425,3.1500000000000004,0.010029792785644531,0.6975,0.00010712096176108993,0.03021980620920658,280.83530767034154,False
Nominal Residual PPO,0.5,1049,-1.6127384901046753,0.09402617067098618,0.43331217765808105,True,0.5259113306557621,0.010827433706179657,1.7215569019317627,0.008324899710714817,3.159231710014865e-06,0.7925,4.15,0.008321285247802734,0.6325,6.892494977835672e-05,0.04640094134956598,221.67556559743258,False
Nominal Residual PPO,0.5,1050,-1.2507070302963257,-0.40418457984924316,0.49881017208099365,True,0.42691935476173165,0.01077218340035166,1.4294180870056152,0.010589259676635265,4.649196398531785e-06,0.8075,3.85,0.010577201843261719,0.6625,7.556130400223349e-05,0.03932016350328922,245.2963449649175,False
Nominal Residual PPO,0.5,1051,-0.8433747291564941,-0.6024307608604431,0.2584548592567444,True,0.23954102031794108,0.0023671132871190994,1.051550030708313,0.0020290175452828407,2.2351819097821135e-06,0.8725,2.5500000000000003,0.001967906951904297,0.645,9.444521566473666e-05,0.023233837969601153,312.62149229057337,False
Nominal Residual PPO,0.5,1052,-1.577463150024414,-0.03658809885382652,0.32490968704223633,True,0.4610431382758307,0.0062040394340516156,1.635654330253601,0.004428800195455551,1.3710272241951316e-06,0.82,3.6,0.004424571990966797,0.63,7.290014608430634e-05,0.04285108730196953,250.43939118362405,False
Nominal Residual PPO,0.5,1053,-0.7320424914360046,-0.38764455914497375,0.44851720333099365,True,0.23211398094199012,0.008139900238257692,0.9053893089294434,0.008864471688866615,6.556728635587206e-07,0.865,2.7,0.008858680725097656,0.7125,9.362549373759521e-05,0.024816876240074635,306.83951633341593,False
Nominal Residual PPO,0.5,1054,-1.9604523181915283,0.6108824014663696,0.3443475067615509,True,0.6260826754221899,0.010017134402965262,2.1013553142547607,0.005140006076544523,8.647400591144105e-07,0.7875,4.25,0.005138874053955078,0.6025,7.906163419291823e-05,0.052856728881597516,203.20732873997466,False
Nominal Residual PPO,0.5,1055,-0.8035520911216736,-0.8197364807128906,0.37500709295272827,True,0.2779086093162089,0.005801212851061937,1.1733254194259644,0.0062494720332324505,1.19327410175174e-07,0.86,2.8000000000000003,0.006249427795410156,0.7,0.00011470270553158068,0.024651234708726405,299.6964841663423,False
Nominal Residual PPO,0.5,1056,-0.6173267960548401,-0.7547652125358582,0.33817118406295776,True,0.22158581649788472,0.004537472297726527,0.9910121560096741,0.004905665758997202,5.424022674560547e-06,0.8675,2.6500000000000004,0.0049037933349609375,0.705,0.00010402906322352249,0.01914291799068451,312.3976560135448,False
Nominal Residual PPO,0.5,1057,-1.4013786315917969,-0.020997419953346252,0.2980625629425049,True,0.39005474765938913,0.004630652982176225,1.449780821800232,0.0034489466343075037,2.5630145046307007e-06,0.8375,3.25,0.0034346580505371094,0.6325,7.639359486659236e-05,0.03790889725089073,271.71159956526645,False
Nominal Residual PPO,0.5,1058,-1.9344123601913452,-0.6835842132568359,0.34246277809143066,True,0.6170805823833049,0.009340419940515167,2.0958235263824463,0.00506201945245266,5.3049061534693465e-06,0.79,4.2,0.005060672760009766,0.6075,8.65256526110687e-05,0.05216501150280237,206.27550677063275,False
Nominal Residual PPO,0.5,1059,-1.3239208459854126,-0.34795770049095154,0.3298633396625519,True,0.38078195681568616,0.005204462609575084,1.4180941581726074,0.004601361695677042,6.526713605126133e-06,0.8375,3.25,0.004598140716552734,0.65,7.914264679083839e-05,0.03662333533167839,272.4851335770808,False
Nominal Residual PPO,0.5,1060,-0.5232435464859009,-0.8263487219810486,0.4775193929672241,True,0.2352369277414991,0.009124052813077092,1.0047281980514526,0.009857905097305775,7.2121624725696165e-06,0.8625,2.75,0.009848594665527344,0.73,0.00010753230865716905,0.020457606837153433,305.93180539609676,False
Nominal Residual PPO,0.5,1061,-1.0766786336898804,0.09924349933862686,0.28927016258239746,True,0.2837521766860607,0.0034909337137235706,1.1257458925247192,0.0031308848410844803,1.7881403664432582e-06,0.8625,2.75,0.0031108856201171875,0.6525,8.449815999771582e-05,0.029618468806147574,300.72359298568887,False
Nominal Residual PPO,0.5,1062,-1.020176649093628,-0.6513675451278687,0.4292861223220825,True,0.333309188419457,0.0077104428332423775,1.2640507221221924,0.008182380348443985,3.6360693229653407e-06,0.845,3.1,0.0081787109375,0.6875,9.631771053942323e-05,0.031478331871330735,281.77477262871577,False
Nominal Residual PPO,0.5,1063,-0.5567145943641663,0.6067063212394714,0.2895512878894806,True,0.17884199697944433,0.0029292710430551465,0.8364167213439941,0.0031392849050462246,3.010034788530902e-06,0.89,2.2,0.0031194686889648438,0.7075,0.00011052397547432573,0.01662519883364439,329.80451497242007,False
Nominal Residual PPO,0.5,1064,-1.6129041910171509,-0.13716638088226318,0.24278511106967926,True,0.44286953864060785,0.004323578080311755,1.6485298871994019,0.0014957330422475934,3.0249536848714342e-06,0.83,3.4000000000000004,0.0013842582702636719,0.575,7.81574764845115e-05,0.042202910501509906,260.4888561539209,False
Nominal Residual PPO,0.5,1065,-0.5033138990402222,-0.5932050347328186,0.453745573759079,True,0.19183889853121103,0.008365948427665916,0.8134443759918213,0.00904436782002449,1.0063423587780562e-06,0.8725,2.5500000000000003,0.009037971496582031,0.7325,9.894031044909968e-05,0.019254632480442523,316.81268525760817,False
Nominal Residual PPO,0.5,1066,-1.3762075901031494,0.32575497031211853,0.20805609226226807,True,0.3600714864792404,0.003321299480894352,1.4329009056091309,0.0007341955788433552,1.1928681260542362e-06,0.85,3.0,9.584426879882812e-05,0.425,8.914558593171832e-05,0.03576897397637367,284.28942279307455,False
Nominal Residual PPO,0.5,1067,-0.6176835894584656,0.9055254459381104,0.20151829719543457,True,0.23053952430555003,0.0012824173447881844,1.0992552042007446,0.000771661929320544,2.8312223321336205e-07,0.875,2.5,0.0,0.0,0.00012516489911793102,0.016709217205643653,317.4988998243504,False
Nominal Residual PPO,0.5,1068,-0.7787961959838867,0.5352519750595093,0.25048118829727173,True,0.2145966283068929,0.002111409446465049,0.9596384167671204,0.0017527490854263306,3.06964057017467e-06,0.885,2.3000000000000003,0.0016703605651855469,0.645,0.00011083305197684079,0.02148251224309206,322.3017788273106,False
Nominal Residual PPO,0.5,1069,-0.5076419115066528,0.8446078896522522,0.24751581251621246,True,0.20621891661534458,0.001627622854847953,0.9901279211044312,0.0016534528695046902,2.3692850845691282e-06,0.8775,2.45,0.0015611648559570312,0.695,0.00012070531774927069,0.01465274764224887,321.75492177958927,False
Nominal Residual PPO,0.5,1070,-1.6644020080566406,0.9533751606941223,0.22921264171600342,True,0.49726171941483416,0.004663669864536818,1.9316902160644531,0.0010854584397748113,2.385510526892176e-07,0.83,3.4000000000000004,0.0008845329284667969,0.5425,0.00010309165533427008,0.043283609971404076,252.10123681891332,False
Nominal Residual PPO,0.5,1071,-1.6379417181015015,0.7469041347503662,0.26974478363990784,True,0.4854923358789326,0.005180483356578531,1.823076605796814,0.0024226009845733643,5.632648026221432e-06,0.825,3.5,0.0023818016052246094,0.5975,9.059217595809773e-05,0.043292349688708785,250.30340734471287,False
Nominal Residual PPO,0.5,1072,-1.22187077999115,0.3675197660923004,0.4661308228969574,True,0.4004863093400189,0.009516844982501702,1.3809274435043335,0.009476939216256142,5.664035143126966e-07,0.82,3.6,0.009469032287597656,0.665,7.916770024072204e-05,0.03758422452956438,257.05537149351323,False
Nominal Residual PPO,0.5,1073,-1.5133368968963623,0.8512749075889587,0.3800120949745178,True,0.4945312963269619,0.007914937742108129,1.7799524068832397,0.006426964420825243,2.0266729734430555e-06,0.815,3.7,0.006426811218261719,0.6375,8.780468752671705e-05,0.04251921746879816,240.67146385121353,False
Nominal Residual PPO,0.5,1074,-0.5001789927482605,-0.2884053587913513,0.4962819218635559,True,0.17083853318691294,0.009746226094969637,0.6802284717559814,0.010512657463550568,1.3709313861909322e-06,0.8775,2.45,0.010500907897949219,0.7375,9.372820652655997e-05,0.020476026758551598,321.0346292107629,False
Nominal Residual PPO,0.5,1075,-0.8189709782600403,0.9466501474380493,0.23914383351802826,True,0.2776827816033247,0.00181957040180121,1.2590471506118774,0.0013805051567032933,1.4752150718777557e-06,0.8725,2.5500000000000003,0.0012514591217041016,0.635,0.00013248850995033963,0.022293808180838825,308.85891443864017,False
Nominal Residual PPO,0.5,1076,-1.445397138595581,-0.562984049320221,0.45283621549606323,True,0.48345357910127557,0.010160316825320946,1.6325582265853882,0.009013748727738857,2.9857329764126916e-07,0.8025,3.95,0.009007453918457031,0.6475,7.950893227347608e-05,0.04277873296290636,233.84111621190172,False
Nominal Residual PPO,0.5,1077,-0.6151338219642639,-0.8893533945083618,0.2694230377674103,True,0.23614074650944858,0.002492261343796541,1.088533878326416,0.00241531478241086,2.7716173462977167e-06,0.865,2.7,0.002374410629272461,0.67,0.00010709750861594394,0.017716031037271023,310.3961302109735,False
Nominal Residual PPO,0.5,1078,-0.6580581068992615,-0.6858707666397095,0.23459486663341522,True,0.20571605293720585,0.001731353043139084,0.9584092497825623,0.0012397094396874309,1.2666037036979105e-06,0.8725,2.5500000000000003,0.0010824203491210938,0.625,0.0001006363919712295,0.018204198088496923,318.32835473044474,False
Nominal Residual PPO,0.5,1079,-0.5874135494232178,0.8651593327522278,0.4896434247493744,True,0.25642034670074637,0.009496128878959191,1.076871633529663,0.010285776108503342,9.238984830517438e-07,0.87,2.6,0.010274887084960938,0.7325,0.0001263199480129371,0.022443999908864497,306.2381426054088,False
Nominal Residual PPO,0.5,1080,-0.6397119164466858,0.7102972865104675,0.367546945810318,True,0.2221149436964568,0.005502273517473644,0.9782975912094116,0.005976206157356501,2.5928031845978694e-06,0.88,2.4000000000000004,0.005976200103759766,0.7175,0.00011774809237854279,0.020371519029140472,317.81664256053546,False
Nominal Residual PPO,0.5,1081,-1.3320256471633911,0.8601993322372437,0.3006768822669983,True,0.40843025136331007,0.004564122484690495,1.6089626550674438,0.003546217456459999,1.0729754649219103e-06,0.8425,3.1500000000000004,0.0035333633422851562,0.635,0.00010083804266144692,0.03622698962688446,271.5441400124327,False
Nominal Residual PPO,0.5,1082,-0.9581221342086792,-0.30673766136169434,0.3117980659008026,True,0.2595603396733864,0.003898691877163954,1.048206090927124,0.003953365609049797,3.278780411619664e-07,0.8675,2.6500000000000004,0.003945350646972656,0.6725,8.864195626373552e-05,0.027097935080528258,306.19204352003925,False
Nominal Residual PPO,0.5,1083,-1.3940625190734863,0.6289385557174683,0.21643398702144623,True,0.3832171079438864,0.0034436512113538973,1.543211579322815,0.0008013250189833343,7.897616001173446e-07,0.85,3.0,0.0004100799560546875,0.515,9.755918658244062e-05,0.03633745333179832,280.49953418440896,False
Nominal Residual PPO,0.5,1084,-0.7371216416358948,-0.8951173424720764,0.4071005880832672,True,0.28005526229925165,0.006831662176891633,1.1846938133239746,0.0073897563852369785,7.301571258722106e-06,0.8575,2.85,0.007388114929199219,0.7075,0.00011363298000194365,0.02380042988806963,297.9606326000437,False
Nominal Residual PPO,0.5,1085,-0.7224554419517517,-0.08529454469680786,0.4138740301132202,True,0.2079934384412703,0.007008669328993334,0.8221300840377808,0.0076354132033884525,4.291594450478442e-06,0.875,2.5,0.007633209228515625,0.71,9.148642712465247e-05,0.023617324791848658,315.6241822560599,False
Nominal Residual PPO,0.5,1086,-0.7490203976631165,-0.7008727788925171,0.4387705326080322,True,0.2627123981052047,0.007839915313034998,1.0665459632873535,0.008522908203303814,6.556786047440255e-07,0.86,2.8000000000000003,0.008518218994140625,0.71,0.00010430022563287347,0.024955770038068294,300.4639398697509,False
Nominal Residual PPO,0.5,1087,-1.2718281745910645,-0.8616007566452026,0.3274095356464386,True,0.3981548356987275,0.004990923275202698,1.5632307529449463,0.004522183444350958,1.4943123005650705e-07,0.8425,3.1500000000000004,0.0045185089111328125,0.655,9.67043843130869e-05,0.0352660745382309,272.4673533615183,False
Nominal Residual PPO,0.5,1088,-1.148199200630188,-0.9221230149269104,0.4605681300163269,True,0.41134549608348125,0.009041037792229496,1.5241628885269165,0.009278836660087109,2.801463779178448e-06,0.8275,3.45,0.009272098541259766,0.6775,9.987415505379935e-05,0.0355782238394022,259.81597032918387,False
Nominal Residual PPO,0.5,1089,-1.8535881042480469,0.5890284776687622,0.37915652990341187,True,0.6026973926497367,0.010649973452252508,2.004608154296875,0.006400240119546652,6.263836098696629e-07,0.7875,4.25,0.006400108337402344,0.6125,7.74426648178759e-05,0.05100420396775007,206.3594469893599,False
Nominal Residual PPO,0.5,1090,-0.9845758080482483,-0.6573527455329895,0.30003631114959717,True,0.2888302047460154,0.0036005697993674577,1.2066437005996704,0.0035203529987484217,2.8014194413117366e-06,0.8625,2.75,0.0035071372985839844,0.665,9.619492342478157e-05,0.027527811974287032,299.93191213223866,False
Nominal Residual PPO,0.5,1091,-1.8845704793930054,-0.6914018392562866,0.36124923825263977,True,0.6083338944202527,0.009761484429918135,2.05623197555542,0.005742660723626614,6.228760412341217e-06,0.79,4.2,0.005742549896240234,0.6125,8.584268766035223e-05,0.051338113471865655,207.1951586043019,False
Nominal Residual PPO,0.5,1092,-1.9696727991104126,-0.2278679758310318,0.31251582503318787,True,0.6015363792201007,0.008440040500265752,2.0331528186798096,0.003968439530581236,6.943982043594588e-06,0.795,4.1000000000000005,0.003960609436035156,0.5975,7.573632173372525e-05,0.05240121856331825,212.6346640171585,False
Nominal Residual PPO,0.5,1093,-0.8791002631187439,0.07968070358037949,0.43002596497535706,True,0.26155220980955185,0.007590880232016562,0.9866499304771423,0.008216802030801773,1.7586531839697273e-06,0.8575,2.85,0.008213043212890625,0.6975,9.110486582469437e-05,0.0279704225435853,299.1991657230356,False
Nominal Residual PPO,0.5,1094,-0.9031349420547485,-0.5643354058265686,0.2514164447784424,True,0.24933198931638448,0.0023138129082110426,1.080662727355957,0.0017855672631412745,2.4437974843749544e-06,0.87,2.6,0.0017061233520507812,0.635,9.13829757774363e-05,0.024606966637074946,310.11973118932775,False
Nominal Residual PPO,0.5,1095,-1.3096781969070435,-0.4019305408000946,0.2943161725997925,True,0.36657717904673914,0.0041456588444656155,1.4055161476135254,0.0033152601681649685,9.239794849236205e-07,0.845,3.1,0.0032987594604492188,0.64,8.351455723474275e-05,0.035543137192726136,279.10827877284686,False
Nominal Residual PPO,0.5,1096,-0.5565752387046814,0.7886120080947876,0.27283963561058044,True,0.20572381774695925,0.0023921091632494048,0.972832441329956,0.002540198853239417,8.642695092930808e-07,0.8825,2.35,0.0025038719177246094,0.7025,0.00012006975369901773,0.016310935355722905,323.4323468180697,False
Nominal Residual PPO,0.5,1097,-1.3080552816390991,0.037033263593912125,0.27344202995300293,True,0.3515214803304805,0.003721886807740766,1.3485994338989258,0.0025646176654845476,1.0730103667810909e-06,0.8475,3.0500000000000003,0.002529144287109375,0.6275,8.073614561963123e-05,0.03510807029902935,283.33588365714115,False
Nominal Residual PPO,0.5,1098,-1.2224541902542114,-0.25077617168426514,0.4742331802845001,True,0.40002799846727016,0.009753020185687165,1.365433931350708,0.009758335538208485,1.5799166703800438e-06,0.8175,3.6500000000000004,0.009749412536621094,0.6675,7.41173427252051e-05,0.037839382477104666,255.72749516990297,False
Nominal Residual PPO,0.5,1099,-1.9130916595458984,0.09447009861469269,0.36984628438949585,True,0.6089212430779141,0.010679986689240752,1.9914977550506592,0.006060600280761719,1.7585729210622958e-06,0.785,4.3,0.006060600280761719,0.6075,7.053914036925983e-05,0.05226228330284357,204.30763142581856,False
Robust Residual PPO,0.5,1000,-1.2179213762283325,0.20768369734287262,0.34128254652023315,True,0.3469228158597702,0.0021247652923351338,1.297475814819336,0.002135504735633731,8.344657658199139e-07,0.8325,3.35,0.0012025833129882812,0.7075,5.986273682239343e-05,0.034130475930869576,277.92919407008844,False
Robust Residual PPO,0.5,1001,-1.0811076164245605,-0.9685990810394287,0.25630688667297363,True,0.34001074149662397,0.0006021067236156944,1.4634742736816406,0.0006155142327770591,9.834769798544585e-07,0.8525,2.95,0.0006074905395507812,0.7225,0.00010105871393092105,0.029107982702553273,290.48965315285795,False
Robust Residual PPO,0.5,1002,-1.428768277168274,-0.28562131524086,0.4242836833000183,True,0.45350420669441566,0.004204902433212679,1.5452688932418823,0.003980751149356365,9.842466397458338e-07,0.7975,4.05,0.001804351806640625,0.6925,5.653220267059072e-05,0.041401856280863285,240.1728259026595,False
Robust Residual PPO,0.5,1003,-1.7183640003204346,-0.48658838868141174,0.34840381145477295,True,0.530215989155398,0.0028297843816592664,1.835767149925232,0.002291597193107009,3.0994415283203125e-06,0.7925,4.15,0.0012516975402832031,0.675,7.430474303416752e-05,0.046794908232986925,225.61514682453688,False
Robust Residual PPO,0.5,1004,-1.998679280281067,-0.7396973967552185,0.24154320359230042,True,0.5948563796566527,0.0016319990730931805,2.150963544845581,0.0006604347145184875,1.7881400538044545e-07,0.7925,4.15,0.0005049705505371094,0.65,9.806884908199462e-05,0.05180475074797869,216.87705183457462,False
Robust Residual PPO,0.5,1005,-1.8766711950302124,0.8611240983009338,0.28618520498275757,True,0.5820437795750841,0.0022117360567624205,2.0905823707580566,0.000987915089353919,3.8743019104003906e-07,0.795,4.1000000000000005,0.0008141994476318359,0.655,7.719644533841638e-05,0.04950307331979275,220.18671889684921,False
Robust Residual PPO,0.5,1006,-1.4946178197860718,0.20171388983726501,0.28934937715530396,True,0.4214669864746829,0.001217765827405816,1.5521690845489502,0.001047421363182366,1.2516976539700408e-06,0.8225,3.5500000000000003,0.0008373260498046875,0.685,6.092308351349208e-05,0.04001202434301376,261.55647361013536,False
Robust Residual PPO,0.5,1007,-1.8931626081466675,0.6319606900215149,0.39287856221199036,True,0.6287112138607392,0.005631894702786506,2.0598342418670654,0.0032807791139930487,5.662471949108294e-07,0.7675,4.65,0.0015740394592285156,0.65,5.5300821667398775e-05,0.05219956126064062,193.76550506058982,False
Robust Residual PPO,0.5,1008,-1.749120831489563,0.6261014938354492,0.26522985100746155,True,0.5146997983674765,0.001429945870745066,1.8832941055297852,0.0006756903021596372,1.4901172562531428e-07,0.8075,3.85,0.0006685256958007812,0.6625,7.173276975329162e-05,0.04595503304153681,238.812208061153,False
Robust Residual PPO,0.5,1009,-1.9152493476867676,-0.3461688160896301,0.2149554342031479,True,0.5395606274029233,0.0015589148069231915,1.9656221866607666,0.0010662858840078115,7.898089506852557e-07,0.805,3.9000000000000004,0.000324249267578125,0.6425,8.52316316655744e-05,0.04934509867802262,233.15623714723694,False
Robust Residual PPO,0.5,1010,-1.8575115203857422,0.07161146402359009,0.4753030240535736,True,0.65334399069618,0.011274470124067949,1.9887560606002808,0.005110267549753189,1.639129436625808e-06,0.7425,5.15,0.0021791458129882812,0.6375,3.8846139705558645e-05,0.053557373620569705,172.53730953071275,False
Robust Residual PPO,0.5,1011,-1.57381272315979,0.12664707005023956,0.26378002762794495,True,0.4378733817010774,0.0009649869220293,1.6159837245941162,0.0006618236075155437,1.788140480130096e-07,0.82,3.6,0.0006585121154785156,0.6775,6.438967713235717e-05,0.041548619829118255,258.07727486304657,False
Robust Residual PPO,0.5,1012,-1.5405192375183105,0.561293363571167,0.2715309262275696,True,0.4433027529400651,0.0010517771186037267,1.6673107147216797,0.0007499546045437455,8.940696716308594e-07,0.8225,3.5500000000000003,0.0007114410400390625,0.6775,7.024889346578849e-05,0.04084326028823852,258.2773040804231,False
Robust Residual PPO,0.5,1013,-0.8082606196403503,-0.8420410752296448,0.401797890663147,True,0.28486287503299706,0.003475711078410226,1.1964707374572754,0.003479344304651022,6.855169658592786e-07,0.855,2.9000000000000004,0.0016388893127441406,0.7525,8.402698374233116e-05,0.025294709466397763,297.8624797415743,False
Robust Residual PPO,0.5,1014,-1.3467140197753906,0.1714046150445938,0.4693894386291504,True,0.4443950508105545,0.005258194361182353,1.481827974319458,0.004979586694389582,2.7418136596679688e-06,0.7925,4.15,0.0021343231201171875,0.6875,3.9617609567234956e-05,0.04061670862138271,238.76063714141313,False
Robust Residual PPO,0.5,1015,-1.4601455926895142,0.21413566172122955,0.39239153265953064,True,0.4509510119983631,0.0034662231608735402,1.5598150491714478,0.0032699888106435537,3.2782864423097635e-07,0.805,3.9000000000000004,0.0015707015991210938,0.6875,4.844186013513008e-05,0.04136200007051229,245.56986816740368,False
Robust Residual PPO,0.5,1016,-1.6580126285552979,-0.11461202055215836,0.3060871958732605,True,0.4827236442294304,0.001745243851431115,1.711424708366394,0.001379141816869378,8.344655952896574e-07,0.8075,3.85,0.0009531974792480469,0.6775,6.481868922292354e-05,0.04441338755190372,242.95589436642462,False
Robust Residual PPO,0.5,1017,-0.62247234582901,0.6426637768745422,0.4917738139629364,True,0.23457633810581055,0.005433217239804749,0.9441763162612915,0.005472838878631592,2.0864133887243952e-07,0.8575,2.85,0.0023031234741210938,0.7575,6.848295850789538e-05,0.023187237940728665,305.2777305563279,False
Robust Residual PPO,0.5,1018,-1.1090368032455444,-0.0900818482041359,0.4614541530609131,True,0.3512031437538161,0.0048143865076406825,1.2315436601638794,0.0048057218082249165,3.0997027806733968e-06,0.8175,3.6500000000000004,0.0020799636840820312,0.715,4.950937769274167e-05,0.03444540768861771,267.27689422293315,False
Robust Residual PPO,0.5,1019,-1.674609661102295,-0.20800989866256714,0.34006524085998535,True,0.5042740184314672,0.002546647092922004,1.7462782859802246,0.0021094658877700567,1.1324882507324219e-06,0.7975,4.05,0.0011954307556152344,0.6775,6.394213276987277e-05,0.04552186612039805,233.34857133791277,False
Robust Residual PPO,0.5,1020,-1.1319496631622314,-0.4326494336128235,0.2227078378200531,True,0.2925350350621875,0.000913931561699458,1.2279053926467896,0.0009235505713149905,1.490246432922504e-07,0.8525,2.95,0.0003762245178222656,0.7025,8.628320362981126e-05,0.02987038016319275,296.93947528577263,False
Robust Residual PPO,0.5,1021,-1.4384177923202515,-0.8382971882820129,0.49743902683258057,True,0.5202650048142601,0.006348308090055036,1.74289071559906,0.005597238428890705,4.768373855768004e-07,0.775,4.5,0.002346038818359375,0.68,7.16612370880104e-05,0.043764142617583275,214.3695260617394,False
Robust Residual PPO,0.5,1022,-1.999210000038147,0.8368335366249084,0.37694433331489563,True,0.6714610032233732,0.006062166750345343,2.2176871299743652,0.002926293993368745,1.2218960137033719e-06,0.765,4.7,0.0014600753784179688,0.645,6.3715958658766e-05,0.05446939460933208,184.69962957447956,False
Robust Residual PPO,0.5,1023,-1.4916963577270508,0.8117974996566772,0.4728805720806122,True,0.5283231653380985,0.00595814440285883,1.7714253664016724,0.005056837573647499,1.758338044055563e-06,0.7775,4.45,0.0021610260009765625,0.6725,5.4035065125859445e-05,0.044341917373239996,215.83041295547036,False
Robust Residual PPO,0.5,1024,-1.51630699634552,-0.48329436779022217,0.3110935389995575,True,0.44240613839679305,0.0016186148816100744,1.6286360025405884,0.0014833175810053945,1.4603140243707458e-06,0.815,3.7,0.0009882450103759766,0.6925,7.818487212732254e-05,0.040965675562620166,253.38683005302377,False
Robust Residual PPO,0.5,1025,-0.7683239579200745,0.258014976978302,0.24864348769187927,True,0.193009270530133,0.0005985432174252671,0.8379412889480591,0.0006157038151286542,2.3841926122258883e-07,0.875,2.5,0.0005540847778320312,0.725,5.894364279580604e-05,0.021162468753755093,322.08681866648465,False
Robust Residual PPO,0.5,1026,-1.7438942193984985,0.19023452699184418,0.2583710551261902,True,0.49570292120002013,0.001265309104647515,1.7891390323638916,0.000623126863501966,1.4901161193847656e-07,0.81,3.8000000000000003,0.0006208419799804688,0.6625,6.461786471293691e-05,0.0457113840803504,243.27276602469834,False
Robust Residual PPO,0.5,1027,-1.9580382108688354,0.12429128587245941,0.36954861879348755,True,0.628032341070973,0.005051847581860361,2.0382821559906006,0.0027603767812252045,3.2186512726184446e-06,0.77,4.6000000000000005,0.0014033317565917969,0.65,5.201212455460393e-05,0.05326359454542398,195.67951837450858,False
Robust Residual PPO,0.5,1028,-0.7757433652877808,-0.22796711325645447,0.4025936424732208,True,0.22354841953976773,0.003482689577110815,0.8833803534507751,0.0034971097484230995,1.2815006584787625e-06,0.8575,2.85,0.001644134521484375,0.7525,6.45335954716928e-05,0.02450309369713068,307.64261314411004,False
Robust Residual PPO,0.5,1029,-0.7448340058326721,0.6458722352981567,0.214758962392807,True,0.21372369244542783,0.0010748041063109236,0.9937342405319214,0.0010697937104851007,6.028305676863965e-08,0.8775,2.45,0.00032258033752441406,0.7125,7.392536986649794e-05,0.020081840939819812,320.79054477550915,False
Robust Residual PPO,0.5,1030,-1.6447029113769531,-0.9496257901191711,0.4438457489013672,True,0.577676412056132,0.005403534585252306,1.9596617221832275,0.004414719063788652,1.1921376881218748e-06,0.7725,4.55,0.0019464492797851562,0.6725,8.348089146440965e-05,0.04732791658490896,204.17250315223427,False
Robust Residual PPO,0.5,1031,-0.9611496329307556,0.9009804725646973,0.39864641427993774,True,0.33428835351165065,0.003371908667606204,1.349510669708252,0.003409355878829956,5.066394805908203e-07,0.845,3.1,0.0016160011291503906,0.7275,8.477019999968118e-05,0.029036952443420888,285.7419238533399,False
Robust Residual PPO,0.5,1032,-0.6833899617195129,-0.5306191444396973,0.49894750118255615,True,0.23926020868132356,0.005628603839307878,0.9323027729988098,0.005630328319966793,6.556543326041719e-07,0.8475,3.0500000000000003,0.002357959747314453,0.7575,6.557110052411236e-05,0.024936025217175483,299.21107468441625,False
Robust Residual PPO,0.5,1033,-0.7577928304672241,0.7459949851036072,0.4761985242366791,True,0.27972241374431217,0.005084226904409657,1.1103570461273193,0.0051296972669661045,2.8908273179695243e-06,0.85,3.0,0.002185344696044922,0.7425,7.180873310592192e-05,0.02609075289219618,294.9335634223049,False
Robust Residual PPO,0.5,1034,-0.5296080112457275,-0.6777904629707336,0.22327283024787903,True,0.17753020360604999,0.0009060008820113004,0.8656488060951233,0.0009134265128523111,8.046658876992296e-07,0.8825,2.35,0.0003795623779296875,0.74,5.400901526863646e-05,0.014819880239665508,327.69821006225146,False
Robust Residual PPO,0.5,1035,-1.5201642513275146,-0.23973245918750763,0.436818927526474,True,0.49359093913698066,0.004770448051693561,1.6374138593673706,0.004257934633642435,4.58956901638885e-06,0.7875,4.25,0.00189208984375,0.68,5.2881781583982346e-05,0.04401938062161207,227.4225755001971,False
Robust Residual PPO,0.5,1036,-1.558912754058838,0.6018440127372742,0.34900519251823425,True,0.4813277119274419,0.0025963112575656906,1.717660665512085,0.002304876921698451,3.069639205932617e-06,0.805,3.9000000000000004,0.0012559890747070312,0.68,6.129971561106126e-05,0.04282141096889973,241.50563831071142,False
Robust Residual PPO,0.5,1037,-1.5164998769760132,-0.3818822205066681,0.38270920515060425,True,0.46875720342810834,0.003285189548216374,1.6288083791732788,0.003053884720429778,1.4901165741321165e-06,0.8,4.0,0.0014996528625488281,0.69,6.569817408825529e-05,0.042539735920727254,239.6923604003511,False
Robust Residual PPO,0.5,1038,-1.5098652839660645,-0.8029577136039734,0.31811848282814026,True,0.4620714439814425,0.001742187930538043,1.7404528856277466,0.001632739556953311,2.384206254646415e-07,0.8125,3.75,0.0010387897491455078,0.7,8.977479161305497e-05,0.040937301591038706,249.12925964509196,False
Robust Residual PPO,0.5,1039,-0.6960156559944153,-0.0387578122317791,0.3661683201789856,True,0.1887502689685163,0.002665137390016596,0.7709109783172607,0.002685809275135398,1.3411046211331268e-06,0.8675,2.6500000000000004,0.0013804435729980469,0.7525,5.842853051216181e-05,0.021631702370941638,318.0597407248088,False
Robust Residual PPO,0.5,1040,-0.7547146081924438,0.5635512471199036,0.4134989380836487,True,0.2433212996783014,0.0037014712506273253,0.9876872301101685,0.0037399660795927048,1.7285348121731658e-06,0.86,2.8000000000000003,0.0017235279083251953,0.7475,7.143342702901842e-05,0.02426572609692812,306.1163662120505,False
Robust Residual PPO,0.5,1041,-0.6478168964385986,-0.19675222039222717,0.46515655517578125,True,0.20052677160783625,0.0048719700420207564,0.7821158766746521,0.004886716604232788,3.576394362880819e-07,0.8575,2.85,0.0021047592163085938,0.76,5.80841923862545e-05,0.023021313324570657,310.3123757590812,False
Robust Residual PPO,0.5,1042,-1.463887333869934,-0.25558269023895264,0.3728010952472687,True,0.44267781880750706,0.0029824622609503425,1.5544626712799072,0.002833268605172634,1.4603142517444212e-06,0.8075,3.85,0.001428365707397461,0.6925,6.164643246765087e-05,0.04098721206188202,248.32315324922965,False
Robust Residual PPO,0.5,1043,-1.7490100860595703,-0.7958716750144958,0.31946444511413574,True,0.543664724707426,0.00212200784038635,1.9551254510879517,0.0016615266213193536,2.384201707172906e-07,0.795,4.1000000000000005,0.0010480880737304688,0.6775,9.125075901568107e-05,0.04694180406630039,225.64578295622107,False
Robust Residual PPO,0.5,1044,-1.981444239616394,0.7169352173805237,0.20961801707744598,True,0.5776257006738895,0.0020276300135544964,2.121433973312378,0.0011697424342855811,1.743629354677978e-06,0.8025,3.95,0.00028634071350097656,0.63,8.06119998550075e-05,0.05092578941956163,225.94566405762794,False
Robust Residual PPO,0.5,1045,-0.7272861003875732,-0.39523494243621826,0.4158290922641754,True,0.21994708224252682,0.0037845217202724917,0.8858987092971802,0.003792664036154747,1.0160438250750303e-06,0.8575,2.85,0.0017423629760742188,0.7575,6.78024145323912e-05,0.023642013408243658,308.0592424608361,False
Robust Residual PPO,0.5,1046,-1.868130087852478,0.6265861392021179,0.39649125933647156,True,0.6207236326672444,0.005555330985949855,2.035818576812744,0.003360949456691742,1.8179417793362518e-06,0.77,4.6000000000000005,0.0015993118286132812,0.6525,5.4542459855363946e-05,0.05166007187217474,196.30692371425218,False
Robust Residual PPO,0.5,1047,-1.1699552536010742,-0.14992530643939972,0.29876548051834106,True,0.3154803555183097,0.0012192403606366578,1.2243539094924927,0.0012288469588384032,2.7120113372802734e-06,0.8425,3.1500000000000004,0.0009002685546875,0.715,7.138640723019235e-05,0.03207399867475033,288.070954150369,False
Robust Residual PPO,0.5,1048,-0.9076822996139526,-0.7630760073661804,0.4824531674385071,True,0.3241879218168682,0.005273815597145799,1.2415555715560913,0.005268619395792484,2.2054096007195767e-06,0.8275,3.45,0.00223541259765625,0.74,7.497307631352744e-05,0.03002556398510933,276.73724301420924,False
Robust Residual PPO,0.5,1049,-1.6127384901046753,0.09402617067098618,0.43331217765808105,True,0.5271130195880902,0.005082015731575655,1.722390055656433,0.0041806865483522415,2.0563613816193538e-06,0.78,4.4,0.0018682479858398438,0.67,4.390270899062688e-05,0.04623997066169977,218.0386543008866,False
Robust Residual PPO,0.5,1050,-1.2507070302963257,-0.40418457984924316,0.49881017208099365,True,0.42614757155181865,0.0058507181804201055,1.4240926504135132,0.005626484286040068,2.920630322478246e-06,0.7925,4.15,0.002354145050048828,0.695,5.1951517330745785e-05,0.03911485731601715,240.5387762158044,False
Robust Residual PPO,0.5,1051,-0.8433747291564941,-0.6024307608604431,0.2584548592567444,True,0.23658417108847926,0.0005981889769887198,1.051550030708313,0.0006224852404557168,1.5497207641601562e-06,0.8675,2.6500000000000004,0.0006203651428222656,0.735,7.525285443486999e-05,0.02320030178874731,312.18764819437996,False
Robust Residual PPO,0.5,1052,-1.577463150024414,-0.03658809885382652,0.32490968704223633,True,0.46161944845069325,0.0020238594436716136,1.635488748550415,0.001779169891960919,1.0728838333307067e-06,0.81,3.8000000000000003,0.0010876655578613281,0.6825,6.0176280434294094e-05,0.042768088579177854,247.55028366780536,False
Robust Residual PPO,0.5,1053,-0.7320424914360046,-0.38764455914497375,0.44851720333099365,True,0.2293874768718948,0.004511471081988554,0.8993446826934814,0.004518893547356129,1.0132831675946363e-06,0.8525,2.95,0.0019826889038085938,0.755,6.505515666842175e-05,0.02464579250663519,303.7687056293889,False
Robust Residual PPO,0.5,1054,-1.9604523181915283,0.6108824014663696,0.3443475067615509,True,0.6272635466199963,0.004195612436358857,2.10268235206604,0.002203601412475109,1.1026859283447266e-06,0.775,4.5,0.0012259483337402344,0.65,6.018724588119508e-05,0.05275963842868805,199.57388779355264,False
Robust Residual PPO,0.5,1055,-0.8035520911216736,-0.8197364807128906,0.37500709295272827,True,0.27495451319850717,0.00287721942684507,1.1733254194259644,0.002882857108488679,1.7881772862438083e-07,0.8575,2.85,0.0014452934265136719,0.75,8.432640539357161e-05,0.024531528539955615,301.0308259414655,False
Robust Residual PPO,0.5,1056,-0.6173267960548401,-0.7547652125358582,0.33817118406295776,True,0.2187498714088232,0.0020602893702140195,0.9910121560096741,0.002066433895379305,3.0100345611572266e-06,0.8725,2.5500000000000003,0.001178741455078125,0.7575,6.986586900931082e-05,0.019049715921282767,316.6824886241244,False
Robust Residual PPO,0.5,1057,-1.4013786315917969,-0.020997419953346252,0.2980625629425049,True,0.3903998767884789,0.0012854389920828719,1.4497079849243164,0.001215798081830144,6.556512630595535e-07,0.8275,3.45,0.0008971691131591797,0.695,6.44952000438917e-05,0.037845486924052235,268.8350658728417,False
Robust Residual PPO,0.5,1058,-1.9344123601913452,-0.6835842132568359,0.34246277809143066,True,0.6162287609533833,0.0035558396023348993,2.0957717895507812,0.0021608767565339804,2.4735929855523864e-06,0.7775,4.45,0.0012097358703613281,0.66,8.297941097614575e-05,0.052068620510399344,202.11537970004935,False
Robust Residual PPO,0.5,1059,-1.3239208459854126,-0.34795770049095154,0.3298633396625519,True,0.37951246063217037,0.0019172867618514175,1.4151264429092407,0.0018863531295210123,6.258487701416016e-07,0.825,3.5,0.0011224746704101562,0.7075,7.251913651987388e-05,0.03653566166758537,268.667675816296,False
Robust Residual PPO,0.5,1060,-0.5232435464859009,-0.8263487219810486,0.4775193929672241,True,0.23189734476544815,0.0051571617440372254,1.0047281980514526,0.005157819017767906,6.94394202582771e-06,0.8675,2.6500000000000004,0.0021915435791015625,0.77,7.518868551468065e-05,0.020266621708869934,310.8808606757111,False
Robust Residual PPO,0.5,1061,-1.0766786336898804,0.09924349933862686,0.28927016258239746,True,0.2842066679329949,0.001020808771195987,1.1265286207199097,0.0010453015565872192,1.1920944587018312e-07,0.85,3.0,0.0008358955383300781,0.715,6.777338864924384e-05,0.029561652243137358,296.93461658804324,False
Robust Residual PPO,0.5,1062,-1.020176649093628,-0.6513675451278687,0.4292861223220825,True,0.3307882242464483,0.004096777838994935,1.2636038064956665,0.004091197159141302,2.0266329556761775e-06,0.83,3.4000000000000004,0.00183868408203125,0.735,7.553785148805371e-05,0.031320068649947644,277.48493611998884,False
Robust Residual PPO,0.5,1063,-0.5567145943641663,0.6067063212394714,0.2895512878894806,True,0.1788342028621458,0.0010264053394062602,0.8364167213439941,0.0010508846025913954,6.258487701416016e-07,0.8825,2.35,0.0008382797241210938,0.76,6.611318206950763e-05,0.016568048857152462,327.72584651124436,False
Robust Residual PPO,0.5,1064,-1.6129041910171509,-0.13716638088226318,0.24278511106967926,True,0.44269875435003286,0.0009171573816483963,1.6480188369750977,0.0006481505697593093,2.5480987915216247e-06,0.82,3.6,0.0005116462707519531,0.6725,7.308117976509563e-05,0.04218127155676484,257.27922401105775,False
Robust Residual PPO,0.5,1065,-0.5033138990402222,-0.5932050347328186,0.453745573759079,True,0.188131080182309,0.004633310542026553,0.8133116960525513,0.004633942153304815,2.0563602447509766e-06,0.8725,2.5500000000000003,0.0020189285278320312,0.7725,6.590034258177349e-05,0.01907894100993872,319.36644601597163,False
Robust Residual PPO,0.5,1066,-1.3762075901031494,0.32575497031211853,0.20805609226226807,True,0.3604789384912404,0.0012806112585155912,1.4335238933563232,0.001201003324240446,1.6401711491198512e-06,0.8425,3.1500000000000004,0.00027561187744140625,0.67,7.605641427015616e-05,0.03577337551862001,281.9949344702448,False
Robust Residual PPO,0.5,1067,-0.6176835894584656,0.9055254459381104,0.20151829719543457,True,0.23063105818058885,0.0013355777548604605,1.0992552042007446,0.0013350576627999544,1.4901161193847656e-08,0.875,2.5,0.0013227462768554688,0.7975,7.83974938282602e-05,0.01678909868001938,317.9260583661435,False
Robust Residual PPO,0.5,1068,-0.7787961959838867,0.5352519750595093,0.25048118829727173,True,0.21498320668276205,0.0005910379745483157,0.9597121477127075,0.000609164941124618,1.9371511825738708e-06,0.875,2.5,0.0005650520324707031,0.725,7.143640093479197e-05,0.021454906426370143,319.145869676258,False
Robust Residual PPO,0.5,1069,-0.5076419115066528,0.8446078896522522,0.24751581251621246,True,0.2062068560933921,0.0006085486621599311,0.9901279211044312,0.0006193617591634393,8.046627613111923e-07,0.8775,2.45,0.0019431114196777344,0.855,7.190660165548308e-05,0.014710172768682242,322.54964638054196,False
Robust Residual PPO,0.5,1070,-1.6644020080566406,0.9533751606941223,0.22921264171600342,True,0.4971456514224497,0.001222656784455688,1.9316902160644531,0.0008161026053130627,4.768556891576736e-07,0.82,3.6,0.0004210472106933594,0.6575,9.243270206576502e-05,0.04327231913805008,249.18928691964248,False
Robust Residual PPO,0.5,1071,-1.6379417181015015,0.7469041347503662,0.26974478363990784,True,0.48583879830710974,0.001222495192659661,1.823076605796814,0.0007247333996929228,3.3974647521972656e-06,0.815,3.7,0.0006971359252929688,0.67,7.701001800917858e-05,0.04325026232749224,247.5855139033677,False
Robust Residual PPO,0.5,1072,-1.22187077999115,0.3675197660923004,0.4661308228969574,True,0.4016230346140607,0.004982638579587239,1.3832488059997559,0.004908357746899128,1.4905701561929163e-07,0.8075,3.85,0.0021123886108398438,0.7,4.257864085294435e-05,0.037400854341685774,253.70765308748557,False
Robust Residual PPO,0.5,1073,-1.5133368968963623,0.8512749075889587,0.3800120949745178,True,0.4949238803463938,0.0032839222895321226,1.7799524068832397,0.0029941543471068144,2.980259807827679e-07,0.8025,3.95,0.0014810562133789062,0.68,6.793057492387993e-05,0.042395677156746386,237.29139743114752,False
Robust Residual PPO,0.5,1074,-0.5001789927482605,-0.2884053587913513,0.4962819218635559,True,0.1681913075606484,0.005563531572439177,0.671875,0.005572483409196138,3.039846205865615e-06,0.8675,2.6500000000000004,0.0023393630981445312,0.7725,5.773266327237343e-05,0.020272702798247336,319.11563520508116,False
Robust Residual PPO,0.5,1075,-0.8189709782600403,0.9466501474380493,0.23914383351802826,True,0.27771262059478397,0.0006718454384853662,1.2590471506118774,0.0006838472909294069,4.6193972025321273e-07,0.8675,2.6500000000000004,0.0004885196685791016,0.7225,9.128098526480497e-05,0.022274696212261916,307.71243662395443,False
Robust Residual PPO,0.5,1076,-1.445397138595581,-0.562984049320221,0.45283621549606323,True,0.4824404652567349,0.004984965720389663,1.6304538249969482,0.004614438861608505,4.768407961819321e-07,0.7875,4.25,0.00201416015625,0.6875,6.443590988095335e-05,0.042604491747915745,228.99853706311413,False
Robust Residual PPO,0.5,1077,-0.6151338219642639,-0.8893533945083618,0.2694230377674103,True,0.23406922533212143,0.0007112270026626279,1.088533878326416,0.0007218625396490097,1.7285346984863281e-06,0.87,2.6,0.0006964206695556641,0.745,6.983213268978633e-05,0.01767420593649149,314.41880245211416,False
Robust Residual PPO,0.5,1078,-0.6580581068992615,-0.6858707666397095,0.23459486663341522,True,0.20319152100468862,0.0007247444615358309,0.9584092497825623,0.0007379586459137499,8.642698503535939e-07,0.8775,2.45,0.00045680999755859375,0.7375,6.367821238842042e-05,0.018188751097768546,321.81557914502497,False
Robust Residual PPO,0.5,1079,-0.5874135494232178,0.8651593327522278,0.4896434247493744,True,0.25632097504910156,0.005398189180342809,1.076871633529663,0.005426568910479546,1.8775631360767875e-06,0.86,2.8000000000000003,0.002288818359375,0.77,8.010229631145812e-05,0.02224479865282774,303.9558596359397,False
Robust Residual PPO,0.5,1080,-0.6397119164466858,0.7102972865104675,0.367546945810318,True,0.22213431263523753,0.002690502044503178,0.9782975912094116,0.002716673072427511,6.258499638533976e-07,0.8725,2.5500000000000003,0.0013911724090576172,0.7625,7.688541748051161e-05,0.020256847888231278,316.13209661551497,False
Robust Residual PPO,0.5,1081,-1.3320256471633911,0.8601993322372437,0.3006768822669983,True,0.4084453446074711,0.001312523797473278,1.6089626550674438,0.001268567517399788,2.980233944072097e-07,0.8325,3.35,0.00091552734375,0.695,8.557159397623648e-05,0.03616172321140766,269.03999466834017,False
Robust Residual PPO,0.5,1082,-0.9581221342086792,-0.30673766136169434,0.3117980659008026,True,0.2575321480224253,0.0014823226917238571,1.0451722145080566,0.0014991122297942638,7.74860836827429e-07,0.855,2.9000000000000004,0.0009946823120117188,0.735,7.462454546355556e-05,0.027024564296007157,302.6103093974404,False
Robust Residual PPO,0.5,1083,-1.3940625190734863,0.6289385557174683,0.21643398702144623,True,0.38332262681887097,0.0011460016252862497,1.5432730913162231,0.0010381998727098107,7.599599598506757e-07,0.84,3.2,0.0003342628479003906,0.67,8.564041117894236e-05,0.03633603101596236,277.35635875670704,False
Robust Residual PPO,0.5,1084,-0.7371216416358948,-0.8951173424720764,0.4071005880832672,True,0.27714495512500176,0.0035924930180506,1.1846938133239746,0.003597730305045843,5.961736064818979e-07,0.86,2.8000000000000003,0.0016775131225585938,0.755,8.41751623320195e-05,0.023656364269554614,301.54769540214136,False
Robust Residual PPO,0.5,1085,-0.7224554419517517,-0.08529454469680786,0.4138740301132202,True,0.20776196625791954,0.003727988804884169,0.8206630945205688,0.0037483894266188145,1.6156280935319955e-06,0.86,2.8000000000000003,0.0017261505126953125,0.755,5.973061270146515e-05,0.023469591103494166,311.18116835238084,False
Robust Residual PPO,0.5,1086,-0.7490203976631165,-0.7008727788925171,0.4387705326080322,True,0.2594644014307758,0.0043018592058881025,1.066512942314148,0.004302804358303547,1.4305115882962127e-06,0.8525,2.95,0.001911163330078125,0.755,7.603754277771507e-05,0.02479141142219305,299.76139073213704,False
Robust Residual PPO,0.5,1087,-1.2718281745910645,-0.8616007566452026,0.3274095356464386,True,0.3957534413543374,0.0018463781848773813,1.5632307529449463,0.001832985901273787,3.874302194617485e-07,0.8275,3.45,0.0011048316955566406,0.72,9.234279202719793e-05,0.03518115855753422,268.02044135863497,False
Robust Residual PPO,0.5,1088,-1.148199200630188,-0.9221230149269104,0.4605681300163269,True,0.40914765910603584,0.0048153738269466895,1.5241628885269165,0.004784906283020973,2.026558377110632e-06,0.81,3.8000000000000003,0.0020694732666015625,0.7225,8.083542932070547e-05,0.035398480966687206,254.43340743228396,False
Robust Residual PPO,0.5,1089,-1.8535881042480469,0.5890284776687622,0.37915652990341187,True,0.6039230188784033,0.004685563058042073,2.006060838699341,0.00297545432113111,8.94070240065048e-07,0.775,4.5,0.0014758110046386719,0.655,5.572323023951924e-05,0.05088181357830763,202.80767618993897,False
Robust Residual PPO,0.5,1090,-0.9845758080482483,-0.6573527455329895,0.30003631114959717,True,0.28582698831967057,0.0012437445181974417,1.2066437005996704,0.0012554303975775838,7.152559078349441e-07,0.8525,2.95,0.0009107589721679688,0.735,8.646344049636817e-05,0.02746290922164917,297.6948121155724,False
Robust Residual PPO,0.5,1091,-1.8845704793930054,-0.6914018392562866,0.36124923825263977,True,0.6074828588332255,0.0038888528412656556,2.0561883449554443,0.0025771826039999723,5.960464477539062e-07,0.7775,4.45,0.001346588134765625,0.6625,8.087982687485915e-05,0.0512274506688118,203.072573543446,False
Robust Residual PPO,0.5,1092,-1.9696727991104126,-0.2278679758310318,0.31251582503318787,True,0.6018568101895747,0.0029966118255029253,2.0319831371307373,0.001513795112259686,2.384191475357511e-07,0.7825,4.3500000000000005,0.0009992122650146484,0.655,6.770063353421145e-05,0.05232642106711864,208.48932389400193,False
Robust Residual PPO,0.5,1093,-0.8791002631187439,0.07968070358037949,0.43002596497535706,True,0.26227401387317306,0.004074836868907481,0.9879209995269775,0.00410869624465704,1.9968283595517278e-06,0.845,3.1,0.0018472671508789062,0.7375,5.490599085305872e-05,0.027812165208160877,295.7771266445182,False
Robust Residual PPO,0.5,1094,-0.9031349420547485,-0.5643354058265686,0.2514164447784424,True,0.24634747295279585,0.0005825862615521086,1.080662727355957,0.000608025467954576,1.63912784501008e-06,0.865,2.7,0.0005717277526855469,0.7275,7.76556286438108e-05,0.024578808136284352,309.5618043617359,False
Robust Residual PPO,0.5,1095,-1.3096781969070435,-0.4019305408000946,0.2943161725997925,True,0.36479689128863846,0.0011640921877459104,1.4035906791687012,0.0011417472269386053,5.662443527398864e-07,0.8325,3.35,0.0008707046508789062,0.7075,7.943667407270735e-05,0.0354826620221138,275.281734287217,False
Robust Residual PPO,0.5,1096,-0.5565752387046814,0.7886120080947876,0.27283963561058044,True,0.2057634910512029,0.00074716952658767,0.972832441329956,0.000768065161537379,9.83476752480783e-07,0.8775,2.45,0.0007205009460449219,0.8125,7.299880770932496e-05,0.016266414038836954,322.3574173175615,False
Robust Residual PPO,0.5,1097,-1.3080552816390991,0.037033263593912125,0.27344202995300293,True,0.35184613725897057,0.000815089898707103,1.3488335609436035,0.0007784556946717203,1.63912784501008e-06,0.8375,3.25,0.0007266998291015625,0.6975,6.829391390276589e-05,0.03506336815655232,280.438299292171,False
Robust Residual PPO,0.5,1098,-1.2224541902542114,-0.25077617168426514,0.4742331802845001,True,0.39983905592770486,0.005190113221644376,1.3615336418151855,0.005087666679173708,2.4737689727771794e-06,0.8025,3.95,0.00217437744140625,0.7025,4.980009867030326e-05,0.03765059281140566,251.0378389538754,False
Robust Residual PPO,0.5,1099,-1.9130916595458984,0.09447009861469269,0.36984628438949585,True,0.6101156337800083,0.00466208712188334,1.9921011924743652,0.0027676564641296864,1.072884515451733e-06,0.7725,4.55,0.0014071464538574219,0.655,5.1777736948114345e-05,0.05214635092765093,200.4839260657397,False
Nominal Residual PPO,0.75,1000,-1.2179213762283325,0.20768369734287262,0.34128254652023315,True,0.3447846853249759,0.006338777830933274,1.2958096265792847,0.005030178464949131,3.535867108439561e-06,0.84,3.2,0.023950695991516113,0.8475,9.98069366944193e-05,0.05276885081082582,280.0015550977134,False
Nominal Residual PPO,0.75,1001,-1.0811076164245605,-0.9685990810394287,0.25630688667297363,True,0.3398851009862349,0.01241398499089686,1.4634742736816406,0.0019524380331858993,8.285664080176502e-06,0.775,4.5,0.05841726064682007,0.875,0.00018449668413127816,0.04803239494562149,252.75979805951076,False
Nominal Residual PPO,0.75,1002,-1.428768277168274,-0.28562131524086,0.4242836833000183,True,0.4528935345041165,0.008182033547652968,1.547722578048706,0.008014019578695297,2.467215381329879e-06,0.8075,3.85,0.008149147033691406,0.795,9.043993928229004e-05,0.0623519990965724,244.36098028629897,False
Nominal Residual PPO,0.75,1003,-1.7183640003204346,-0.48658838868141174,0.34840381145477295,True,0.5297368700975038,0.0062618669568758525,1.8365387916564941,0.005286992061883211,7.971434570208658e-07,0.8025,3.95,0.024082183837890625,0.8075,0.00010926311640756172,0.07175168626010418,229.79648652602674,False
Nominal Residual PPO,0.75,1004,-1.998679280281067,-0.7396973967552185,0.24154320359230042,True,0.5945337988561107,0.00765974765641572,2.150963544845581,0.0014593015657737851,2.1463565644808114e-06,0.8025,3.95,0.06315600872039795,0.8175,0.00014777012592662623,0.08237540755420923,219.70469075930157,False
Nominal Residual PPO,0.75,1005,-1.8766711950302124,0.8611240983009338,0.28618520498275757,True,0.5788816050029564,0.012843829275127042,2.0905823707580566,0.0030197694431990385,9.181319910567254e-06,0.7775,4.45,0.0462416410446167,0.815,0.00014352831323070862,0.0775997368618846,210.26421725263862,False
Nominal Residual PPO,0.75,1006,-1.4946178197860718,0.20171388983726501,0.28934937715530396,True,0.41931926041962986,0.00564686464613826,1.5510598421096802,0.0031425892375409603,5.683856215910055e-06,0.8275,3.45,0.042571067810058594,0.84,9.544818602273577e-05,0.06306752111762762,262.7549627823206,False
Nominal Residual PPO,0.75,1007,-1.8931626081466675,0.6319606900215149,0.39287856221199036,True,0.6254116158588703,0.013000608957054382,2.0575244426727295,0.006899520754814148,8.1462831076351e-06,0.7725,4.55,0.01039266586303711,0.775,0.00010283251882792475,0.07878584038466215,194.53214457333988,False
Nominal Residual PPO,0.75,1008,-1.749120831489563,0.6261014938354492,0.26522985100746155,True,0.5114779410902831,0.009254637681928383,1.8824231624603271,0.0022759907878935337,7.5594193731376436e-06,0.7925,4.15,0.05206167697906494,0.83,0.00012194147847112816,0.072741659283638,230.57349278604002,False
Nominal Residual PPO,0.75,1009,-1.9152493476867676,-0.3461688160896301,0.2149554342031479,True,0.5389685589777975,0.005775131689141972,1.966313123703003,0.0007796577992849052,1.1666351156236487e-06,0.8125,3.75,0.07015371322631836,0.83,0.00010922341502250258,0.07925441162660718,235.95044998958983,False
Nominal Residual PPO,0.75,1010,-1.8575115203857422,0.07161146402359009,0.4753030240535736,True,0.6515890913177484,0.011386118531493338,1.9880660772323608,0.00979266595095396,3.85806015401613e-06,0.75,5.0,0.009816646575927734,0.7025,7.355604377203736e-05,0.08064054910093546,175.01164902662245,False
Nominal Residual PPO,0.75,1011,-1.57381272315979,0.12664707005023956,0.26378002762794495,True,0.43589912845877304,0.00497423715177655,1.615441918373108,0.0022206550929695368,2.620023678900907e-06,0.8275,3.45,0.051034510135650635,0.84,9.340961022287168e-05,0.06604540947824716,260.5638306915829,False
Nominal Residual PPO,0.75,1012,-1.5405192375183105,0.561293363571167,0.2715309262275696,True,0.44015322506505905,0.007612730903830926,1.6658121347427368,0.0024985107593238354,6.027753443049733e-06,0.8025,3.95,0.04876351356506348,0.8425,0.00012077626977215237,0.06481660522520542,247.95797600365736,False
Nominal Residual PPO,0.75,1013,-0.8082606196403503,-0.8420410752296448,0.401797890663147,True,0.28493873283938276,0.011985531582360839,1.1964707374572754,0.00720346299931407,8.741838428250048e-06,0.785,4.3,0.01674330234527588,0.8625,0.00017994051723667657,0.03897931437939405,264.03736256146703,False
Nominal Residual PPO,0.75,1014,-1.3467140197753906,0.1714046150445938,0.4693894386291504,True,0.44262095543284,0.011276735764768264,1.4798353910446167,0.009584018029272556,5.3716221373179e-06,0.7975,4.05,0.009687662124633789,0.7525,7.943607380948423e-05,0.0612355263531208,239.66868460422273,False
Nominal Residual PPO,0.75,1015,-1.4601455926895142,0.21413566172122955,0.39239153265953064,True,0.448936328505471,0.009080454392009732,1.5580880641937256,0.006879987195134163,5.696624612028245e-06,0.81,3.8000000000000003,0.009459853172302246,0.81,8.170318817943163e-05,0.062462570182979106,246.78416690345583,False
Nominal Residual PPO,0.75,1016,-1.6580126285552979,-0.11461202055215836,0.3060871958732605,True,0.4814299694171033,0.005631495748500014,1.7119801044464111,0.003739669919013977,4.578127118293196e-06,0.815,3.7,0.037317872047424316,0.825,8.680452237027492e-05,0.06924446258693934,246.05919569339875,False
Nominal Residual PPO,0.75,1017,-0.62247234582901,0.6426637768745422,0.4917738139629364,True,0.2331657352192372,0.012403277055757321,0.9438154101371765,0.010363258421421051,7.383096544799628e-06,0.805,3.9000000000000004,0.010951042175292969,0.78,0.0001661891787918644,0.03516470294445753,279.0008003595528,False
Nominal Residual PPO,0.75,1018,-1.1090368032455444,-0.0900818482041359,0.4614541530609131,True,0.35015186145126076,0.009504428186895045,1.2324525117874146,0.00931421760469675,2.028200469794683e-06,0.8275,3.45,0.009325981140136719,0.7875,9.90733390037499e-05,0.05194827407598496,270.97357899765467,False
Nominal Residual PPO,0.75,1019,-1.674609661102295,-0.20800989866256714,0.34006524085998535,True,0.5032551153967094,0.006297040698578519,1.7475420236587524,0.004985516890883446,2.6173411242780276e-06,0.8075,3.85,0.026121020317077637,0.815,8.797789204656746e-05,0.07001032039523125,237.63906011582995,False
Nominal Residual PPO,0.75,1020,-1.1319496631622314,-0.4326494336128235,0.2227078378200531,True,0.29236650128628305,0.006064232735693454,1.2284600734710693,0.0009194771409966052,3.824983650702052e-06,0.8625,2.75,0.06339895725250244,0.8775,0.00012834171915686201,0.04953207939863205,298.60181573645997,False
Nominal Residual PPO,0.75,1021,-1.4384177923202515,-0.8382971882820129,0.49743902683258057,True,0.5201397036372891,0.011338431250662374,1.74289071559906,0.01054807286709547,5.184897418075707e-06,0.7825,4.3500000000000005,0.010600566864013672,0.73,0.00014839349453379762,0.06596937879920006,215.61762446005872,False
Nominal Residual PPO,0.75,1022,-1.999210000038147,0.8368335366249084,0.37694433331489563,True,0.6680528680271771,0.014846030554118624,2.217628240585327,0.006326730363070965,9.163491085928399e-06,0.7675,4.65,0.015075445175170898,0.775,0.00012161070130109572,0.08257030803710222,184.00473209698194,False
Nominal Residual PPO,0.75,1023,-1.4916963577270508,0.8117974996566772,0.4728805720806122,True,0.5253699563937518,0.015788734994354812,1.7707891464233398,0.00970353651791811,8.638987310405355e-06,0.7725,4.55,0.010300159454345703,0.7375,0.00011677474081266572,0.06688398789614439,211.1323448114292,False
Nominal Residual PPO,0.75,1024,-1.51630699634552,-0.48329436779022217,0.3110935389995575,True,0.4420674920005958,0.0059364103556233195,1.6292532682418823,0.003924002405256033,2.761661789918435e-06,0.8225,3.5500000000000003,0.03826451301574707,0.835,0.00011642652557018739,0.06413523059338332,255.65156946718224,False
Nominal Residual PPO,0.75,1025,-0.7683239579200745,0.258014976978302,0.24864348769187927,True,0.18850214618492397,0.002503976491224395,0.8367967009544373,0.0016974741593003273,2.706263103391393e-06,0.885,2.3000000000000003,0.03415381908416748,0.895,0.00014369213121729244,0.03423038601875305,325.7146786409295,False
Nominal Residual PPO,0.75,1026,-1.7438942193984985,0.19023452699184418,0.2583710551261902,True,0.49360033088811367,0.006156415027126842,1.7884358167648315,0.002034064382314682,5.123343271407066e-06,0.8175,3.6500000000000004,0.05375838279724121,0.83,9.283256557572844e-05,0.07250438202172518,245.60135744798362,False
Nominal Residual PPO,0.75,1027,-1.9580382108688354,0.12429128587245941,0.36954861879348755,True,0.6261227710127343,0.009379960137490964,2.0375006198883057,0.006054401863366365,3.323284090583911e-06,0.7775,4.45,0.015910744667053223,0.78,7.708709788420015e-05,0.08081850562244654,198.53974068112683,False
Nominal Residual PPO,0.75,1028,-0.7757433652877808,-0.22796711325645447,0.4025936424732208,True,0.2231375045446917,0.00779581117484681,0.8869645595550537,0.007240691222250462,2.845744120349991e-06,0.8675,2.6500000000000004,0.009995579719543457,0.8625,0.0001167448301328573,0.037196063883602616,310.588865391973,False
Nominal Residual PPO,0.75,1029,-0.7448340058326721,0.6458722352981567,0.214758962392807,True,0.20960434430358996,0.005114100018137653,0.9937342405319214,0.0007786467322148383,4.107463610125706e-06,0.845,2.2,0.0386083722114563,0.9,0.00019460741393066819,0.03307271722704172,304.7385988552452,False
Nominal Residual PPO,0.75,1030,-1.6447029113769531,-0.9496257901191711,0.4438457489013672,True,0.5775064289979615,0.010213704846877732,1.9596617221832275,0.008698963560163975,4.715428985946346e-06,0.7825,4.3500000000000005,0.008868932723999023,0.765,0.00016101191606274066,0.0712648317962885,206.66175566235893,False
Nominal Residual PPO,0.75,1031,-0.9611496329307556,0.9009804725646973,0.39864641427993774,True,0.33249968312381645,0.012311471997910129,1.349510669708252,0.007102068513631821,7.946009645820595e-06,0.79,4.2,0.00847768783569336,0.8475,0.00019477212269795912,0.044240870662033555,257.65005321603024,False
Nominal Residual PPO,0.75,1032,-0.6833899617195129,-0.5306191444396973,0.49894750118255615,True,0.23961828826217274,0.011319846860942239,0.9334769248962402,0.010605606250464916,4.580339009407908e-06,0.8575,2.85,0.010698795318603516,0.825,0.00013774351506639656,0.03776850141584873,300.4691791288065,False
Nominal Residual PPO,0.75,1033,-0.7577928304672241,0.7459949851036072,0.4761985242366791,True,0.2781579651627163,0.012960022658982892,1.1103570461273193,0.00981663353741169,8.975990567705594e-06,0.7975,4.05,0.010560989379882812,0.77,0.0001734123302458157,0.039518291540443895,268.29319867683523,False
Nominal Residual PPO,0.75,1034,-0.5296080112457275,-0.6777904629707336,0.22327283024787903,True,0.17593716499276382,0.007385946138895021,0.8656488060951233,0.0009313555201515555,5.647331363434205e-06,0.81,4.0,0.013628959655761719,0.855,0.00015999152692298605,0.023311051800847055,294.6102958892437,False
Nominal Residual PPO,0.75,1035,-1.5201642513275146,-0.23973245918750763,0.436818927526474,True,0.4927802408467004,0.008856142554814777,1.639417290687561,0.008449188433587551,3.3932772112166276e-06,0.795,4.1000000000000005,0.00856637954711914,0.7725,8.519833627626196e-05,0.06629238914698363,230.36779588635355,False
Nominal Residual PPO,0.75,1036,-1.558912754058838,0.6018440127372742,0.34900519251823425,True,0.47823476732836506,0.010486365399764531,1.7159303426742554,0.005308434367179871,6.6544021137815434e-06,0.7925,4.15,0.02255237102508545,0.82,0.00011036437946446171,0.06569857634603977,234.38066306802364,False
Nominal Residual PPO,0.75,1037,-1.5164998769760132,-0.3818822205066681,0.38270920515060425,True,0.46831687514675485,0.006855214167226957,1.6310282945632935,0.006529570557177067,1.9985668586741667e-06,0.81,3.8000000000000003,0.013699173927307129,0.81,9.827744572757324e-05,0.0645359044149518,244.05592232269325,False
Nominal Residual PPO,0.75,1038,-1.5098652839660645,-0.8029577136039734,0.31811848282814026,True,0.46183909859826994,0.008543162744869031,1.7404528856277466,0.004182924050837755,3.6958090277039446e-06,0.815,3.7,0.039589643478393555,0.835,0.00015058990207719066,0.06418959505856037,247.55950987483854,False
Nominal Residual PPO,0.75,1039,-0.6960156559944153,-0.0387578122317791,0.3661683201789856,True,0.186486076790031,0.006228848913415773,0.7713472843170166,0.005926624406129122,2.9699731385335326e-06,0.8775,2.45,0.011742830276489258,0.88,0.00011833693256656065,0.033065089769661424,322.0108083028165,False
Nominal Residual PPO,0.75,1040,-0.7547146081924438,0.5635512471199036,0.4134989380836487,True,0.24114172401163336,0.00944151382031838,0.9864250421524048,0.007624879013746977,5.591457011178136e-06,0.815,3.7,0.008487462997436523,0.8525,0.00015484680046794617,0.036749964468181136,284.06710243772795,False
Nominal Residual PPO,0.75,1041,-0.6478168964385986,-0.19675222039222717,0.46515655517578125,True,0.2002247817931511,0.009624475431781842,0.7857509255409241,0.009441567584872246,1.0644303074514028e-06,0.8675,2.6500000000000004,0.009483814239501953,0.8325,0.00011531709779895125,0.03483366511762142,313.18719635063786,False
Nominal Residual PPO,0.75,1042,-1.463887333869934,-0.25558269023895264,0.3728010952472687,True,0.4419163580457765,0.006674801144854327,1.5563733577728271,0.0061683813109993935,1.6095796127046924e-06,0.8175,3.6500000000000004,0.016432642936706543,0.82,9.248334893774638e-05,0.06242880258709192,252.68310353956048,False
Nominal Residual PPO,0.75,1043,-1.7490100860595703,-0.7958716750144958,0.31946444511413574,True,0.543347602619274,0.007417547225424773,1.9551254510879517,0.004235985688865185,4.065965640620561e-06,0.8025,3.95,0.036766648292541504,0.815,0.00014775948835257547,0.07297389823943376,227.47807521230848,False
Nominal Residual PPO,0.75,1044,-1.981444239616394,0.7169352173805237,0.20961801707744598,True,0.5743238839399325,0.010448250333569024,2.121433973312378,0.000738446949981153,7.3694914135558065e-06,0.785,4.3,0.07223248481750488,0.825,0.00013595174864130838,0.08179798251017928,216.7805107391569,False
Nominal Residual PPO,0.75,1045,-0.7272861003875732,-0.39523494243621826,0.4158290922641754,True,0.2203280751162596,0.008807595791738067,0.8891211152076721,0.007710971869528294,2.6611567136569647e-06,0.87,2.6,0.010892987251281738,0.86,0.00012690370031701476,0.03597387433052063,310.7227780182811,False
Nominal Residual PPO,0.75,1046,-1.868130087852478,0.6265861392021179,0.39649125933647156,True,0.6174379448663485,0.012982228642083316,2.033252716064453,0.007026082370430231,6.821008355473168e-06,0.7725,4.55,0.009722471237182617,0.775,9.991063038166941e-05,0.07792415734380484,196.0533272223888,False
Nominal Residual PPO,0.75,1047,-1.1699552536010742,-0.14992530643939972,0.29876548051834106,True,0.3143429943116271,0.004780171593812099,1.2255547046661377,0.0034789119381457567,9.71103645497351e-07,0.8525,2.95,0.03902405500411987,0.8625,0.0001015506528936947,0.050874113999307156,291.67964035270023,False
Nominal Residual PPO,0.75,1048,-0.9076822996139526,-0.7630760073661804,0.4824531674385071,True,0.3240633274551745,0.011398180735230615,1.2415555715560913,0.010040825232863426,4.145361799601233e-06,0.83,3.4000000000000004,0.010170459747314453,0.8175,0.0001664882391238822,0.04543061338365078,274.665320432958,False
Nominal Residual PPO,0.75,1049,-1.6127384901046753,0.09402617067098618,0.43331217765808105,True,0.5253862213337281,0.010166071676340817,1.7215112447738647,0.008331491611897945,3.057804860873148e-06,0.7875,4.25,0.008747577667236328,0.765,7.472263872136109e-05,0.06965113148093223,220.59433516555015,False
Nominal Residual PPO,0.75,1050,-1.2507070302963257,-0.40418457984924316,0.49881017208099365,True,0.4259860382400782,0.010406547033895328,1.4271425008773804,0.010593008249998093,2.6429859190102434e-06,0.8025,3.95,0.010596275329589844,0.75,0.00010882765093056308,0.05898390658199787,243.9212217554091,False
Nominal Residual PPO,0.75,1051,-0.8433747291564941,-0.6024307608604431,0.2584548592567444,True,0.23529188419631297,0.0075890818076865575,1.051550030708313,0.0020294804126024246,5.426858933788026e-06,0.835,2.45,0.043083250522613525,0.89,0.0001531320031807709,0.037987705022096634,295.3145029587016,False
Nominal Residual PPO,0.75,1052,-1.577463150024414,-0.03658809885382652,0.32490968704223633,True,0.46012098997092626,0.0060837471898259905,1.6356393098831177,0.004434025846421719,3.3333190003759228e-06,0.8175,3.6500000000000004,0.030851006507873535,0.825,8.501200594140676e-05,0.06626178380101919,250.57588853511757,False
Nominal Residual PPO,0.75,1053,-0.7320424914360046,-0.38764455914497375,0.44851720333099365,True,0.22981410002037422,0.009550664607939621,0.9031850695610046,0.008869311772286892,5.288024112815037e-06,0.865,2.7,0.009771108627319336,0.8425,0.0001265905145555024,0.03734685108065605,306.73853999941434,False
Nominal Residual PPO,0.75,1054,-1.9604523181915283,0.6108824014663696,0.3443475067615509,True,0.6239436279052859,0.012397611035976922,2.1006720066070557,0.005146752577275038,9.247802154277451e-06,0.78,4.4,0.024895787239074707,0.79,0.00010537161585141895,0.08078617576509714,200.30657833900742,False
Nominal Residual PPO,0.75,1055,-0.8035520911216736,-0.8197364807128906,0.37500709295272827,True,0.2749415704739425,0.011433407166910428,1.1733254194259644,0.006250439677387476,6.408528406609548e-06,0.7875,4.25,0.020009756088256836,0.87,0.00017862101542044613,0.03811476971954107,267.2018789658611,False
Nominal Residual PPO,0.75,1056,-0.6173267960548401,-0.7547652125358582,0.33817118406295776,True,0.21754202201064746,0.00999283142242488,0.9910121560096741,0.004908931441605091,7.135539817682002e-06,0.7925,4.15,0.017242789268493652,0.89,0.00017533389280275123,0.02974696185439825,279.35846996512794,False
Nominal Residual PPO,0.75,1057,-1.4013786315917969,-0.020997419953346252,0.2980625629425049,True,0.38881746007465595,0.004847931469448968,1.4497756958007812,0.003455480094999075,2.5014624043251388e-06,0.835,3.3000000000000003,0.03977048397064209,0.845,9.479751781908101e-05,0.059589875899255275,271.7137063172785,False
Nominal Residual PPO,0.75,1058,-1.9344123601913452,-0.6835842132568359,0.34246277809143066,True,0.6157932375986128,0.007005626165381364,2.0957717895507812,0.005066792014986277,3.1068773296283325e-06,0.7875,4.25,0.02561497688293457,0.795,0.00013214116565249975,0.07978917486965656,205.84875542955285,False
Nominal Residual PPO,0.75,1059,-1.3239208459854126,-0.34795770049095154,0.3298633396625519,True,0.3791588507105086,0.005902330233593037,1.417435646057129,0.004610345233231783,1.2112378726669704e-06,0.835,3.3000000000000003,0.03058469295501709,0.8425,0.00010506834675581215,0.05688383065164089,272.1164318677379,False
Nominal Residual PPO,0.75,1060,-0.5232435464859009,-0.8263487219810486,0.4775193929672241,True,0.23219670771633918,0.013444770292791185,1.0047281980514526,0.009860909543931484,8.680811333761085e-06,0.7875,4.25,0.013363122940063477,0.845,0.00017163486683701568,0.031093326956033708,272.5066102383532,False
Nominal Residual PPO,0.75,1061,-1.0766786336898804,0.09924349933862686,0.28927016258239746,True,0.282026288977682,0.004004078424163058,1.1257036924362183,0.0031359561253339052,2.077777708109352e-06,0.86,2.8000000000000003,0.03940010070800781,0.87,0.0001058161910009155,0.04715203132480383,300.4937472862535,False
Nominal Residual PPO,0.75,1062,-1.020176649093628,-0.6513675451278687,0.4292861223220825,True,0.33066964002520677,0.009587116083268689,1.2636038064956665,0.008186261169612408,3.244674871893949e-06,0.8375,3.25,0.011321663856506348,0.835,0.0001459982333559694,0.047511282935738565,278.10715528426454,False
Nominal Residual PPO,0.75,1063,-0.5567145943641663,0.6067063212394714,0.2895512878894806,True,0.1753199288654194,0.0057822044169438275,0.8364167213439941,0.0031430835369974375,3.9032211134326644e-06,0.8575,2.1,0.01727616786956787,0.9025,0.00018195005837928963,0.02632343575358391,314.0389624982693,False
Nominal Residual PPO,0.75,1064,-1.6129041910171509,-0.13716638088226318,0.24278511106967926,True,0.44149126694051083,0.004434701679142369,1.648486852645874,0.0014987741596996784,7.739534453321539e-07,0.83,3.4000000000000004,0.05963277816772461,0.8425,9.616608494053715e-05,0.0676728842779994,261.115564764788,False
Nominal Residual PPO,0.75,1065,-0.5033138990402222,-0.5932050347328186,0.453745573759079,True,0.1882857141470783,0.011051175777446739,0.8133116960525513,0.00904732197523117,4.391586116980761e-06,0.8475,2.4000000000000004,0.011926054954528809,0.855,0.00014740704455709118,0.02919987339526415,304.7913415359976,False
Nominal Residual PPO,0.75,1066,-1.3762075901031494,0.32575497031211853,0.20805609226226807,True,0.3578161129092462,0.0037444191881977067,1.4328029155731201,0.00073344970587641,2.8653516892518383e-06,0.8475,3.0500000000000003,0.06753367185592651,0.865,0.00011809425549008234,0.058712981902062894,282.9653681424278,False
Nominal Residual PPO,0.75,1067,-0.6176835894584656,0.9055254459381104,0.20151829719543457,True,0.22747676400879585,0.008214301211709461,1.0992552042007446,0.0007729491917416453,6.238102741917828e-06,0.795,4.1000000000000005,0.04185810685157776,0.21,0.00022076310115206845,0.02856549745425582,281.24024419599914,False
Nominal Residual PPO,0.75,1068,-0.7787961959838867,0.5352519750595093,0.25048118829727173,True,0.21059719394679596,0.004441849604973999,0.9595839381217957,0.0017580711282789707,3.2566467780270614e-06,0.85,3.45,0.03561389446258545,0.895,0.00017667158128309643,0.034788107015192506,306.567074335785,False
Nominal Residual PPO,0.75,1069,-0.5076419115066528,0.8446078896522522,0.24751581251621246,True,0.2033619692838014,0.007749112591668832,0.9901279211044312,0.0016596483765169978,5.919591330894036e-06,0.8,4.0,0.03002876043319702,0.8325,0.00021198053867202464,0.024557604193687438,286.63591173085064,False
Nominal Residual PPO,0.75,1070,-1.6644020080566406,0.9533751606941223,0.22921264171600342,True,0.4944484176927917,0.01095449416475708,1.9316902160644531,0.0010851395782083273,8.26208088255953e-06,0.7825,4.3500000000000005,0.06529968976974487,0.8425,0.00016993722075712514,0.06977703601121903,229.7680347504449,False
Nominal Residual PPO,0.75,1071,-1.6379417181015015,0.7469041347503662,0.26974478363990784,True,0.48278432039140395,0.00973026018535937,1.823076605796814,0.002430770779028535,7.014610218902817e-06,0.79,4.2,0.05099797248840332,0.835,0.0001370108878534634,0.06860053844749928,234.43821802338007,False
Nominal Residual PPO,0.75,1072,-1.22187077999115,0.3675197660923004,0.4661308228969574,True,0.3994570851811402,0.011858836643207847,1.3794703483581543,0.009473963640630245,5.37697269464843e-06,0.8,4.0,0.00983428955078125,0.7625,0.00010111168451664904,0.05643507201224565,248.8198190443429,False
Nominal Residual PPO,0.75,1073,-1.5133368968963623,0.8512749075889587,0.3800120949745178,True,0.49208589532854863,0.013518445955322528,1.7799524068832397,0.006433142349123955,8.758876901993062e-06,0.78,4.4,0.013086080551147461,0.8125,0.0001349492512383469,0.06434134487062693,224.9326396066108,False
Nominal Residual PPO,0.75,1074,-0.5001789927482605,-0.2884053587913513,0.4962819218635559,True,0.16880370298291938,0.010855630095365738,0.6780215501785278,0.010511764325201511,2.0072720872121863e-06,0.8775,2.45,0.010570049285888672,0.835,0.00012162707304893674,0.030753742679953577,320.9830297934576,False
Nominal Residual PPO,0.75,1075,-0.8189709782600403,0.9466501474380493,0.23914383351802826,True,0.2743252013476577,0.008755478636151766,1.2590471506118774,0.0013850905233994126,6.567731816176092e-06,0.7925,4.15,0.04908949136734009,0.895,0.00023225707409822613,0.037232907954603434,272.47575010009183,False
Nominal Residual PPO,0.75,1076,-1.445397138595581,-0.562984049320221,0.45283621549606323,True,0.48216079469135126,0.008942450485990131,1.6309542655944824,0.009015625342726707,1.8733053366304375e-06,0.7975,4.05,0.00904226303100586,0.77,0.00011587161970960136,0.06417798731476068,232.50249603505853,False
Nominal Residual PPO,0.75,1077,-0.6151338219642639,-0.8893533945083618,0.2694230377674103,True,0.2324738778371944,0.010521719377262335,1.088533878326416,0.0024166300427168608,7.432225629599998e-06,0.785,4.3,0.023467957973480225,0.9,0.00019381866689770422,0.02827911164611578,274.61804540841285,False
Nominal Residual PPO,0.75,1078,-0.6580581068992615,-0.6858707666397095,0.23459486663341522,True,0.20148254632490206,0.007858400446118255,0.9584092497825623,0.00124117371160537,5.9143790167581756e-06,0.805,4.05,0.027461349964141846,0.9,0.00016971890936702953,0.029370957408100366,288.5804356758136,False
Nominal Residual PPO,0.75,1079,-0.5874135494232178,0.8651593327522278,0.4896434247493744,True,0.2552200457589306,0.01382850009966294,1.076871633529663,0.010286619886755943,7.331249435083009e-06,0.7925,4.15,0.011057376861572266,0.77,0.0002022367061023018,0.03376643437892199,269.9994625118873,False
Nominal Residual PPO,0.75,1080,-0.6397119164466858,0.7102972865104675,0.367546945810318,True,0.21926674193573223,0.008734308361056688,0.9782975912094116,0.005983359180390835,5.5579539548489265e-06,0.8125,3.85,0.010394930839538574,0.885,0.0001909922229783572,0.03141462702304125,287.30437609505606,False
Nominal Residual PPO,0.75,1081,-1.3320256471633911,0.8601993322372437,0.3006768822669983,True,0.40593876108415206,0.010199511858964283,1.6089626550674438,0.003552984446287155,8.148193956003524e-06,0.79,4.2,0.03838968276977539,0.85,0.00016403480898435788,0.05698107149451971,247.29366537037978,False
Nominal Residual PPO,0.75,1082,-0.9581221342086792,-0.30673766136169434,0.3117980659008026,True,0.2572527713058203,0.005888309239989462,1.047730565071106,0.003957995679229498,4.986281055607833e-06,0.865,2.7,0.033559560775756836,0.875,0.00011748059723330984,0.04288305219262838,305.0536974343692,False
Nominal Residual PPO,0.75,1083,-1.3940625190734863,0.6289385557174683,0.21643398702144623,True,0.38026266453331903,0.006162764756194311,1.543211579322815,0.0008021789253689349,5.065171080786968e-06,0.805,3.9000000000000004,0.06551766395568848,0.8625,0.00014616697955967446,0.05940178541466594,260.54265739227753,False
Nominal Residual PPO,0.75,1084,-0.7371216416358948,-0.8951173424720764,0.4071005880832672,True,0.2772206214648246,0.012753003678308858,1.1846938133239746,0.00739365303888917,8.740126759221312e-06,0.7825,4.3500000000000005,0.016211986541748047,0.865,0.00018532485277327396,0.036490708999335764,264.0784203981572,False
Nominal Residual PPO,0.75,1085,-0.7224554419517517,-0.08529454469680786,0.4138740301132202,True,0.20654623547292528,0.007848633032820152,0.8219459652900696,0.007642121519893408,3.530435606080573e-07,0.87,2.6,0.008469104766845703,0.86,0.00011262837847372643,0.03550361469388008,314.73495173999964,False
Nominal Residual PPO,0.75,1086,-0.7490203976631165,-0.7008727788925171,0.4387705326080322,True,0.2595925263684835,0.011177133897486041,1.066512942314148,0.008523956872522831,5.139218501426512e-06,0.8275,2.7,0.012625813484191895,0.85,0.00015869075638924257,0.0378420639783144,285.2330125574361,False
Nominal Residual PPO,0.75,1087,-1.2718281745910645,-0.8616007566452026,0.3274095356464386,True,0.39567934407816613,0.010455129064244884,1.5632307529449463,0.004523937124758959,5.726483777834801e-06,0.785,4.3,0.03817951679229736,0.85,0.00016196204630516354,0.05547089882194996,246.5753827521725,False
Nominal Residual PPO,0.75,1088,-1.148199200630188,-0.9221230149269104,0.4605681300163269,True,0.40890177242563835,0.011076106346108089,1.5241628885269165,0.009281801991164684,3.998958618467441e-06,0.805,3.9000000000000004,0.009747743606567383,0.81,0.00017149264385219712,0.053507601022720334,249.684407170834,False
Nominal Residual PPO,0.75,1089,-1.8535881042480469,0.5890284776687622,0.37915652990341187,True,0.6006770440680693,0.012441365084087788,2.003598213195801,0.006407370790839195,8.922977940528654e-06,0.7775,4.45,0.013573408126831055,0.785,9.94862082803164e-05,0.0770685550943017,202.5818285037792,False
Nominal Residual PPO,0.75,1090,-0.9845758080482483,-0.6573527455329895,0.30003631114959717,True,0.2857204744233664,0.00872309861570637,1.2066437005996704,0.0035229732748121023,5.317780050972942e-06,0.8225,2.7,0.04079604148864746,0.875,0.00014713917422106841,0.04413903307169676,281.3088844899322,False
Nominal Residual PPO,0.75,1091,-1.8845704793930054,-0.6914018392562866,0.36124923825263977,True,0.6070663125570783,0.0072174650233179346,2.0561883449554443,0.005746954586356878,4.550937774183694e-06,0.785,4.3,0.019672155380249023,0.79,0.00013270011974124968,0.07805412750691175,205.74208995722944,False
Nominal Residual PPO,0.75,1092,-1.9696727991104126,-0.2278679758310318,0.31251582503318787,True,0.6007979108019845,0.006864080287088797,2.032942533493042,0.0039732735604047775,5.0476601245463826e-06,0.7925,4.15,0.035069942474365234,0.8,9.19887010888905e-05,0.08093498598784209,212.6760656646392,False
Nominal Residual PPO,0.75,1093,-0.8791002631187439,0.07968070358037949,0.43002596497535706,True,0.26063204251982586,0.008490163500174664,0.9865792989730835,0.008217777125537395,3.228709601899027e-06,0.8525,2.95,0.008605480194091797,0.8325,0.00011158773464400912,0.042002982422709466,298.0331633865425,False
Nominal Residual PPO,0.75,1094,-0.9031349420547485,-0.5643354058265686,0.2514164447784424,True,0.24524997849918442,0.007219504393908631,1.080662727355957,0.001785492873750627,5.382351901062066e-06,0.84,2.5,0.04771685600280762,0.8875,0.0001429919435469338,0.04040290147066116,296.0273150275208,False
Nominal Residual PPO,0.75,1095,-1.3096781969070435,-0.4019305408000946,0.2943161725997925,True,0.364593917269951,0.005884117871053754,1.4049261808395386,0.0033221382182091475,5.149555363459513e-06,0.8425,3.1500000000000004,0.04355895519256592,0.8525,0.00011500201169692543,0.05633651126176119,277.93586998456027,False
Nominal Residual PPO,0.75,1096,-0.5565752387046814,0.7886120080947876,0.27283963561058044,True,0.20258655684764326,0.0073307917424364,0.972832441329956,0.0025464112404733896,6.38995379631524e-06,0.81,3.9000000000000004,0.024776041507720947,0.845,0.00020620602160315382,0.02655706997960806,290.6219850616316,False
Nominal Residual PPO,0.75,1097,-1.3080552816390991,0.037033263593912125,0.27344202995300293,True,0.3500131174820635,0.004036029502534902,1.3486000299453735,0.002566318027675152,2.9045656901871553e-06,0.845,3.1,0.04727053642272949,0.8575,0.00010102799021689223,0.05601885374635458,283.1427663495224,False
Nominal Residual PPO,0.75,1098,-1.2224541902542114,-0.25077617168426514,0.4742331802845001,True,0.3992913142881766,0.009735769517590491,1.364404320716858,0.0097582982853055,2.2833476123196306e-06,0.8125,3.75,0.009757518768310547,0.77,9.665394786706355e-05,0.0567614021897316,254.84979756031515,False
Nominal Residual PPO,0.75,1099,-1.9130916595458984,0.09447009861469269,0.36984628438949585,True,0.6082840250243082,0.009162537812273703,1.9914706945419312,0.0060672760009765625,4.352768883109093e-06,0.78,4.4,0.016269564628601074,0.785,7.92719857653401e-05,0.07916997987776994,203.3660910913884,False
Robust Residual PPO,0.75,1000,-1.2179213762283325,0.20768369734287262,0.34128254652023315,True,0.3458140049210855,0.0022562246729647853,1.2973239421844482,0.0021359440870583057,4.17268410046745e-07,0.84,3.2,0.0016064643859863281,0.7375,9.137127870444695e-05,0.051229927577078345,281.595086461024,False
Robust Residual PPO,0.75,1001,-1.0811076164245605,-0.9685990810394287,0.25630688667297363,True,0.3381441166991737,0.0029208048710430354,1.4634742736816406,0.0006150327390059829,4.180213295512658e-07,0.805,3.9000000000000004,0.011003851890563965,0.775,0.00021109125235801245,0.04453094597905874,268.4499669075871,False
Robust Residual PPO,0.75,1002,-1.428768277168274,-0.28562131524086,0.4242836833000183,True,0.45504087879852917,0.003893301315879207,1.5442554950714111,0.003980610053986311,4.869790473094326e-07,0.8025,3.95,0.002078533172607422,0.695,0.00010659279782964943,0.062177466414868834,241.6628652303211,False
Robust Residual PPO,0.75,1003,-1.7183640003204346,-0.48658838868141174,0.34840381145477295,True,0.5322490376145231,0.002953813087846969,1.835541009902954,0.0022928633261471987,6.557250458172348e-07,0.7975,4.05,0.003940582275390625,0.72,0.000146735765599324,0.07061880700290203,226.52683733913491,False
Robust Residual PPO,0.75,1004,-1.998679280281067,-0.7396973967552185,0.24154320359230042,True,0.5968655390349094,0.0034906699732728617,2.150963544845581,0.0006604463560506701,1.7952802977561078e-07,0.795,4.1000000000000005,0.012843489646911621,0.72,0.00020092941276969646,0.07881670705974102,216.15997485331422,False
Robust Residual PPO,0.75,1005,-1.8766711950302124,0.8611240983009338,0.28618520498275757,True,0.5783738672817148,0.0037389725813764185,2.0905823707580566,0.000987913692370057,4.174511047949636e-07,0.795,4.1000000000000005,0.0017615556716918945,0.705,0.00013677682431186897,0.07433538746088743,220.48883507502302,False
Robust Residual PPO,0.75,1006,-1.4946178197860718,0.20171388983726501,0.28934937715530396,True,0.4203862171481824,0.0015999907663902528,1.552099347114563,0.0010474444134160876,1.3709093309444143e-06,0.83,3.4000000000000004,0.0012309551239013672,0.72,9.368254757393996e-05,0.060051372535526754,265.3567215531979,False
Robust Residual PPO,0.75,1007,-1.8931626081466675,0.6319606900215149,0.39287856221199036,True,0.6257104453534184,0.003961390828405083,2.058469295501709,0.0032825444359332323,5.692245395039208e-06,0.7725,4.55,0.001959562301635742,0.6925,8.959247990602809e-05,0.07833374615758658,196.66540982305256,False
Robust Residual PPO,0.75,1008,-1.749120831489563,0.6261014938354492,0.26522985100746155,True,0.5117091893830511,0.0027135702103667017,1.8828166723251343,0.0006761576514691114,8.644856279715896e-07,0.81,3.8000000000000003,0.001490950584411621,0.7125,0.0001195889687681655,0.06900216992944479,240.23123320902474,False
Robust Residual PPO,0.75,1009,-1.9152493476867676,-0.3461688160896301,0.2149554342031479,True,0.5406052769040519,0.0017580256740684023,1.9655282497406006,0.0010659517720341682,1.6391562951412197e-07,0.8125,3.75,0.004758775234222412,0.7175,0.0001541802894907901,0.07450644565746188,236.03971825645442,False
Robust Residual PPO,0.75,1010,-1.8575115203857422,0.07161146402359009,0.4753030240535736,True,0.6534262733494345,0.008176933694792847,1.988835096359253,0.005110154859721661,1.9371664166101255e-06,0.7475,5.050000000000001,0.002568960189819336,0.6575,5.3753756141177394e-05,0.08036955241113901,174.9180956086368,False
Robust Residual PPO,0.75,1011,-1.57381272315979,0.12664707005023956,0.26378002762794495,True,0.4370500649249047,0.0013585156441201442,1.615989089012146,0.0006608804687857628,1.2815063428206486e-06,0.83,3.4000000000000004,0.0009663105010986328,0.715,9.75456081894652e-05,0.06234870683401823,263.0035466024828,False
Robust Residual PPO,0.75,1012,-1.5405192375183105,0.561293363571167,0.2715309262275696,True,0.4406048337200604,0.002107030768970555,1.6668784618377686,0.0007499385392293334,1.0729202131187776e-06,0.82,3.6,0.0015103816986083984,0.7225,0.00012080717508897287,0.061332626082003114,257.5272593023622,False
Robust Residual PPO,0.75,1013,-0.8082606196403503,-0.8420410752296448,0.401797890663147,True,0.28394621627205613,0.004349608020844569,1.1964707374572754,0.0034789638593792915,2.8014487725158688e-06,0.81,3.8000000000000003,0.010855913162231445,0.8275,0.00017889419413811048,0.03871715869754553,276.8254440260599,False
Robust Residual PPO,0.75,1014,-1.3467140197753906,0.1714046150445938,0.4693894386291504,True,0.4437793442957644,0.004884234227758787,1.4817018508911133,0.004979451186954975,3.1598717669112375e-06,0.7975,4.05,0.0024924278259277344,0.71,5.987367607527402e-05,0.060955462753772734,241.36106648664358,False
Robust Residual PPO,0.75,1015,-1.4601455926895142,0.21413566172122955,0.39239153265953064,True,0.45004164595597657,0.0034265488334699386,1.5596426725387573,0.003271371591836214,4.559759418043541e-06,0.81,3.8000000000000003,0.0019626617431640625,0.715,7.047063094551013e-05,0.06207786802202463,248.25868413810736,False
Robust Residual PPO,0.75,1016,-1.6580126285552979,-0.11461202055215836,0.3060871958732605,True,0.4831609511406101,0.0016112021180648575,1.7113133668899536,0.0013785067712888122,2.384187382631353e-06,0.815,3.7,0.0011708736419677734,0.6975,0.00010250585934186214,0.0666425607725978,246.35849163867903,False
Robust Residual PPO,0.75,1017,-0.62247234582901,0.6426637768745422,0.4917738139629364,True,0.23115923687205384,0.005539570456477012,0.9438154101371765,0.00547351548448205,2.5928140985342907e-06,0.8425,3.1500000000000004,0.0030324459075927734,0.755,0.00012487680466667647,0.034843379147350785,298.67332718511926,False
Robust Residual PPO,0.75,1018,-1.1090368032455444,-0.0900818482041359,0.4614541530609131,True,0.35169671510496037,0.004636547063945292,1.2313414812088013,0.00480551365762949,2.0862451037828578e-06,0.8225,3.5500000000000003,0.002277374267578125,0.735,8.456623777315918e-05,0.051684842482209205,269.50315057333086,False
Robust Residual PPO,0.75,1019,-1.674609661102295,-0.20800989866256714,0.34006524085998535,True,0.5052888121476853,0.0022477641195244244,1.7458810806274414,0.0021104649640619755,4.082920440851012e-06,0.805,3.9000000000000004,0.0014529228210449219,0.6875,0.00010751907708143033,0.06835092939436435,236.29123800797703,False
Robust Residual PPO,0.75,1020,-1.1319496631622314,-0.4326494336128235,0.2227078378200531,True,0.29177139589231577,0.0011740135037491535,1.2279053926467896,0.0009232709417119622,9.005691481434042e-07,0.8425,3.1500000000000004,0.005697011947631836,0.7875,0.0001635379778212824,0.04525387816131115,292.26436784294674,False
Robust Residual PPO,0.75,1021,-1.4384177923202515,-0.8382971882820129,0.49743902683258057,True,0.5235501425123114,0.00805428628526596,1.74289071559906,0.005598261021077633,4.7684416131232865e-06,0.7775,4.45,0.003745555877685547,0.7125,0.00016933874634911532,0.06604824773967266,212.85238035878788,False
Robust Residual PPO,0.75,1022,-1.999210000038147,0.8368335366249084,0.37694433331489563,True,0.6677274090503231,0.004274820731239942,2.217628240585327,0.0029277873691171408,6.288291388045764e-06,0.77,4.6000000000000005,0.0019452571868896484,0.6925,0.0001145103312164375,0.08174757417291403,187.52117508738002,False
Robust Residual PPO,0.75,1023,-1.4916963577270508,0.8117974996566772,0.4728805720806122,True,0.5245886969544743,0.005474114023561191,1.7707891464233398,0.005057087633758783,6.859845029794087e-07,0.7825,4.3500000000000005,0.0027680397033691406,0.7075,9.796332918069088e-05,0.06656461458653212,218.41503742116817,False
Robust Residual PPO,0.75,1024,-1.51630699634552,-0.48329436779022217,0.3110935389995575,True,0.44382110897642807,0.001812383773303259,1.6285638809204102,0.0014829699648544192,2.4139978904713644e-06,0.815,3.7,0.006580233573913574,0.7675,0.0001531103131350706,0.06198387611657381,252.5564278750667,False
Robust Residual PPO,0.75,1025,-0.7683239579200745,0.258014976978302,0.24864348769187927,True,0.18914053339603754,0.0006862662575315294,0.8377769589424133,0.0006165859522297978,1.698734308774874e-06,0.885,2.3000000000000003,0.0008890628814697266,0.7575,0.00012503313573330633,0.03177368219941854,327.1533176958658,False
Robust Residual PPO,0.75,1026,-1.7438942193984985,0.19023452699184418,0.2583710551261902,True,0.49471083261539306,0.0017934433237308757,1.7891119718551636,0.000624562322627753,1.907360456243623e-06,0.8175,3.6500000000000004,0.0009974241256713867,0.705,9.323568838272463e-05,0.06859963905066252,247.18802189918176,False
Robust Residual PPO,0.75,1027,-1.9580382108688354,0.12429128587245941,0.36954861879348755,True,0.627704312104396,0.0033192118816977993,2.038299560546875,0.0027621688786894083,2.6524178338149795e-06,0.775,4.5,0.0017590522766113281,0.675,7.222665855499017e-05,0.07992514010518789,198.32746350734502,False
Robust Residual PPO,0.75,1028,-0.7757433652877808,-0.22796711325645447,0.4025936424732208,True,0.22346212055864248,0.003477096087007186,0.8823055028915405,0.003496689721941948,2.83122085420473e-06,0.855,2.9000000000000004,0.0031653642654418945,0.825,0.00011258647790343041,0.036895852722227576,306.61180403491875,False
Robust Residual PPO,0.75,1029,-0.7448340058326721,0.6458722352981567,0.214758962392807,True,0.20840545995342408,0.0014574151793892054,0.9937342405319214,0.0010696041863411665,6.55768644719501e-07,0.8625,3.2,0.019990146160125732,0.795,0.00017027792643453232,0.03207986414432526,313.9602506824725,False
Robust Residual PPO,0.75,1030,-1.6447029113769531,-0.9496257901191711,0.4438457489013672,True,0.580952230989542,0.008479487307573353,1.9596617221832275,0.0044146934524178505,1.4307970559457317e-06,0.7775,4.45,0.007548332214355469,0.7175,0.00019426128905319977,0.07169466204941273,203.37978472673532,False
Robust Residual PPO,0.75,1031,-0.9611496329307556,0.9009804725646973,0.39864641427993774,True,0.33056862402070053,0.0038028607218048055,1.349510669708252,0.0034095318987965584,1.1959244261561253e-07,0.8175,3.6500000000000004,0.002576589584350586,0.735,0.00016067623194743156,0.043643283806741234,273.60536909484756,False
Robust Residual PPO,0.75,1032,-0.6833899617195129,-0.5306191444396973,0.49894750118255615,True,0.2398465170631712,0.005741778381112368,0.9319345355033875,0.005631019826978445,3.5763002870226046e-06,0.83,3.4000000000000004,0.007976055145263672,0.8275,0.00013445676856246175,0.03788902886211872,290.43752600018746,False
Robust Residual PPO,0.75,1033,-0.7577928304672241,0.7459949851036072,0.4761985242366791,True,0.27616334850318747,0.005242176006144265,1.1103570461273193,0.00513028260320425,4.4708838231599657e-07,0.8275,3.45,0.003028392791748047,0.745,0.00013377837328779462,0.03920664709061384,285.2177963934805,False
Robust Residual PPO,0.75,1034,-0.5296080112457275,-0.6777904629707336,0.22327283024787903,True,0.1729739298938663,0.0013272002568754087,0.8656488060951233,0.000913690309971571,2.0944146683632425e-07,0.88,2.1,0.006076157093048096,0.785,0.0001235270618813292,0.022706779055297374,325.9157986067451,False
Robust Residual PPO,0.75,1035,-1.5201642513275146,-0.23973245918750763,0.436818927526474,True,0.4950809184326618,0.004275216818150502,1.636555790901184,0.004259232431650162,3.874545484450209e-07,0.7925,4.15,0.0022318363189697266,0.6875,9.406592523442201e-05,0.06605590675026178,228.96430742115453,False
Robust Residual PPO,0.75,1036,-1.558912754058838,0.6018440127372742,0.34900519251823425,True,0.4784868542635545,0.0032269505586653017,1.7168498039245605,0.0023052154574543238,2.175587496822118e-06,0.8075,3.85,0.002005338668823242,0.7175,0.00010010757935511363,0.06429494477808476,242.8728624367812,False
Robust Residual PPO,0.75,1037,-1.5164998769760132,-0.3818822205066681,0.38270920515060425,True,0.47047670355136667,0.0031102579787210686,1.6278992891311646,0.00305504840798676,2.5034034933923976e-06,0.805,3.9000000000000004,0.0021829605102539062,0.7325,0.00012688025591669978,0.06406438510864973,240.96115549059644,False
Robust Residual PPO,0.75,1038,-1.5098652839660645,-0.8029577136039734,0.31811848282814026,True,0.46378226749829443,0.003555571605727362,1.7404528856277466,0.0016343890456482768,3.963738890888635e-06,0.8,4.0,0.01173853874206543,0.7675,0.00019359456125167562,0.06233100607991218,241.6413751419152,False
Robust Residual PPO,0.75,1039,-0.6960156559944153,-0.0387578122317791,0.3661683201789856,True,0.18732889528645869,0.002686038278875154,0.7708671689033508,0.002685746643692255,1.5795230865478516e-06,0.875,2.5,0.0013828277587890625,0.8125,0.00010319884720956927,0.03244782913476229,322.03428941054483,False
Robust Residual PPO,0.75,1040,-0.7547146081924438,0.5635512471199036,0.4134989380836487,True,0.24014361420316516,0.0038370039373586983,0.986528217792511,0.003739499719813466,3.4017316465906333e-06,0.8575,2.85,0.002397298812866211,0.7525,0.0001255058255930801,0.03645618308335543,304.73630684698264,False
Robust Residual PPO,0.75,1041,-0.6478168964385986,-0.19675222039222717,0.46515655517578125,True,0.20051606453270773,0.004857934453575367,0.7808551788330078,0.0048867035657167435,4.1751152934921265e-07,0.8575,2.85,0.0030466318130493164,0.825,0.00010148912720684677,0.03462565191090107,310.34397505045104,False
Robust Residual PPO,0.75,1042,-1.463887333869934,-0.25558269023895264,0.3728010952472687,True,0.44383624885131484,0.002763616399551554,1.5538206100463867,0.002834888407960534,3.933907919417834e-06,0.8125,3.75,0.0016410350799560547,0.7275,0.00011160468942364871,0.06159766007214785,250.1320761357815,False
Robust Residual PPO,0.75,1043,-1.7490100860595703,-0.7958716750144958,0.31946444511413574,True,0.5458948790261126,0.004064255718058432,1.9551254510879517,0.0016626139404252172,2.5630426989664556e-06,0.795,4.1000000000000005,0.01209414005279541,0.74,0.00019187150305920755,0.07142011690884828,223.5682848499545,False
Robust Residual PPO,0.75,1044,-1.981444239616394,0.7169352173805237,0.20961801707744598,True,0.5742503931318705,0.003502385380613867,2.121433973312378,0.001169960480183363,1.2964277402716107e-06,0.805,3.9000000000000004,0.0012001991271972656,0.705,0.00013690358971431074,0.0764658678881824,227.5562163074189,False
Robust Residual PPO,0.75,1045,-0.7272861003875732,-0.39523494243621826,0.4158290922641754,True,0.2198588350233616,0.0038274422275435004,0.88487708568573,0.0037929126992821693,2.587382141427952e-06,0.845,3.1,0.005800008773803711,0.83,0.0001284395797993364,0.035812306851148605,302.0320762020989,False
Robust Residual PPO,0.75,1046,-1.868130087852478,0.6265861392021179,0.39649125933647156,True,0.6177448462656281,0.004001708222594235,2.0342764854431152,0.0033624537754803896,3.546476818883093e-06,0.775,4.5,0.0019953250885009766,0.6925,9.024035000186698e-05,0.07752458360046148,199.19737877827947,False
Robust Residual PPO,0.75,1047,-1.1699552536010742,-0.14992530643939972,0.29876548051834106,True,0.31534727090357845,0.001190181563161446,1.2241086959838867,0.0012294220505282283,1.6689311905793147e-06,0.8475,3.0500000000000003,0.0009415149688720703,0.81,0.00011776499479537308,0.04814812678843736,290.7361568679258,False
Robust Residual PPO,0.75,1048,-0.9076822996139526,-0.7630760073661804,0.4824531674385071,True,0.32545806269532884,0.0058998745732259305,1.2415555715560913,0.005268367473036051,1.132550664806331e-06,0.81,3.8000000000000003,0.010744094848632812,0.8175,0.0001671720431181429,0.045770522877573966,267.0314963773075,False
Robust Residual PPO,0.75,1049,-1.6127384901046753,0.09402617067098618,0.43331217765808105,True,0.5269391550649334,0.00419790779477213,1.7224446535110474,0.0041817412711679935,1.8477979892850271e-06,0.785,4.3,0.002218008041381836,0.69,6.186584941057662e-05,0.06938977487385273,220.55439439318133,False
Robust Residual PPO,0.75,1050,-1.2507070302963257,-0.40418457984924316,0.49881017208099365,True,0.42834819536884866,0.005572612761060503,1.4221867322921753,0.005627704784274101,2.265022203573608e-06,0.7975,4.05,0.0026702880859375,0.695,0.00011551370902289318,0.058766182884573935,241.4286055150088,False
Robust Residual PPO,0.75,1051,-0.8433747291564941,-0.6024307608604431,0.2584548592567444,True,0.2334748549552787,0.001228485080650865,1.051550030708313,0.0006239256472326815,3.27907599739774e-07,0.835,3.3000000000000003,0.006927967071533203,0.815,0.00016530169023171596,0.0353288184478879,298.09456074616884,False
Robust Residual PPO,0.75,1052,-1.577463150024414,-0.03658809885382652,0.32490968704223633,True,0.4617271025770085,0.0019278545571609048,1.6354713439941406,0.0017799995839595795,3.337860107421875e-06,0.8175,3.6500000000000004,0.0013172626495361328,0.705,9.369448539926213e-05,0.0641725529357791,251.13049945522727,False
Robust Residual PPO,0.75,1053,-0.7320424914360046,-0.38764455914497375,0.44851720333099365,True,0.2296955099727604,0.004534207459809026,0.897765576839447,0.004519638605415821,3.993593509221682e-06,0.8425,3.1500000000000004,0.005730271339416504,0.8275,0.00012407105941125213,0.03729676343500614,298.802036452563,False
Robust Residual PPO,0.75,1054,-1.9604523181915283,0.6108824014663696,0.3443475067615509,True,0.6243934366689486,0.003440428998070864,2.1016910076141357,0.0022052901331335306,6.169083007989684e-06,0.7825,4.3500000000000005,0.0017163753509521484,0.695,9.61709623649158e-05,0.07918290194123984,203.43908288909708,False
Robust Residual PPO,0.75,1055,-0.8035520911216736,-0.8197364807128906,0.37500709295272827,True,0.27352354182662675,0.003686387754823733,1.1733254194259644,0.002884106244891882,4.410755082062678e-06,0.815,3.7,0.010161995887756348,0.8275,0.00017840443964975715,0.03752934511750936,281.3289350751507,False
Robust Residual PPO,0.75,1056,-0.6173267960548401,-0.7547652125358582,0.33817118406295776,True,0.21481902210668974,0.002600430514563234,0.9910121560096741,0.002067052759230137,1.3411397503659828e-06,0.8475,3.5,0.008343935012817383,0.8325,0.00016154434921351462,0.029173019416630266,305.25162505222363,False
Robust Residual PPO,0.75,1057,-1.4013786315917969,-0.020997419953346252,0.2980625629425049,True,0.3901426060418769,0.001306690730595586,1.4497042894363403,0.0012170840054750443,2.0265595139790094e-06,0.835,3.3000000000000003,0.0010552406311035156,0.725,0.00010265591293081493,0.05678222957998514,272.68261327020133,False
Robust Residual PPO,0.75,1058,-1.9344123601913452,-0.6835842132568359,0.34246277809143066,True,0.6188594498535991,0.004928831834477325,2.0957717895507812,0.002162207616493106,1.3710340454053949e-06,0.785,4.3,0.005562186241149902,0.705,0.00017578677811010027,0.07870899215340614,203.32453829819627,False
Robust Residual PPO,0.75,1059,-1.3239208459854126,-0.34795770049095154,0.3298633396625519,True,0.3804358164584868,0.0018707590703058077,1.4146496057510376,0.001886119949631393,3.000919335249819e-08,0.8275,3.45,0.003975868225097656,0.8125,0.0001346265447737251,0.055099411383271214,269.39258196098507,False
Robust Residual PPO,0.75,1060,-0.5232435464859009,-0.8263487219810486,0.4775193929672241,True,0.22984153420102002,0.00567694037390753,1.0047281980514526,0.005158925894647837,2.3246177534019807e-06,0.8175,3.6500000000000004,0.010718941688537598,0.8325,0.00016279939805618338,0.0311113054305315,288.2064613355589,False
Robust Residual PPO,0.75,1061,-1.0766786336898804,0.09924349933862686,0.28927016258239746,True,0.2830631727969391,0.0010997161885031898,1.1265491247177124,0.00104673788882792,2.9206291856098687e-06,0.86,2.8000000000000003,0.0010558366775512695,0.75,0.00010596198689759949,0.0443622587248683,301.9355758995275,False
Robust Residual PPO,0.75,1062,-1.020176649093628,-0.6513675451278687,0.4292861223220825,True,0.3320030668088478,0.0044990183260875906,1.2636038064956665,0.004091842100024223,4.173460297351994e-07,0.815,3.7,0.009130239486694336,0.8175,0.00016080129414260117,0.04761162973940372,269.4117618182694,False
Robust Residual PPO,0.75,1063,-0.5567145943641663,0.6067063212394714,0.2895512878894806,True,0.17407920402376462,0.0013285891901186086,0.8364167213439941,0.0010509066050872207,7.450714178958151e-07,0.8825,2.15,0.016569137573242188,0.805,0.00014769605433012628,0.02647517904639244,326.80646552806047,False
Robust Residual PPO,0.75,1064,-1.6129041910171509,-0.13716638088226318,0.24278511106967926,True,0.44284704290007226,0.0010213568771706499,1.6479508876800537,0.0006498153670690954,1.0430832020347225e-07,0.8275,3.45,0.0006434917449951172,0.6975,0.00011915860625407008,0.06333675872534514,260.97085986017004,False
Robust Residual PPO,0.75,1065,-0.5033138990402222,-0.5932050347328186,0.453745573759079,True,0.18623112501523004,0.004783719454275582,0.8133116960525513,0.00463386345654726,2.3545510430267313e-06,0.835,3.3000000000000003,0.008243560791015625,0.8375,0.00013802743958649742,0.02914219696074724,302.6011149060268,False
Robust Residual PPO,0.75,1066,-1.3762075901031494,0.32575497031211853,0.20805609226226807,True,0.35849921844392113,0.0015934605619502518,1.4334521293640137,0.0012014128733426332,4.986711701349122e-07,0.85,3.0,0.000830531120300293,0.73,0.00012411849263772705,0.05370688956230879,285.7145298500131,False
Robust Residual PPO,0.75,1067,-0.6176835894584656,0.9055254459381104,0.20151829719543457,True,0.22656635849422624,0.00256314803620725,1.0992552042007446,0.0013350780354812741,1.3411323607215309e-07,0.815,3.7,0.047907084226608276,0.81,0.00018133430201469205,0.029295541699975728,291.1949648688814,False
Robust Residual PPO,0.75,1068,-0.7787961959838867,0.5352519750595093,0.25048118829727173,True,0.20985611884997976,0.0009306799259930852,0.9595974683761597,0.0006096485303714871,1.4901431768521434e-06,0.885,2.3000000000000003,0.005863070487976074,0.7825,0.00015407997403964544,0.03302221700549126,323.0719984507754,False
Robust Residual PPO,0.75,1069,-0.5076419115066528,0.8446078896522522,0.24751581251621246,True,0.20230833198730871,0.0018408470957963193,0.9901279211044312,0.0006185063975863159,2.339493676117854e-06,0.8375,3.6,0.04117375612258911,0.815,0.00016395453899525133,0.025581705272197722,304.07659112131637,False
Robust Residual PPO,0.75,1070,-1.6644020080566406,0.9533751606941223,0.22921264171600342,True,0.49336143444647973,0.0032285857660552704,1.9316902160644531,0.0008160864235833287,5.21541437592532e-07,0.805,3.9000000000000004,0.0015468597412109375,0.715,0.00017392844118666384,0.06500367101281881,242.73303055965755,False
Robust Residual PPO,0.75,1071,-1.6379417181015015,0.7469041347503662,0.26974478363990784,True,0.4824055125824586,0.002705455403434793,1.823076605796814,0.0007246972527354956,3.844517777906731e-06,0.81,3.8000000000000003,0.0016492605209350586,0.7175,0.00013423043433041917,0.0649555042013526,245.63976732671827,False
Robust Residual PPO,0.75,1072,-1.22187077999115,0.3675197660923004,0.4661308228969574,True,0.4000099436098361,0.004964464029002462,1.3820127248764038,0.004908350761979818,1.7404538255050284e-07,0.8075,3.85,0.0026242733001708984,0.7225,7.078600030800504e-05,0.056145833320915696,254.2205137425052,False
Robust Residual PPO,0.75,1073,-1.5133368968963623,0.8512749075889587,0.3800120949745178,True,0.491296211398896,0.004143236562232152,1.7799524068832397,0.0029943448025733232,3.280368616742635e-07,0.8,4.0,0.002420663833618164,0.715,0.00012362393854638637,0.0636735374853015,236.3338056068049,False
Robust Residual PPO,0.75,1074,-0.5001789927482605,-0.2884053587913513,0.4962819218635559,True,0.1679836345914755,0.005556878269732209,0.6689671277999878,0.0055726259015500546,3.4870051877078367e-06,0.86,2.8000000000000003,0.004842162132263184,0.835,0.00010574076304365658,0.030627773627638816,315.5590698855134,False
Robust Residual PPO,0.75,1075,-0.8189709782600403,0.9466501474380493,0.23914383351802826,True,0.2731704722157722,0.0024732546358674323,1.2590471506118774,0.0006834978121332824,1.2368220723146806e-06,0.81,3.8000000000000003,0.04220235347747803,0.7975,0.00020248342171776224,0.037198994513601064,282.16369905491615,False
Robust Residual PPO,0.75,1076,-1.445397138595581,-0.562984049320221,0.45283621549606323,True,0.4850019110715647,0.005140377047383281,1.6302250623703003,0.00461416132748127,9.159376759271254e-07,0.7925,4.15,0.0026671886444091797,0.7225,0.00014084182188294278,0.06421273451298476,229.43155961311197,False
Robust Residual PPO,0.75,1077,-0.6151338219642639,-0.8893533945083618,0.2694230377674103,True,0.2292762341792243,0.001990174696100027,1.088533878326416,0.0007240925915539265,1.5199501604001853e-06,0.8475,2.3000000000000003,0.008423447608947754,0.805,0.00016384661166018205,0.027156213261187077,304.118283477485,False
Robust Residual PPO,0.75,1078,-0.6580581068992615,-0.6858707666397095,0.23459486663341522,True,0.19877905473515517,0.0013016153726516494,0.9584092497825623,0.0007389560341835022,1.1473898666736204e-06,0.865,2.15,0.006571710109710693,0.79,0.00014821397769465704,0.02779547290876508,315.91966932313346,False
Robust Residual PPO,0.75,1079,-0.5874135494232178,0.8651593327522278,0.4896434247493744,True,0.2525697605826536,0.0055402238225476935,1.076871633529663,0.00542667368426919,2.17570664062805e-06,0.825,3.5500000000000003,0.0031554698944091797,0.765,0.00015154702545003293,0.03392916362732649,288.4478544644411,False
Robust Residual PPO,0.75,1080,-0.6397119164466858,0.7102972865104675,0.367546945810318,True,0.2177215357116091,0.0029040180137920846,0.9782975912094116,0.0027170733083039522,6.854933758404513e-07,0.855,3.3000000000000003,0.011018991470336914,0.795,0.00015470560081834269,0.03162601295858622,308.0452396494458,False
Robust Residual PPO,0.75,1081,-1.3320256471633911,0.8601993322372437,0.3006768822669983,True,0.40477944168515884,0.002495128143757461,1.6089626550674438,0.0012688649585470557,2.9809766033395135e-07,0.815,3.7,0.0019156932830810547,0.725,0.0001629492623593899,0.05432651225477457,261.401569970099,False
Robust Residual PPO,0.75,1082,-0.9581221342086792,-0.30673766136169434,0.3117980659008026,True,0.2572534306563814,0.001537933551193289,1.0445278882980347,0.0014985533198341727,5.364478283809149e-07,0.85,3.0,0.0039435625076293945,0.8275,0.0001357308274896439,0.04079401556402445,300.33217124449635,False
Robust Residual PPO,0.75,1083,-1.3940625190734863,0.6289385557174683,0.21643398702144623,True,0.37994745227682497,0.0018662279323589845,1.543211579322815,0.0010381671600043774,8.791952836872952e-07,0.8275,3.45,0.001178145408630371,0.7275,0.0001505611286706212,0.05461205633357167,272.3386452005589,False
Robust Residual PPO,0.75,1084,-0.7371216416358948,-0.8951173424720764,0.4071005880832672,True,0.2754731168120058,0.004518791043784947,1.1846938133239746,0.0035973484627902508,2.1471610125445295e-06,0.81,3.8000000000000003,0.011038422584533691,0.8275,0.00018144958680545522,0.03626966591924429,278.5714712324138,False
Robust Residual PPO,0.75,1085,-0.7224554419517517,-0.08529454469680786,0.4138740301132202,True,0.20731450961838452,0.0037296643514414343,0.8204084634780884,0.0037482730112969875,1.8544437807577197e-06,0.865,2.7,0.001737356185913086,0.815,9.755321692727086e-05,0.0352052590996027,313.77916761841357,False
Robust Residual PPO,0.75,1086,-0.7490203976631165,-0.7008727788925171,0.4387705326080322,True,0.2591859903795429,0.004733123229900612,1.066512942314148,0.00430361507460475,4.5299593693926e-06,0.82,3.6,0.009743213653564453,0.8275,0.00016033672973047284,0.037849058136343955,284.1834053617844,False
Robust Residual PPO,0.75,1087,-1.2718281745910645,-0.8616007566452026,0.3274095356464386,True,0.3968091337466144,0.0038781609045216714,1.5632307529449463,0.0018342791590839624,3.904128334397683e-06,0.8,4.0,0.012151479721069336,0.7925,0.00019630633788408534,0.05370659686625004,253.59048979552546,False
Robust Residual PPO,0.75,1088,-1.148199200630188,-0.9221230149269104,0.4605681300163269,True,0.4113767161257516,0.006579895338260123,1.5241628885269165,0.004786248784512281,3.397465434318292e-06,0.795,4.1000000000000005,0.013319730758666992,0.805,0.00018883524672727461,0.05407462537288666,245.03990965953835,False
Robust Residual PPO,0.75,1089,-1.8535881042480469,0.5890284776687622,0.37915652990341187,True,0.6011554163328028,0.0037483849105054484,2.0050911903381348,0.002976928139105439,5.93066351939342e-06,0.78,4.4,0.0019273757934570312,0.695,8.776330707842129e-05,0.07636299353092908,205.65602425749026,False
Robust Residual PPO,0.75,1090,-0.9845758080482483,-0.6573527455329895,0.30003631114959717,True,0.28500067806656365,0.001979327490998294,1.2066437005996704,0.0012566972291097045,2.026571110036457e-06,0.8225,3.5500000000000003,0.008418560028076172,0.83,0.0001729895733454714,0.04182572264224291,283.6591253827027,False
Robust Residual PPO,0.75,1091,-1.8845704793930054,-0.6914018392562866,0.36124923825263977,True,0.6101973928436626,0.005232347608843363,2.0561883449554443,0.0025769819039851427,3.634670164842646e-08,0.7825,4.3500000000000005,0.004804730415344238,0.7025,0.0001718962137828343,0.07738799799233675,203.2241039923036,False
Robust Residual PPO,0.75,1092,-1.9696727991104126,-0.2278679758310318,0.31251582503318787,True,0.6030400978803702,0.0023805772585041417,2.031693458557129,0.0015132095431908965,1.6987476101348875e-06,0.79,4.2,0.001337289810180664,0.67,0.00011628902199135815,0.07854855347424745,211.29111122294788,False
Robust Residual PPO,0.75,1093,-0.8791002631187439,0.07968070358037949,0.43002596497535706,True,0.2616576608510867,0.00407999028734398,0.9879990816116333,0.004108650144189596,8.048006066019298e-07,0.85,3.0,0.0020728111267089844,0.76,8.436208625618472e-05,0.0417395106703043,298.483625158792,False
Robust Residual PPO,0.75,1094,-0.9031349420547485,-0.5643354058265686,0.2514164447784424,True,0.2437332659520977,0.0011607471065009569,1.080662727355957,0.0006094311829656363,2.3853817765484564e-07,0.8375,3.25,0.006737828254699707,0.81,0.00016559780831016145,0.037384625747799875,297.50450877298596,False
Robust Residual PPO,0.75,1095,-1.3096781969070435,-0.4019305408000946,0.2943161725997925,True,0.36550170242616725,0.0012955590874261336,1.4034439325332642,0.0011417189380154014,7.152836474233482e-07,0.83,3.4000000000000004,0.005147218704223633,0.82,0.00014975800104698376,0.05360980462282896,273.77483797680844,False
Robust Residual PPO,0.75,1096,-0.5565752387046814,0.7886120080947876,0.27283963561058044,True,0.20145442028077265,0.0016350531456017134,0.972832441329956,0.0007689230260439217,3.2797277071949793e-07,0.8475,3.5,0.034010112285614014,0.81,0.00016553750614838966,0.027452655509114264,308.3138310188952,False
Robust Residual PPO,0.75,1097,-1.3080552816390991,0.037033263593912125,0.27344202995300293,True,0.351139541873418,0.000920490291490274,1.3488520383834839,0.000778044865000993,1.1324927982059307e-06,0.845,3.1,0.0008947849273681641,0.735,0.00010546133049188357,0.05260921258479357,284.46038409388115,False
Robust Residual PPO,0.75,1098,-1.2224541902542114,-0.25077617168426514,0.4742331802845001,True,0.40127448571441326,0.0048888508843828,1.3602038621902466,0.005087425000965595,1.4007107438374078e-06,0.8075,3.85,0.002428293228149414,0.71,9.876720351729554e-05,0.056511464789509774,252.59003105024982,False
Robust Residual PPO,0.75,1099,-1.9130916595458984,0.09447009861469269,0.36984628438949585,True,0.6099225243797166,0.0032240578660426896,1.9921396970748901,0.002769318176433444,4.410748260852415e-06,0.78,4.4,0.00176239013671875,0.6775,7.396796732127982e-05,0.07825070846825838,204.07557437793747,False
Nominal Residual PPO,1.0,1000,-1.2179213762283325,0.20768369734287262,0.34128254652023315,True,0.34982242286943194,0.030696874777492524,1.2955046892166138,0.00793223362416029,0.00527742737904191,0.6975,6.050000000000001,0.19323933124542236,0.8275,0.0001615417539801268,0.08855629373341799,208.28208121949353,True
Nominal Residual PPO,1.0,1001,-1.0811076164245605,-0.9685990810394287,0.25630688667297363,False,0.3981224247319946,0.13889693473247813,1.4634742736816406,0.021907567977905273,0.023925526067614555,0.355,11.4,0.3060535788536072,0.49,0.0005884394589646622,0.09743367347866297,25.193348682930182,True
Nominal Residual PPO,1.0,1002,-1.428768277168274,-0.28562131524086,0.4242836833000183,True,0.4571653533273001,0.03237134214867058,1.546866774559021,0.009302953258156776,0.008311927318572998,0.695,5.800000000000001,0.1107720136642456,0.82,0.0001635171303914516,0.09483616083860397,186.31880812453784,True
Nominal Residual PPO,1.0,1003,-1.7183640003204346,-0.48658838868141174,0.34840381145477295,True,0.5396572670796016,0.05262473760967696,1.8356801271438599,0.011327418498694897,0.010161885991692543,0.5975,6.2,0.1706775426864624,0.745,0.00027496625658065854,0.11312341149896384,124.64718272005398,True
Nominal Residual PPO,1.0,1004,-1.998679280281067,-0.7396973967552185,0.24154320359230042,False,0.6159907807877617,0.086333108287037,2.150963544845581,0.017301931977272034,0.0032438819762319326,0.4925,8.9,0.28389668464660645,0.5225,0.0004262251809376457,0.13752580480650067,57.710382668057875,True
Nominal Residual PPO,1.0,1005,-1.8766711950302124,0.8611240983009338,0.28618520498275757,False,0.6046758435465881,0.11530594947835289,2.0905823707580566,0.022623373195528984,0.009339965879917145,0.3925,11.100000000000001,0.29028046131134033,0.5575,0.0004776251150785295,0.1322860188782215,10.323646070293597,True
Nominal Residual PPO,1.0,1006,-1.4946178197860718,0.20171388983726501,0.28934937715530396,True,0.4246350340769621,0.03103920835329422,1.5509462356567383,0.006918754428625107,0.004742792807519436,0.695,6.1000000000000005,0.25158238410949707,0.7025,0.00015767921449733277,0.10654788672924041,193.97696591752344,True
Nominal Residual PPO,1.0,1007,-1.8931626081466675,0.6319606900215149,0.39287856221199036,True,0.634919692517865,0.0796867468133833,2.0569589138031006,0.01820986717939377,0.0023217222187668085,0.505,8.8,0.15018951892852783,0.7025,0.00026728229223883625,0.12204547695815564,61.16109908776773,True
Nominal Residual PPO,1.0,1008,-1.749120831489563,0.6261014938354492,0.26522985100746155,False,0.5276643196502944,0.0783772512234565,1.8824126720428467,0.016863152384757996,0.0070539009757339954,0.4825,8.65,0.29934751987457275,0.575,0.00034591071426355276,0.12526862766593694,72.23350602520193,True
Nominal Residual PPO,1.0,1009,-1.9152493476867676,-0.3461688160896301,0.2149554342031479,True,0.5476240331893145,0.032621107724118734,1.966204285621643,0.005781563930213451,0.004537716507911682,0.695,6.1000000000000005,0.3205057382583618,0.49,0.00021739340316228968,0.1339105400070548,170.82770552993333,True
Nominal Residual PPO,1.0,1010,-1.8575115203857422,0.07161146402359009,0.4753030240535736,True,0.6519941198777964,0.030296767530323013,1.9880461692810059,0.010326146148145199,0.006444614380598068,0.735,5.300000000000001,0.07760119438171387,0.76,7.080128775545411e-05,0.11493343330919742,163.5139014609497,True
Nominal Residual PPO,1.0,1011,-1.57381272315979,0.12664707005023956,0.26378002762794495,True,0.4408813361302101,0.02402169165902138,1.6154100894927979,0.004919848404824734,0.0038929821457713842,0.71,5.800000000000001,0.2770427465438843,0.695,0.00014786165212707242,0.112441401258111,199.6287239186325,True
Nominal Residual PPO,1.0,1012,-1.5405192375183105,0.561293363571167,0.2715309262275696,True,0.4561365670539189,0.06796124632914648,1.665443778038025,0.014502601698040962,0.008688542991876602,0.52,8.5,0.2916123867034912,0.5975,0.00032003982810064143,0.11394700687378645,102.63830831802994,True
Nominal Residual PPO,1.0,1013,-0.8082606196403503,-0.8420410752296448,0.401797890663147,False,0.3291387286266908,0.10653170020344495,1.1964707374572754,0.022088471800088882,0.008456986397504807,0.4075,11.05,0.1495518684387207,0.6925,0.000496706319874025,0.07168405279517173,66.79761367387702,True
Nominal Residual PPO,1.0,1014,-1.3467140197753906,0.1714046150445938,0.4693894386291504,True,0.4441331987276141,0.032761163690849034,1.4794632196426392,0.011816433630883694,0.0029463714454323053,0.73,4.6000000000000005,0.0824134349822998,0.81,0.000105594121902735,0.0899725852161646,204.04937302125634,True
Nominal Residual PPO,1.0,1015,-1.4601455926895142,0.21413566172122955,0.39239153265953064,True,0.45179010852390705,0.035653522578542395,1.5577362775802612,0.010480680502951145,0.0011778328334912658,0.6775,6.3500000000000005,0.14558672904968262,0.8275,0.0001276286130444688,0.09819863595068455,181.22594965299706,True
Nominal Residual PPO,1.0,1016,-1.6580126285552979,-0.11461202055215836,0.3060871958732605,True,0.48439805368039557,0.012834465685770074,1.711901068687439,0.0038347889203578234,0.002268735086545348,0.7275,5.45,0.22140121459960938,0.78,0.00013083061055576748,0.11160897891968488,203.3639845279444,True
Nominal Residual PPO,1.0,1017,-0.62247234582901,0.6426637768745422,0.4917738139629364,False,0.2686409185777255,0.0813691165269803,0.9438154101371765,0.021538998931646347,0.00485534081235528,0.475,8.65,0.06900978088378906,0.81,0.00040798749764540753,0.057567898258566855,110.92263672144104,True
Nominal Residual PPO,1.0,1018,-1.1090368032455444,-0.0900818482041359,0.4614541530609131,True,0.35104546287477734,0.014679520921028484,1.232259750366211,0.00957901868969202,0.0027829979080706835,0.8175,3.6500000000000004,0.08630144596099854,0.835,0.0001217898837978466,0.07728996440768242,262.61469684524883,True
Nominal Residual PPO,1.0,1019,-1.674609661102295,-0.20800989866256714,0.34006524085998535,True,0.5066648870002636,0.02296246917132635,1.7472251653671265,0.0057379803620278835,0.005672328639775515,0.7175,5.65,0.1830461025238037,0.825,0.00014564360467096381,0.11017695598304272,190.9008667645088,True
Nominal Residual PPO,1.0,1020,-1.1319496631622314,-0.4326494336128235,0.2227078378200531,True,0.31211863440642224,0.052059489005212685,1.2281949520111084,0.011846911162137985,0.002818153705447912,0.605,6.550000000000001,0.3205968737602234,0.505,0.00026970650692661525,0.09645801007747651,166.62853758873578,True
Nominal Residual PPO,1.0,1021,-1.4384177923202515,-0.8382971882820129,0.49743902683258057,False,0.5491219507267666,0.10959416636412112,1.74289071559906,0.022474214434623718,0.01159900426864624,0.4025,11.100000000000001,0.07147216796875,0.695,0.00047149180604780656,0.09966214694082737,23.313168226463162,True
Nominal Residual PPO,1.0,1022,-1.999210000038147,0.8368335366249084,0.37694433331489563,False,0.685757837740185,0.11258894885181647,2.217628240585327,0.022613737732172012,0.011096666567027569,0.4,11.100000000000001,0.17040205001831055,0.64,0.00040572669121742794,0.12977551765739917,-0.5335720125584077,True
Nominal Residual PPO,1.0,1023,-1.4916963577270508,0.8117974996566772,0.4728805720806122,False,0.5465695431498251,0.10666537591040474,1.7707891464233398,0.024200739338994026,0.0094743762165308,0.41,11.05,0.08874678611755371,0.71,0.00039584455551612904,0.10101406902074814,29.627122180030113,True
Nominal Residual PPO,1.0,1024,-1.51630699634552,-0.48329436779022217,0.3110935389995575,True,0.4522293672502677,0.04246287598538363,1.6286505460739136,0.009721022099256516,0.006498423870652914,0.64,6.25,0.20820200443267822,0.7375,0.0002632058061377122,0.1054934586584568,161.34483614640206,True
Nominal Residual PPO,1.0,1025,-0.7683239579200745,0.258014976978302,0.24864348769187927,True,0.20383978098423614,0.028213490496191918,0.8365699052810669,0.0042173289693892,0.007309980224817991,0.7375,4.2,0.26304131746292114,0.68,0.00023923879896781637,0.07083501413464546,247.3526923575525,True
Nominal Residual PPO,1.0,1026,-1.7438942193984985,0.19023452699184418,0.2583710551261902,True,0.49887454813335047,0.03330931498303113,1.7883607149124146,0.0067055923864245415,0.0035895146429538727,0.6925,6.15,0.28715407848358154,0.6675,0.00015113756319921708,0.12210591372102499,179.27368509728697,True
Nominal Residual PPO,1.0,1027,-1.9580382108688354,0.12429128587245941,0.36954861879348755,True,0.6273054217318123,0.03509600141275112,2.0374345779418945,0.007246191147714853,0.005324340425431728,0.6975,6.050000000000001,0.1633826494216919,0.795,9.662669805416698e-05,0.1233284530416131,157.96621916982684,True
Nominal Residual PPO,1.0,1028,-0.7757433652877808,-0.22796711325645447,0.4025936424732208,True,0.2272188286613325,0.022648104220824326,0.8859924077987671,0.00844594370573759,0.0004932640003971756,0.7975,4.2,0.1306208372116089,0.8825,0.00016043218915414925,0.06299712732434273,272.4876438903298,True
Nominal Residual PPO,1.0,1029,-0.7448340058326721,0.6458722352981567,0.214758962392807,True,0.2543603455213745,0.07245751923508768,0.9937342405319214,0.014783911406993866,0.00827159732580185,0.515,8.55,0.28373831510543823,0.475,0.0004649210794618881,0.07470351971685886,132.43416476399,True
Nominal Residual PPO,1.0,1030,-1.6447029113769531,-0.9496257901191711,0.4438457489013672,False,0.6102172156075852,0.12488919031596696,1.9596617221832275,0.018776264041662216,0.02363063208758831,0.3825,11.350000000000001,0.10591721534729004,0.6525,0.0005005952757449188,0.11091068848967552,1.1188273114674183,True
Nominal Residual PPO,1.0,1031,-0.9611496329307556,0.9009804725646973,0.39864641427993774,False,0.38565618290393333,0.12526628572662782,1.349510669708252,0.022376684471964836,0.01979011669754982,0.38,11.3,0.1637507677078247,0.6675,0.0005731540762996041,0.08107085920870304,40.224885601977405,True
Nominal Residual PPO,1.0,1032,-0.6833899617195129,-0.5306191444396973,0.49894750118255615,True,0.25417987213060317,0.04891535253733347,0.9319570660591125,0.014647063799202442,0.004208016209304333,0.625,6.3500000000000005,0.0737076997756958,0.815,0.00026302146727584606,0.05975361004471779,186.10593672208677,True
Nominal Residual PPO,1.0,1033,-0.7577928304672241,0.7459949851036072,0.4761985242366791,False,0.31871070021595005,0.0974971394469798,1.1103570461273193,0.023739807307720184,0.0038352669216692448,0.4325,10.9,0.08423149585723877,0.785,0.00046528658003132476,0.06545238636434078,80.37190794283885,True
Nominal Residual PPO,1.0,1034,-0.5296080112457275,-0.6777904629707336,0.22327283024787903,False,0.22614176191384808,0.08542704670164578,0.8656488060951233,0.019202467054128647,0.00669281929731369,0.465,8.700000000000001,0.21416842937469482,0.4625,0.0004477416266443557,0.056611384004354476,115.0385118369723,True
Nominal Residual PPO,1.0,1035,-1.5201642513275146,-0.23973245918750763,0.436818927526474,True,0.49649429094883724,0.03535703010309457,1.6386762857437134,0.00975795742124319,0.009222697466611862,0.675,5.8500000000000005,0.10265803337097168,0.8075,0.00014830813043629083,0.09909942723810673,169.5060122815698,True
Nominal Residual PPO,1.0,1036,-1.558912754058838,0.6018440127372742,0.34900519251823425,False,0.49207698283626833,0.07521759576933028,1.7155344486236572,0.017479434609413147,0.005980595014989376,0.495,8.6,0.20171165466308594,0.7125,0.00031369071783177843,0.10863354083150625,85.12622245605709,True
Nominal Residual PPO,1.0,1037,-1.5164998769760132,-0.3818822205066681,0.38270920515060425,True,0.4749066334472564,0.03831277932089259,1.6299687623977661,0.009354186244308949,0.008595781400799751,0.6575,6.0,0.14275145530700684,0.825,0.00020975138035110588,0.10097409293055534,166.02340636797064,True
Nominal Residual PPO,1.0,1038,-1.5098652839660645,-0.8029577136039734,0.31811848282814026,False,0.49080576809350157,0.09799908957499821,1.7404528856277466,0.01897048018872738,0.009594550356268883,0.4475,9.05,0.21626698970794678,0.645,0.0004400676330065563,0.10933013848960399,57.20654044438371,True
Nominal Residual PPO,1.0,1039,-0.6960156559944153,-0.0387578122317791,0.3661683201789856,True,0.18950899295582083,0.012497817163420676,0.7713037729263306,0.005941977724432945,0.0024516938719898462,0.8175,3.75,0.15639781951904297,0.895,0.0001525622056929712,0.059136877246201036,291.5661612908566,True
Nominal Residual PPO,1.0,1040,-0.7547146081924438,0.5635512471199036,0.4134989380836487,True,0.26734399104363515,0.06737233450270373,0.9859970211982727,0.016449928283691406,0.009742919355630875,0.5225,8.450000000000001,0.13078248500823975,0.8075,0.0003685310230354019,0.06479405298829079,135.19326101713,True
Nominal Residual PPO,1.0,1041,-0.6478168964385986,-0.19675222039222717,0.46515655517578125,True,0.20237722755394183,0.018188956736076897,0.784697413444519,0.009784289635717869,0.000443339318735525,0.84,2.85,0.08494973182678223,0.8775,0.00014135512592019055,0.054905514493584634,295.71821675947547,True
Nominal Residual PPO,1.0,1042,-1.463887333869934,-0.25558269023895264,0.3728010952472687,True,0.44559355227658903,0.022733758664023846,1.5558549165725708,0.007052925415337086,0.005581424105912447,0.72,5.6000000000000005,0.15287208557128906,0.8325,0.00015410089267754737,0.09809799905866384,202.85748665699052,True
Nominal Residual PPO,1.0,1043,-1.7490100860595703,-0.7958716750144958,0.31946444511413574,False,0.5682592727452254,0.09525974689409385,1.9551254510879517,0.018594246357679367,0.008156386204063892,0.455,9.0,0.2028512954711914,0.6425,0.00043371134203265197,0.1194746220856905,47.8442095850277,True
Nominal Residual PPO,1.0,1044,-1.981444239616394,0.7169352173805237,0.20961801707744598,False,0.5945898223865153,0.0934134784689324,2.121433973312378,0.019280897453427315,0.004086248576641083,0.4525,8.8,0.36589139699935913,0.425,0.0004098521885644151,0.14365323536098004,43.293013807234246,True
Nominal Residual PPO,1.0,1045,-0.7272861003875732,-0.39523494243621826,0.4158290922641754,True,0.23105996094727138,0.0403776057089865,0.8875254392623901,0.011490082368254662,0.002861121902242303,0.6725,4.3500000000000005,0.12362277507781982,0.8175,0.00021488855217639369,0.06176509492099285,213.44743612468903,True
Nominal Residual PPO,1.0,1046,-1.868130087852478,0.6265861392021179,0.39649125933647156,True,0.6268929331668398,0.07886224593743608,2.032642364501953,0.018188221380114555,0.0021958649158477783,0.505,8.8,0.14612090587615967,0.7025,0.00026473946443728865,0.12052588634192944,62.913594098803685,True
Nominal Residual PPO,1.0,1047,-1.1699552536010742,-0.14992530643939972,0.29876548051834106,True,0.3189413136268522,0.014215947433372011,1.225381851196289,0.004486079327762127,0.0010916772298514843,0.765,4.7,0.2288602590560913,0.785,0.00014952760906691967,0.08822408180683851,246.79711371864798,True
Nominal Residual PPO,1.0,1048,-0.9076822996139526,-0.7630760073661804,0.4824531674385071,False,0.3536153821375707,0.08520409801174797,1.2415555715560913,0.01965201273560524,0.00488450238481164,0.4725,8.85,0.09177982807159424,0.76,0.000405048304551026,0.07382787451148033,94.71397814431498,True
Nominal Residual PPO,1.0,1049,-1.6127384901046753,0.09402617067098618,0.43331217765808105,True,0.5262415868915666,0.02847197093389063,1.7214581966400146,0.009300596080720425,0.005407857708632946,0.7475,5.050000000000001,0.10845756530761719,0.8,8.824045378336333e-05,0.10358553484082222,197.49342773390936,True
Nominal Residual PPO,1.0,1050,-1.2507070302963257,-0.40418457984924316,0.49881017208099365,True,0.43397396138312583,0.04926551820461834,1.4248323440551758,0.013575736433267593,0.011155005544424057,0.6125,6.050000000000001,0.06432580947875977,0.81,0.00022627022315901068,0.08647368475794792,149.31387497126977,True
Nominal Residual PPO,1.0,1051,-0.8433747291564941,-0.6024307608604431,0.2584548592567444,False,0.271457713217625,0.07746111643433128,1.051550030708313,0.01743405871093273,0.004868584685027599,0.4875,8.700000000000001,0.2812950015068054,0.5925,0.0003867993811572486,0.0801857540756464,117.37407149541023,True
Nominal Residual PPO,1.0,1052,-1.577463150024414,-0.03658809885382652,0.32490968704223633,True,0.4623825096226305,0.012869375661665003,1.6356229782104492,0.004809615667909384,0.0010019924957305193,0.7375,5.25,0.2034471035003662,0.8175,0.00012018981144416156,0.10626983851194381,211.43378415435566,True
Nominal Residual PPO,1.0,1053,-0.7320424914360046,-0.38764455914497375,0.44851720333099365,True,0.238157880329128,0.0357685065582654,0.9011886715888977,0.011482746340334415,0.002721931552514434,0.7,4.3,0.09982812404632568,0.8425,0.0002005752363091563,0.06098360851407051,225.11531711569936,True
Nominal Residual PPO,1.0,1054,-1.9604523181915283,0.6108824014663696,0.3443475067615509,False,0.6339075110345719,0.08070555706058373,2.1002769470214844,0.01775519922375679,0.0017211290542036295,0.4925,8.75,0.19795644283294678,0.685,0.0002813626257816155,0.12820109128952026,57.45616534295947,True
Nominal Residual PPO,1.0,1055,-0.8035520911216736,-0.8197364807128906,0.37500709295272827,False,0.3192016854117046,0.10391533784473972,1.1733254194259644,0.022011734545230865,0.006165636703372002,0.4175,11.0,0.17126572132110596,0.685,0.0004952370593900843,0.07234984174370766,73.34564958976856,True
Nominal Residual PPO,1.0,1056,-0.6173267960548401,-0.7547652125358582,0.33817118406295776,False,0.26646856107029276,0.09607412945173302,0.9910121560096741,0.02131139114499092,0.0019531736616045237,0.445,10.850000000000001,0.19551539421081543,0.6875,0.0004800209829362644,0.06357792567461729,96.26018977183935,True
Nominal Residual PPO,1.0,1057,-1.4013786315917969,-0.020997419953346252,0.2980625629425049,True,0.3921162772909427,0.009110329773646985,1.449770212173462,0.0035706188064068556,0.0019354510586708784,0.7475,5.050000000000001,0.23278236389160156,0.7775,0.00013281760059678365,0.09973825260996819,228.9009908242367,True
Nominal Residual PPO,1.0,1058,-1.9344123601913452,-0.6835842132568359,0.34246277809143066,False,0.6330864723561457,0.08411380633918142,2.0957717895507812,0.01840752176940441,0.004456369671970606,0.48,8.700000000000001,0.17304253578186035,0.6675,0.00039978311978647324,0.12527829602360727,49.35349651378872,True
Nominal Residual PPO,1.0,1059,-1.3239208459854126,-0.34795770049095154,0.3298633396625519,True,0.3854747113178825,0.027399651721072137,1.4167109727859497,0.007437815889716148,0.0035201129503548145,0.7,6.0,0.19286298751831055,0.7875,0.0001904874890434019,0.09410506971180439,203.39941912916623,True
Nominal Residual PPO,1.0,1060,-0.5232435464859009,-0.8263487219810486,0.4775193929672241,False,0.27976250035679295,0.10125312673246575,1.0047281980514526,0.022198136895895004,0.007286369800567627,0.4225,11.0,0.08832800388336182,0.7475,0.00046693064094743776,0.0550032552331686,83.11022696352727,True
Nominal Residual PPO,1.0,1061,-1.0766786336898804,0.09924349933862686,0.28927016258239746,True,0.2878048711704581,0.01720498331530516,1.1256574392318726,0.003548821434378624,0.004919989034533501,0.765,4.7,0.2430781126022339,0.75,0.00015819248661980481,0.08445164915174246,250.75139106259616,True
Nominal Residual PPO,1.0,1062,-1.020176649093628,-0.6513675451278687,0.4292861223220825,True,0.3501278181039635,0.0644233567127702,1.2636038064956665,0.016034714877605438,0.0029022814705967903,0.5375,8.6,0.11952674388885498,0.775,0.00033736360267577314,0.07821335904300213,128.90040028353843,True
Nominal Residual PPO,1.0,1063,-0.5567145943641663,0.6067063212394714,0.2895512878894806,True,0.21676327588974464,0.0684874931628709,0.8364167213439941,0.014566320925951004,0.009333139285445213,0.52,8.5,0.1809377670288086,0.6725,0.00042418699360771,0.05655772216618061,142.9880533217342,True
Nominal Residual PPO,1.0,1064,-1.6129041910171509,-0.13716638088226318,0.24278511106967926,True,0.4468901521417251,0.009937768692623158,1.6484410762786865,0.00201869523152709,0.00039726635441184044,0.7275,5.45,0.29323410987854004,0.735,0.0001499346353353485,0.11543900465592742,210.35458231094512,True
Nominal Residual PPO,1.0,1065,-0.5033138990402222,-0.5932050347328186,0.453745573759079,True,0.2190193204182274,0.06893835979380719,0.8133116960525513,0.01736626774072647,0.00401621637865901,0.5175,8.6,0.09632182121276855,0.8025,0.00033176288653386123,0.05175209872424603,141.68720443027797,True
Nominal Residual PPO,1.0,1066,-1.3762075901031494,0.32575497031211853,0.20805609226226807,True,0.3714097599071974,0.03995208851070342,1.432700753211975,0.006974600721150637,0.008146287873387337,0.645,6.2,0.3479424715042114,0.455,0.0002291302485686275,0.10984074717387557,177.19567701547717,True
Nominal Residual PPO,1.0,1067,-0.6176835894584656,0.9055254459381104,0.20151829719543457,False,0.29497766858166563,0.1157019434100271,1.0992552042007446,0.02020186185836792,0.01284372340887785,0.3925,11.200000000000001,0.23534545302391052,0.4225,0.0005890924310040852,0.06733595406636596,66.09464893149375,True
Nominal Residual PPO,1.0,1068,-0.7787961959838867,0.5352519750595093,0.25048118829727173,True,0.24326673054262535,0.05890052523315242,0.9595839381217957,0.011189986951649189,0.011230306699872017,0.5575,8.3,0.2702299952507019,0.6,0.00039453977695485946,0.07438168607652187,155.5124279152536,True
Nominal Residual PPO,1.0,1069,-0.5076419115066528,0.8446078896522522,0.24751581251621246,False,0.26814505521993437,0.10697699462879766,0.9901279211044312,0.02073034830391407,0.007483641617000103,0.41,11.05,0.1822803020477295,0.5125,0.0005590575769571373,0.056955261789262294,79.9739158742322,True
Nominal Residual PPO,1.0,1070,-1.6644020080566406,0.9533751606941223,0.22921264171600342,False,0.5375848710919692,0.12959219840976943,1.9316902160644531,0.021009506657719612,0.018930723890662193,0.38,11.3,0.3729128837585449,0.42,0.0005827677672723324,0.13126523476094007,10.103542073173932,True
Nominal Residual PPO,1.0,1071,-1.6379417181015015,0.7469041347503662,0.26974478363990784,False,0.5069983073647899,0.0926375718019054,1.823076605796814,0.020025841891765594,0.0028641398530453444,0.45,8.8,0.30651938915252686,0.54,0.0004316269194061621,0.12129912842065096,56.3934151489348,True
Nominal Residual PPO,1.0,1072,-1.22187077999115,0.3675197660923004,0.4661308228969574,True,0.40573275601653214,0.051771506325399334,1.3777917623519897,0.015277191996574402,0.0023501876275986433,0.605,6.5,0.08762919902801514,0.825,0.0001833322559582603,0.08502565011382103,153.50055861235398,True
Nominal Residual PPO,1.0,1073,-1.5133368968963623,0.8512749075889587,0.3800120949745178,False,0.519876245268632,0.11182309189867563,1.7799524068832397,0.023562269285321236,0.009356174618005753,0.395,11.100000000000001,0.18542718887329102,0.6725,0.00047025549264718394,0.10710267156362534,26.90486806452953,True
Nominal Residual PPO,1.0,1074,-0.5001789927482605,-0.2884053587913513,0.4962819218635559,True,0.1746952554116624,0.028992174484656713,0.6754875183105469,0.011792220175266266,0.0012703166576102376,0.7525,4.2,0.06729769706726074,0.885,0.00016520696351128813,0.048333559408783915,259.7777470746909,True
Nominal Residual PPO,1.0,1075,-0.8189709782600403,0.9466501474380493,0.23914383351802826,False,0.3397845763445697,0.12329594414653373,1.2590471506118774,0.01935921423137188,0.019038880243897438,0.3825,11.3,0.2668982148170471,0.4775,0.0006051093982969516,0.08119344372302294,51.95624657848802,True
Nominal Residual PPO,1.0,1076,-1.445397138595581,-0.562984049320221,0.45283621549606323,True,0.4954289215043069,0.06542510074095291,1.6302250623703003,0.015859637409448624,0.011222668923437595,0.53,8.35,0.09146595001220703,0.79,0.0003175206345227088,0.09716449238359928,99.03805846537794,True
Nominal Residual PPO,1.0,1077,-0.6151338219642639,-0.8893533945083618,0.2694230377674103,False,0.29913029502089966,0.12114139338408342,1.088533878326416,0.023105623200535774,0.013024243526160717,0.385,11.200000000000001,0.2593216300010681,0.5525,0.0005813439525335609,0.06835830070078373,60.63002409267518,True
Nominal Residual PPO,1.0,1078,-0.6580581068992615,-0.6858707666397095,0.23459486663341522,False,0.2512369551416723,0.08872206668132826,0.9584092497825623,0.019910171627998352,0.0056849694810807705,0.4575,8.75,0.27983975410461426,0.4925,0.00046927154153461636,0.07058898316696287,105.90006998245227,True
Nominal Residual PPO,1.0,1079,-0.5874135494232178,0.8651593327522278,0.4896434247493744,False,0.32051660695845824,0.12623492838405126,1.076871633529663,0.024134233593940735,0.020819062367081642,0.38,11.3,0.06984150409698486,0.705,0.0005588134704249041,0.059692872166633604,51.704071714248144,True
Nominal Residual PPO,1.0,1080,-0.6397119164466858,0.7102972865104675,0.367546945810318,False,0.2675087747816379,0.08908579425215593,0.9782975912094116,0.020450429990887642,0.0021059794817119837,0.46,8.8,0.1525067687034607,0.7275,0.00047753669653777524,0.06183564703911543,103.46394709362103,True
Nominal Residual PPO,1.0,1081,-1.3320256471633911,0.8601993322372437,0.3006768822669983,False,0.44589694394950563,0.11185402665143682,1.6089626550674438,0.022012460976839066,0.009371491149067879,0.3975,11.100000000000001,0.28457486629486084,0.5625,0.0005289948653491454,0.10656138554215432,39.144112420865916,True
Nominal Residual PPO,1.0,1082,-0.9581221342086792,-0.30673766136169434,0.3117980659008026,True,0.26671707584098847,0.034211535660318634,1.0472158193588257,0.008563794195652008,0.0016397066647186875,0.7175,4.5,0.21623319387435913,0.785,0.0001960199392011851,0.07792867172509432,228.22593309317384,True
Nominal Residual PPO,1.0,1083,-1.3940625190734863,0.6289385557174683,0.21643398702144623,True,0.40578956829048124,0.0720922665154761,1.543211579322815,0.014648321084678173,0.009658852592110634,0.505,8.55,0.3573024868965149,0.4525,0.00039382778292528577,0.11331269558519125,101.359547998293,True
Nominal Residual PPO,1.0,1084,-0.7371216416358948,-0.8951173424720764,0.4071005880832672,False,0.3293930999277421,0.11755377169333929,1.1846938133239746,0.022397244349122047,0.014212771318852901,0.39,11.15,0.14595389366149902,0.6875,0.0005316676245257244,0.06846016451716423,57.01887800022137,True
Nominal Residual PPO,1.0,1085,-0.7224554419517517,-0.08529454469680786,0.4138740301132202,True,0.20817980908329342,0.012697570490799712,0.8217359185218811,0.007604957092553377,0.0020485729910433292,0.86,2.8000000000000003,0.11921215057373047,0.8825,0.00014086859552268782,0.058945239782333375,305.7705251226386,True
Nominal Residual PPO,1.0,1086,-0.7490203976631165,-0.7008727788925171,0.4387705326080322,False,0.2888108002672717,0.07739623766070608,1.066512942314148,0.018547894433140755,0.0018470005597919226,0.4925,8.75,0.11614644527435303,0.775,0.00037931501929186945,0.06566335022449493,116.73329872700022,True
Nominal Residual PPO,1.0,1087,-1.2718281745910645,-0.8616007566452026,0.3274095356464386,False,0.43464876722207085,0.11409988890260171,1.5632307529449463,0.021030830219388008,0.014013031497597694,0.395,11.200000000000001,0.21861326694488525,0.645,0.000494047920981756,0.0990186970308423,40.87809042606864,True
Nominal Residual PPO,1.0,1088,-1.148199200630188,-0.9221230149269104,0.4605681300163269,False,0.4493915967317418,0.1192661846454554,1.5241628885269165,0.019548213109374046,0.021296609193086624,0.3875,11.3,0.11138498783111572,0.6825,0.0004911236692708833,0.08806299246847629,33.43268413932859,True
Nominal Residual PPO,1.0,1089,-1.8535881042480469,0.5890284776687622,0.37915652990341187,True,0.6096980957081992,0.07591035643741588,2.002676010131836,0.017493030056357384,0.0015232110163196921,0.5075,8.75,0.16299200057983398,0.7025,0.00025511548510471284,0.12063006609678269,68.88923966152174,True
Nominal Residual PPO,1.0,1090,-0.9845758080482483,-0.6573527455329895,0.30003631114959717,False,0.31570972672467423,0.07835459298429674,1.2066437005996704,0.0176201481372118,0.0027976548299193382,0.49,8.75,0.24058490991592407,0.6725,0.00038266906254904063,0.0843012798205018,110.63262200664126,True
Nominal Residual PPO,1.0,1091,-1.8845704793930054,-0.6914018392562866,0.36124923825263977,False,0.6248838548302065,0.08576282277591436,2.0561883449554443,0.018978016451001167,0.004074300639331341,0.4725,8.700000000000001,0.15723693370819092,0.675,0.0004013300203966264,0.1219942619651556,46.906599800545,True
Nominal Residual PPO,1.0,1092,-1.9696727991104126,-0.2278679758310318,0.31251582503318787,True,0.6050367702140551,0.035876017455575525,2.0327112674713135,0.005837200675159693,0.007576502859592438,0.7,6.0,0.2135632038116455,0.7725,0.00016267888305663872,0.12723980110138655,161.6573872369631,True
Nominal Residual PPO,1.0,1093,-0.8791002631187439,0.07968070358037949,0.43002596497535706,True,0.2628536019609452,0.020545369857135846,0.9864982962608337,0.009052987210452557,0.003822406753897667,0.7975,4.05,0.10946941375732422,0.865,0.00014299207750631082,0.06686918288469315,267.87055574228003,True
Nominal Residual PPO,1.0,1094,-0.9031349420547485,-0.5643354058265686,0.2514164447784424,True,0.2772215700324759,0.07200825163986296,1.080662727355957,0.016233336180448532,0.004756066016852856,0.5125,8.65,0.29015403985977173,0.5875,0.0003552779942133215,0.08361086800694466,128.15513551796116,True
Nominal Residual PPO,1.0,1095,-1.3096781969070435,-0.4019305408000946,0.2943161725997925,True,0.37402557088849586,0.035665794156217706,1.404356837272644,0.008596018888056278,0.00314554525539279,0.665,6.25,0.2322688102722168,0.7525,0.00022174157432174721,0.09682688642293215,187.56276222268446,True
Nominal Residual PPO,1.0,1096,-0.5565752387046814,0.7886120080947876,0.27283963561058044,False,0.26237708335888715,0.09879357036557287,0.972832441329956,0.020305143669247627,0.0037587308324873447,0.435,10.950000000000001,0.18489569425582886,0.59,0.0005302249608323809,0.05936977837234735,92.7749667564656,True
Nominal Residual PPO,1.0,1097,-1.3080552816390991,0.037033263593912125,0.27344202995300293,True,0.3548383542109187,0.013341979263749647,1.3486006259918213,0.0027848812751471996,0.003792506642639637,0.7475,5.050000000000001,0.2614050507545471,0.74,0.0001470554902678627,0.09750967625528574,233.75034151951064,True
Nominal Residual PPO,1.0,1098,-1.2224541902542114,-0.25077617168426514,0.4742331802845001,True,0.4026383900177454,0.029021481660685848,1.363215446472168,0.010462786071002483,0.007790221367031336,0.7425,5.6000000000000005,0.07937419414520264,0.82,0.0001540018960985204,0.0839052813500166,216.28761925524938,True
Nominal Residual PPO,1.0,1099,-1.9130916595458984,0.09447009861469269,0.36984628438949585,True,0.6094817136261812,0.03268057720888686,1.9914398193359375,0.0070619783364236355,0.005282497964799404,0.7125,5.75,0.16263806819915771,0.7975,9.575673118569116e-05,0.1209532468020916,168.01576261833088,True
Robust Residual PPO,1.0,1000,-1.2179213762283325,0.20768369734287262,0.34128254652023315,True,0.34632674526932933,0.006782606156233543,1.297153353691101,0.002134328940883279,1.2310976671869867e-05,0.7825,4.3500000000000005,0.11236035823822021,0.765,0.00013556139649766906,0.08090635064989328,254.09667620230604,True
Robust Residual PPO,1.0,1001,-1.0811076164245605,-0.9685990810394287,0.25630688667297363,True,0.37587447478191566,0.06481230169697934,1.4634742736816406,0.0006223081145435572,8.171135414158925e-05,0.6125,6.7,0.16671305894851685,0.68,0.0005045777546127903,0.08007816731929779,158.20856567281103,True
Robust Residual PPO,1.0,1002,-1.428768277168274,-0.28562131524086,0.4242836833000183,True,0.46814255412479194,0.03548139404712982,1.5431245565414429,0.00396706024184823,7.555130287073553e-05,0.6575,5.800000000000001,0.11698424816131592,0.67,0.00032404577157872313,0.09929177552461624,167.19198480734335,True
Robust Residual PPO,1.0,1003,-1.7183640003204346,-0.48658838868141174,0.34840381145477295,True,0.5603210850853584,0.07979577677838169,1.835541009902954,0.002391892485320568,0.00018487483612261713,0.565,8.25,0.1723332405090332,0.6425,0.0004745626059381925,0.11799849357455969,101.76780950373114,True
Robust Residual PPO,1.0,1004,-1.998679280281067,-0.7396973967552185,0.24154320359230042,False,0.6451881950114765,0.14896378200504473,2.150963544845581,0.0006148279644548893,0.0002402352256467566,0.4975,9.1,0.185935378074646,0.555,0.0006288608273723961,0.12996909709647297,44.5109810291352,True
Robust Residual PPO,1.0,1005,-1.8766711950302124,0.8611240983009338,0.28618520498275757,True,0.5840459965581187,0.023885386372093812,2.0905823707580566,0.0009811494965106249,5.094002699479461e-05,0.6975,6.050000000000001,0.13890445232391357,0.7125,0.00032299508545746735,0.1146782760322094,169.7502853293629,True
Robust Residual PPO,1.0,1006,-1.4946178197860718,0.20171388983726501,0.28934937715530396,True,0.42100531855411955,0.008030680733755258,1.5520224571228027,0.001045498764142394,1.2043288734275848e-05,0.7675,4.65,0.13980937004089355,0.745,0.0001352392955049971,0.0953858181834221,235.21780657299257,True
Robust Residual PPO,1.0,1007,-1.8931626081466675,0.6319606900215149,0.39287856221199036,True,0.6262062952974274,0.017102506439306196,2.05729341506958,0.0032855540048331022,2.3628153940080665e-05,0.725,5.5,0.08266711235046387,0.7175,0.00019558863162039765,0.11321701481938362,172.02147967010893,True
Robust Residual PPO,1.0,1008,-1.749120831489563,0.6261014938354492,0.26522985100746155,True,0.5131093638409596,0.012015841500294342,1.8824533224105835,0.0006794276996515691,2.331734140170738e-05,0.7225,5.550000000000001,0.14981281757354736,0.755,0.000225411589433809,0.10794809639453888,198.01923437704437,True
Robust Residual PPO,1.0,1009,-1.9152493476867676,-0.3461688160896301,0.2149554342031479,True,0.5586487220120261,0.05170813869340686,1.965492844581604,0.0010498864576220512,0.00013621897960547358,0.6125,7.75,0.1966395378112793,0.59,0.0004206806554360516,0.1247037390805781,130.63595901185838,True
Robust Residual PPO,1.0,1010,-1.8575115203857422,0.07161146402359009,0.4753030240535736,True,0.6543963149204877,0.019120931272890305,1.9889326095581055,0.005112187936902046,3.8560701796086505e-05,0.7025,5.95,0.05017971992492676,0.7125,8.4436654522575e-05,0.11361904576420784,153.42529401539062,True
Robust Residual PPO,1.0,1011,-1.57381272315979,0.12664707005023956,0.26378002762794495,True,0.4383599648028381,0.010282833452489626,1.615994930267334,0.0006601513014174998,8.290880941785872e-06,0.76,4.800000000000001,0.1554323434829712,0.725,0.00014812109193108498,0.10036204677075147,228.8575100536339,True
Robust Residual PPO,1.0,1012,-1.5405192375183105,0.561293363571167,0.2715309262275696,True,0.4421935319277599,0.010909153382681815,1.6664191484451294,0.0007525583496317267,2.0343564756331034e-05,0.74,5.45,0.14765512943267822,0.77,0.00021729497827083607,0.09805662706494331,217.92491521061993,True
Robust Residual PPO,1.0,1013,-0.8082606196403503,-0.8420410752296448,0.401797890663147,True,0.32911676413813634,0.06342362717707829,1.1964707374572754,0.0035532580222934484,0.00010223532444797456,0.6125,8.200000000000001,0.09616208076477051,0.7125,0.00048498453748365864,0.06515545390546322,164.2291590237568,True
Robust Residual PPO,1.0,1014,-1.3467140197753906,0.1714046150445938,0.4693894386291504,True,0.4435155908714134,0.009499760958321968,1.4815518856048584,0.004970214329659939,7.78785215516109e-06,0.7675,4.8500000000000005,0.04913949966430664,0.77,8.763108334139597e-05,0.08710786163806915,227.32784325570185,True
Robust Residual PPO,1.0,1015,-1.4601455926895142,0.21413566172122955,0.39239153265953064,True,0.44977879480144467,0.008410366791544058,1.5594451427459717,0.003264131722971797,9.536459401715547e-06,0.7725,4.75,0.08387124538421631,0.79,0.00010037614054785702,0.09206485912203789,230.41249506437836,True
Robust Residual PPO,1.0,1016,-1.6580126285552979,-0.11461202055215836,0.3060871958732605,True,0.48957035954966904,0.02532987194181089,1.7111930847167969,0.0013619406381621957,2.8180946173961274e-05,0.695,5.5,0.1455371379852295,0.68,0.00023515170649722117,0.10712236676365137,186.22996330844845,True
Robust Residual PPO,1.0,1017,-0.62247234582901,0.6426637768745422,0.4917738139629364,True,0.238400154783144,0.01647281772148639,0.9438154101371765,0.005478104576468468,2.8719035981339402e-05,0.7475,5.5,0.05728960037231445,0.75,0.00027413033434935715,0.05625765830278397,249.94566329681382,True
Robust Residual PPO,1.0,1018,-1.1090368032455444,-0.0900818482041359,0.4614541530609131,True,0.35626129642901816,0.016064165444113227,1.2311429977416992,0.004794213455170393,1.3504974958777893e-05,0.7425,5.15,0.07478415966033936,0.7375,0.0001768044358153956,0.07863709710538387,230.2551590352731,True
Robust Residual PPO,1.0,1019,-1.674609661102295,-0.20800989866256714,0.34006524085998535,True,0.514947936021916,0.03309875725215563,1.7455087900161743,0.002095008734613657,6.0528636822709814e-05,0.665,5.75,0.14019596576690674,0.6675,0.0002928504890213911,0.10975815456360578,165.07786185771414,True
Robust Residual PPO,1.0,1020,-1.1319496631622314,-0.4326494336128235,0.2227078378200531,True,0.3098624719935317,0.025818375492794948,1.2279053926467896,0.0009313311893492937,3.9800968806957826e-05,0.6875,5.65,0.17479181289672852,0.6775,0.00036447843484101373,0.08066716408357025,209.96640079400962,True
Robust Residual PPO,1.0,1021,-1.4384177923202515,-0.8382971882820129,0.49743902683258057,False,0.5791569074716166,0.1590194841318221,1.74289071559906,0.005774937570095062,0.0004832723061554134,0.4875,9.25,0.14638853073120117,0.615,0.0005995432808855795,0.11056928522884846,47.5730393464995,True
Robust Residual PPO,1.0,1022,-1.999210000038147,0.8368335366249084,0.37694433331489563,True,0.6717056712914257,0.02722519258161665,2.217628240585327,0.002921224804595113,5.385993790696375e-05,0.7025,5.95,0.09399867057800293,0.705,0.00029630341188804807,0.11936284340918064,150.37633137400786,True
Robust Residual PPO,1.0,1023,-1.4916963577270508,0.8117974996566772,0.4728805720806122,True,0.5291641908501094,0.022629946961798285,1.7707891464233398,0.005049111321568489,5.191328818909824e-05,0.705,5.9,0.04770970344543457,0.7225,0.0002744539404445991,0.09444028697907925,178.35727734169294,True
Robust Residual PPO,1.0,1024,-1.51630699634552,-0.48329436779022217,0.3110935389995575,True,0.470631698828403,0.058595928861627095,1.6285638809204102,0.0015214189188554883,0.00015444078599102795,0.6,8.0,0.14859259128570557,0.6625,0.00043989685634057696,0.10253508865833283,136.53704974649918,True
Robust Residual PPO,1.0,1025,-0.7683239579200745,0.258014976978302,0.24864348769187927,True,0.1929834912952556,0.006514438135017464,0.8376026153564453,0.0006145192310214043,8.000892194104381e-06,0.8125,3.75,0.1459851861000061,0.76,0.00019902580762343804,0.059563061222434044,290.5480380140517,True
Robust Residual PPO,1.0,1026,-1.7438942193984985,0.19023452699184418,0.2583710551261902,True,0.4954060438304642,0.009697331549253596,1.7890825271606445,0.000622387626208365,8.332213838002644e-06,0.7525,4.95,0.1573195457458496,0.725,0.00013519310667441228,0.10856840133666992,215.5719721604394,True
Robust Residual PPO,1.0,1027,-1.9580382108688354,0.12429128587245941,0.36954861879348755,True,0.6282541962139969,0.015129053229267563,2.0383198261260986,0.0027546456549316645,1.9504323063301854e-05,0.7225,5.65,0.10023462772369385,0.705,0.00010426066138165466,0.11803570255637169,172.96020460677786,True
Robust Residual PPO,1.0,1028,-0.7757433652877808,-0.22796711325645447,0.4025936424732208,True,0.23054505404700926,0.011704725189658234,0.8812740445137024,0.003487643785774708,3.712243824338657e-06,0.775,4.95,0.0796886682510376,0.795,0.00020726861188813766,0.05867310598492623,266.0299922694263,True
Robust Residual PPO,1.0,1029,-0.7448340058326721,0.6458722352981567,0.214758962392807,True,0.23198999536380208,0.025961715716531875,0.9937342405319214,0.001071160426363349,5.561126454267651e-05,0.68,5.9,0.1976136565208435,0.6675,0.00040634037756182316,0.06845382183790207,219.60141306016098,True
Robust Residual PPO,1.0,1030,-1.6447029113769531,-0.9496257901191711,0.4438457489013672,False,0.6343530520003595,0.1696964205656657,1.9596617221832275,0.004504664335399866,0.0006736189243383706,0.4775,9.450000000000001,0.1475849151611328,0.605,0.0006069149682538661,0.11778104215860367,31.222856832395625,True
Robust Residual PPO,1.0,1031,-0.9611496329307556,0.9009804725646973,0.39864641427993774,True,0.34755199622938765,0.03586239371670367,1.349510669708252,0.0033873957581818104,7.984501280589029e-05,0.6575,6.2,0.11255800724029541,0.72,0.00039894783419294034,0.07670073501765728,188.4564253667658,True
Robust Residual PPO,1.0,1032,-0.6833899617195129,-0.5306191444396973,0.49894750118255615,True,0.26754137672682576,0.030267386243984173,0.9319345355033875,0.005635734647512436,8.317665196955204e-05,0.6625,5.95,0.06258833408355713,0.725,0.00035442633175307664,0.059633595943450926,202.14461607863944,True
Robust Residual PPO,1.0,1033,-0.7577928304672241,0.7459949851036072,0.4761985242366791,True,0.2853566439184738,0.019954036302312128,1.1103570461273193,0.005129498429596424,4.3943353375652805e-05,0.715,5.75,0.06255459785461426,0.735,0.00031045392777151806,0.06310782998800278,227.23972819462318,True
Robust Residual PPO,1.0,1034,-0.5296080112457275,-0.6777904629707336,0.22327283024787903,True,0.18945299266707738,0.018005408951391244,0.8656488060951233,0.0009165069204755127,3.2383017241954803e-05,0.72,5.65,0.0776803195476532,0.745,0.00032230997452439364,0.041056330874562265,246.81139409707853,True
Robust Residual PPO,1.0,1035,-1.5201642513275146,-0.23973245918750763,0.436818927526474,True,0.5050434257748677,0.030726722506312112,1.6355990171432495,0.004247007891535759,6.435149407479912e-05,0.6675,5.75,0.09898209571838379,0.67,0.0002805761408465243,0.10206627763807774,165.61292865958418,True
Robust Residual PPO,1.0,1036,-1.558912754058838,0.6018440127372742,0.34900519251823425,True,0.47930993442923736,0.011754564279659074,1.7159719467163086,0.0023063260596245527,2.3035030608298257e-05,0.735,5.45,0.10325682163238525,0.7575,0.00020089294365369648,0.09691345419734716,208.41947922123424,True
Robust Residual PPO,1.0,1037,-1.5164998769760132,-0.3818822205066681,0.38270920515060425,True,0.49067355362814324,0.05004208563965803,1.6274102926254272,0.003069993807002902,0.00014081595872994512,0.6125,7.75,0.15063297748565674,0.66,0.00040186104301833883,0.10619163129478693,140.4368394039904,True
Robust Residual PPO,1.0,1038,-1.5098652839660645,-0.8029577136039734,0.31811848282814026,True,0.5123990960150592,0.11325055455279444,1.7404528856277466,0.0017935229698196054,3.8656395190628245e-05,0.5325,8.8,0.1410149335861206,0.6275,0.0005621747348263627,0.10242569759488106,88.92971151707759,True
Robust Residual PPO,1.0,1039,-0.6960156559944153,-0.0387578122317791,0.3661683201789856,True,0.1884371906381903,0.0035427554055785723,0.7708288431167603,0.0026838264893740416,3.519223582770792e-06,0.865,2.7,0.08293008804321289,0.825,0.0001437353762385909,0.05202055886387825,315.13769597241003,True
Robust Residual PPO,1.0,1040,-0.7547146081924438,0.5635512471199036,0.4134989380836487,True,0.24510656517135998,0.013393316139003818,0.9859970211982727,0.003747260430827737,1.8395485312794335e-05,0.7575,3.95,0.08825170993804932,0.7525,0.0002528618649651947,0.061065335124731064,255.14251658352865,True
Robust Residual PPO,1.0,1041,-0.6478168964385986,-0.19675222039222717,0.46515655517578125,True,0.20622696336335217,0.009486503181644785,0.7794559001922607,0.004877558909356594,4.632151558325859e-06,0.8025,3.35,0.055620431900024414,0.795,0.0001789601494868921,0.052871166467666625,281.92916178184674,True
Robust Residual PPO,1.0,1042,-1.463887333869934,-0.25558269023895264,0.3728010952472687,True,0.455869026796407,0.034073994187983785,1.5531110763549805,0.002816482912749052,6.117115844972432e-05,0.665,5.7,0.13292419910430908,0.6775,0.0003155651272516703,0.09996899634599686,174.66372327321127,True
Robust Residual PPO,1.0,1043,-1.7490100860595703,-0.7958716750144958,0.31946444511413574,True,0.5962282623623659,0.14288062441767008,1.9551254510879517,0.0018511046655476093,0.00023402895021717995,0.5025,9.1,0.1497288942337036,0.585,0.0005966183266123936,0.11634800065308809,55.7622093251101,True
Robust Residual PPO,1.0,1044,-1.981444239616394,0.7169352173805237,0.20961801707744598,True,0.5768381239041289,0.014632946266037849,2.121433973312378,0.001172190299257636,3.000257675012108e-05,0.715,5.7,0.18280762434005737,0.685,0.000275465087278974,0.121183449793607,182.563082735001,True
Robust Residual PPO,1.0,1045,-0.7272861003875732,-0.39523494243621826,0.4158290922641754,True,0.23542983382029245,0.01875092170693114,0.8844690322875977,0.003781822044402361,2.7390156901674345e-05,0.7275,5.45,0.08013761043548584,0.7475,0.00028628123043124835,0.057856234461069106,240.57337236348351,True
Robust Residual PPO,1.0,1046,-1.868130087852478,0.6265861392021179,0.39649125933647156,True,0.6181792776206132,0.01630467150467448,2.033074378967285,0.0033650773111730814,2.3045662601361983e-05,0.7275,5.45,0.0799562931060791,0.7175,0.00019102254144586655,0.1118352684378624,174.76583211617304,True
Robust Residual PPO,1.0,1047,-1.1699552536010742,-0.14992530643939972,0.29876548051834106,True,0.32138833072561723,0.015244069775015938,1.2238425016403198,0.0012189707485958934,3.2674761314410716e-06,0.7475,5.050000000000001,0.13202905654907227,0.72,0.0002182601216759539,0.07966325741261243,240.59573237854687,True
Robust Residual PPO,1.0,1048,-0.9076822996139526,-0.7630760073661804,0.4824531674385071,True,0.37568640934931613,0.08119628829815581,1.2415555715560913,0.005391554906964302,0.00010425294749438763,0.5775,8.450000000000001,0.07100164890289307,0.6825,0.0004969612349788917,0.07255770720541477,136.53214992024496,True
Robust Residual PPO,1.0,1049,-1.6127384901046753,0.09402617067098618,0.43331217765808105,True,0.5276901491359984,0.012570253449348527,1.7225098609924316,0.004172907210886478,1.39443545776885e-05,0.7325,5.3500000000000005,0.07069134712219238,0.745,9.999009937035894e-05,0.10105474412441254,195.73113082532254,True
Robust Residual PPO,1.0,1050,-1.2507070302963257,-0.40418457984924316,0.49881017208099365,True,0.44908490979676563,0.04558403172299958,1.4209438562393188,0.00564328208565712,0.0001339727605227381,0.625,7.7,0.1123661994934082,0.66,0.00038217290180292613,0.09493553251028061,151.67789652151876,True
Robust Residual PPO,1.0,1051,-0.8433747291564941,-0.6024307608604431,0.2584548592567444,True,0.254651731738375,0.022143560168231383,1.051550030708313,0.0006203619996085763,4.444862133823335e-05,0.71,5.800000000000001,0.14897626638412476,0.7275,0.00036749542748856724,0.06420287974178791,228.77919357668975,True
Robust Residual PPO,1.0,1052,-1.577463150024414,-0.03658809885382652,0.32490968704223633,True,0.465596465176267,0.018484305233925868,1.6354551315307617,0.0017658047145232558,1.126525330619188e-05,0.735,5.300000000000001,0.13110017776489258,0.695,0.00018491941283117934,0.10143061328679323,209.33012686332827,True
Robust Residual PPO,1.0,1053,-0.7320424914360046,-0.38764455914497375,0.44851720333099365,True,0.24605477638665185,0.02026079768616841,0.8968477249145508,0.004506948869675398,3.0247523682191968e-05,0.725,5.5,0.07324564456939697,0.7375,0.00028694143035249857,0.05932741396129131,236.93178968568813,True
Robust Residual PPO,1.0,1054,-1.9604523181915283,0.6108824014663696,0.3443475067615509,True,0.6245709678709331,0.013793369754062503,2.1009585857391357,0.0022059574257582426,1.9500876078382134e-05,0.73,5.4,0.10680639743804932,0.7275,0.0001893494295442704,0.11662571050226689,177.39364408147122,True
Robust Residual PPO,1.0,1055,-0.8035520911216736,-0.8197364807128906,0.37500709295272827,True,0.31586406782527043,0.05583044404730986,1.1733254194259644,0.002940819365903735,0.00010638023377396166,0.625,6.5,0.10643303394317627,0.7175,0.00047560716015998756,0.06445717267692089,173.49617765480298,True
Robust Residual PPO,1.0,1056,-0.6173267960548401,-0.7547652125358582,0.33817118406295776,True,0.24288821080466758,0.030286509240102438,0.9910121560096741,0.0020766649395227432,7.085882680257782e-05,0.665,6.1000000000000005,0.10467255115509033,0.7425,0.00040409705517516757,0.05244651224464178,209.81262528546264,True
Robust Residual PPO,1.0,1057,-1.4013786315917969,-0.020997419953346252,0.2980625629425049,True,0.3934199246490968,0.01400992560228705,1.4497015476226807,0.001206747954711318,1.729091763991164e-06,0.7525,4.95,0.13794982433319092,0.7175,0.00017913419961662633,0.09172299135476351,231.90195780220478,True
Robust Residual PPO,1.0,1058,-1.9344123601913452,-0.6835842132568359,0.34246277809143066,False,0.6637585379575383,0.15060916707978897,2.0957717895507812,0.0023880379740148783,0.00022834188712295145,0.495,9.1,0.1860257387161255,0.57,0.0006021823418461038,0.13130404595285655,39.71175686495987,True
Robust Residual PPO,1.0,1059,-1.3239208459854126,-0.34795770049095154,0.3298633396625519,True,0.39708207828125974,0.033505861533371296,1.4143712520599365,0.001872137188911438,6.515112181659788e-05,0.6625,5.800000000000001,0.13280320167541504,0.685,0.0003446009835989033,0.09070549614727497,183.43058924256064,True
Robust Residual PPO,1.0,1060,-0.5232435464859009,-0.8263487219810486,0.4775193929672241,True,0.27369409284931906,0.05190860900138732,1.0047281980514526,0.005212769377976656,0.00010752063826657832,0.6275,6.45,0.06208932399749756,0.735,0.0004543229450042304,0.05214922830462456,182.19141967946481,True
Robust Residual PPO,1.0,1061,-1.0766786336898804,0.09924349933862686,0.28927016258239746,True,0.28447727529962863,0.0050784155139022924,1.1265722513198853,0.001044212025590241,9.312339898315258e-06,0.7925,4.15,0.13679194450378418,0.7675,0.00015528611986294892,0.07419330313801765,269.83303656822443,True
Robust Residual PPO,1.0,1062,-1.020176649093628,-0.6513675451278687,0.4292861223220825,True,0.37052024115074433,0.060140212663327364,1.2636038064956665,0.004157154355198145,0.00013408681843429804,0.6,8.1,0.0898202657699585,0.6875,0.00045346614886736535,0.07656561687588692,151.48272948092733,True
Robust Residual PPO,1.0,1063,-0.5567145943641663,0.6067063212394714,0.2895512878894806,True,0.1958985691489216,0.02167430573481175,0.8364167213439941,0.0010540953371673822,4.3419862777227536e-05,0.7125,5.75,0.15565407276153564,0.715,0.00036095684878207496,0.055823907293379306,240.18781863247034,True
Robust Residual PPO,1.0,1064,-1.6129041910171509,-0.13716638088226318,0.24278511106967926,True,0.4501868963206919,0.02537435592460328,1.6478791236877441,0.0006556996377184987,2.0128036339883693e-05,0.6975,5.45,0.17007368803024292,0.6825,0.0002566309787431683,0.105108643155545,195.49111657627358,True
Robust Residual PPO,1.0,1065,-0.5033138990402222,-0.5932050347328186,0.453745573759079,True,0.21084287648757527,0.02235053537922955,0.8133116960525513,0.004632777534425259,5.172750024939887e-05,0.71,5.800000000000001,0.05859839916229248,0.76,0.0003378766318371727,0.04680088110268116,234.38800739011543,True
Robust Residual PPO,1.0,1066,-1.3762075901031494,0.32575497031211853,0.20805609226226807,True,0.36085271683864806,0.007927699320845848,1.4333772659301758,0.0012019744608551264,1.4130701856629457e-05,0.7825,4.3500000000000005,0.1876382827758789,0.71,0.00019334291016451032,0.09248695576563477,250.62185523695717,True
Robust Residual PPO,1.0,1067,-0.6176835894584656,0.9055254459381104,0.20151829719543457,True,0.29079604584949753,0.08230810880126649,1.0992552042007446,0.0014335261657834053,8.260595495812595e-05,0.5775,8.450000000000001,0.2250688374042511,0.6025,0.000554588083588272,0.06670545637607575,155.08858947456847,True
Robust Residual PPO,1.0,1068,-0.7787961959838867,0.5352519750595093,0.25048118829727173,True,0.22155311507399691,0.015723131003522874,0.9595902562141418,0.0006100866012275219,2.6641777367331088e-05,0.7275,5.550000000000001,0.16956335306167603,0.71,0.00031477863380585447,0.06573567666113377,245.38639258287301,True
Robust Residual PPO,1.0,1069,-0.5076419115066528,0.8446078896522522,0.24751581251621246,True,0.2582701044877526,0.06311230624284667,0.9901279211044312,0.0006432866211980581,0.00010751221270766109,0.615,8.15,0.19474393129348755,0.655,0.0004994810344672968,0.05857934229075909,179.5667006145611,True
Robust Residual PPO,1.0,1070,-1.6644020080566406,0.9533751606941223,0.22921264171600342,True,0.5063666943959814,0.03741855574927985,1.9316902160644531,0.0008355195168405771,7.0541886088904e-05,0.66,6.300000000000001,0.1846306324005127,0.6475,0.00041597595841693296,0.11110354058444499,163.431615145826,True
Robust Residual PPO,1.0,1071,-1.6379417181015015,0.7469041347503662,0.26974478363990784,True,0.48647284891998654,0.016363536635021374,1.823076605796814,0.0007268810295499861,3.4763266739901155e-05,0.7125,5.75,0.14852023124694824,0.76,0.0002952195058519639,0.10344702258706093,196.15149565383257,True
Robust Residual PPO,1.0,1072,-1.22187077999115,0.3675197660923004,0.4661308228969574,True,0.39958375141054936,0.009005462192048678,1.3805832862854004,0.0049034529365599155,1.9831410099868663e-05,0.8025,3.95,0.0455247163772583,0.81,0.00011421775747620945,0.080184246301651,250.0368322642909,True
Robust Residual PPO,1.0,1073,-1.5133368968963623,0.8512749075889587,0.3800120949745178,True,0.49784193107822533,0.023805645137122185,1.7799524068832397,0.0029869612772017717,5.180871448828839e-05,0.7,6.0,0.08844220638275146,0.7475,0.000310388574628152,0.09621828861534595,184.81905084462522,True
Robust Residual PPO,1.0,1074,-0.5001789927482605,-0.2884053587913513,0.4962819218635559,True,0.1771816474382862,0.011166045490432642,0.6660940647125244,0.005566197447478771,1.674129453022033e-05,0.785,3.5,0.046070218086242676,0.8025,0.00020856109190029666,0.04660630904138088,277.3117229101809,True
Robust Residual PPO,1.0,1075,-0.8189709782600403,0.9466501474380493,0.23914383351802826,True,0.32308369715510193,0.07903604125326649,1.2590471506118774,0.0007416000007651746,8.80397783475928e-05,0.58,8.4,0.2362866997718811,0.64,0.0005540992742560366,0.08022117180749774,151.49952285490463,True
Robust Residual PPO,1.0,1076,-1.445397138595581,-0.562984049320221,0.45283621549606323,True,0.5199156844310948,0.09209142241564358,1.6302250623703003,0.004761791788041592,0.00015358420205302536,0.5525,8.450000000000001,0.1488327980041504,0.64,0.0004897950094519888,0.10733585149049758,99.69814325938628,True
Robust Residual PPO,1.0,1077,-0.6151338219642639,-0.8893533945083618,0.2694230377674103,True,0.2604539653093796,0.040038038064831576,1.088533878326416,0.00073432014323771,8.395189797738567e-05,0.645,6.300000000000001,0.11735159158706665,0.74,0.0004443470344857869,0.052675186283886434,197.51453524295485,True
Robust Residual PPO,1.0,1078,-0.6580581068992615,-0.6858707666397095,0.23459486663341522,True,0.21760022796962697,0.020021564944877165,0.9584092497825623,0.0007386452052742243,4.022065331810154e-05,0.7125,5.75,0.1274091601371765,0.7425,0.0003618120377945989,0.05204015851020813,237.82261838327025,True
Robust Residual PPO,1.0,1079,-0.5874135494232178,0.8651593327522278,0.4896434247493744,True,0.27430195442852384,0.035440543248490775,1.076871633529663,0.005405460949987173,8.413405157625675e-05,0.6575,6.2,0.09378933906555176,0.725,0.00039755960684170565,0.06160022549331188,199.8186003801381,True
Robust Residual PPO,1.0,1080,-0.6397119164466858,0.7102972865104675,0.367546945810318,True,0.2366848895493574,0.025104206606789293,0.9782975912094116,0.002716924762353301,5.577236879616976e-05,0.6925,5.9,0.14077627658843994,0.7375,0.00037467552317827293,0.06207305911928415,224.02503624367887,True
Robust Residual PPO,1.0,1081,-1.3320256471633911,0.8601993322372437,0.3006768822669983,True,0.41548080857453307,0.026777722388585112,1.6089626550674438,0.0012629604898393154,5.640004019369371e-05,0.6975,6.050000000000001,0.14639174938201904,0.6975,0.0003710388437910135,0.09239096406847239,196.93771243936354,True
Robust Residual PPO,1.0,1082,-0.9581221342086792,-0.30673766136169434,0.3117980659008026,True,0.26854689822742306,0.018298788451229772,1.043946623802185,0.0014873939799144864,1.2699104445346165e-05,0.735,5.300000000000001,0.1256759762763977,0.7225,0.00027804615515246927,0.06922250013798475,240.58636910314877,True
Robust Residual PPO,1.0,1083,-1.3940625190734863,0.6289385557174683,0.21643398702144623,True,0.38449090830942767,0.012908384171976109,1.543211579322815,0.0010354872792959213,2.350544855289627e-05,0.7375,5.550000000000001,0.18589049577713013,0.69,0.0002920108251008543,0.09442919360473752,224.80922426973797,True
Robust Residual PPO,1.0,1084,-0.7371216416358948,-0.8951173424720764,0.4071005880832672,True,0.3192489333947647,0.0627625921470819,1.1846938133239746,0.003670400008559227,9.779768879525363e-05,0.6125,8.200000000000001,0.09293735027313232,0.72,0.0004828471719692572,0.061914718076586724,166.71180105353528,True
Robust Residual PPO,1.0,1085,-0.7224554419517517,-0.08529454469680786,0.4138740301132202,True,0.20953530494576453,0.005745027125698196,0.8201441168785095,0.003744822693988681,2.781096100079594e-06,0.85,3.0,0.06798255443572998,0.805,0.00014711560347777265,0.05449653185904026,303.9875051442917,True
Robust Residual PPO,1.0,1086,-0.7490203976631165,-0.7008727788925171,0.4387705326080322,True,0.2969298607103822,0.044557842116760706,1.066512942314148,0.004338438622653484,0.00010730516078183427,0.635,6.300000000000001,0.07671689987182617,0.7175,0.0004278316206780468,0.061295740976929664,182.28844139525387,True
Robust Residual PPO,1.0,1087,-1.2718281745910645,-0.8616007566452026,0.3274095356464386,True,0.44321404545990745,0.09020324315094999,1.5632307529449463,0.0019539152272045612,5.599661380983889e-05,0.57,8.6,0.1342618465423584,0.68,0.0005305152460679827,0.08930771637707949,121.41929178265184,True
Robust Residual PPO,1.0,1088,-1.148199200630188,-0.9221230149269104,0.4605681300163269,True,0.46347883970566955,0.11335632362938917,1.5241628885269165,0.004952984396368265,0.0001008657636702992,0.535,8.9,0.08385014533996582,0.6625,0.000539202339557408,0.0854320453852415,97.44151224339687,True
Robust Residual PPO,1.0,1089,-1.8535881042480469,0.5890284776687622,0.37915652990341187,True,0.6011975497037236,0.012935009490730605,2.0040268898010254,0.002977311611175537,1.8930648366222158e-05,0.735,5.3500000000000005,0.08821403980255127,0.7325,0.00017264872452723727,0.11095668509602546,183.1848355974471,True
Robust Residual PPO,1.0,1090,-0.9845758080482483,-0.6573527455329895,0.30003631114959717,True,0.31546973598215877,0.03686872271982388,1.2066437005996704,0.0012687868438661098,8.681170584168285e-05,0.65,6.15,0.13926047086715698,0.7125,0.0004237447969135374,0.07266988199204207,188.44629492399054,True
Robust Residual PPO,1.0,1091,-1.8845704793930054,-0.6914018392562866,0.36124923825263977,False,0.6560869576828521,0.15167051038531731,2.0561883449554443,0.002803881885483861,0.0002493338834028691,0.4975,9.1,0.1826099157333374,0.575,0.0006007988904267352,0.12931433163583278,41.594721434252435,True
Robust Residual PPO,1.0,1092,-1.9696727991104126,-0.2278679758310318,0.31251582503318787,True,0.6128862330872494,0.03809524693891501,2.0313773155212402,0.0015063933096826077,8.555292879464105e-05,0.65,7.45,0.15454638004302979,0.655,0.0003160164649045316,0.12536189403384923,139.029337712594,True
Robust Residual PPO,1.0,1093,-0.8791002631187439,0.07968070358037949,0.43002596497535706,True,0.2622027690559506,0.0060565943203753645,0.9880927801132202,0.004105687141418457,9.755712198966648e-06,0.8125,4.05,0.06942832469940186,0.8075,0.0001272371468412276,0.0636194484680891,280.5979050233498,True
Robust Residual PPO,1.0,1094,-0.9031349420547485,-0.5643354058265686,0.2514164447784424,True,0.2644064247098817,0.02245818682374219,1.080662727355957,0.0006070344243198633,4.3091902625747025e-05,0.7125,5.75,0.15534085035324097,0.725,0.0003671088557490539,0.06767422333359718,227.99723140620665,True
Robust Residual PPO,1.0,1095,-1.3096781969070435,-0.4019305408000946,0.2943161725997925,True,0.3851606183182322,0.03537437156479676,1.4034377336502075,0.0011345563689246774,7.716421532677487e-05,0.6575,5.8500000000000005,0.1457759141921997,0.6875,0.00037842087462099566,0.08995948623865843,181.88565430002603,True
Robust Residual PPO,1.0,1096,-0.5565752387046814,0.7886120080947876,0.27283963561058044,True,0.24527739728063977,0.04745902706290055,0.972832441329956,0.0007536131888628006,0.0001003193247015588,0.635,6.3500000000000005,0.19302326440811157,0.67,0.00046410769863825516,0.061390073858201506,193.01891575136474,True
Robust Residual PPO,1.0,1097,-1.3080552816390991,0.037033263593912125,0.27344202995300293,True,0.35333860373541964,0.009374585993343603,1.348872423171997,0.0007755503174848855,7.617239589308156e-06,0.77,4.6000000000000005,0.14752012491226196,0.73,0.0001650405846752566,0.086617094501853,248.0419924696459,True
Robust Residual PPO,1.0,1098,-1.2224541902542114,-0.25077617168426514,0.4742331802845001,True,0.4124947948824956,0.02918449915757203,1.3589062690734863,0.005072273313999176,5.421604510047473e-05,0.675,5.65,0.09539544582366943,0.6875,0.00028353218131086316,0.08879512809216976,185.9606314354208,True
Robust Residual PPO,1.0,1099,-1.9130916595458984,0.09447009861469269,0.36984628438949585,True,0.6109011581379421,0.015315603721411731,1.9921846389770508,0.0027605006471276283,2.072325696644839e-05,0.72,5.6000000000000005,0.10217034816741943,0.7025,0.00011342238789705656,0.11621332254260779,175.10538663060683,True
