method,scenario,seed,success,reacquired,rmse,pre_maneuver_rmse,post_maneuver_rmse,post_p95_error,post_max_error,post_lateral_rmse,overall_stable_ratio,post_stable_ratio,reacquisition_time,forward_overshoot,command_smoothness,max_command_change,final_error,final_relative_speed,base_ugv_speed,max_ugv_speed
PD+FF,nominal,1000,True,True,0.39136920259042873,0.15353739359609433,0.0332358555492147,0.08566854894161224,0.11837166547775269,0.004141056155755449,0.7275,1.0,0.0,0.0,9.253983989765402e-06,0.011309412308037281,0.00018216944590676576,8.522508869646117e-05,0.34128254652023315,0.34128254652023315
PD+FF,nominal,1001,True,True,0.41132993506816545,0.15442899321395778,0.03342904672297442,0.08616731315851212,0.11905952543020248,0.01986711718881094,0.7275,1.0,0.0,0.0,1.2107148904760834e-05,0.012563809752464294,0.0001892554573714733,8.807434642221779e-05,0.25630688667297363,0.25630688667297363
PD+FF,nominal,1002,True,True,0.48672124605415235,0.1977184487324279,0.04280097019518038,0.11032308638095856,0.15243488550186157,0.005695077106362533,0.7,0.99644128113879,0.0,0.0,9.875688192551024e-06,0.012706439010798931,0.0002367127890465781,0.00010997827484970912,0.4242836833000183,0.4242836833000183
PD+FF,nominal,1003,True,True,0.5702424958963775,0.2290752899498385,0.04958978239410464,0.12781961262226105,0.1766098141670227,0.009702214579930216,0.6825,0.9715302491103203,0.35000000000000053,0.0,1.3503862646757625e-05,0.01448912639170885,0.00027939255232922733,0.0001302628224948421,0.34840381145477295,0.34840381145477295
PD+FF,nominal,1004,True,True,0.6472413327880703,0.2548323806713391,0.05516426389595492,0.14219063520431519,0.1964675486087799,0.01489831619976646,0.6725,0.9572953736654805,0.5500000000000007,0.0,1.9440163669059984e-05,0.017156504094600677,0.0003115232684649527,0.0001450748968636617,0.24154320359230042,0.24154320359230042
PD+FF,nominal,1005,True,True,0.6315238411553381,0.24932539804254653,0.05397122493615941,0.13911710679531097,0.19222161173820496,0.017504388114018225,0.675,0.9608540925266904,0.5,0.0,1.8657719920156524e-05,0.016464684158563614,0.0003047782520297915,0.00014202846796251833,0.28618520498275757,0.28618520498275757
PD+FF,nominal,1006,True,True,0.4673650982127279,0.1830673901385804,0.03962889044986619,0.1021466925740242,0.14113874733448029,0.004022025286407111,0.7075,1.0,0.0,0.0,1.291574244532967e-05,0.013271658681333065,0.0002086157473968342,9.824447624851018e-05,0.28934937715530396,0.28934937715530396
PD+FF,nominal,1007,True,True,0.6590248995585948,0.27627537504334304,0.05980674269219397,0.15415585041046143,0.21300008893013,0.01264677208781532,0.6625,0.9430604982206405,0.75,0.0,1.2814587535103783e-05,0.013735984452068806,0.00032426786492578685,0.00015194929437711835,0.39287856221199036,0.39287856221199036
PD+FF,nominal,1008,True,True,0.5649934098469755,0.2212919575023435,0.04790321814188437,0.12347374111413956,0.17060790956020355,0.0125272189647439,0.6875,0.9786476868327402,0.25,0.0,1.7375461538904347e-05,0.015731336548924446,0.00025792987435124815,0.00012115007848478854,0.26522985100746155,0.26522985100746155
PD+FF,nominal,1009,True,True,0.5897301692318037,0.23089114611115757,0.04998121724133632,0.12883113324642181,0.17800934612751007,0.0069023447963587805,0.6825,0.9715302491103203,0.35000000000000053,0.0,1.7958480384550057e-05,0.016424525529146194,0.0002777756890282035,0.00012928456999361515,0.2149554342031479,0.2149554342031479
PD+FF,nominal,1010,True,True,0.669784710034737,0.30580669317010367,0.06619731171151079,0.1706300973892212,0.2357657104730606,0.0014278798138977129,0.6525,0.9288256227758007,0.9500000000000002,0.0,7.943538548715878e-06,0.011787151917815208,0.0003825050953309983,0.00017739208124112338,0.4753030240535736,0.4753030240535736
PD+FF,nominal,1011,True,True,0.4848319950331099,0.189430839647148,0.041006268736179435,0.10569606721401215,0.14604416489601135,0.0025252481384474236,0.705,1.0,0.0,0.0,1.3891313756175805e-05,0.013753852806985378,0.00022026598162483424,0.00010332273814128712,0.26378002762794495,0.26378002762794495
PD+FF,nominal,1012,True,True,0.49596547974684563,0.1927766074838296,0.041730074280190835,0.10756304860115051,0.14862363040447235,0.011204793575122276,0.7025,1.0,0.0,0.0,1.5104847989277914e-05,0.014041231945157051,0.00022886469378136098,0.00010705483873607591,0.2715309262275696,0.2715309262275696
PD+FF,nominal,1013,True,True,0.34751963169154154,0.13281550650784205,0.02875056956414066,0.07410641014575958,0.10239572823047638,0.017087066980060496,0.7425,1.0,0.0,0.0,8.645255547889974e-06,0.010300816036760807,0.0001675401726970449,7.779265433782712e-05,0.401797890663147,0.401797890663147
PD+FF,nominal,1014,True,True,0.47035271408178286,0.19412024349308904,0.042020932175821854,0.10831333696842194,0.14965976774692535,0.0034176808538458154,0.7025,1.0,0.0,0.0,8.174680260708556e-06,0.011730053462088108,0.0002477251982782036,0.00011487104347907007,0.4693894386291504,0.4693894386291504
PD+FF,nominal,1015,True,True,0.4849007343402186,0.1952586046898102,0.04226597284120615,0.10894667357206345,0.15053623914718628,0.004269709174550424,0.7,0.99644128113879,0.0,0.0,1.0737347110989504e-05,0.01325275469571352,0.0002286761737195775,0.00010717355326050892,0.39239153265953064,0.39239153265953064
PD+FF,nominal,1016,True,True,0.523944202773205,0.20787465368401306,0.04499843568411455,0.11598784476518631,0.16026388108730316,0.0022852793289569037,0.695,0.9893238434163701,0.10000000000000053,0.0,1.3606318134407047e-05,0.014452640898525715,0.0002592314558569342,0.0001204273576149717,0.3060871958732605,0.3060871958732605
PD+FF,nominal,1017,True,True,0.28519752841121065,0.11144746369554047,0.02412336655019235,0.062182240188121796,0.08592107146978378,0.012869721601908466,0.7625,1.0,0.0,0.0,5.959328973403899e-06,0.008361628279089928,0.0001299832365475595,6.0997186665190384e-05,0.4917738139629364,0.4917738139629364
PD+FF,nominal,1018,True,True,0.3848990472020418,0.1561373635144341,0.033799157834406394,0.08712061494588852,0.12037621438503265,0.0017961645091771727,0.725,1.0,0.0,0.0,8.032200639718212e-06,0.010755002498626709,0.0001719491119729355,8.170118235284463e-05,0.4614541530609131,0.4614541530609131
PD+FF,nominal,1019,True,True,0.5413253223837368,0.21695471693353172,0.04696483650207574,0.12105532735586166,0.16726496815681458,0.004147561159745526,0.69,0.9822064056939501,0.20000000000000018,0.0,1.2651531505980529e-05,0.014506306499242783,0.0002499657275620848,0.0001174947974504903,0.34006524085998535,0.34006524085998535
PD+FF,nominal,1020,True,True,0.3516785214818252,0.13299832181040847,0.028789485238118143,0.07420852780342102,0.102536641061306,0.00862670662670558,0.7425,1.0,0.0,0.0,8.466949111607391e-06,0.010744811035692692,0.00016398723528254777,7.610748434672132e-05,0.2227078378200531,0.2227078378200531
PD+FF,nominal,1021,True,True,0.5578307176501182,0.23306098995572735,0.05045156669943337,0.13004371523857117,0.17968328297138214,0.017005369462996526,0.6825,0.9715302491103203,0.35000000000000053,0.0,1.1136644388898276e-05,0.011856011115014553,0.00027326575946062803,0.0001280457800021395,0.49743902683258057,0.49743902683258057
PD+FF,nominal,1022,True,True,0.7060252962422066,0.2959975098516795,0.06407491982382706,0.1651589423418045,0.22820430994033813,0.01697409981774666,0.655,0.9323843416370107,0.9000000000000004,0.0,1.4988871043897234e-05,0.014383488334715366,0.0003435486287344247,0.00016127314302138984,0.37694433331489563,0.37694433331489563
PD+FF,nominal,1023,True,True,0.5634070232477367,0.23340396434902067,0.05052429921336598,0.13023152947425842,0.1799456924200058,0.01643907255941229,0.6825,0.9715302491103203,0.35000000000000053,0.0,1.1616323718044441e-05,0.0124141164124012,0.000292059441562742,0.00013524768291972578,0.4728805720806122,0.4728805720806122
PD+FF,nominal,1024,True,True,0.49306007007397995,0.1936672536598666,0.0419233017490527,0.10806053131818771,0.14931057393550873,0.009636529743647438,0.7025,1.0,0.0,0.0,1.4109899893810507e-05,0.013781343586742878,0.00024198778555728495,0.00011246983922319487,0.3110935389995575,0.3110935389995575
PD+FF,nominal,1025,True,True,0.23797246387193213,0.08960080484566361,0.019395993273009605,0.04999546706676483,0.06907948106527328,0.005144626539436252,0.785,1.0,0.0,0.0,4.064035238116048e-06,0.007569118402898312,0.00010410708637209609,4.877444007433951e-05,0.24864348769187927,0.24864348769187927
PD+FF,nominal,1026,True,True,0.5404785615829938,0.21247956141123794,0.04599573062797813,0.11855895072221756,0.16381511092185974,0.0037931342744339912,0.6925,0.9857651245551602,0.15000000000000036,0.0,1.5523391994065605e-05,0.015091853216290474,0.0002507434692233801,0.00011735523003153503,0.2583710551261902,0.2583710551261902
PD+FF,nominal,1027,True,True,0.6535987210320188,0.274130548840668,0.05934148221565176,0.15295737981796265,0.21134528517723083,0.0024782761691327124,0.665,0.9466192170818505,0.7000000000000002,0.0,1.1462567272246815e-05,0.013933063484728336,0.0003293035551905632,0.00015373490168713033,0.36954861879348755,0.36954861879348755
PD+FF,nominal,1028,True,True,0.26742359154788914,0.10489656837883152,0.02270694646986068,0.05852912366390228,0.08087150752544403,0.00454549434340901,0.7675,1.0,0.0,0.0,4.667063876695465e-06,0.00797688215970993,0.00012557105219457299,5.8620447816792876e-05,0.4025936424732208,0.4025936424732208
PD+FF,nominal,1029,True,True,0.2721712676243171,0.10074309390260205,0.02180723223000653,0.05621076002717018,0.0776689425110817,0.012936721550199447,0.7725,1.0,0.0,0.0,5.7732477216632105e-06,0.00884232483804226,0.00011888256267411634,5.567484186030924e-05,0.214758962392807,0.214758962392807
PD+FF,nominal,1030,True,True,0.6191851169446929,0.2562014241913766,0.055460137678568666,0.1429523229598999,0.19752183556556702,0.019442486027956455,0.6725,0.9572953736654805,0.5500000000000007,0.0,1.3882283383281901e-05,0.013323070481419563,0.00030121952295303345,0.00014150234346743673,0.4438457489013672,0.4438457489013672
PD+FF,nominal,1031,True,True,0.3954124093163905,0.15208900585286622,0.032922329427205826,0.08486074954271317,0.11725538223981857,0.01837601432806674,0.7275,1.0,0.0,0.0,1.0768076208478305e-05,0.011537126265466213,0.0001802272308850661,8.437269571004435e-05,0.39864641427993774,0.39864641427993774
PD+FF,nominal,1032,True,True,0.28817547323558085,0.11423837134590296,0.024728566461595457,0.06374204158782959,0.08807412534952164,0.010580155913411497,0.76,1.0,0.0,0.0,5.8058112699654885e-06,0.008362779393792152,0.0001285581529373303,6.0355283494573087e-05,0.49894750118255615,0.49894750118255615
PD+FF,nominal,1033,True,True,0.33336796669060864,0.13006359946180177,0.028154701279677615,0.07257154583930969,0.10027409344911575,0.015032894836553597,0.745,1.0,0.0,0.0,7.841154001653194e-06,0.00961918756365776,0.0001713000820018351,7.865240331739187e-05,0.4761985242366791,0.4761985242366791
PD+FF,nominal,1034,True,True,0.233052768793083,0.08566904224422606,0.018544618584026652,0.047800321131944656,0.06604762375354767,0.013603242534357575,0.79,1.0,0.0,0.0,4.443073976290179e-06,0.007794696372002363,0.00010485007805982605,4.883089422946796e-05,0.22327283024787903,0.22327283024787903
PD+FF,nominal,1035,True,True,0.522029832838565,0.21543888112938797,0.04663772907516402,0.12021073698997498,0.16609694063663483,0.004780088246964664,0.69,0.9822064056939501,0.20000000000000018,0.0,9.358631359646097e-06,0.012494298629462719,0.00026359205367043614,0.0001227246248163283,0.436818927526474,0.436818927526474
PD+FF,nominal,1036,True,True,0.5252459813660698,0.20838340225769628,0.045110033131338545,0.11627335101366043,0.16065651178359985,0.012032239856785849,0.695,0.9893238434163701,0.10000000000000053,0.0,1.4114476471149828e-05,0.01447001937776804,0.00025260401889681816,0.00011793676094384864,0.34900519251823425,0.34900519251823425
PD+FF,nominal,1037,True,True,0.5074259929647925,0.20383220966411197,0.044124019533968474,0.11373299360275269,0.1571475863456726,0.007614453744428968,0.695,0.9893238434163701,0.10000000000000053,0.0,1.1634341717581265e-05,0.013623314909636974,0.00024446434690617025,0.00011430310405557975,0.38270920515060425,0.38270920515060425
PD+FF,nominal,1038,True,True,0.5201565030695375,0.20309900181281093,0.04396465484695626,0.11332378536462784,0.15658284723758698,0.016250180617840247,0.6975,0.9928825622775801,0.05000000000000071,0.0,1.6223546481342055e-05,0.0144917918369174,0.00024105171905830503,0.00011273635027464479,0.31811848282814026,0.31811848282814026
PD+FF,nominal,1039,True,True,0.2286804916212986,0.08887733804274532,0.019239542629168924,0.049591030925512314,0.06852124631404877,0.0007728019098476939,0.785,1.0,0.0,0.0,3.4817796858988004e-06,0.006991086062043905,0.00011737993190763518,5.412814425653778e-05,0.3661683201789856,0.3661683201789856
PD+FF,nominal,1040,True,True,0.29430136815607477,0.11396347661170395,0.024670285936089182,0.06358825415372849,0.08786170929670334,0.011250866364466514,0.76,1.0,0.0,0.0,6.050549018254969e-06,0.008748949505388737,0.0001421621855115518,6.683987157884985e-05,0.4134989380836487,0.4134989380836487
PD+FF,nominal,1041,True,True,0.2401630307198978,0.09581952915543057,0.02074058878728131,0.05346265435218811,0.07387270033359528,0.003923094935464402,0.7775,1.0,0.0,0.0,3.854061560559785e-06,0.007169817108660936,0.00012586548109538853,5.8172099670628086e-05,0.46515655517578125,0.46515655517578125
PD+FF,nominal,1042,True,True,0.4817689746075415,0.19279656401073128,0.041734695207160624,0.10757479816675186,0.1486392617225647,0.005096130872331552,0.7025,1.0,0.0,0.0,1.1459576853667386e-05,0.013338420540094376,0.00023061392130330205,0.00010768110951175913,0.3728010952472687,0.3728010952472687
PD+FF,nominal,1043,True,True,0.5941879942691555,0.23527865219970556,0.05093190457274421,0.1312796175479889,0.1813916563987732,0.016098748048078662,0.68,0.9679715302491103,0.40000000000000036,0.0,1.6782942111603916e-05,0.015799790620803833,0.00027608638629317284,0.00012926045747008175,0.31946444511413574,0.31946444511413574
PD+FF,nominal,1044,True,True,0.6310648636748264,0.24638803290552214,0.05333551946633954,0.1374770998954773,0.18995636701583862,0.01442065704348286,0.675,0.9608540925266904,0.5,0.0,2.0554389266180806e-05,0.017258545383810997,0.0002942763385362923,0.00013759471767116338,0.20961801707744598,0.20961801707744598
PD+FF,nominal,1045,True,True,0.2683267128464415,0.10474398002055478,0.022675215646535577,0.05844571813941002,0.08075477927923203,0.007880692080310328,0.7675,1.0,0.0,0.0,4.897060989605961e-06,0.007996262982487679,0.000123366029583849,5.847505235578865e-05,0.4158290922641754,0.4158290922641754
PD+FF,nominal,1046,True,True,0.6510306012780208,0.2725881875386806,0.05900661842176289,0.15209539234638214,0.21015554666519165,0.012537120255056045,0.665,0.9466192170818505,0.7000000000000002,0.0,1.268201413040515e-05,0.013842117041349411,0.0003236715856473893,0.00015148089732974768,0.39649125933647156,0.39649125933647156
PD+FF,nominal,1047,True,True,0.36413203434462094,0.14101023487341233,0.030525222039478737,0.07867882400751114,0.10871361196041107,0.0029894004048323405,0.735,1.0,0.0,0.0,8.29235250421334e-06,0.010809860192239285,0.00017340652993880212,8.07183314464055e-05,0.29876548051834106,0.29876548051834106
PD+FF,nominal,1048,True,True,0.3781713977154175,0.14920223663538656,0.032298804105508915,0.08325184136629105,0.1150302141904831,0.01539791609387291,0.73,1.0,0.0,0.0,9.578472599969245e-06,0.010756651870906353,0.00016570357547607273,7.830094546079636e-05,0.4824531674385071,0.4824531674385071
PD+FF,nominal,1049,True,True,0.5516440731617415,0.23015702982735364,0.04982183497728567,0.12842069566249847,0.17744258046150208,0.0018748128105952877,0.6825,0.9715302491103203,0.35000000000000053,0.0,9.226735528500285e-06,0.012505079619586468,0.0002739012415986508,0.00012818216055165976,0.43331217765808105,0.43331217765808105
PD+FF,nominal,1050,True,True,0.4567083709151338,0.1887511595100716,0.04085900531781148,0.10531805455684662,0.14552105963230133,0.008059146286517356,0.705,1.0,0.0,0.0,8.130743481160607e-06,0.011183705180883408,0.00022570573491975665,0.00010558211943134665,0.49881017208099365,0.49881017208099365
PD+FF,nominal,1051,True,True,0.2959114506693642,0.11088803237374906,0.024004348209303066,0.06187286972999573,0.08549094945192337,0.012044214819720327,0.7625,1.0,0.0,0.0,6.45936643195455e-06,0.00931263342499733,0.00013327223132364452,6.231918086996302e-05,0.2584548592567444,0.2584548592567444
PD+FF,nominal,1052,True,True,0.5016737617977888,0.19936763427207868,0.043155977275742066,0.11124054342508316,0.1537053883075714,0.0007295396288981732,0.6975,0.9928825622775801,0.05000000000000071,0.0,1.2792404959327541e-05,0.013857802376151085,0.00023368510301224887,0.00010956959158647805,0.32490968704223633,0.32490968704223633
PD+FF,nominal,1053,True,True,0.27604522983904123,0.10890101244690556,0.023573761924929392,0.06076464429497719,0.08395923674106598,0.007729341812227032,0.765,1.0,0.0,0.0,5.115535714139696e-06,0.008126680739223957,0.00012128568050684407,5.699795292457566e-05,0.44851720333099365,0.44851720333099365
PD+FF,nominal,1054,True,True,0.6611873594487506,0.27121160503406855,0.05870946406760418,0.15132874250411987,0.2090950906276703,0.012216673800319672,0.665,0.9466192170818505,0.7000000000000002,0.0,1.4456090866588056e-05,0.014762049540877342,0.0003149077820125967,0.00014781007484998554,0.3443475067615509,0.3443475067615509
PD+FF,nominal,1055,True,True,0.33794053805134483,0.1284562826330787,0.02780789266852545,0.07167661935091019,0.09903620183467865,0.016608725958538004,0.745,1.0,0.0,0.0,8.249693564721383e-06,0.010167498141527176,0.0001475450408179313,6.924118497408926e-05,0.37500709295272827,0.37500709295272827
PD+FF,nominal,1056,True,True,0.27792016940608405,0.10402516100772449,0.02251923961845011,0.05804393067955971,0.08019968122243881,0.01522031291033076,0.77,1.0,0.0,0.0,5.943630640103947e-06,0.008749747648835182,0.00012761447578668594,5.948036050540395e-05,0.33817118406295776,0.33817118406295776
PD+FF,nominal,1057,True,True,0.43635668159840524,0.17072959173153723,0.0369568958835266,0.09526100754737854,0.13162587583065033,0.00041867270009323103,0.715,1.0,0.0,0.0,1.1329720109642949e-05,0.012582065537571907,0.00020171543292235583,9.43007689784281e-05,0.2980625629425049,0.2980625629425049
PD+FF,nominal,1058,True,True,0.6558837657307224,0.2674764940385616,0.05790206760615691,0.14924564957618713,0.20621533691883087,0.01372422198135174,0.6675,0.9501779359430605,0.6500000000000004,0.0,1.5057858945510816e-05,0.014890632592141628,0.0003242169041186571,0.00015129866369534284,0.34246277809143066,0.34246277809143066
PD+FF,nominal,1059,True,True,0.4285553702296696,0.1680275482383036,0.03637234870496057,0.09375429898500443,0.12954403460025787,0.006938019088075728,0.7175,1.0,0.0,0.0,1.1081616321462207e-05,0.012188461609184742,0.0002090749330818653,9.724652773002163e-05,0.3298633396625519,0.3298633396625519
PD+FF,nominal,1060,True,True,0.29117305794848203,0.1111099713643279,0.0240525996984222,0.06199612095952034,0.08566189557313919,0.016750028838457005,0.7625,1.0,0.0,0.0,6.566031515831128e-06,0.00866315234452486,0.0001407265808666125,6.524972559418529e-05,0.4775193929672241,0.4775193929672241
PD+FF,nominal,1061,True,True,0.33157500580675653,0.1276796084660044,0.027638449944691463,0.07124228775501251,0.09843684732913971,0.001978842107352655,0.7475,1.0,0.0,0.0,7.038037438178435e-06,0.009985548444092274,0.00014822487719357014,6.950894749024883e-05,0.28927016258239746,0.28927016258239746
PD+FF,nominal,1062,True,True,0.38402391574630024,0.15104388817969946,0.03269730050035609,0.08427897095680237,0.11644984781742096,0.013051479011087242,0.7275,1.0,0.0,0.0,9.545206012262497e-06,0.010929525829851627,0.0001836131705204025,8.545170567231253e-05,0.4292861223220825,0.4292861223220825
PD+FF,nominal,1063,True,True,0.23207503953830522,0.08634271328394527,0.01869061029692329,0.04817761480808258,0.0665675476193428,0.0121314632069419,0.79,1.0,0.0,0.0,4.247417109581875e-06,0.007513337302953005,0.00010898220352828503,5.0532697059679776e-05,0.2895512878894806,0.2895512878894806
PD+FF,nominal,1064,True,True,0.49230937005134534,0.19165756032422154,0.04148791701739496,0.10693828761577606,0.14776065945625305,0.0027349969766095636,0.7025,1.0,0.0,0.0,1.4441817256738432e-05,0.01395441871136427,0.00023318857711274177,0.0001086960473912768,0.24278511106967926,0.24278511106967926
PD+FF,nominal,1065,True,True,0.24051411265283354,0.09250089990484672,0.02002352997336978,0.051612019538879395,0.07131464779376984,0.011855961570547288,0.7825,1.0,0.0,0.0,4.4524058466777205e-06,0.007251631002873182,0.00010430141992401332,4.934263415634632e-05,0.453745573759079,0.453745573759079
PD+FF,nominal,1066,True,True,0.41529727657905946,0.15843234387923188,0.03429620151463891,0.08840057253837585,0.12214574962854385,0.006495310296961024,0.7225,1.0,0.0,0.0,1.117567444453016e-05,0.012309524230659008,0.00019222057017032057,9.019601566251367e-05,0.20805609226226807,0.20805609226226807
PD+FF,nominal,1067,True,True,0.2944870702960977,0.10806819989543962,0.023393655849021602,0.060299329459667206,0.08331695944070816,0.018475402676065455,0.765,1.0,0.0,0.0,6.961503004276892e-06,0.009821220301091671,0.00012674846220761538,5.9195386711508036e-05,0.20151829719543457,0.20151829719543457
PD+FF,nominal,1068,True,True,0.26916741512965925,0.10063246418588422,0.02178380745440625,0.056149087846279144,0.07758357375860214,0.010673425985612214,0.7725,1.0,0.0,0.0,5.418373348220484e-06,0.00858324021100998,0.0001233189832419157,5.733281432185322e-05,0.25048118829727173,0.25048118829727173
PD+FF,nominal,1069,True,True,0.26616592563922037,0.09780027162682887,0.021171347988186363,0.054570313543081284,0.0754009410738945,0.01714319689732757,0.775,1.0,0.0,0.0,5.739279458794044e-06,0.008807997219264507,0.00011855122284032404,5.5316580983344465e-05,0.24751581251621246,0.24751581251621246
PD+FF,nominal,1070,True,True,0.5619850781556242,0.21596270282260907,0.04674975179228608,0.12050173431634903,0.16650010645389557,0.019526399532136474,0.69,0.9822064056939501,0.20000000000000018,0.0,2.0166144167887978e-05,0.015840740874409676,0.0002622129686642438,0.00012211395369376987,0.22921264171600342,0.22921264171600342
PD+FF,nominal,1071,True,True,0.5414778381814165,0.21060737621342204,0.04559102624480013,0.11751289665699005,0.16237092018127441,0.015052318840480068,0.6925,0.9857651245551602,0.15000000000000036,0.0,1.7520471374155022e-05,0.015084301121532917,0.0002566158364061266,0.00011975569213973358,0.26974478363990784,0.26974478363990784
PD+FF,nominal,1072,True,True,0.4337090125174954,0.17625705288742888,0.0381547080403141,0.09834777563810349,0.13588882982730865,0.0073280740935666305,0.7125,1.0,0.0,0.0,8.856300155457575e-06,0.011734899133443832,0.00021931495575699955,0.00010147508874069899,0.4661308228969574,0.4661308228969574
PD+FF,nominal,1073,True,True,0.5426552452070172,0.21514850773735852,0.04657233011984124,0.12004543840885162,0.16587157547473907,0.0172889972486109,0.69,0.9822064056939501,0.20000000000000018,0.0,1.5028509551484603e-05,0.01445464976131916,0.00025470092077739537,0.00011921399709535763,0.3800120949745178,0.3800120949745178
PD+FF,nominal,1074,True,True,0.20873705853490493,0.08342601332370524,0.01805974817262338,0.0465502105653286,0.0643191933631897,0.005750588914016263,0.7925,1.0,0.0,0.0,3.1749229947308777e-06,0.006803547032177448,8.266921940958127e-05,3.983652641181834e-05,0.4962819218635559,0.4962819218635559
PD+FF,nominal,1075,True,True,0.3452018375813247,0.12792496950044482,0.02769173243026752,0.07137828320264816,0.0986255630850792,0.019375886614806798,0.7475,1.0,0.0,0.0,9.090457751881331e-06,0.011009875684976578,0.00015272514428943396,7.1341433795169e-05,0.23914383351802826,0.23914383351802826
PD+FF,nominal,1076,True,True,0.5178411119837181,0.21227308077960766,0.04595162386811731,0.11844448000192642,0.1636563092470169,0.011239299312775538,0.6925,0.9857651245551602,0.15000000000000036,0.0,1.0391700016043615e-05,0.012574740685522556,0.00026212248485535383,0.00012157461605966091,0.45283621549606323,0.45283621549606323
PD+FF,nominal,1077,True,True,0.29659127906666893,0.10957146785393705,0.023718768837573168,0.06113754212856293,0.08447574824094772,0.01812174212804782,0.7625,1.0,0.0,0.0,6.922120974195423e-06,0.009648658335208893,0.0001307942293351516,6.108212255639955e-05,0.2694230377674103,0.2694230377674103
PD+FF,nominal,1078,True,True,0.2617715590295298,0.09677674388069715,0.020949067197289898,0.053998302668333054,0.07461138814687729,0.013771969705109702,0.7775,1.0,0.0,0.0,5.4144825298863e-06,0.008513720706105232,0.00011515850201249123,5.3772448154632e-05,0.23459486663341522,0.23459486663341522
PD+FF,nominal,1079,True,True,0.3147888021250831,0.12083633709123397,0.026158350760447726,0.06742426753044128,0.09316118061542511,0.017592633747952502,0.7525,1.0,0.0,0.0,7.494308192690369e-06,0.009227906353771687,0.0001343217008979991,6.362538260873407e-05,0.4896434247493744,0.4896434247493744
PD+FF,nominal,1080,True,True,0.2789978724583042,0.10533049419575487,0.022800493084740695,0.058770567178726196,0.08120560646057129,0.014282039565180874,0.7675,1.0,0.0,0.0,5.8750952121044975e-06,0.008645283058285713,0.00012424630403984338,5.8178178733214736e-05,0.367546945810318,0.367546945810318
PD+FF,nominal,1081,True,True,0.4704139246372572,0.1808784589067552,0.03915588906918907,0.10092512518167496,0.1394510418176651,0.017484161424743273,0.71,1.0,0.0,0.0,1.44744271892705e-05,0.013501483015716076,0.00021218891197349876,9.953153494279832e-05,0.3006768822669983,0.3006768822669983
PD+FF,nominal,1082,True,True,0.30847404815201857,0.11855807267918729,0.025665072915434368,0.06615302711725235,0.09140479564666748,0.006116118731311936,0.755,1.0,0.0,0.0,6.280664820224047e-06,0.009299513883888721,0.00013312364171724766,6.27639310550876e-05,0.3117980659008026,0.3117980659008026
PD+FF,nominal,1083,True,True,0.4444563352723838,0.16915965736847868,0.03661785140850406,0.09438640624284744,0.13041621446609497,0.012585105575090183,0.7175,1.0,0.0,0.0,1.3103777746437117e-05,0.013155719265341759,0.00020306059741415083,9.446385956835002e-05,0.21643398702144623,0.21643398702144623
PD+FF,nominal,1084,True,True,0.34089704829736744,0.12957355517579391,0.02804873105184699,0.07229774445295334,0.09989655762910843,0.018247787650700897,0.745,1.0,0.0,0.0,8.508725841238629e-06,0.010180558077991009,0.00016214975039474666,7.533330790465698e-05,0.4071005880832672,0.4071005880832672
PD+FF,nominal,1085,True,True,0.2477313414636037,0.09767810126236724,0.021145678670006277,0.05450335144996643,0.0753074511885643,0.0017007100397184295,0.775,1.0,0.0,0.0,3.9918222682899795e-06,0.007403410039842129,0.0001205312364618294,5.611169399344362e-05,0.4138740301132202,0.4138740301132202
PD+FF,nominal,1086,True,True,0.3167134303382215,0.12252253259211096,0.0265226093068499,0.06836504489183426,0.09446093440055847,0.014085237783165987,0.7525,1.0,0.0,0.0,7.126707714633085e-06,0.009272490628063679,0.00013926900282967836,6.539145397255197e-05,0.4387705326080322,0.4387705326080322
PD+FF,nominal,1087,True,True,0.45935909293436633,0.17713781330878914,0.03834604022282713,0.09883949160575867,0.1365678310394287,0.01751482627144523,0.7125,1.0,0.0,0.0,1.3800278793496545e-05,0.01319077517837286,0.0002050886396318674,9.61863697739318e-05,0.3274095356464386,0.3274095356464386
PD+FF,nominal,1088,True,True,0.46359176976269306,0.18332944609702706,0.03968513347482804,0.10229218751192093,0.1413402557373047,0.018838375427967107,0.7075,1.0,0.0,0.0,1.2867847544839606e-05,0.012763573788106441,0.00021822054986841977,0.00010216540977125987,0.4605681300163269,0.4605681300163269
PD+FF,nominal,1089,True,True,0.6356735443513293,0.2626746950822517,0.05686168738575448,0.14656580984592438,0.20251357555389404,0.01177073786851672,0.67,0.9537366548042705,0.6000000000000005,0.0,1.3038928045716602e-05,0.01397843100130558,0.0003050636441912502,0.00014305097283795476,0.37915652990341187,0.37915652990341187
PD+FF,nominal,1090,True,True,0.3475218932859414,0.13198125250660697,0.028569375829116,0.07364095747470856,0.10175234824419022,0.013176460787777393,0.7425,1.0,0.0,0.0,8.43202360556461e-06,0.010463055223226547,0.00015634199371561408,7.318266580114141e-05,0.30003631114959717,0.30003631114959717
PD+FF,nominal,1091,True,True,0.6462498491951978,0.2646395683827798,0.05728557782879101,0.14765982329845428,0.20402732491493225,0.013887470050842307,0.6675,0.9501779359430605,0.6500000000000004,0.0,1.437987248209538e-05,0.014707434922456741,0.0003230402653571218,0.00015058780263643712,0.36124923825263977,0.36124923825263977
PD+FF,nominal,1092,True,True,0.6357013756162819,0.25808539552119925,0.05586759614864091,0.14400462806224823,0.19897542893886566,0.004543517930459556,0.67,0.9537366548042705,0.6000000000000005,0.0,1.3772720194538124e-05,0.015308795496821404,0.00031666667200624943,0.00014748392277397215,0.31251582503318787,0.31251582503318787
PD+FF,nominal,1093,True,True,0.3011182395007566,0.11987783644447254,0.025949480116465005,0.06688864529132843,0.09242158383131027,0.001588774785791263,0.7525,1.0,0.0,0.0,5.609120762528619e-06,0.0087656918913126,0.00014332127466332167,6.590200064238161e-05,0.43002596497535706,0.43002596497535706
PD+FF,nominal,1094,True,True,0.30558619605355525,0.1147775711402111,0.024846527923685947,0.06404336541891098,0.08849003165960312,0.011266869091331835,0.7575,1.0,0.0,0.0,6.771007065253798e-06,0.009487378410995007,0.00013920907804276794,6.490687519544736e-05,0.2514164447784424,0.2514164447784424
PD+FF,nominal,1095,True,True,0.4184468491745897,0.16225095583631255,0.03512330217218264,0.09053126722574234,0.12508974969387054,0.008014199685916462,0.72,1.0,0.0,0.0,1.09184311440913e-05,0.012138254940509796,0.0001884035737020895,8.844371768645942e-05,0.2943161725997925,0.2943161725997925
PD+FF,nominal,1096,True,True,0.2649927457418263,0.09787253415323954,0.021186833834491298,0.05460979416966438,0.0754561796784401,0.01594361293954368,0.775,1.0,0.0,0.0,5.604987563856412e-06,0.00862413365393877,0.00011330512643326074,5.322689321474172e-05,0.27283963561058044,0.27283963561058044
PD+FF,nominal,1097,True,True,0.40036292639467114,0.15503733929368604,0.03356118559739948,0.08650680631399155,0.11952850222587585,0.0007384159138304309,0.725,1.0,0.0,0.0,9.877560842141975e-06,0.011713707819581032,0.000175523673533462,8.263412019005045e-05,0.27344202995300293,0.27344202995300293
PD+FF,nominal,1098,True,True,0.43104093236949886,0.17620221568400685,0.03814288221826625,0.09831613302230835,0.13584619760513306,0.005000289256936202,0.7125,1.0,0.0,0.0,8.197649549401831e-06,0.011510597541928291,0.00019462080672383308,9.196031896863133e-05,0.4742331802845001,0.4742331802845001
PD+FF,nominal,1099,True,True,0.636383621222861,0.26527409418702114,0.05742282500087016,0.1480138599872589,0.20451655983924866,0.0018836641292372793,0.6675,0.9501779359430605,0.6500000000000004,0.0,1.1412694220780395e-05,0.01408309955149889,0.0003134555008728057,0.00014679772721137851,0.36984628438949585,0.36984628438949585
Direct PPO,nominal,1000,True,True,0.3448683327510614,0.005882586015537881,0.005233499166315769,0.005364702083170414,0.0053647044114768505,0.0009777792941983157,0.8475,1.0,0.0,0.005285739898681641,0.0027040981221944094,0.5646498799324036,0.0053647044114768505,3.814704086835263e-06,0.34128254652023315,0.34128254652023315
Direct PPO,nominal,1001,True,True,0.34045088614963226,0.008482922463151264,0.0026633782411936177,0.003924171440303326,0.0056978375650942326,0.0024278470501479655,0.8675,1.0,0.0,0.0011944770812988281,0.003050529630854726,0.555042564868927,0.0023882382083684206,1.4928392033652926e-07,0.25630688667297363,0.25630688667297363
Direct PPO,nominal,1002,True,True,0.45265335271207696,0.01799957009266691,0.008133334333777045,0.008449628949165344,0.009697998873889446,0.002209139754523423,0.815,1.0,0.0,0.008435249328613281,0.0019621283281594515,0.3480825424194336,0.008449619635939598,2.35713582696917e-06,0.4242836833000183,0.4242836833000183
Direct PPO,nominal,1003,True,True,0.5297473620197375,0.009961445627683379,0.0053518113012906475,0.0056421649642288685,0.005642169155180454,0.001114985124644618,0.8075,1.0,0.0,0.005583763122558594,0.002838145475834608,0.561067521572113,0.005642169155180454,3.606158088587108e-06,0.34840381145477295,0.34840381145477295
Direct PPO,nominal,1004,True,True,0.5953494484975862,0.0035928231853395876,0.0023216481672552695,0.002497189911082387,0.0028027412481606007,0.002236978358823157,0.8075,1.0,0.0,0.0020668506622314453,0.003220556303858757,0.6542999744415283,0.0022820874582976103,1.222009473167418e-06,0.24154320359230042,0.24154320359230042
Direct PPO,nominal,1005,True,True,0.5781915688284044,0.008914682583215884,0.0032000801220850106,0.0032029198482632637,0.004959245678037405,0.0016655999756084935,0.8075,1.0,0.0,0.002863168716430664,0.002974259201437235,0.5970212817192078,0.0032004753593355417,1.6987509070531814e-06,0.28618520498275757,0.28618520498275757
Direct PPO,nominal,1006,True,True,0.4190288848304868,0.004279162682654179,0.0032380043937477714,0.003313861321657896,0.003313864581286907,0.0015165530931437452,0.835,1.0,0.0,0.0029168128967285156,0.0027123880572617054,0.5753740668296814,0.003313864581286907,2.47359480454179e-06,0.28934937715530396,0.28934937715530396
Direct PPO,nominal,1007,True,True,0.624932761223217,0.029124220288295876,0.007423607463626417,0.00797281228005886,0.016094204038381577,0.002893240833382776,0.785,1.0,0.0,0.0073566436767578125,0.0023158991243690252,0.423511803150177,0.0073570930399000645,2.028345079452265e-06,0.39287856221199036,0.39287856221199036
Direct PPO,nominal,1008,True,True,0.5105019667586566,0.006092025028871634,0.0025371426553058712,0.0025664775166660547,0.003390417667105794,0.0018112564188852035,0.82,1.0,0.0,0.002518296241760254,0.002862662309780717,0.610139787197113,0.002566478680819273,1.0132921488548163e-06,0.26522985100746155,0.26522985100746155
Direct PPO,nominal,1009,True,True,0.5383998313706991,0.0060198708797082785,0.0027402705351649115,0.0027542889583855867,0.003429695265367627,0.0025430744898825644,0.8175,1.0,0.0,0.0028388500213623047,0.00320445466786623,0.6570936441421509,0.0027452539652585983,1.8063374227494933e-06,0.2149554342031479,0.2149554342031479
Direct PPO,nominal,1010,True,True,0.651912932794198,0.06311741084062776,0.01169076854814409,0.019711392000317574,0.03770911321043968,0.005907057543405524,0.7625,1.0,0.0,0.009840965270996094,0.0011233451077714562,0.23625533282756805,0.009961697272956371,1.0694039929148857e-06,0.4753030240535736,0.4753030240535736
Direct PPO,nominal,1011,True,True,0.43572817781491857,0.003652620118376349,0.0024932232218528015,0.0025326902978122234,0.00253269262611866,0.001846678057352208,0.8325,1.0,0.0,0.002363920211791992,0.0027951663359999657,0.5955573916435242,0.00253269262611866,8.046762332014623e-07,0.26378002762794495,0.26378002762794495
Direct PPO,nominal,1012,True,True,0.43921402890930594,0.0052709742773465774,0.0026882251153197284,0.0027325302362442017,0.0030679097399115562,0.001734656481115626,0.835,1.0,0.0,0.0023932456970214844,0.0028374434914439917,0.6276106238365173,0.002732533263042569,2.980237695737742e-06,0.2715309262275696,0.2715309262275696
Direct PPO,nominal,1013,True,True,0.2858120386740027,0.002576074089404244,0.0073088174134102605,0.007667029742151499,0.007667066995054483,0.0001664669178250452,0.8725,1.0,0.0,0.007666587829589844,0.002357827266678214,0.4113115668296814,0.007666989229619503,8.016833817237057e-06,0.401797890663147,0.401797890663147
Direct PPO,nominal,1014,True,True,0.4432498719554838,0.025736901992870077,0.009624236108774555,0.009805836714804173,0.014698601327836514,0.003554028465930788,0.8125,1.0,0.0,0.009700298309326172,0.0010669127805158496,0.2390282303094864,0.009802624583244324,1.998735797315021e-06,0.4693894386291504,0.4693894386291504
Direct PPO,nominal,1015,True,True,0.4490751189679296,0.014495568578343014,0.007096546017554714,0.007338595110923052,0.007907209917902946,0.0017224958316547968,0.82,1.0,0.0,0.007338047027587891,0.00222547585144639,0.40645912289619446,0.007338595576584339,1.4013361351317144e-06,0.39239153265953064,0.39239153265953064
Direct PPO,nominal,1016,True,True,0.4812625827859358,0.004972845320205141,0.0038084643681633207,0.003946489654481411,0.003947169054299593,0.001322640470386209,0.82,1.0,0.0,0.0036859512329101562,0.0028771492652595043,0.5338375568389893,0.003946490585803986,6.259941756070475e-07,0.3060871958732605,0.3060871958732605
Direct PPO,nominal,1017,True,True,0.23559725954248073,0.013443420272377047,0.010317632856253721,0.010387672111392021,0.010545967146754265,0.002930917696871245,0.865,1.0,0.0,0.01020050048828125,0.0007823366322554648,0.1877453476190567,0.010379733517765999,2.5631868538766867e-06,0.4917738139629364,0.4917738139629364
Direct PPO,nominal,1018,True,True,0.350642968351337,0.01543411749999485,0.009280552237864647,0.009585472755134106,0.009585537016391754,0.002610464341202362,0.835,1.0,0.0,0.009504318237304688,0.0012830812484025955,0.25392669439315796,0.009585409425199032,1.0979366038554872e-07,0.4614541530609131,0.4614541530609131
Direct PPO,nominal,1019,True,True,0.5030023808729427,0.009120578436855212,0.005078891357362026,0.005314319394528866,0.005314324051141739,0.0011738977626485783,0.8125,1.0,0.0,0.005230903625488281,0.002858889987692237,0.49960950016975403,0.005314324051141739,2.622758074721787e-06,0.34006524085998535,0.34006524085998535
Direct PPO,nominal,1020,True,True,0.2906049496306021,0.003546677286686253,0.0025869082179425015,0.0028649638406932354,0.003130780067294836,0.002522359584514675,0.8675,1.0,0.0,1.2874603271484375e-05,0.0032992723863571882,0.6589163541793823,0.0025317477993667126,8.64706805714377e-07,0.2227078378200531,0.2227078378200531
Direct PPO,nominal,1021,True,True,0.521591321645182,0.03658301351763906,0.01049065814439418,0.011056236922740936,0.021056026220321655,0.004388320544722815,0.795,1.0,0.0,0.01030731201171875,0.000852803757879883,0.19937513768672943,0.010510132648050785,2.589890755189117e-07,0.49743902683258057,0.49743902683258057
Direct PPO,nominal,1022,True,True,0.6676454855366288,0.02835295484259753,0.006885109527777834,0.0076650651171803474,0.015621711499989033,0.002792883233104718,0.78,1.0,0.0,0.006756782531738281,0.002468637190759182,0.4704638123512268,0.006766033824533224,4.262386937625706e-06,0.37694433331489563,0.37694433331489563
Direct PPO,nominal,1023,True,True,0.5256618304589408,0.035146701002587884,0.010042546427372862,0.011178615503013134,0.020397789776325226,0.004404091146890252,0.7975,1.0,0.0,0.009784698486328125,0.001095248619094491,0.22961804270744324,0.009897854179143906,7.547077984781936e-07,0.4728805720806122,0.4728805720806122
Direct PPO,nominal,1024,True,True,0.44180667663885603,0.002385236951100335,0.003972383655512836,0.0041437637992203236,0.004143766593188047,0.0012327506228991196,0.83,1.0,0.0,0.003915309906005859,0.0030176250729709864,0.6307569742202759,0.004143766593188047,3.0252479632508766e-08,0.3110935389995575,0.3110935389995575
Direct PPO,nominal,1025,True,True,0.18845576865168565,0.0015847335988409138,0.0022086062099925525,0.0023024887777864933,0.002302495762705803,0.0020455317020846298,0.89,1.0,0.0,0.0010230541229248047,0.002927289344370365,0.5958549380302429,0.0023024901747703552,3.5166765428584768e-06,0.24864348769187927,0.24864348769187927
Direct PPO,nominal,1026,True,True,0.49315528853863255,0.004513897813641327,0.0024005366050030225,0.002425587270408869,0.002746349200606346,0.0019069065253612212,0.8225,1.0,0.0,0.0026311874389648438,0.002859322354197502,0.5742406249046326,0.00242538726888597,3.7252905258355895e-06,0.2583710551261902,0.2583710551261902
Direct PPO,nominal,1027,True,True,0.6261717746475673,0.023235656436210957,0.006395156285766604,0.006477138493210077,0.012432478368282318,0.002223045149209978,0.785,1.0,0.0,0.006459712982177734,0.0025381590239703655,0.4955086410045624,0.006477138493210077,7.770664751660661e-07,0.36954861879348755,0.36954861879348755
Direct PPO,nominal,1028,True,True,0.22244837801399114,0.005014619542381436,0.007494421088323065,0.0077016050927340984,0.00770174153149128,0.0007244829915570083,0.875,1.0,0.0,0.007700920104980469,0.002275546081364155,0.38387927412986755,0.0077014644630253315,2.5034448754013283e-06,0.4025936424732208,0.4025936424732208
Direct PPO,nominal,1029,True,True,0.21180369877293712,0.0035549457799432223,0.002561125085393154,0.0027509438805282116,0.0027509545907378197,0.002376153998551953,0.8875,1.0,0.0,2.6345252990722656e-05,0.00279085710644722,0.5023524165153503,0.0027509378269314766,3.1143551950663095e-06,0.214758962392807,0.214758962392807
Direct PPO,nominal,1030,True,True,0.5794501905186573,0.030194007100178038,0.008845996705849313,0.00906455609947443,0.016519460827112198,0.0029467718450868347,0.7925,1.0,0.0,0.009021759033203125,0.0015662329969927669,0.30459171533584595,0.009064474143087864,3.4343984225415625e-06,0.4438457489013672,0.4438457489013672
Direct PPO,nominal,1031,True,True,0.3340567373796972,0.012592968701198247,0.007571701270063265,0.007582071702927351,0.008764315396547318,0.0016101356869928387,0.855,1.0,0.0,0.007580280303955078,0.001959135290235281,0.3437858819961548,0.007569815032184124,5.5731020438543055e-06,0.39864641427993774,0.39864641427993774
Direct PPO,nominal,1032,True,True,0.23976049092361754,0.008107851885783363,0.010168199980846442,0.010547643527388573,0.010548679158091545,0.0026681879367239482,0.87,1.0,0.0,0.010336875915527344,0.0009333427879028022,0.2014022320508957,0.010546116158366203,8.653819350001868e-07,0.49894750118255615,0.49894750118255615
Direct PPO,nominal,1033,True,True,0.2801743076396579,0.014323415568833205,0.009923365925313945,0.009995084255933762,0.010527881793677807,0.002779273121481673,0.8575,1.0,0.0,0.009863853454589844,0.0009489235235378146,0.20003849267959595,0.009986399672925472,1.220239340682383e-07,0.4761985242366791,0.4761985242366791
Direct PPO,nominal,1034,True,True,0.17629676121094895,0.007631452463367778,0.0027426208006824447,0.0038159266114234924,0.005289409309625626,0.0025874234102830594,0.89,1.0,0.0,0.0,0.0028213132172822952,0.5150842070579529,0.002518657362088561,3.308074383312487e-06,0.22327283024787903,0.22327283024787903
Direct PPO,nominal,1035,True,True,0.4926254829995788,0.024384987053680005,0.008619172001826405,0.00884771067649126,0.013409375213086605,0.0028567939613244994,0.805,1.0,0.0,0.008815765380859375,0.0017877222271636128,0.30444473028182983,0.008846601471304893,3.5777757148025557e-06,0.436818927526474,0.436818927526474
Direct PPO,nominal,1036,True,True,0.47763638553627386,0.010974537946338405,0.005530807802007036,0.005672145169228315,0.0061726695857942104,0.0013714747559071994,0.82,1.0,0.0,0.005615234375,0.002630661940202117,0.5417180061340332,0.0056721484288573265,1.7288045910390792e-06,0.34900519251823425,0.34900519251823425
Direct PPO,nominal,1037,True,True,0.46802352835342875,0.012032444668796572,0.006659240793893113,0.006976515054702759,0.006976516451686621,0.0013164607550023304,0.8175,1.0,0.0,0.006971836090087891,0.002578945364803076,0.45891714096069336,0.006976516451686621,1.967394609891926e-06,0.38270920515060425,0.38270920515060425
Direct PPO,nominal,1038,True,True,0.46283090979460545,0.002099579017676956,0.004200746111279611,0.00442265160381794,0.004422654397785664,0.001165325076106399,0.83,1.0,0.0,0.0042400360107421875,0.0027768644504249096,0.5511147379875183,0.004422654397785664,2.1159921743674204e-06,0.31811848282814026,0.31811848282814026
Direct PPO,nominal,1039,True,True,0.18710762850001872,0.004464646975351127,0.006217111231084386,0.006343553774058819,0.006343554705381393,0.0005919543874929476,0.8875,1.0,0.0,0.006321430206298828,0.0024618892930448055,0.44575685262680054,0.006343554705381393,3.1590857361152302e-06,0.3661683201789856,0.3661683201789856
Direct PPO,nominal,1040,True,True,0.24260595331425952,0.009800403732147698,0.00801948668373774,0.008088110014796257,0.00808949489146471,0.0013413363115299087,0.875,1.0,0.0,0.008080482482910156,0.0017647483618929982,0.3149908483028412,0.008084730245172977,2.755046750735346e-07,0.4134989380836487,0.4134989380836487
Direct PPO,nominal,1041,True,True,0.20007898048471093,0.007613737694746403,0.009443608040023135,0.009689735248684883,0.009690774604678154,0.0019225329286950668,0.88,1.0,0.0,0.0095977783203125,0.0012876370456069708,0.24033086001873016,0.009688615798950195,2.7050401740780217e-07,0.46515655517578125,0.46515655517578125
Direct PPO,nominal,1042,True,True,0.4416196886942352,0.010303162727197609,0.00631796160770849,0.006601437460631132,0.006601439323276281,0.0011768309246516938,0.825,1.0,0.0,0.006587982177734375,0.00272208359092474,0.463742196559906,0.006601439323276281,1.490379759161442e-06,0.3728010952472687,0.3728010952472687
Direct PPO,nominal,1043,True,True,0.5444912869081922,0.004228275881823007,0.0042120589344048715,0.004478224087506533,0.004478228744119406,0.0011109703203073396,0.8125,1.0,0.0,0.004303455352783203,0.0028208522126078606,0.5265517830848694,0.004478228744119406,8.347084303750307e-07,0.31946444511413574,0.31946444511413574
Direct PPO,nominal,1044,True,True,0.5732438968701956,0.007649286822117257,0.002783384713577184,0.002921720501035452,0.00334376934915781,0.0024670603717881303,0.8125,1.0,0.0,0.0032919645309448242,0.003008495084941387,0.5890440344810486,0.002921165432780981,2.2501380954054184e-06,0.20961801707744598,0.20961801707744598
Direct PPO,nominal,1045,True,True,0.21918712347286762,0.0042083744536585855,0.007905651748089538,0.008159810677170753,0.0081626670435071,0.0007801755325557965,0.8775,1.0,0.0,0.00815582275390625,0.0020956224761903286,0.36642932891845703,0.008162655867636204,1.224515358444478e-06,0.4158290922641754,0.4158290922641754
Direct PPO,nominal,1046,True,True,0.6169769880864745,0.029275268916906457,0.007547733566413848,0.008068254217505455,0.01620110124349594,0.0029346410728719003,0.785,1.0,0.0,0.007485866546630859,0.002242798451334238,0.4014210104942322,0.007485887035727501,9.113399812576972e-08,0.39649125933647156,0.39649125933647156
Direct PPO,nominal,1047,True,True,0.3138530591966456,0.0023588884529995666,0.0035728524043673955,0.0036627575755119324,0.0036627596709877253,0.0014116275709006197,0.8575,1.0,0.0,0.0033316612243652344,0.0031381139997392893,0.638089656829834,0.0036627596709877253,8.940732527662476e-07,0.29876548051834106,0.29876548051834106
Direct PPO,nominal,1048,True,True,0.32545267314748033,0.009823636198245325,0.009667226684102028,0.01014684047549963,0.010146984830498695,0.0023765298293947448,0.85,1.0,0.0,0.01000213623046875,0.0011140743736177683,0.22764509916305542,0.010146694257855415,4.861333309236215e-07,0.4824531674385071,0.4824531674385071
Direct PPO,nominal,1049,True,True,0.5257978485339467,0.028240930590012536,0.008642210297258777,0.008740202523767948,0.015735171735286713,0.003162663548560138,0.7975,1.0,0.0,0.008713245391845703,0.0016809921944513917,0.31354498863220215,0.008738357573747635,1.1661379630822921e-06,0.43331217765808105,0.43331217765808105
Direct PPO,nominal,1050,True,True,0.4258343690964292,0.02706888210904029,0.010309999874812705,0.010542221367359161,0.015571278519928455,0.004038742008807068,0.8125,1.0,0.0,0.0103302001953125,0.0008873805054463446,0.1959177851676941,0.010539095848798752,2.5356125661346596e-06,0.49881017208099365,0.49881017208099365
Direct PPO,nominal,1051,True,True,0.23391786895074856,0.004598784547636931,0.0024822312253395093,0.0028283249121159315,0.0034658298827707767,0.0021549120076972397,0.885,1.0,0.0,0.0013036727905273438,0.0030003204010427,0.6061887145042419,0.0024222834035754204,2.741813887041644e-06,0.2584548592567444,0.2584548592567444
Direct PPO,nominal,1052,True,True,0.4601732586117193,0.006452401348265179,0.004531412884353708,0.004704295191913843,0.004704299382865429,0.0011678601577699247,0.8225,1.0,0.0,0.0045588016510009766,0.00287538836710155,0.58651202917099,0.004704299382865429,4.9174232117366046e-06,0.32490968704223633,0.32490968704223633
Direct PPO,nominal,1053,True,True,0.2289840352649466,0.0061030733103677555,0.008917063486849982,0.009212015196681023,0.009212750010192394,0.0015060013147436514,0.8725,1.0,0.0,0.009160041809082031,0.001574783236719668,0.2837497293949127,0.009211561642587185,1.8183003476224258e-06,0.44851720333099365,0.44851720333099365
Direct PPO,nominal,1054,True,True,0.6232014884425204,0.017440585943982602,0.005387509841053242,0.005488717462867498,0.009209989570081234,0.001864744538416031,0.79,1.0,0.0,0.0054187774658203125,0.002759466180577874,0.5469380617141724,0.005488718394190073,4.530146725301165e-06,0.3443475067615509,0.3443475067615509
Direct PPO,nominal,1055,True,True,0.2754996523160543,0.003053632373372842,0.00638892563958859,0.006686812732368708,0.006686813198029995,0.0004056948218090577,0.875,1.0,0.0,0.00667572021484375,0.002624370390549302,0.4740158021450043,0.006686813198029995,5.962905333944946e-07,0.37500709295272827,0.37500709295272827
Direct PPO,nominal,1056,True,True,0.21783724923523481,0.0043893173320533685,0.005023384235618012,0.0052286479622125626,0.005228648893535137,0.0010743886968055856,0.89,1.0,0.0,0.005138874053955078,0.002733757020905614,0.4664081037044525,0.005228648893535137,5.781653271696996e-06,0.33817118406295776,0.33817118406295776
Direct PPO,nominal,1057,True,True,0.38885039264994464,0.0035174558610542414,0.003545929315118303,0.0036387997679412365,0.0036388032604008913,0.0014068321842182739,0.84,1.0,0.0,0.0033102035522460938,0.002813378581777215,0.5523059368133545,0.0036388032604008913,3.6358912893774686e-06,0.2980625629425049,0.2980625629425049
Direct PPO,nominal,1058,True,True,0.616570130759233,0.012779394126638024,0.005104195140193492,0.0054042101837694645,0.005990806967020035,0.0012403985302608762,0.7925,1.0,0.0,0.005328655242919922,0.002839915221557021,0.5282652974128723,0.005404214840382338,3.367821818756056e-06,0.34246277809143066,0.34246277809143066
Direct PPO,nominal,1059,True,True,0.37845155531567537,0.0031744462064654416,0.004723876718051547,0.0049009439535439014,0.004900946281850338,0.0009935552363957978,0.8425,1.0,0.0,0.004778385162353516,0.0029313224367797375,0.5959351062774658,0.004900946281850338,1.5199684639810584e-06,0.3298633396625519,0.3298633396625519
Direct PPO,nominal,1060,True,True,0.23356948758944418,0.0027393465744823433,0.009565411090785243,0.01001229789108038,0.010012850165367126,0.0017336321083897932,0.87,1.0,0.0,0.009883880615234375,0.0010766451014205813,0.2157813012599945,0.010012062266469002,7.59968725105864e-06,0.4775193929672241,0.4775193929672241
Direct PPO,nominal,1061,True,True,0.2822975604113464,0.00299571701686921,0.003256359669426574,0.0033124464098364115,0.003312448738142848,0.0015346164245735822,0.865,1.0,0.0,0.002913236618041992,0.002774105640128255,0.5322882533073425,0.003312448738142848,3.904112872987753e-06,0.28927016258239746,0.28927016258239746
Direct PPO,nominal,1062,True,True,0.33127448293338196,0.006843142937846721,0.008212773314247947,0.0086062578484416,0.008606692776083946,0.0012244124065529044,0.85,1.0,0.0,0.008585929870605469,0.0019091342110186815,0.34616386890411377,0.00860618893057108,3.6959377212042455e-06,0.4292861223220825,0.4292861223220825
Direct PPO,nominal,1063,True,True,0.17892932753041715,0.005883944570325736,0.0033009051126752136,0.0033239193726330996,0.003776822006329894,0.0015280533401926925,0.8875,1.0,0.0,0.0030922889709472656,0.0023829785641282797,0.4093274176120758,0.0033198746386915445,1.221923298544425e-06,0.2895512878894806,0.2895512878894806
Direct PPO,nominal,1064,True,True,0.44105718483558526,0.0028650835792061007,0.002242150149724064,0.002281041583046317,0.0022811030503362417,0.002143786550470953,0.8325,1.0,0.0,0.0018682479858398438,0.0031658150255680084,0.5950151681900024,0.0022807165514677763,7.748631674076023e-07,0.24278511106967926,0.24278511106967926
Direct PPO,nominal,1065,True,True,0.18819342218670004,0.003123198707364283,0.009028093667161256,0.009361131116747856,0.00936118420213461,0.0012859997532986929,0.8925,1.0,0.0,0.009298324584960938,0.0013739338610321283,0.25754883885383606,0.009361086413264275,2.6855170744966017e-06,0.453745573759079,0.453745573759079
Direct PPO,nominal,1066,True,True,0.3566995136587592,0.0027416290689795952,0.0028602844390264743,0.002977923257276416,0.0029781553894281387,0.0025448980693628053,0.8525,1.0,0.0,0.0008976459503173828,0.0030962862074375153,0.6935980916023254,0.002977400552481413,1.7890502590489632e-07,0.20805609226226807,0.20805609226226807
Direct PPO,nominal,1067,True,True,0.23316748477057245,0.00696826828492343,0.002980169920564288,0.0032243148889392614,0.0032250997610390186,0.0024886353745574023,0.8625,1.0,0.0,0.0,0.002393927425146103,0.43427279591560364,0.0032250997610390186,3.4147817586926976e-06,0.20151829719543457,0.20151829719543457
Direct PPO,nominal,1068,True,True,0.211759612837234,0.0035320221811650245,0.0022143953009540985,0.002316191093996167,0.0023161950521171093,0.0019879690450065363,0.8875,1.0,0.0,0.0014948844909667969,0.0027299472130835056,0.5778514742851257,0.0023161950521171093,1.0728946335802902e-06,0.25048118829727173,0.25048118829727173
Direct PPO,nominal,1069,True,True,0.20967205528681873,0.007558722223695823,0.002221629419791547,0.0022940924391150475,0.003710144432261586,0.0020201273221725604,0.8675,1.0,0.0,0.001977205276489258,0.0020339370239526033,0.33307594060897827,0.0022940936032682657,1.2517127743194578e-06,0.24751581251621246,0.24751581251621246
Direct PPO,nominal,1070,True,True,0.4940354586801762,0.007031193562688358,0.0022818438478219598,0.0023987628519535065,0.003211381146684289,0.002216988271933605,0.83,1.0,0.0,0.0024924278259277344,0.0031175888143479824,0.6858643889427185,0.0023985416628420353,1.4462542594628758e-06,0.22921264171600342,0.22921264171600342
Direct PPO,nominal,1071,True,True,0.4820935747443092,0.006604711392962819,0.002676980143572068,0.002681001089513302,0.00378511194139719,0.0017637112960035217,0.8275,1.0,0.0,0.0028089284896850586,0.0029105041176080704,0.5387889742851257,0.002680671401321888,1.4925456071068766e-07,0.26974478363990784,0.26974478363990784
Direct PPO,nominal,1072,True,True,0.39948866186591186,0.02067989473968355,0.009492618797577557,0.009720024652779102,0.012044722214341164,0.0031696861132141,0.825,1.0,0.0,0.009624481201171875,0.0011315281735733151,0.24316014349460602,0.009717900305986404,1.8196276414528256e-06,0.4661308228969574,0.4661308228969574
Direct PPO,nominal,1073,True,True,0.4920088962767665,0.015831285300160543,0.006760896490133428,0.006880718283355236,0.00894070602953434,0.0018996633241845408,0.8175,1.0,0.0,0.00687408447265625,0.0024311274755746126,0.45179641246795654,0.006880718749016523,2.980556246257038e-06,0.3800120949745178,0.3800120949745178
Direct PPO,nominal,1074,True,True,0.1680462821006713,0.007445954399417769,0.010214642634826831,0.01048341765999794,0.010483568534255028,0.0025118648967755626,0.89,1.0,0.0,0.010285377502441406,0.0009629816049709916,0.19830627739429474,0.010483259335160255,1.604209955985425e-07,0.4962819218635559,0.4962819218635559
Direct PPO,nominal,1075,True,True,0.2779609012226778,0.007719778746926598,0.0021926140899695434,0.002290183212608099,0.0036655014846473932,0.0021099913713156417,0.8625,1.0,0.0,0.0019991397857666016,0.0027047039475291967,0.5635643601417542,0.0022901829797774553,2.23517508857185e-06,0.23914383351802826,0.23914383351802826
Direct PPO,nominal,1076,True,True,0.48251925825882414,0.02426938256653393,0.009036121779599468,0.009339811280369759,0.013290300033986568,0.0029523759023553277,0.8075,1.0,0.0,0.009278297424316406,0.0014609822537750006,0.27851247787475586,0.009338918142020702,1.2558811022245209e-06,0.45283621549606323,0.45283621549606323
Direct PPO,nominal,1077,True,True,0.23373446076199722,0.008544161516113246,0.002785668962823197,0.00344968494027853,0.005294996779412031,0.002197821994452179,0.8725,1.0,0.0,0.0018699169158935547,0.002856373554095626,0.5508671998977661,0.0026702163740992546,1.9371520920685725e-06,0.2694230377674103,0.2694230377674103
Direct PPO,nominal,1078,True,True,0.2006946262756486,0.006797490794393187,0.002521934885859025,0.0034741987474262714,0.0047625103034079075,0.0024957747609124577,0.8975,1.0,0.0,4.0531158447265625e-05,0.00293084979057312,0.5779286026954651,0.0023241061717271805,1.4752150718777557e-06,0.23459486663341522,0.23459486663341522
Direct PPO,nominal,1079,True,True,0.2588420341294304,0.015204642505142458,0.010379748365010991,0.010549536906182766,0.011777305044233799,0.00299343500005159,0.8575,1.0,0.0,0.010159969329833984,0.0007104668766260147,0.17918331921100616,0.010328455828130245,2.6526522560743615e-06,0.4896434247493744,0.4896434247493744
Direct PPO,nominal,1080,True,True,0.22259771600082487,0.009464567075498783,0.00644720747778436,0.006583401467651129,0.007301012985408306,0.0010005238215453132,0.8775,1.0,0.0,0.006455183029174805,0.0019989004358649254,0.3554557263851166,0.0064065055921673775,5.275013336358825e-06,0.367546945810318,0.367546945810318
Direct PPO,nominal,1081,True,True,0.4060525125190239,0.00809305827745291,0.0037549780441015947,0.0037799279671162367,0.005015065893530846,0.0014703580038597898,0.845,1.0,0.0,0.0036017894744873047,0.0028498717583715916,0.5500191450119019,0.0037380538415163755,2.71204294222116e-06,0.3006768822669983,0.3006768822669983
Direct PPO,nominal,1082,True,True,0.25574966601433935,0.0018798487214502573,0.004068917333286755,0.004171202424913645,0.004171203356236219,0.0012640019585218208,0.8725,1.0,0.0,0.003947734832763672,0.003028673119843006,0.5723758339881897,0.004171203356236219,5.960496878287813e-07,0.3117980659008026,0.3117980659008026
Direct PPO,nominal,1083,True,True,0.37959341423858883,0.0038852877554412884,0.0025516034686678553,0.0027004587464034557,0.0027006224263459444,0.0023972960420699067,0.85,1.0,0.0,0.0014263391494750977,0.003102412912994623,0.6765255928039551,0.002700375858694315,2.014920028159395e-06,0.21643398702144623,0.21643398702144623
Direct PPO,nominal,1084,True,True,0.2783544981740927,0.0032139442417220827,0.0074788243952845605,0.007854112423956394,0.00785448495298624,0.00022680318103314635,0.875,1.0,0.0,0.007852554321289062,0.0022339788265526295,0.3882583975791931,0.00785448495298624,7.54030361349578e-06,0.4071005880832672,0.4071005880832672
Direct PPO,nominal,1085,True,True,0.2070480788935025,0.0061711457386319,0.007910124520406054,0.008094527758657932,0.008094538934528828,0.0009540543407044777,0.88,1.0,0.0,0.008089065551757812,0.0018995805876329541,0.3434196412563324,0.00809453520923853,2.44598822973785e-06,0.4138740301132202,0.4138740301132202
Direct PPO,nominal,1086,True,True,0.2601057612542423,0.00336994259085953,0.008534132927597825,0.008912993595004082,0.008913395926356316,0.001057793282377892,0.8725,1.0,0.0,0.008878707885742188,0.0017667756183072925,0.31488877534866333,0.00891253910958767,7.157122468015586e-07,0.4387705326080322,0.4387705326080322
Direct PPO,nominal,1087,True,True,0.39663312731293004,0.0029298857034730508,0.004572853324093211,0.004799467511475086,0.004799469839781523,0.0011057901754119978,0.845,1.0,0.0,0.004665851593017578,0.0027412131894379854,0.5633153319358826,0.004799469839781523,5.06825415413914e-07,0.3274095356464386,0.3274095356464386
Direct PPO,nominal,1088,True,True,0.4110108414028473,0.013072029045710917,0.009029578105858275,0.009558469988405704,0.00955924391746521,0.002064215084945082,0.8325,1.0,0.0,0.009479045867919922,0.0013987181009724736,0.27051860094070435,0.009557505138218403,2.5637871203798568e-06,0.4605681300163269,0.4605681300163269
Direct PPO,nominal,1089,True,True,0.6000851134988227,0.0234379552040896,0.006778864573939173,0.006848977878689766,0.01269545778632164,0.0023882134129441625,0.79,1.0,0.0,0.0068416595458984375,0.0024244249798357487,0.45929399132728577,0.006848977878689766,3.4874851735366974e-06,0.37915652990341187,0.37915652990341187
Direct PPO,nominal,1090,True,True,0.2851101998432412,0.00343205400954292,0.0036259735823368023,0.0037094377912580967,0.0037094384897500277,0.0015642463981871931,0.87,1.0,0.0,0.0033888816833496094,0.003070172620937228,0.5585477352142334,0.0037094384897500277,1.043084921548143e-06,0.30003631114959717,0.30003631114959717
Direct PPO,nominal,1091,True,True,0.6078864763491438,0.016752081469708028,0.005849833097152566,0.006150344852358103,0.008266666904091835,0.0014446404290506358,0.7925,1.0,0.0,0.006120204925537109,0.0026359420735388994,0.47765791416168213,0.006150347180664539,4.202330728730885e-06,0.36124923825263977,0.36124923825263977
Direct PPO,nominal,1092,True,True,0.6005237798680864,0.009309205600128465,0.00401316752576669,0.004201975185424089,0.004505970980972052,0.0013988472734402237,0.7975,1.0,0.0,0.003986358642578125,0.0028646234422922134,0.5697594881057739,0.004201981239020824,1.4009166307005216e-06,0.31251582503318787,0.31251582503318787
Direct PPO,nominal,1093,True,True,0.2618026066216083,0.008855122304509452,0.008428862920232335,0.008639114908874035,0.008639930747449398,0.0015221036687471617,0.8625,1.0,0.0,0.008617401123046875,0.0016109684947878122,0.3192249536514282,0.008638469502329826,3.695835403050296e-06,0.43002596497535706,0.43002596497535706
Direct PPO,nominal,1094,True,True,0.24369222579202926,0.00433262655114277,0.0023994876092919212,0.002814479172229767,0.0033946088515222073,0.0022290478512099455,0.88,1.0,0.0,0.0009355545043945312,0.0030137847643345594,0.5768418908119202,0.0023231511004269123,2.7120170216221595e-06,0.2514164447784424,0.2514164447784424
Direct PPO,nominal,1095,True,True,0.36368625585025494,0.001522114271685338,0.003401418776480957,0.0034918615128844976,0.003491864074021578,0.0014971767596243806,0.8475,1.0,0.0,0.0031113624572753906,0.0029191584326326847,0.5470459461212158,0.003491864074021578,1.788139684322232e-06,0.2943161725997925,0.2943161725997925
Direct PPO,nominal,1096,True,True,0.20769053269448012,0.007436144635196946,0.002778863053198154,0.0027775445487350225,0.004227136727422476,0.0017425057218252752,0.8725,1.0,0.0,0.0028306245803833008,0.0022568446584045887,0.37312740087509155,0.0027678096666932106,5.364723278944439e-07,0.27283963561058044,0.27283963561058044
Direct PPO,nominal,1097,True,True,0.3500734693995542,0.002660218355143361,0.002724858614613023,0.0027870084159076214,0.0027870116755366325,0.0017349378050893036,0.85,1.0,0.0,0.002191781997680664,0.00312935677357018,0.6725095510482788,0.0027870116755366325,2.32459683502384e-06,0.27344202995300293,0.27344202995300293
Direct PPO,nominal,1098,True,True,0.3991826278656565,0.020763578626454317,0.009626904731109021,0.009934593923389912,0.011827624402940273,0.0031936294083602457,0.8225,1.0,0.0,0.009817123413085938,0.001211517839692533,0.23272117972373962,0.00993442814797163,1.8820119862539286e-07,0.4742331802845001,0.4742331802845001
Direct PPO,nominal,1099,True,True,0.6083875450551453,0.022251462357904102,0.006376055409447967,0.006490600761026144,0.011844798922538757,0.002142437222535429,0.79,1.0,0.0,0.006473541259765625,0.0026268495712429285,0.4574924409389496,0.006490601692348719,9.852947187027894e-07,0.36984628438949585,0.36984628438949585
Residual PPO,nominal,1000,True,True,0.3612095665501576,0.044386359472808785,0.008427239063475053,0.020891008898615837,0.031971145421266556,0.0005352182243576196,0.8125,1.0,0.0,0.005000114440917969,3.3793032343965024e-05,0.05571926385164261,0.005001693498343229,1.3944091733719688e-05,0.34128254652023315,0.34128254652023315
Residual PPO,nominal,1001,True,True,0.3760833371911697,0.055671277066336324,0.009640732429723143,0.025597769767045975,0.0391385592520237,0.005559556086789637,0.81,1.0,0.0,0.0018596649169921875,4.318963328842074e-05,0.05437629297375679,0.0019275072263553739,1.6550966392969713e-05,0.25630688667297363,0.25630688667297363
Residual PPO,nominal,1002,True,True,0.4624569899563298,0.06961152865852,0.013179924774915986,0.0325545109808445,0.04994824528694153,0.002513015810199374,0.7875,1.0,0.0,0.007960319519042969,3.219581412849948e-05,0.05298702046275139,0.007963348180055618,2.4469538402627222e-05,0.4242836833000183,0.4242836833000183
Residual PPO,nominal,1003,True,True,0.5438386014875692,0.0765441840217237,0.014062833619906824,0.036835674196481705,0.055331408977508545,0.004167190528402396,0.7725,1.0,0.0,0.005235195159912109,3.670249861897901e-05,0.05634022131562233,0.005236085969954729,2.6381725547253154e-05,0.34840381145477295,0.34840381145477295
Residual PPO,nominal,1004,True,True,0.6163114995931639,0.07900353503225135,0.014516301759390381,0.03838779777288437,0.05700613930821419,0.006355856847119846,0.7625,1.0,0.0,0.0012950897216796875,4.413809801917523e-05,0.055192913860082626,0.0014178375713527203,2.4515633413102478e-05,0.24154320359230042,0.24154320359230042
Residual PPO,nominal,1005,True,True,0.602458150752614,0.06817987586474795,0.0126583982377574,0.03355603665113449,0.04974111169576645,0.0035440107973996097,0.7675,1.0,0.0,0.0029582977294921875,3.913275577360764e-05,0.055166564881801605,0.0029817847535014153,2.1567355361185037e-05,0.28618520498275757,0.28618520498275757
Residual PPO,nominal,1006,True,True,0.43632839985692107,0.04992444886253115,0.00938230293296974,0.024692177772521973,0.03659188747406006,0.0005314315499382397,0.795,1.0,0.0,0.0030965805053710938,3.6151803215034306e-05,0.053231265395879745,0.0031171035952866077,1.1388018720026594e-05,0.28934937715530396,0.28934937715530396
Residual PPO,nominal,1007,True,True,0.639272329207733,0.09292075572344277,0.01731815382489483,0.045233018696308136,0.067625030875206,0.0020468582085547576,0.755,1.0,0.0,0.006842613220214844,3.290406311862171e-05,0.05471135675907135,0.00684319855645299,2.6273884941474535e-05,0.39287856221199036,0.39287856221199036
Residual PPO,nominal,1008,True,True,0.5335387922239125,0.0571382702578533,0.010785231349130566,0.02858549915254116,0.04200274497270584,0.0021769244857885537,0.7775,1.0,0.0,0.0021986961364746094,3.853837915812619e-05,0.05558688938617706,0.002247939119115472,1.3434510037768632e-05,0.26522985100746155,0.26522985100746155
Residual PPO,nominal,1009,True,True,0.5579289327199792,0.06334918209188113,0.012126965082198321,0.03182513266801834,0.04641231149435043,0.0038642052351812017,0.77,1.0,0.0,0.0003190040588378906,4.177825394435786e-05,0.05725100636482239,0.0007689861813560128,1.8362397895543836e-05,0.2149554342031479,0.2149554342031479
Residual PPO,nominal,1010,True,True,0.6557147704746803,0.12569059892775422,0.02309122534317031,0.06005924940109253,0.08973582834005356,0.0018446712938457066,0.74,1.0,0.0,0.009691238403320312,2.8691438274108805e-05,0.05450551584362984,0.00969989225268364,4.745781552628614e-05,0.4753030240535736,0.4753030240535736
Residual PPO,nominal,1011,True,True,0.45351419651851005,0.05041865457251513,0.009570502884370457,0.025345098227262497,0.03715456649661064,0.0007981636725185335,0.79,1.0,0.0,0.0021457672119140625,3.744530840776861e-05,0.05368965491652489,0.0021974556148052216,1.2921393135911785e-05,0.26378002762794495,0.26378002762794495
Residual PPO,nominal,1012,True,True,0.463281165026422,0.05002474256815747,0.009365487233739811,0.024768352508544922,0.03663282096385956,0.0020484629480069425,0.7925,1.0,0.0,0.0024318695068359375,3.762917185667902e-05,0.05304685980081558,0.0024710961151868105,1.3396152098721359e-05,0.2715309262275696,0.2715309262275696
Residual PPO,nominal,1013,True,True,0.3158614603824914,0.050288062732189026,0.00955891425334915,0.021710628643631935,0.03478946164250374,0.0045471719542824595,0.8175,1.0,0.0,0.007170677185058594,4.7975743655115366e-05,0.06542210280895233,0.0071718767285346985,2.0352317733340897e-05,0.401797890663147,0.401797890663147
Residual PPO,nominal,1014,True,True,0.44937043517983744,0.0695937382787747,0.013570094485002205,0.03204852715134621,0.049769528210163116,0.00036084002104875954,0.79,1.0,0.0,0.009518623352050781,2.895778561651241e-05,0.054989203810691833,0.009526695124804974,3.117717642453499e-05,0.4693894386291504,0.4693894386291504
Residual PPO,nominal,1015,True,True,0.4592255012025719,0.062146203885492246,0.011784303377739754,0.029376637190580368,0.04483964294195175,0.0003742779354870736,0.79,1.0,0.0,0.006839275360107422,3.1763906008563936e-05,0.05576050654053688,0.006839871406555176,1.858260111475829e-05,0.39239153265953064,0.39239153265953064
Residual PPO,nominal,1016,True,True,0.49482224578775713,0.06142249691343735,0.011453448196894058,0.03018420934677124,0.0448380671441555,0.0019909678503604766,0.7825,1.0,0.0,0.003688335418701172,3.6118104617344216e-05,0.05453181639313698,0.0036991529632359743,2.37389267567778e-05,0.3060871958732605,0.3060871958732605
Residual PPO,nominal,1017,True,True,0.25498970475691984,0.035597452799548415,0.009693846833178917,0.013106627389788628,0.023386681452393532,0.003209769034214802,0.8425,1.0,0.0,0.010333061218261719,2.990682696690783e-05,0.050358716398477554,0.010344062931835651,7.2557045314169955e-06,0.4917738139629364,0.4917738139629364
Residual PPO,nominal,1018,True,True,0.3585906440022958,0.053760855944593115,0.011072427791805712,0.02382476255297661,0.03792285919189453,0.0010471684981445083,0.8125,1.0,0.0,0.009282112121582031,3.0020570193300955e-05,0.05410560593008995,0.009289258159697056,1.357173914584564e-05,0.4614541530609131,0.4614541530609131
Residual PPO,nominal,1019,True,True,0.5148280684656397,0.06850523111702696,0.012724258555447735,0.0332580991089344,0.04978138953447342,0.002527648030265669,0.7775,1.0,0.0,0.004947185516357422,3.52579663740471e-05,0.05667103826999664,0.004948955029249191,1.822301965148654e-05,0.34006524085998535,0.34006524085998535
Residual PPO,nominal,1020,True,True,0.319119361798938,0.03991913863601619,0.007443786392937108,0.019622821360826492,0.02894570864737034,0.002699754160742872,0.825,1.0,0.0,0.0006151199340820312,3.7560319469776005e-05,0.05772735923528671,0.000903709908016026,1.3788575415674131e-05,0.2227078378200531,0.2227078378200531
Residual PPO,nominal,1021,True,True,0.5359554323992696,0.09686855560914354,0.018060222759460166,0.044919874519109726,0.06910357624292374,0.006072725560376718,0.7675,1.0,0.0,0.010480880737304688,3.4828677598852664e-05,0.05463282763957977,0.010492485947906971,3.0480723580694757e-05,0.49743902683258057,0.49743902683258057
Residual PPO,nominal,1022,True,True,0.6856614998964229,0.09825580750235707,0.01813123274508114,0.04768158122897148,0.07109007239341736,0.003236599119048669,0.7475,1.0,0.0,0.0062732696533203125,3.501401442917995e-05,0.05289324373006821,0.006273310631513596,2.497606328688562e-05,0.37694433331489563,0.37694433331489563
Residual PPO,nominal,1023,True,True,0.5421852511930904,0.08492370745303054,0.01595211308964456,0.03929693251848221,0.06069903075695038,0.003834790131468025,0.7725,1.0,0.0,0.009636878967285156,3.101288893958554e-05,0.05355868861079216,0.00964532233774662,3.221473525627516e-05,0.4728805720806122,0.4728805720806122
Residual PPO,nominal,1024,True,True,0.4610966797741957,0.06102272499005864,0.011135408579275972,0.029258789494633675,0.043990928679704666,0.003623018508269159,0.7925,1.0,0.0,0.003872394561767578,3.8642498111585155e-05,0.056165050715208054,0.003881096839904785,2.3821952709113248e-05,0.3110935389995575,0.3110935389995575
Residual PPO,nominal,1025,True,True,0.20762118218142367,0.0235462362804685,0.004424495781539519,0.011490272358059883,0.01715334691107273,0.0011950980683884081,0.8575,1.0,0.0,0.0015974044799804688,3.6361616366775706e-05,0.05492113158106804,0.001686630304902792,5.382567451306386e-06,0.24864348769187927,0.24864348769187927
Residual PPO,nominal,1026,True,True,0.509953556653324,0.05585676494313754,0.01067933552797081,0.02829335257411003,0.04128177464008331,0.0008003555355622128,0.78,1.0,0.0,0.0019388198852539062,3.780873157666065e-05,0.0565347783267498,0.0020020385272800922,1.5804791473783553e-05,0.2583710551261902,0.2583710551261902
Residual PPO,nominal,1027,True,True,0.6339989595425122,0.09131995963039709,0.017101617874831155,0.04494752734899521,0.06672447919845581,0.0014218588700990443,0.7525,1.0,0.0,0.005995750427246094,3.274477057857439e-05,0.05602428689599037,0.005995755549520254,2.9756920412182808e-05,0.36954861879348755,0.36954861879348755
Residual PPO,nominal,1028,True,True,0.23994916693895374,0.034779397669207526,0.007661514447116611,0.01470368541777134,0.024107251316308975,0.0013378227372379296,0.8475,1.0,0.0,0.007212638854980469,3.6491335777100176e-05,0.05677872151136398,0.007213898003101349,1.2916766536363866e-05,0.4025936424732208,0.4025936424732208
Residual PPO,nominal,1029,True,True,0.23715332595249355,0.027023463691584416,0.004859216775281067,0.012717325240373611,0.019190402701497078,0.0031733804069336647,0.8575,1.0,0.0,0.00034046173095703125,3.6743782402481884e-05,0.05146240442991257,0.0007768401992507279,3.2304915293934755e-06,0.214758962392807,0.214758962392807
Residual PPO,nominal,1030,True,True,0.5955281522002314,0.10226133275283365,0.01865269513902344,0.04800349473953247,0.07315084338188171,0.0072118583346786206,0.7625,1.0,0.0,0.008636474609375,3.807864777627401e-05,0.05486126244068146,0.008641497232019901,3.102056143688969e-05,0.4438457489013672,0.4438457489013672
Residual PPO,nominal,1031,True,True,0.36069608613804366,0.04729219686818588,0.009102810992651289,0.019862649962306023,0.03239224851131439,0.0046705685558753865,0.8225,1.0,0.0,0.0070781707763671875,3.718184962053783e-05,0.05111182481050491,0.0070791481994092464,1.0611074685584754e-05,0.39864641427993774,0.39864641427993774
Residual PPO,nominal,1032,True,True,0.26024492422186873,0.04250802990861523,0.010335376332301738,0.017052454873919487,0.02888108417391777,0.002845318540604054,0.8325,1.0,0.0,0.010565757751464844,3.37668061547447e-05,0.05468523129820824,0.010577704757452011,1.2755440366163384e-05,0.49894750118255615,0.49894750118255615
Residual PPO,nominal,1033,True,True,0.30142455224302767,0.041836864512015126,0.009847821712848696,0.01631433144211769,0.028008613735437393,0.003786559992708826,0.8325,1.0,0.0,0.009778022766113281,3.062750329263508e-05,0.05158557370305061,0.009787026792764664,1.764213084243238e-05,0.4761985242366791,0.4761985242366791
Residual PPO,nominal,1034,True,True,0.20482997411697815,0.03239702144003339,0.005726596013818816,0.015135308727622032,0.022918639704585075,0.0029884812028644074,0.8525,1.0,0.0,0.0006427764892578125,4.088414425496012e-05,0.05516786500811577,0.0009202964720316231,1.0575606211205013e-05,0.22327283024787903,0.22327283024787903
Residual PPO,nominal,1035,True,True,0.5005165022576762,0.07815608406664369,0.014745793210500971,0.03690043091773987,0.0562942773103714,0.002489568869562954,0.7775,1.0,0.0,0.008394241333007812,3.129054312012158e-05,0.054543595761060715,0.008398514240980148,2.8070231564925052e-05,0.436818927526474,0.436818927526474
Residual PPO,nominal,1036,True,True,0.49636031526192276,0.06127700786914276,0.011377209263085898,0.029292743653059006,0.0443219393491745,0.002312990851832685,0.785,1.0,0.0,0.005269050598144531,3.439545616856776e-05,0.05180274695158005,0.005269885063171387,2.006366958084982e-05,0.34900519251823425,0.34900519251823425
Residual PPO,nominal,1037,True,True,0.48075794834040486,0.06901988265658605,0.012818556242311678,0.0326877124607563,0.049676135182380676,0.003147042532791569,0.785,1.0,0.0,0.006482601165771484,3.4506556403357536e-05,0.05553215369582176,0.006482794415205717,2.308582406840287e-05,0.38270920515060425,0.38270920515060425
Residual PPO,nominal,1038,True,True,0.4864528418480248,0.06866114796533228,0.012264442085710812,0.03225306048989296,0.04895468428730965,0.005436197688189167,0.79,1.0,0.0,0.004140377044677734,4.174105197307654e-05,0.05634520575404167,0.004146654158830643,1.9305562091176398e-05,0.31811848282814026,0.31811848282814026
Residual PPO,nominal,1039,True,True,0.20191070644222361,0.027592891240134282,0.006178232387396684,0.011639710515737534,0.019142430275678635,0.0003875490310903914,0.86,1.0,0.0,0.005900382995605469,3.283248224761337e-05,0.05457356944680214,0.005900407675653696,1.5028687812446151e-05,0.3661683201789856,0.3661683201789856
Residual PPO,nominal,1040,True,True,0.2632780248036639,0.03427379186469055,0.007815135828744024,0.013755906373262405,0.02323290705680847,0.002642435942930957,0.845,1.0,0.0,0.007603645324707031,3.1894462154014036e-05,0.0505857914686203,0.007605741731822491,1.2641932698898017e-05,0.4134989380836487,0.4134989380836487
Residual PPO,nominal,1041,True,True,0.21441344266458162,0.0328904510647695,0.008752211707487838,0.0127567108720541,0.02219535782933235,0.0011560494540624115,0.855,1.0,0.0,0.009401321411132812,3.134053622488864e-05,0.05626041814684868,0.009408990852534771,1.696733852440957e-05,0.46515655517578125,0.46515655517578125
Residual PPO,nominal,1042,True,True,0.4538705144520529,0.06286874781212966,0.011737226035081453,0.029802091419696808,0.045302536338567734,0.0023577163571453954,0.7925,1.0,0.0,0.006130218505859375,3.403717710170895e-05,0.05474351346492767,0.00613022455945611,2.076398959616199e-05,0.3728010952472687,0.3728010952472687
Residual PPO,nominal,1043,True,True,0.5642242312306405,0.07988656238848249,0.014398609070085635,0.03804216906428337,0.05729876086115837,0.006031102124724974,0.7725,1.0,0.0,0.0041866302490234375,4.1297098505310714e-05,0.05651281028985977,0.004192560911178589,2.1603709683404304e-05,0.31946444511413574,0.31946444511413574
Residual PPO,nominal,1044,True,True,0.5992311773346443,0.05793468004086964,0.011416798909698406,0.029894232749938965,0.043056804686784744,0.00237177743824104,0.7675,1.0,0.0,0.00012683868408203125,4.175200228928588e-05,0.05522153526544571,0.0007362143369391561,1.5542596884188242e-05,0.20961801707744598,0.20961801707744598
Residual PPO,nominal,1045,True,True,0.24043115399796006,0.03645477214092194,0.008073103192787826,0.015209623612463474,0.02510228380560875,0.0020929914359739277,0.8475,1.0,0.0,0.007683753967285156,3.649918653536588e-05,0.05597039312124252,0.00768606411293149,1.370856352878036e-05,0.4158290922641754,0.4158290922641754
Residual PPO,nominal,1046,True,True,0.6311998971918823,0.09184856545145255,0.017123144054176167,0.04463580995798111,0.06683025509119034,0.00205434753314356,0.755,1.0,0.0,0.006968975067138672,3.281731915194541e-05,0.05283579230308533,0.006969756912440062,2.7617479645414278e-05,0.39649125933647156,0.39649125933647156
Residual PPO,nominal,1047,True,True,0.3337308119945226,0.041504904153347184,0.0077035615850670975,0.019915172830224037,0.03003121167421341,0.0014086670082642334,0.82,1.0,0.0,0.0034356117248535156,3.581165583455004e-05,0.05663987994194031,0.0034499196335673332,1.4883230505802203e-05,0.29876548051834106,0.29876548051834106
Residual PPO,nominal,1048,True,True,0.34747291233635924,0.05679104525309039,0.011643227575784246,0.02431938238441944,0.03933536633849144,0.004358198811766604,0.81,1.0,0.0,0.010003089904785156,3.533685230650008e-05,0.056852154433727264,0.010012884624302387,1.3787170246359892e-05,0.4824531674385071,0.4824531674385071
Residual PPO,nominal,1049,True,True,0.5319633190981956,0.08190162869598619,0.015460173078797651,0.03912467509508133,0.05931377783417702,0.0008510634570706267,0.77,1.0,0.0,0.008275985717773438,3.021694465132896e-05,0.054495058953762054,0.008279870264232159,2.606411544547882e-05,0.43331217765808105,0.43331217765808105
Residual PPO,nominal,1050,True,True,0.4350987949909772,0.07353272358016592,0.014402328375845659,0.0334242507815361,0.052244432270526886,0.0029764438668040036,0.7925,1.0,0.0,0.010535240173339844,3.057906360481866e-05,0.05565796419978142,0.010547056794166565,2.5346645998070017e-05,0.49881017208099365,0.49881017208099365
Residual PPO,nominal,1051,True,True,0.26431789598665983,0.03766922155731204,0.006656692238206937,0.017567938193678856,0.026735879480838776,0.0030840251295475444,0.8425,1.0,0.0,0.0019488334655761719,3.8478916394524276e-05,0.05782900005578995,0.0020110695622861385,1.1554316188266966e-05,0.2584548592567444,0.2584548592567444
Residual PPO,nominal,1052,True,True,0.47278937412101474,0.059451082786031076,0.011095968547486528,0.02896961010992527,0.04330400750041008,0.0014265882163686835,0.7875,1.0,0.0,0.00439453125,3.500355524010956e-05,0.05524266138672829,0.004399011377245188,1.7068179658963345e-05,0.32490968704223633,0.32490968704223633
Residual PPO,nominal,1053,True,True,0.24837136511232671,0.03842744592157807,0.008918379092762713,0.015774428844451904,0.026339497417211533,0.0021052896284812594,0.845,1.0,0.0,0.008838653564453125,3.602297874749638e-05,0.05578303709626198,0.00884433463215828,1.0709512025641743e-05,0.44851720333099365,0.44851720333099365
Residual PPO,nominal,1054,True,True,0.6391269523722567,0.08370127971542973,0.0156523626860701,0.04125147685408592,0.06120256334543228,0.0017929619349840347,0.755,1.0,0.0,0.0050983428955078125,3.484204353298992e-05,0.054321855306625366,0.005099654197692871,2.1521114831557497e-05,0.3443475067615509,0.3443475067615509
Residual PPO,nominal,1055,True,True,0.30623254200904976,0.048080796253279136,0.008922303030002323,0.02093936689198017,0.03334340825676918,0.004357826925260928,0.8225,1.0,0.0,0.006227970123291016,4.855276711168699e-05,0.0686565712094307,0.006228003650903702,1.1947429811698385e-05,0.37500709295272827,0.37500709295272827
Residual PPO,nominal,1056,True,True,0.24839963371075557,0.039408616973889594,0.007201891846667726,0.017072897404432297,0.027245163917541504,0.003674764412447656,0.835,1.0,0.0,0.0048847198486328125,4.1557195800123736e-05,0.05485446751117706,0.004886659327894449,1.3843806300428696e-05,0.33817118406295776,0.33817118406295776
Residual PPO,nominal,1057,True,True,0.4056414251949154,0.0486093610134414,0.00907506680189709,0.023754509165883064,0.03544019162654877,0.0011167172133708806,0.8025,1.0,0.0,0.0034117698669433594,3.6218527384335175e-05,0.0564812608063221,0.003426517592743039,1.451965727028437e-05,0.2980625629425049,0.2980625629425049
Residual PPO,nominal,1058,True,True,0.6312327945422812,0.09259420690959866,0.016933584323906355,0.0447239987552166,0.0669398158788681,0.006028527653522706,0.7575,1.0,0.0,0.005010128021240234,3.878829738823697e-05,0.05684269219636917,0.0050116428174078465,3.0444767617154866e-05,0.34246277809143066,0.34246277809143066
Residual PPO,nominal,1059,True,True,0.3972665547553616,0.05269605923321674,0.009710127268668886,0.024975281208753586,0.037902042269706726,0.002575580197694095,0.805,1.0,0.0,0.004569053649902344,3.670670776045881e-05,0.054955821484327316,0.0045724413357675076,2.0310902982600965e-05,0.3298633396625519,0.3298633396625519
Residual PPO,nominal,1060,True,True,0.26284900479481216,0.04437742184283049,0.010085827484219203,0.017864052206277847,0.029996799305081367,0.004263839933056955,0.825,1.0,0.0,0.009819984436035156,3.732413097168319e-05,0.052358414977788925,0.009829203598201275,2.043063796008937e-05,0.4775193929672241,0.4775193929672241
Residual PPO,nominal,1061,True,True,0.3013930974848205,0.03538696548836913,0.006641053279847497,0.017074046656489372,0.025706540793180466,0.0004643916659831751,0.8275,1.0,0.0,0.0030946731567382812,3.347654273966327e-05,0.055966950953006744,0.0031151194125413895,9.97618099063402e-06,0.28927016258239746,0.28927016258239746
Residual PPO,nominal,1062,True,True,0.35277911145896823,0.054443606555404,0.01061970572902861,0.0239886362105608,0.03810037299990654,0.00377840079936336,0.815,1.0,0.0,0.008145332336425781,3.599182309699245e-05,0.05415168032050133,0.00814889743924141,2.018787563429214e-05,0.4292861223220825,0.4292861223220825
Residual PPO,nominal,1063,True,True,0.20013959660225067,0.0251156878042484,0.004637748416082123,0.010638087056577206,0.0171654149889946,0.003020211610720427,0.87,1.0,0.0,0.003108501434326172,2.833274265867658e-05,0.049730684608221054,0.003128601238131523,7.544506388512673e-06,0.2895512878894806,0.2895512878894806
Residual PPO,nominal,1064,True,True,0.46044632617698633,0.052070096288147766,0.009901226562228771,0.026197314262390137,0.03828214108943939,0.0020950542296138473,0.79,1.0,0.0,0.0013566017150878906,3.937203291570768e-05,0.055054496973752975,0.0014716737205162644,1.713128949631937e-05,0.24278511106967926,0.24278511106967926
Residual PPO,nominal,1065,True,True,0.21397964609101167,0.034983921521429207,0.008695730400191792,0.013699664734303951,0.023503152653574944,0.002904404971585428,0.845,1.0,0.0,0.009021759033203125,3.362805728102103e-05,0.056316182017326355,0.009028063155710697,1.0082629160024226e-05,0.453745573759079,0.453745573759079
Residual PPO,nominal,1066,True,True,0.3826971067691743,0.037728509813947,0.00754306848683987,0.019676944240927696,0.028189891949295998,0.0011027829449498897,0.8075,1.0,0.0,7.677078247070312e-05,3.8107777072582394e-05,0.05479497089982033,0.000734869041480124,1.1166843250975944e-05,0.20805609226226807,0.20805609226226807
Residual PPO,nominal,1067,True,True,0.2591376777732632,0.034326133285706245,0.00575878910540851,0.015067601576447487,0.023554589599370956,0.004974369178177051,0.84,1.0,0.0,0.0,3.2689484214643016e-05,0.04732120409607887,0.0007733528036624193,1.1462875590950716e-06,0.20151829719543457,0.20151829719543457
Residual PPO,nominal,1068,True,True,0.23579704700982537,0.026595272604549136,0.004789711367396108,0.012428653426468372,0.01894373819231987,0.0025046746666742073,0.855,1.0,0.0,0.0016617774963378906,3.756290607270785e-05,0.05689382180571556,0.0017451985040679574,7.235290468088351e-06,0.25048118829727173,0.25048118829727173
Residual PPO,nominal,1069,True,True,0.23335675295129105,0.03193871545419737,0.005250924832750681,0.0135650634765625,0.0216728076338768,0.004603683621604795,0.845,1.0,0.0,0.0015549659729003906,2.91042906610528e-05,0.04623532295227051,0.0016481367638334632,4.902690307062585e-06,0.24751581251621246,0.24751581251621246
Residual PPO,nominal,1070,True,True,0.5262418514637517,0.05432924819843387,0.010073843310320558,0.026625491678714752,0.039410702884197235,0.004381580016359454,0.785,1.0,0.0,0.0008563995361328125,4.268900374881923e-05,0.05445069819688797,0.001065391581505537,1.434242949471809e-05,0.22921264171600342,0.22921264171600342
Residual PPO,nominal,1071,True,True,0.5082069159465077,0.054772178916716985,0.010165546382540842,0.02692507579922676,0.039937179535627365,0.003054534775655136,0.785,1.0,0.0,0.0023593902587890625,3.896854832419194e-05,0.05516229197382927,0.0024014052469283342,1.6636220607324503e-05,0.26974478363990784,0.26974478363990784
Residual PPO,nominal,1072,True,True,0.40939697882487186,0.06012299012115183,0.012034871581136567,0.026950528845191002,0.042577240616083145,0.001369898007973834,0.8,1.0,0.0,0.009420394897460938,2.908472015406005e-05,0.05442333593964577,0.009428090415894985,2.451166983519215e-05,0.4661308228969574,0.4661308228969574
Residual PPO,nominal,1073,True,True,0.5137246299077144,0.06663828152554867,0.01224042628977794,0.030967827886343002,0.04760719835758209,0.003987723352879494,0.785,1.0,0.0,0.006397247314453125,3.4934513678308576e-05,0.05418814718723297,0.006397361401468515,1.7574249795870855e-05,0.3800120949745178,0.3800120949745178
Residual PPO,nominal,1074,True,True,0.1845224327364672,0.029830300728843025,0.009302307494999064,0.010675855912268162,0.0196127500385046,0.0015199273412360237,0.8625,1.0,0.0,0.010491371154785156,2.989883068948984e-05,0.054845720529556274,0.01050298847258091,5.358542694011703e-06,0.4962819218635559,0.4962819218635559
Residual PPO,nominal,1075,True,True,0.30818531524242876,0.038386044391542674,0.0064093703876483485,0.01688157021999359,0.026463471353054047,0.005075937249921409,0.835,1.0,0.0,0.0012459754943847656,3.9092174120014533e-05,0.04984830319881439,0.001376754604279995,4.068169346282957e-06,0.23914383351802826,0.23914383351802826
Residual PPO,nominal,1076,True,True,0.4946329771632078,0.08052572801551929,0.015117818192356627,0.03747342526912689,0.05758659541606903,0.004164295071146155,0.7825,1.0,0.0,0.008947372436523438,3.34107389790006e-05,0.05530257523059845,0.008953460492193699,3.052285319427028e-05,0.45283621549606323,0.45283621549606323
Residual PPO,nominal,1077,True,True,0.26602856595788826,0.04291700816570183,0.007339644915891928,0.0193251371383667,0.029954934492707253,0.004306712196827372,0.8275,1.0,0.0,0.0023565292358398438,4.4798282033298165e-05,0.061846207827329636,0.0023983505088835955,1.127683117374545e-05,0.2694230377674103,0.2694230377674103
Residual PPO,nominal,1078,True,True,0.23145256818143542,0.03518501239110237,0.006174255763299731,0.0163605734705925,0.024866310879588127,0.0032204272593917317,0.845,1.0,0.0,0.0010662078857421875,4.526311386143789e-05,0.0681757777929306,0.0012264832621440291,9.470153599977493e-06,0.23459486663341522,0.23459486663341522
Residual PPO,nominal,1079,True,True,0.28283951879752917,0.04049333064917162,0.010154515039224868,0.015226941555738449,0.02656969241797924,0.004679645723487663,0.83,1.0,0.0,0.010272979736328125,3.117424785159528e-05,0.048200059682130814,0.01028369553387165,2.725627382460516e-06,0.4896434247493744,0.4896434247493744
Residual PPO,nominal,1080,True,True,0.24638023380063617,0.031832469040940024,0.006702655548242629,0.012765788473188877,0.021386437118053436,0.003562607975750594,0.85,1.0,0.0,0.005969047546386719,3.0383576813619584e-05,0.05107704922556877,0.005969057325273752,6.328351446427405e-06,0.367546945810318,0.367546945810318
Residual PPO,nominal,1081,True,True,0.43536777907451796,0.05017198233193931,0.008979401143207633,0.023351307958364487,0.035734955221414566,0.00409576043867413,0.805,1.0,0.0,0.0035161972045898438,3.811847636825405e-05,0.05115561932325363,0.003529487643390894,1.018291095533641e-05,0.3006768822669983,0.3006768822669983
Residual PPO,nominal,1082,True,True,0.2785293839427279,0.037251529014295945,0.0069116714898420015,0.017281830310821533,0.026582852005958557,0.0018613843944473875,0.835,1.0,0.0,0.003928661346435547,3.5648656194098294e-05,0.05695311352610588,0.003936902619898319,8.711430382390972e-06,0.3117980659008026,0.3117980659008026
Residual PPO,nominal,1083,True,True,0.4100757296212966,0.040662074321649117,0.007836877865999785,0.020581554621458054,0.029954560101032257,0.0025555820397483923,0.805,1.0,0.0,0.0003886222839355469,3.9200651372084394e-05,0.05405750125646591,0.000793584855273366,1.0664884030120447e-05,0.21643398702144623,0.21643398702144623
Residual PPO,nominal,1084,True,True,0.3095086411696729,0.05024605843415365,0.0095943450510879,0.021488383412361145,0.03461400046944618,0.004785409058343346,0.8175,1.0,0.0,0.007361412048339844,4.517088018474169e-05,0.055608294904232025,0.007363000884652138,1.9573710233089514e-05,0.4071005880832672,0.4071005880832672
Residual PPO,nominal,1085,True,True,0.22112040504356356,0.03157345768623002,0.007530025082354487,0.012924124486744404,0.021689243614673615,0.0006389394093622652,0.8525,1.0,0.0,0.007616996765136719,3.308123996248469e-05,0.05637222155928612,0.007619136944413185,1.2533023436844815e-05,0.4138740301132202,0.4138740301132202
Residual PPO,nominal,1086,True,True,0.28672479468240464,0.04580905257031958,0.00955282757486163,0.019277485087513924,0.031504858285188675,0.0037236328030946504,0.825,1.0,0.0,0.008494377136230469,4.1397881432203576e-05,0.05526653304696083,0.008498967625200748,1.2496888302848674e-05,0.4387705326080322,0.4387705326080322
Residual PPO,nominal,1087,True,True,0.42493704430554297,0.062022988011591285,0.010977113170435251,0.02854902669787407,0.043846603482961655,0.005311933620728382,0.8025,1.0,0.0,0.004489898681640625,4.246379103278741e-05,0.05723519250750542,0.004493757151067257,1.5187599274213426e-05,0.3274095356464386,0.3274095356464386
Residual PPO,nominal,1088,True,True,0.43281158815292475,0.07086279892426654,0.013354729441365305,0.03151949867606163,0.049656808376312256,0.005703076153146046,0.7925,1.0,0.0,0.0092315673828125,3.8189857150428e-05,0.05627141147851944,0.009238620288670063,2.279863110743463e-05,0.4605681300163269,0.4605681300163269
Residual PPO,nominal,1089,True,True,0.6145689079131534,0.08544917029605364,0.01595046089247949,0.041634686291217804,0.06226968765258789,0.0018481016090131518,0.76,1.0,0.0,0.006357669830322266,3.324971839901991e-05,0.05512060597538948,0.0063577559776604176,2.2602975150221027e-05,0.37915652990341187,0.37915652990341187
Residual PPO,nominal,1090,True,True,0.31506368838905574,0.04501287888449293,0.00799551164737195,0.020689791068434715,0.031828850507736206,0.003612245948339768,0.83,1.0,0.0,0.003487110137939453,3.8386588130379096e-05,0.05768938735127449,0.0035006410907953978,1.2649662494368386e-05,0.30003631114959717,0.30003631114959717
Residual PPO,nominal,1091,True,True,0.6221154834026604,0.09382364816064052,0.017158510786126298,0.04516466706991196,0.06777263432741165,0.00595940806250023,0.76,1.0,0.0,0.005690097808837891,3.7966987292747945e-05,0.05347930267453194,0.005690254736691713,3.2085401471704245e-05,0.36124923825263977,0.36124923825263977
Residual PPO,nominal,1092,True,True,0.611755430678597,0.08067616839236183,0.015069374903359448,0.039899252355098724,0.0589996799826622,0.003393518543722567,0.76,1.0,0.0,0.003916740417480469,3.634329550550319e-05,0.056606680154800415,0.003925046883523464,2.8546592147904448e-05,0.31251582503318787,0.31251582503318787
Residual PPO,nominal,1093,True,True,0.2733713639627044,0.03818357919873979,0.008574039586413174,0.016138795763254166,0.026522312313318253,0.00021927990331714256,0.835,1.0,0.0,0.008182525634765625,3.1737450626678765e-05,0.05455237254500389,0.008186180144548416,1.3415681678452529e-05,0.43002596497535706,0.43002596497535706
Residual PPO,nominal,1094,True,True,0.27373230040646773,0.037974648754523575,0.006772059082925681,0.01791943423449993,0.0270827729254961,0.0029786643203164247,0.8425,1.0,0.0,0.0016865730285644531,3.667227065307088e-05,0.05702207610011101,0.001767573761753738,1.1913247362826951e-05,0.2514164447784424,0.2514164447784424
Residual PPO,nominal,1095,True,True,0.38648790216027623,0.049983887218711553,0.009128589128905728,0.02394793927669525,0.03603125363588333,0.002826112109049516,0.8075,1.0,0.0,0.0032758712768554688,3.847349944408052e-05,0.05379455164074898,0.0032928581349551678,1.3300422324391548e-05,0.2943161725997925,0.2943161725997925
Residual PPO,nominal,1096,True,True,0.23160293550562783,0.030497066941474655,0.005202296952363657,0.012887204997241497,0.02071281522512436,0.004160656635274417,0.85,1.0,0.0,0.002502918243408203,2.9352713681873865e-05,0.046985700726509094,0.0025395737029612064,1.7456519572078832e-06,0.27283963561058044,0.27283963561058044
Residual PPO,nominal,1097,True,True,0.3694741957288935,0.042414745433150394,0.007962426972613745,0.02097308076918125,0.031063443049788475,0.0008084417728172722,0.81,1.0,0.0,0.0025110244750976562,3.658982677734457e-05,0.056673675775527954,0.0025473684072494507,9.136680091614835e-06,0.27344202995300293,0.27344202995300293
Residual PPO,nominal,1098,True,True,0.4075301196709038,0.06454693021030636,0.01279282110654484,0.02920679561793804,0.0458202138543129,0.002045022163155593,0.8,1.0,0.0,0.009717941284179688,3.0371804314199835e-05,0.05321934074163437,0.009726636111736298,1.5817760868230835e-05,0.4742331802845001,0.4742331802845001
Residual PPO,nominal,1099,True,True,0.6162301872407062,0.08797347963994642,0.016484951256472254,0.04324909672141075,0.06431064009666443,0.0014673218431328857,0.7575,1.0,0.0,0.006012439727783203,3.2723961339797825e-05,0.054744407534599304,0.006012442987412214,2.6932717446470633e-05,0.36984628438949585,0.36984628438949585
PD+FF,speed_step,1000,True,True,0.39224678671620894,0.15353739359609433,0.045645796663586154,0.12043783068656921,0.13346685469150543,0.004141056155755449,0.7225,0.9928825622775801,0.05000000000000071,0.0,0.00012939503358211368,0.21889342367649078,0.0002822663518600166,0.00013144822150934488,0.34128254652023315,0.5412825345993042
PD+FF,speed_step,1001,True,True,0.41203803401296923,0.15442899321395778,0.044129711077829474,0.11808986216783524,0.12958204746246338,0.01986711718881094,0.7225,0.9928825622775801,0.05000000000000071,0.0,0.00013246478920336813,0.21909880638122559,0.0002573783858679235,0.00012063114263582975,0.25630688667297363,0.4563068747520447
PD+FF,speed_step,1002,True,True,0.4875934874192654,0.1977184487324279,0.05515121310394533,0.14718510210514069,0.16350872814655304,0.005695077106362533,0.67,0.9537366548042705,0.6000000000000005,0.0,0.000129681036924012,0.218576580286026,0.00030679997871629894,0.00014451924653258175,0.4242836833000183,0.6242836713790894
PD+FF,speed_step,1003,True,True,0.5710804798293801,0.2290752899498385,0.06181087841288309,0.16437222063541412,0.18509292602539062,0.009702214579930216,0.655,0.9323843416370107,0.9000000000000004,0.0,0.00013308845518622547,0.21836838126182556,0.00035503829712979496,0.000166353362146765,0.34840381145477295,0.548403799533844
PD+FF,speed_step,1004,True,True,0.6480391567051681,0.2548323806713391,0.06718732194552372,0.17820295691490173,0.20281143486499786,0.01489831619976646,0.645,0.9181494661921709,1.1000000000000005,0.0,0.00013886525994166732,0.21821817755699158,0.00038841954665258527,0.00018181298219133168,0.24154320359230042,0.44154319167137146
PD+FF,speed_step,1005,True,True,0.6323135144054685,0.24932539804254653,0.06582978124931706,0.17463567852973938,0.19857355952262878,0.017504388114018225,0.6475,0.9217081850533808,1.0500000000000007,0.0,0.00013815610145684332,0.21828757226467133,0.00038065871922299266,0.00017805171955842525,0.28618520498275757,0.4861851930618286
PD+FF,speed_step,1006,True,True,0.46821842420553667,0.1830673901385804,0.05202788919942974,0.13911543786525726,0.15353219211101532,0.004022025286407111,0.69,0.9750889679715302,0.40000000000000036,0.0,0.000132827612105757,0.2186770886182785,0.00030884044826962054,0.00014446934801526368,0.28934937715530396,0.489349365234375
PD+FF,speed_step,1007,True,True,0.6598780190775055,0.27627537504334304,0.07196199540307625,0.19058790802955627,0.21849896013736725,0.01264677208781532,0.6375,0.9074733096085409,1.25,0.0,0.00013204992865212262,0.21803893148899078,0.0004244763986207545,0.00019798637367784977,0.39287856221199036,0.5928785800933838
PD+FF,speed_step,1008,True,True,0.5658029256372547,0.2212919575023435,0.05998145740498542,0.15958857536315918,0.1792941391468048,0.0125272189647439,0.6575,0.9359430604982206,0.8500000000000005,0.0,0.0001370450627291575,0.21844880282878876,0.00035306159406900406,0.00016556533228140324,0.26522985100746155,0.4652298390865326
PD+FF,speed_step,1009,True,True,0.590553185328012,0.23089114611115757,0.06229676374302156,0.1656644642353058,0.18657594919204712,0.0069023447963587805,0.655,0.9323843416370107,0.9000000000000004,0.0,0.0001375120336888358,0.2183389663696289,0.000360611651558429,0.0001688529591774568,0.2149554342031479,0.4149554371833801
PD+FF,speed_step,1010,True,True,0.6707231234082209,0.30580669317010367,0.07856691997955229,0.20773237943649292,0.2401508390903473,0.0014278798138977129,0.63,0.896797153024911,1.4000000000000004,0.0,0.000126904109492898,0.21777917444705963,0.000443529017502442,0.00020781462080776691,0.4753030240535736,0.675303041934967
PD+FF,speed_step,1011,True,True,0.48568125795210304,0.189430839647148,0.053430162703813226,0.14275366067886353,0.15797671675682068,0.0025252481384474236,0.6775,0.9608540925266904,0.5,0.0,0.00013374963600654155,0.21862651407718658,0.0003188338305335492,0.00014921427646186203,0.26378002762794495,0.463780015707016
PD+FF,speed_step,1012,True,True,0.4967830527634192,0.1927766074838296,0.05382160171404256,0.14365579187870026,0.1594698578119278,0.011204793575122276,0.6725,0.9572953736654805,0.5500000000000007,0.0,0.00013498913904186338,0.21865135431289673,0.00032638292759656906,0.00015221396461129189,0.2715309262275696,0.4715309143066406
PD+FF,speed_step,1013,True,True,0.3482647062260897,0.13281550650784205,0.03955435658175694,0.10444200038909912,0.11519627273082733,0.017087066980060496,0.7375,0.9928825622775801,0.05000000000000071,0.0,0.00012913670798297971,0.21922484040260315,0.00025472562992945313,0.00011758154141716659,0.401797890663147,0.601797878742218
PD+FF,speed_step,1014,True,True,0.4712455468841758,0.19412024349308904,0.054428579074079,0.14533135294914246,0.161165252327919,0.0034176808538458154,0.67,0.9537366548042705,0.6000000000000005,0.0,0.00012799906835425645,0.2185945212841034,0.00031147297704592347,0.0001461202627979219,0.4693894386291504,0.6693894267082214
PD+FF,speed_step,1015,True,True,0.48576990445035256,0.1952586046898102,0.0546569067089552,0.14591725170612335,0.1619052290916443,0.004269709174550424,0.67,0.9537366548042705,0.6000000000000005,0.0,0.0001305557816522196,0.2185889333486557,0.0003070406091865152,0.00014460604870691895,0.39239153265953064,0.5923915505409241
PD+FF,speed_step,1016,True,True,0.524795770067984,0.20787465368401306,0.05741199373060187,0.15306057035923004,0.17065905034542084,0.0022852793289569037,0.6625,0.9430604982206405,0.75,0.0,0.000133322027977556,0.21849192678928375,0.00035118008963763714,0.00016264933219645172,0.3060871958732605,0.5060871839523315
PD+FF,speed_step,1017,True,True,0.28602353263250213,0.11144746369554047,0.03540596526427867,0.09245146065950394,0.10223403573036194,0.012869721601908466,0.755,0.9893238434163701,0.10000000000000053,0.0,0.00012654734018724412,0.21931566298007965,0.00022067198005970567,0.00010264477896271273,0.4917738139629364,0.6917738318443298
PD+FF,speed_step,1018,True,True,0.38580843592509906,0.1561373635144341,0.046260854081995595,0.12201949954032898,0.13536280393600464,0.0017961645091771727,0.72,0.9928825622775801,0.05000000000000071,0.0,0.00012814572255592793,0.21886737644672394,0.00026435486506670713,0.00012430294009391218,0.4614541530609131,0.6614541411399841
PD+FF,speed_step,1019,True,True,0.5421787750114369,0.21695471693353172,0.05934662958265376,0.158053919672966,0.17690110206604004,0.004147561159745526,0.66,0.9395017793594306,0.8000000000000007,0.0,0.00013230183685664088,0.21843020617961884,0.00034884753404185176,0.00016325242177117616,0.34006524085998535,0.5400652289390564
PD+FF,speed_step,1020,True,True,0.3525207260015764,0.13299832181040847,0.04090325357295726,0.10801482945680618,0.11881427466869354,0.00862670662670558,0.7375,0.9928825622775801,0.05000000000000071,0.0,0.0001288038765778765,0.2190784364938736,0.00024315442715305835,0.0001138187653850764,0.2227078378200531,0.42270782589912415
PD+FF,speed_step,1021,True,True,0.5586700680318848,0.23306098995572735,0.06228451730475642,0.16545571386814117,0.18705607950687408,0.017005369462996526,0.655,0.9323843416370107,0.9000000000000004,0.0,0.00013076147297397256,0.21840688586235046,0.0003707330033648759,0.00017299654427915812,0.49743902683258057,0.6974390149116516
PD+FF,speed_step,1022,True,True,0.7068621320880264,0.2959975098516795,0.07608326193758506,0.20118284225463867,0.23244072496891022,0.01697409981774666,0.6325,0.900355871886121,1.3500000000000005,0.0,0.00013410575047601014,0.2179274559020996,0.0004234972584526986,0.0001992104371311143,0.37694433331489563,0.5769443511962891
PD+FF,speed_step,1023,True,True,0.5642422659723202,0.23340396434902067,0.062397371904135364,0.16576248407363892,0.18738222122192383,0.01643907255941229,0.655,0.9323843416370107,0.9000000000000004,0.0,0.00013123117969371378,0.21839742362499237,0.0003524145286064595,0.00016564947145525366,0.4728805720806122,0.6728805899620056
PD+FF,speed_step,1024,True,True,0.4938929223962324,0.1936672536598666,0.05410776462637088,0.14442846179008484,0.16031186282634735,0.009636529743647438,0.6725,0.9572953736654805,0.5500000000000007,0.0,0.00013397287693805993,0.21863114833831787,0.0003201421641279012,0.00014961279521230608,0.3110935389995575,0.5110935568809509
PD+FF,speed_step,1025,True,True,0.23890041784534122,0.08960080484566361,0.03171940558787612,0.08217652142047882,0.0909150242805481,0.005144626539436252,0.7775,0.9893238434163701,0.10000000000000053,0.0,0.00012471264926716685,0.2193724811077118,0.00020323070930317044,9.446183685213327e-05,0.24864348769187927,0.4486434757709503
PD+FF,speed_step,1026,True,True,0.541318363214889,0.21247956141123794,0.058385257561479824,0.15557178854942322,0.173773854970932,0.0037931342744339912,0.6625,0.9430604982206405,0.75,0.0,0.00013520714128389955,0.2184617817401886,0.00035157977254129946,0.0001638492103666067,0.2583710551261902,0.45837104320526123
PD+FF,speed_step,1027,True,True,0.6544698910746736,0.274130548840668,0.0717185262769899,0.1900406926870346,0.21735350787639618,0.0024782761691327124,0.6375,0.9074733096085409,1.25,0.0,0.00013066812243778259,0.21801041066646576,0.00043032586108893156,0.0002002550318138674,0.36954861879348755,0.5695486068725586
PD+FF,speed_step,1028,True,True,0.26836325404034683,0.10489656837883152,0.035103742718728716,0.0917746052145958,0.10103050619363785,0.00454549434340901,0.7625,0.9928825622775801,0.05000000000000071,0.0,0.00012518958828877658,0.21925346553325653,0.00020373884763102978,9.591210255166516e-05,0.4025936424732208,0.6025936603546143
PD+FF,speed_step,1029,True,True,0.2729470362084195,0.10074309390260205,0.03282571918155487,0.08596061170101166,0.09439697861671448,0.012936721550199447,0.765,0.9893238434163701,0.10000000000000053,0.0,0.00012646257528103888,0.21941128373146057,0.00020775980374310166,9.658200724516064e-05,0.214758962392807,0.41475895047187805
PD+FF,speed_step,1030,True,True,0.6200027644479909,0.2562014241913766,0.06721704637256935,0.17818216979503632,0.20331402122974396,0.019442486027956455,0.645,0.9181494661921709,1.1000000000000005,0.0,0.00013334910909179598,0.21825797855854034,0.00039085900061763823,0.0001825986400945112,0.4438457489013672,0.6438457369804382
PD+FF,speed_step,1031,True,True,0.3961584011460607,0.15208900585286622,0.04386863111442643,0.11725538223981857,0.1286083161830902,0.01837601432806674,0.7225,0.9928825622775801,0.05000000000000071,0.0,0.00013111036969348788,0.21908417344093323,0.00025134190218523145,0.00011811072181444615,0.39864641427993774,0.5986464023590088
PD+FF,speed_step,1032,True,True,0.2890507893507306,0.11423837134590296,0.036479128809746,0.09527665376663208,0.10539750009775162,0.010580155913411497,0.755,0.9928825622775801,0.05000000000000071,0.0,0.00012632468133233488,0.21925024688243866,0.00022334686946123838,0.00010403863416286185,0.49894750118255615,0.6989474892616272
PD+FF,speed_step,1033,True,True,0.3341622983065386,0.13006359946180177,0.03933799436548874,0.10402100533246994,0.11434181779623032,0.015032894836553597,0.74,0.9928825622775801,0.05000000000000071,0.0,0.00012830829655285925,0.2192017287015915,0.0002257102751173079,0.00010620028479024768,0.4761985242366791,0.6761985421180725
PD+FF,speed_step,1034,True,True,0.23377641468518845,0.08566904224422606,0.02871905372785582,0.0741783007979393,0.08212970197200775,0.013603242534357575,0.7825,0.9893238434163701,0.10000000000000053,0.0,0.00012530849198810756,0.21957753598690033,0.00016802411118987948,7.904521771706641e-05,0.22327283024787903,0.4232728183269501
PD+FF,speed_step,1035,True,True,0.52290831168637,0.21543888112938797,0.059006582574646756,0.15717118978500366,0.1758078783750534,0.004780088246964664,0.66,0.9395017793594306,0.8000000000000007,0.0,0.00012902283924631774,0.21844333410263062,0.0003624099481385201,0.00016830152890179306,0.436818927526474,0.6368189454078674
PD+FF,speed_step,1036,True,True,0.5260715041249358,0.20838340225769628,0.057186892970673246,0.15236036479473114,0.1701970249414444,0.012032239856785849,0.665,0.9466192170818505,0.7000000000000002,0.0,0.0001338823785772547,0.21854154765605927,0.0003450446529313922,0.0001604634744580835,0.34900519251823425,0.5490052103996277
PD+FF,speed_step,1037,True,True,0.5082802023028593,0.20383220966411197,0.05640907285954106,0.15042224526405334,0.16756382584571838,0.007614453744428968,0.665,0.9466192170818505,0.7000000000000002,0.0,0.00013140260125510395,0.21854165196418762,0.0003421148285269737,0.00015905742475297302,0.38270920515060425,0.5827091932296753
PD+FF,speed_step,1038,True,True,0.5209469027540702,0.20309900181281093,0.05571589911904084,0.14843985438346863,0.16575764119625092,0.016250180617840247,0.6675,0.9501779359430605,0.6500000000000004,0.0,0.0001360847381874919,0.2186298966407776,0.00032181935966946185,0.0001512739690952003,0.31811848282814026,0.5181185007095337
PD+FF,speed_step,1039,True,True,0.22966550066339975,0.08887733804274532,0.031824973904341095,0.0825159102678299,0.09120474010705948,0.0007728019098476939,0.7775,0.9893238434163701,0.10000000000000053,0.0,0.00012411190255079418,0.21935495734214783,0.0002136658877134323,9.872553346212953e-05,0.3661683201789856,0.5661683082580566
PD+FF,speed_step,1040,True,True,0.29514684476752406,0.11396347661170395,0.03630480573515436,0.09480522572994232,0.10489454865455627,0.011250866364466514,0.755,0.9928825622775801,0.05000000000000071,0.0,0.00012658342893701047,0.21926352381706238,0.0002206869685323909,0.00010302094597136602,0.4134989380836487,0.6134989261627197
PD+FF,speed_step,1041,True,True,0.24114197980918003,0.09581952915543057,0.03317952779717757,0.08576522767543793,0.0952724888920784,0.003923094935464402,0.77,0.9893238434163701,0.10000000000000053,0.0,0.0001244434097316116,0.2193165272474289,0.00018912492669187486,8.909276220947504e-05,0.46515655517578125,0.6651565432548523
PD+FF,speed_step,1042,True,True,0.4826324472388804,0.19279656401073128,0.05410334179261818,0.14447778463363647,0.16015999019145966,0.005096130872331552,0.6725,0.9572953736654805,0.5500000000000007,0.0,0.00013130041770637035,0.21861009299755096,0.00031217519426718354,0.00014644711336586624,0.3728010952472687,0.5728011131286621
PD+FF,speed_step,1043,True,True,0.5949878345854068,0.23527865219970556,0.06283319328900717,0.16689908504486084,0.18876710534095764,0.016098748048078662,0.6525,0.9288256227758007,0.9500000000000002,0.0,0.00013637851225212216,0.2183791846036911,0.0003713417681865394,0.0001733985700411722,0.31946444511413574,0.5194644331932068
PD+FF,speed_step,1044,True,True,0.6318591736295597,0.24638803290552214,0.0653655385466127,0.17349493503570557,0.19687213003635406,0.01442065704348286,0.6475,0.9217081850533808,1.0500000000000007,0.0,0.00014004227705299854,0.21827739477157593,0.00039206730434671044,0.0001826927182264626,0.20961801707744598,0.4096180200576782
PD+FF,speed_step,1045,True,True,0.26923159747281195,0.10474398002055478,0.034736003812979144,0.09105338156223297,0.09999111294746399,0.007880692080310328,0.7625,0.9928825622775801,0.05000000000000071,0.0,0.0001254547678399831,0.21928678452968597,0.00020403652160894126,9.565756045049056e-05,0.4158290922641754,0.6158291101455688
PD+FF,speed_step,1046,True,True,0.6518837272446766,0.2725881875386806,0.07116219967869071,0.18852220475673676,0.21584101021289825,0.012537120255056045,0.64,0.9110320284697508,1.2000000000000002,0.0,0.00013194557686802,0.2180655598640442,0.0004018141480628401,0.00018865574384108186,0.39649125933647156,0.596491277217865
PD+FF,speed_step,1047,True,True,0.36501389697465886,0.14101023487341233,0.04297791285787965,0.11368798464536667,0.12513123452663422,0.0029894004048323405,0.73,0.9928825622775801,0.05000000000000071,0.0,0.0001285257749259472,0.2189805805683136,0.00026278203586116433,0.00012169041292509064,0.29876548051834106,0.4987654685974121
PD+FF,speed_step,1048,True,True,0.37897551754034425,0.14920223663538656,0.043702224337441364,0.11516284197568893,0.12787608802318573,0.01539791609387291,0.725,0.9928825622775801,0.05000000000000071,0.0,0.00012988258094992489,0.21904785931110382,0.0002514031366445124,0.00011780286149587482,0.4824531674385071,0.6824531555175781
PD+FF,speed_step,1049,True,True,0.5525283574086256,0.23015702982735364,0.06222629454909927,0.1655096858739853,0.18624792993068695,0.0018748128105952877,0.655,0.9323843416370107,0.9000000000000004,0.0,0.00012877008703071624,0.2183292657136917,0.0003739843668881804,0.0001742322783684358,0.43331217765808105,0.6333121657371521
PD+FF,speed_step,1050,True,True,0.45759357966157294,0.1887511595100716,0.05311831352394032,0.1418873369693756,0.15710262954235077,0.008059146286517356,0.6775,0.9608540925266904,0.5,0.0,0.0001280201831832528,0.2186560481786728,0.00032352551352232695,0.00015087610518094152,0.49881017208099365,0.6988101601600647
PD+FF,speed_step,1051,True,True,0.2967178984444139,0.11088803237374906,0.035447545426404,0.09261219948530197,0.10232093930244446,0.012044214819720327,0.755,0.9893238434163701,0.10000000000000053,0.0,0.0001270346256205812,0.21930356323719025,0.0002047558082267642,9.622938523534685e-05,0.2584548592567444,0.45845484733581543
PD+FF,speed_step,1052,True,True,0.5025327095662904,0.19936763427207868,0.05559031465178301,0.14834831655025482,0.16484324634075165,0.0007295396288981732,0.6675,0.9501779359430605,0.6500000000000004,0.0,0.00013257170212455094,0.21855193376541138,0.00032046003616414964,0.000150513558764942,0.32490968704223633,0.5249096751213074
PD+FF,speed_step,1053,True,True,0.2769563298415404,0.10890101244690556,0.03567817008418311,0.09340700507164001,0.10286013782024384,0.007729341812227032,0.76,0.9928825622775801,0.05000000000000071,0.0,0.00012563724885694683,0.2192527949810028,0.00021973669936414808,0.00010234626824967563,0.44851720333099365,0.6485171914100647
PD+FF,speed_step,1054,True,True,0.6620243296971484,0.27121160503406855,0.07087522632448011,0.1877851039171219,0.21486932039260864,0.012216673800319672,0.64,0.9110320284697508,1.2000000000000002,0.0,0.00013372798275668174,0.21807339787483215,0.00039681210182607174,0.00018663491937331855,0.3443475067615509,0.5443475246429443
PD+FF,speed_step,1055,True,True,0.33868596265520673,0.1284562826330787,0.03861669406030273,0.10206609219312668,0.11225829273462296,0.016608725958538004,0.7375,0.9893238434163701,0.10000000000000053,0.0,0.00012877040717285126,0.21925240755081177,0.00023607794719282538,0.00010989543807227165,0.37500709295272827,0.5750070810317993
PD+FF,speed_step,1056,True,True,0.2786502907573678,0.10402516100772449,0.032947992533836803,0.08606275916099548,0.09491964429616928,0.01522031291033076,0.7625,0.9893238434163701,0.10000000000000053,0.0,0.00012666714610531926,0.21944370865821838,0.00020851647423114628,9.665681136539206e-05,0.33817118406295776,0.5381711721420288
PD+FF,speed_step,1057,True,True,0.437222077528531,0.17072959173153723,0.04941615769469634,0.13162587583065033,0.14518877863883972,0.00041867270009323103,0.71,0.9928825622775801,0.05000000000000071,0.0,0.00013132925960235298,0.21875980496406555,0.00030232363496907055,0.00014073072816245258,0.2980625629425049,0.4980625510215759
PD+FF,speed_step,1058,True,True,0.6567121033498526,0.2674764940385616,0.07000263100093437,0.1855061799287796,0.21206220984458923,0.01372422198135174,0.64,0.9110320284697508,1.2000000000000002,0.0,0.0001343715557595715,0.21811293065547943,0.0004179963143542409,0.00019453818094916642,0.34246277809143066,0.5424627661705017
PD+FF,speed_step,1059,True,True,0.4294114260384892,0.1680275482383036,0.04866675488518873,0.12954403460025787,0.1429346650838852,0.006938019088075728,0.7125,0.9928825622775801,0.05000000000000071,0.0,0.0001311257219640538,0.21880199015140533,0.00028677855152636766,0.0001341245515504852,0.3298633396625519,0.5298633575439453
PD+FF,speed_step,1060,True,True,0.29188953894546454,0.1111099713643279,0.034251921548989414,0.08974740654230118,0.09898000210523605,0.016750028838457005,0.755,0.9893238434163701,0.10000000000000053,0.0,0.00012726589920930564,0.21942152082920074,0.00022590145817957819,0.00010474903683643788,0.4775193929672241,0.6775193810462952
PD+FF,speed_step,1061,True,True,0.3324706819846501,0.1276796084660044,0.04013142739719331,0.10459991544485092,0.11636335402727127,0.001978842107352655,0.7425,0.9928825622775801,0.05000000000000071,0.0,0.000127371444250457,0.21907490491867065,0.00024914994719438255,0.00011586535401875153,0.28927016258239746,0.4892701506614685
PD+FF,speed_step,1062,True,True,0.38485124148092653,0.15104388817969946,0.04443656616723462,0.11714107543230057,0.13000960648059845,0.013051479011087242,0.7225,0.9928825622775801,0.05000000000000071,0.0,0.00012979283928871155,0.2189943939447403,0.0002775515313260257,0.00012883754970971495,0.4292861223220825,0.6292861104011536
PD+FF,speed_step,1063,True,True,0.23286123471098,0.08634271328394527,0.0294901211757425,0.07626049965620041,0.08438413590192795,0.0121314632069419,0.7825,0.9893238434163701,0.10000000000000053,0.0,0.00012505537597462535,0.21952320635318756,0.00018699807696975768,8.63414243212901e-05,0.2895512878894806,0.48955127596855164
PD+FF,speed_step,1064,True,True,0.4931539577264957,0.19165756032422154,0.05390761016941201,0.14398938417434692,0.15950000286102295,0.0027349969766095636,0.6725,0.9572953736654805,0.5500000000000007,0.0,0.00013428348756860942,0.21861083805561066,0.0003103137423750013,0.0001456073223380372,0.24278511106967926,0.4427851140499115
PD+FF,speed_step,1065,True,True,0.24134096100045105,0.09250089990484672,0.03111413160046646,0.08050528168678284,0.08922900259494781,0.011855961570547288,0.775,0.9893238434163701,0.10000000000000053,0.0,0.00012519225128926337,0.21945887804031372,0.00018556343275122344,8.689305832376704e-05,0.453745573759079,0.6537455916404724
PD+FF,speed_step,1066,True,True,0.41613880016764243,0.15843234387923188,0.046606923735484716,0.12283787131309509,0.1365058869123459,0.006495310296961024,0.7175,0.9928825622775801,0.05000000000000071,0.0,0.00013129196304362267,0.2188701033592224,0.0002831494784913957,0.00013220228720456362,0.20805609226226807,0.4080560803413391
PD+FF,speed_step,1067,True,True,0.2951108468076584,0.10806819989543962,0.03272292140324839,0.0866284891963005,0.09451901167631149,0.018475402676065455,0.7575,0.9893238434163701,0.10000000000000053,0.0,0.00012776482617482543,0.21951931715011597,0.00019330579380039126,9.050743392435834e-05,0.20151829719543457,0.4015182852745056
PD+FF,speed_step,1068,True,True,0.2699974268188833,0.10063246418588422,0.03334012029497102,0.08729010075330734,0.09584356099367142,0.010673425985612214,0.765,0.9893238434163701,0.10000000000000053,0.0,0.00012605669326148927,0.2193629890680313,0.0001955820625880733,9.195136226480827e-05,0.25048118829727173,0.4504811763763428
PD+FF,speed_step,1069,True,True,0.26679393704483595,0.09780027162682887,0.03040845594107058,0.07935722917318344,0.08742351084947586,0.01714319689732757,0.7675,0.9893238434163701,0.10000000000000053,0.0,0.00012661116488743573,0.2195838987827301,0.0001760632876539603,8.281929331133142e-05,0.24751581251621246,0.4475158154964447
PD+FF,speed_step,1070,True,True,0.5627414783145255,0.21596270282260907,0.05828002959224648,0.15499618649482727,0.17434875667095184,0.019526399532136474,0.6625,0.9430604982206405,0.75,0.0,0.00013996948837302625,0.2185755968093872,0.0003381759161129594,0.00015827157767489552,0.22921264171600342,0.42921262979507446
PD+FF,speed_step,1071,True,True,0.5422716985755773,0.21060737621342204,0.05747376143338475,0.15303245186805725,0.17133916914463043,0.015052318840480068,0.6625,0.9430604982206405,0.75,0.0,0.0001373040140606463,0.2185565084218979,0.00033293815795332193,0.0001557455980218947,0.26974478363990784,0.4697447717189789
PD+FF,speed_step,1072,True,True,0.43458937079177673,0.17625705288742888,0.050437239004934416,0.13495486974716187,0.1485503911972046,0.0073280740935666305,0.7075,0.9928825622775801,0.05000000000000071,0.0,0.00012883862655144185,0.218743696808815,0.00027952497475780547,0.00013172646868042648,0.4661308228969574,0.6661308407783508
PD+FF,speed_step,1073,True,True,0.5434507602355798,0.21514850773735852,0.058300039466087854,0.1551160216331482,0.1742006540298462,0.0172889972486109,0.6625,0.9430604982206405,0.75,0.0,0.00013480438792612404,0.21854948997497559,0.00032985673169605434,0.00015512174286413938,0.3800120949745178,0.5800120830535889
PD+FF,speed_step,1074,True,True,0.20972947683221235,0.08342601332370524,0.03028729307589591,0.07866065204143524,0.08663582056760788,0.005750588914016263,0.785,0.9893238434163701,0.10000000000000053,0.0,0.00012387969763949513,0.2194255143404007,0.00017646397463977337,8.347141556441784e-05,0.4962819218635559,0.696281909942627
PD+FF,speed_step,1075,True,True,0.3458690917282667,0.12792496950044482,0.037725727838583384,0.09954047948122025,0.10982947796583176,0.019375886614806798,0.74,0.9893238434163701,0.10000000000000053,0.0,0.0001297005801461637,0.21933704614639282,0.00023563684953842312,0.00010953434684779495,0.23914383351802826,0.4391438364982605
PD+FF,speed_step,1076,True,True,0.5186963945354446,0.21227308077960766,0.058082007775826214,0.15469300746917725,0.17305363714694977,0.011239299312775538,0.6625,0.9430604982206405,0.75,0.0,0.00013012111594434828,0.21850517392158508,0.0003254831535741687,0.00015299164806492627,0.45283621549606323,0.6528362035751343
PD+FF,speed_step,1077,True,True,0.29723821922410965,0.10957146785393705,0.033308321248243684,0.08803754299879074,0.09624611586332321,0.01812174212804782,0.755,0.9893238434163701,0.10000000000000053,0.0,0.00012769157183356583,0.21948732435703278,0.00020628151833079755,9.690971637610346e-05,0.2694230377674103,0.4694230258464813
PD+FF,speed_step,1078,True,True,0.2625201150464578,0.09677674388069715,0.031583662547763326,0.08274928480386734,0.09068269282579422,0.013771969705109702,0.77,0.9893238434163701,0.10000000000000053,0.0,0.00012616673484444618,0.21947072446346283,0.00020187035261187702,9.389474871568382e-05,0.23459486663341522,0.43459486961364746
PD+FF,speed_step,1079,True,True,0.31550867891062456,0.12083633709123397,0.03647118870735881,0.09646281599998474,0.10577043890953064,0.017592633747952502,0.745,0.9893238434163701,0.10000000000000053,0.0,0.00012811960186809301,0.21935120224952698,0.0002124634338542819,9.968584345187992e-05,0.4896434247493744,0.6896434426307678
PD+FF,speed_step,1080,True,True,0.2797613655734486,0.10533049419575487,0.03357282893313612,0.087729811668396,0.09674903005361557,0.014282039565180874,0.76,0.9893238434163701,0.10000000000000053,0.0,0.00012655678438022733,0.2194041609764099,0.00021176954032853246,9.878130367724225e-05,0.367546945810318,0.5675469636917114
PD+FF,speed_step,1081,True,True,0.4711817986113957,0.1808784589067552,0.050620187318519694,0.13514980673789978,0.14972929656505585,0.017484161424743273,0.705,0.9928825622775801,0.05000000000000071,0.0,0.0001345423370366916,0.218825101852417,0.00030474268714897335,0.00014204005128704011,0.3006768822669983,0.5006768703460693
PD+FF,speed_step,1082,True,True,0.3093632858986921,0.11855807267918729,0.03795742503687644,0.0991319864988327,0.10977653414011002,0.006116118731311936,0.75,0.9928825622775801,0.05000000000000071,0.0,0.00012670809519477189,0.21916374564170837,0.0002313725562999025,0.0001083306924556382,0.3117980659008026,0.511798083782196
PD+FF,speed_step,1083,True,True,0.4452565173058385,0.16915965736847868,0.04852106467623364,0.1298629492521286,0.14271964132785797,0.012585105575090183,0.7125,0.9928825622775801,0.05000000000000071,0.0,0.00013319466961547732,0.2188464254140854,0.0002824322727974504,0.00013236493396107107,0.21643398702144623,0.41643399000167847
PD+FF,speed_step,1084,True,True,0.3416108075160013,0.12957355517579391,0.03847308106747197,0.1015707403421402,0.11198904365301132,0.018247787650700897,0.7375,0.9893238434163701,0.10000000000000053,0.0,0.0001290649379370734,0.21928605437278748,0.0002475679502822459,0.00011432886094553396,0.4071005880832672,0.6071006059646606
PD+FF,speed_step,1085,True,True,0.24870483931068335,0.09767810126236724,0.033690980260208614,0.08704812079668045,0.09679262340068817,0.0017007100397184295,0.77,0.9928825622775801,0.05000000000000071,0.0,0.00012455598334781826,0.21929271519184113,0.00022049986000638455,0.00010189975000685081,0.4138740301132202,0.6138740181922913
PD+FF,speed_step,1086,True,True,0.3175133530643832,0.12252253259211096,0.037757518215420276,0.09931894391775131,0.10943695157766342,0.014085237783165987,0.7475,0.9928825622775801,0.05000000000000071,0.0,0.00012764132407028228,0.21924644708633423,0.0002292014250997454,0.0001067827470251359,0.4387705326080322,0.6387705206871033
PD+FF,speed_step,1087,True,True,0.46012817268171674,0.17713781330878914,0.04976997968195473,0.13293643295764923,0.14705033600330353,0.01751482627144523,0.7075,0.9928825622775801,0.05000000000000071,0.0,0.00013390107778832316,0.21885614097118378,0.00028319100965745747,0.00013345370825845748,0.3274095356464386,0.527409553527832
PD+FF,speed_step,1088,True,True,0.46436902736910446,0.18332944609702706,0.05100608763904445,0.13609887659549713,0.15106728672981262,0.018838375427967107,0.695,0.9822064056939501,0.3000000000000007,0.0,0.00013293948723003268,0.21882875263690948,0.0003098986344411969,0.00014425942208617926,0.4605681300163269,0.660568118095398
PD+FF,speed_step,1089,True,True,0.6365198396407238,0.2626746950822517,0.06903514439912174,0.18303240835666656,0.2087336778640747,0.01177073786851672,0.6425,0.9145907473309609,1.1500000000000004,0.0,0.00013237458188086748,0.21813353896141052,0.00038323531043715775,0.00018033025844488293,0.37915652990341187,0.5791565179824829
PD+FF,speed_step,1090,True,True,0.3483219399388318,0.13198125250660697,0.040108296769148274,0.10609831660985947,0.11659056693315506,0.013176460787777393,0.7375,0.9928825622775801,0.05000000000000071,0.0,0.00012884422903880477,0.21914973855018616,0.0002384074468864128,0.0001120614106184803,0.30003631114959717,0.5000362992286682
PD+FF,speed_step,1091,True,True,0.6470815681576757,0.2646395683827798,0.0693748244938826,0.1838824450969696,0.20999634265899658,0.013887470050842307,0.6425,0.9145907473309609,1.1500000000000004,0.0,0.00013371741806622595,0.21813546121120453,0.0004153495829086751,0.00019338562560733408,0.36124923825263977,0.5612492561340332
PD+FF,speed_step,1092,True,True,0.6365483065870532,0.25808539552119925,0.06822761193434039,0.18101613223552704,0.20582431554794312,0.004543517930459556,0.645,0.9181494661921709,1.1000000000000005,0.0,0.00013310658687260002,0.21813154220581055,0.00040989869739860296,0.00019050172704737633,0.31251582503318787,0.5125158429145813
PD+FF,speed_step,1093,True,True,0.3020569154304815,0.11987783644447254,0.038462114297571175,0.10046060383319855,0.11126279085874557,0.001588774785791263,0.7475,0.9928825622775801,0.05000000000000071,0.0,0.0001260017597815022,0.21913084387779236,0.0002538297849241644,0.00011731434642570093,0.43002596497535706,0.6300259828567505
PD+FF,speed_step,1094,True,True,0.30640588938715646,0.1147775711402111,0.0364888550709058,0.09526427835226059,0.10545481741428375,0.011266869091331835,0.7525,0.9928825622775801,0.05000000000000071,0.0,0.000127297273138538,0.21925726532936096,0.0002115811366820708,9.940810559783131e-05,0.2514164447784424,0.4514164328575134
PD+FF,speed_step,1095,True,True,0.4192927288747783,0.16225095583631255,0.04735364743872594,0.12508974969387054,0.13886809349060059,0.008014199685916462,0.715,0.9928825622775801,0.05000000000000071,0.0,0.00013101613149046898,0.21885262429714203,0.00027727687847800553,0.00013037503231316805,0.2943161725997925,0.4943161606788635
PD+FF,speed_step,1096,True,True,0.2656730032240692,0.09787253415323954,0.031028144741277148,0.08110039681196213,0.08917268365621567,0.01594361293954368,0.7675,0.9893238434163701,0.10000000000000053,0.0,0.00012642242654692382,0.21953243017196655,0.00018711065058596432,8.859518857207149e-05,0.27283963561058044,0.4728396236896515
PD+FF,speed_step,1097,True,True,0.4012331202504883,0.15503733929368604,0.04603583723427205,0.12145012617111206,0.13465240597724915,0.0007384159138304309,0.72,0.9928825622775801,0.05000000000000071,0.0,0.00012999818136449903,0.21887406706809998,0.0002746886166278273,0.00012852181680500507,0.27344202995300293,0.473442018032074
PD+FF,speed_step,1098,True,True,0.43193391474252907,0.17620221568400685,0.050515832411098624,0.13519328832626343,0.1487390100955963,0.005000289256936202,0.7075,0.9928825622775801,0.05000000000000071,0.0,0.00012816688104066998,0.21873123943805695,0.00029028611606918275,0.0001363347691949457,0.4742331802845001,0.6742331981658936
PD+FF,speed_step,1099,True,True,0.6372527530314658,0.26527409418702114,0.06980774737306798,0.1851072609424591,0.21098768711090088,0.0018836641292372793,0.6425,0.9145907473309609,1.1500000000000004,0.0,0.000130685672047548,0.21807405352592468,0.0003930521779693663,0.00018471946532372385,0.36984628438949585,0.5698462724685669
Direct PPO,speed_step,1000,True,True,0.3449585765920188,0.005882586015537881,0.010770578294157125,0.011381333693861961,0.017082510516047478,0.003878784898653756,0.84,0.9893238434163701,0.10000000000000053,0.010929107666015625,0.004019654355943203,0.6597903966903687,0.011379403993487358,7.0972419052850455e-06,0.34128254652023315,0.5412825345993042
Direct PPO,speed_step,1001,True,True,0.3405295957093044,0.008482922463151264,0.00913192486836695,0.010111512616276741,0.02038329839706421,0.0016224032873104592,0.86,0.9893238434163701,0.10000000000000053,0.009368419647216797,0.0047000739723443985,0.7457000613212585,0.009436991065740585,1.382651589665329e-06,0.25630688667297363,0.4563068747520447
Direct PPO,speed_step,1002,True,True,0.4527204847785155,0.01799957009266691,0.012355976472461257,0.014509904198348522,0.02322375401854515,0.006839447253234845,0.8075,0.9893238434163701,0.10000000000000053,0.010920524597167969,0.002950152615085244,0.5706863403320312,0.012325771152973175,6.264028797886567e-07,0.4242836833000183,0.6242836713790894
Direct PPO,speed_step,1003,True,True,0.5298106034821458,0.009961445627683379,0.011136737889358051,0.01150594837963581,0.02055875025689602,0.004267995699004828,0.8,0.9893238434163701,0.10000000000000053,0.011000633239746094,0.00411697244271636,0.6496580243110657,0.011503142304718494,5.031801038057893e-07,0.34840381145477295,0.548403799533844
Direct PPO,speed_step,1004,True,True,0.5953903959715376,0.0035928231853395876,0.008648477045997768,0.008996453136205673,0.018329331651329994,0.001387413244441753,0.8,0.9893238434163701,0.10000000000000053,0.0089569091796875,0.0049441116861999035,0.7623609304428101,0.008995477110147476,1.9737021830223966e-06,0.24154320359230042,0.44154319167137146
Direct PPO,speed_step,1005,True,True,0.5782442246416384,0.008914682583215884,0.009844848167074111,0.010240848176181316,0.018271509557962418,0.0028772218663742377,0.8,0.9893238434163701,0.10000000000000053,0.010080814361572266,0.0045048268511891365,0.7159461379051208,0.010238437913358212,1.9733522549358895e-06,0.28618520498275757,0.4861851930618286
Direct PPO,speed_step,1006,True,True,0.4191006299844506,0.004279162682654179,0.009802114194266173,0.010316139087080956,0.01769726164638996,0.0025894186111699133,0.8275,0.9893238434163701,0.10000000000000053,0.010144233703613281,0.00422974769026041,0.712945282459259,0.010314379818737507,3.4922420582006453e-06,0.28934937715530396,0.489349365234375
Direct PPO,speed_step,1007,True,True,0.6249930754230496,0.029124220288295876,0.012744576126281512,0.018596293404698372,0.029139632359147072,0.006578339452845293,0.7775,0.9893238434163701,0.10000000000000053,0.011116981506347656,0.003411587094888091,0.5985053777694702,0.012061983346939087,8.88886188477045e-06,0.39287856221199036,0.5928785800933838
Direct PPO,speed_step,1008,True,True,0.5105567329318703,0.006092025028871634,0.009275654840674963,0.009688982740044594,0.0178382471203804,0.0022040251533397685,0.8125,0.9893238434163701,0.10000000000000053,0.009598731994628906,0.0044832234270870686,0.7379820942878723,0.00968992244452238,1.9140807125950232e-06,0.26522985100746155,0.4652298390865326
Direct PPO,speed_step,1009,True,True,0.5384357941480562,0.0060198708797082785,0.007914231550886467,0.008547251112759113,0.018115568906068802,0.0009718382525858016,0.81,0.9893238434163701,0.10000000000000053,0.00812673568725586,0.0050547015853226185,0.7904881834983826,0.008132930845022202,1.14059128009103e-06,0.2149554342031479,0.4149554371833801
Direct PPO,speed_step,1010,True,True,0.6519879224633768,0.06311741084062776,0.016609075571799723,0.03391965478658676,0.04828181117773056,0.010686515697601241,0.7575,0.9928825622775801,0.05000000000000071,0.009997367858886719,0.0018970444798469543,0.5025315880775452,0.012567228637635708,1.3504665048458264e-06,0.4753030240535736,0.675303041934967
Direct PPO,speed_step,1011,True,True,0.43579144559296457,0.003652620118376349,0.009203586174431672,0.00964696891605854,0.01783309131860733,0.0019805743361394723,0.825,0.9893238434163701,0.10000000000000053,0.009560585021972656,0.004421176854521036,0.7394533157348633,0.009647910483181477,3.253848717577057e-06,0.26378002762794495,0.463780015707016
Direct PPO,speed_step,1012,True,True,0.43927914090863224,0.0052709742773465774,0.009415448882579898,0.009856099262833595,0.017832307144999504,0.002277150488268597,0.8275,0.9893238434163701,0.10000000000000053,0.009745597839355469,0.004430295899510384,0.7313938140869141,0.009854965843260288,6.799110906285932e-06,0.2715309262275696,0.4715309143066406
Direct PPO,speed_step,1013,True,True,0.2859062558545183,0.002576074089404244,0.011405960929993351,0.012148821726441383,0.016670992597937584,0.005253792503959745,0.865,0.9893238434163701,0.10000000000000053,0.011080741882324219,0.0034329229965806007,0.5979535579681396,0.012142595835030079,1.1268085472693201e-05,0.401797890663147,0.601797878742218
Direct PPO,speed_step,1014,True,True,0.44331480814714397,0.025736901992870077,0.013212732092234308,0.018507400527596474,0.026819882914423943,0.008783470408088774,0.805,0.9893238434163701,0.10000000000000053,0.010141372680664062,0.00190136325545609,0.5231783986091614,0.012542800977826118,2.431764187349472e-06,0.4693894386291504,0.6693894267082214
Direct PPO,speed_step,1015,True,True,0.4491454261361142,0.014495568578343014,0.011842977474421309,0.012704604305326939,0.021129684522747993,0.00575552638454381,0.8125,0.9893238434163701,0.10000000000000053,0.011128425598144531,0.0033329653088003397,0.6046204566955566,0.01206577941775322,1.0181828429267625e-06,0.39239153265953064,0.5923915505409241
Direct PPO,speed_step,1016,True,True,0.4813278564780796,0.004972845320205141,0.010195328885465272,0.010704451240599155,0.01817699335515499,0.0030293902104023165,0.8125,0.9893238434163701,0.10000000000000053,0.010460376739501953,0.004324486944824457,0.6951644420623779,0.010702029801905155,2.927427885879297e-06,0.3060871958732605,0.5060871839523315
Direct PPO,speed_step,1017,True,True,0.2356678497189766,0.013443420272377047,0.012401945923425754,0.012633527629077435,0.01623282954096794,0.008908098495837152,0.8575,0.9893238434163701,0.10000000000000053,0.009521484375,0.0015633911825716496,0.5084444880485535,0.012624955736100674,1.0256675523123704e-05,0.4917738139629364,0.6917738318443298
Direct PPO,speed_step,1018,True,True,0.3507128097147026,0.01543411749999485,0.012484240329047906,0.014003139920532703,0.02094235084950924,0.007977906957629701,0.8275,0.9893238434163701,0.10000000000000053,0.010319709777832031,0.0021497232373803854,0.5350080728530884,0.012510555796325207,3.0617752599937376e-06,0.4614541530609131,0.6614541411399841
Direct PPO,speed_step,1019,True,True,0.5030681944293494,0.009120578436855212,0.010956670832024545,0.011365005746483803,0.019801702350378036,0.00405701198731769,0.805,0.9893238434163701,0.10000000000000053,0.010921478271484375,0.004170859232544899,0.6588706374168396,0.011362720280885696,3.586729008020484e-06,0.34006524085998535,0.5400652289390564
Direct PPO,speed_step,1020,True,True,0.2906802447758805,0.003546677286686253,0.008306336755773963,0.00978085771203041,0.02022433467209339,0.001081066447091043,0.86,0.9893238434163701,0.10000000000000053,0.008379459381103516,0.005102737341076136,0.780456006526947,0.0083922715857625,2.3000895907898666e-06,0.2227078378200531,0.42270782589912415
Direct PPO,speed_step,1021,True,True,0.521656624071904,0.03658301351763906,0.014388582519456074,0.023585209622979164,0.033951010555028915,0.010106157295310919,0.79,0.9928825622775801,0.05000000000000071,0.009343147277832031,0.001584752113558352,0.4898250102996826,0.012650839053094387,9.794078323466238e-06,0.49743902683258057,0.6974390149116516
Direct PPO,speed_step,1022,True,True,0.667702865447547,0.02835295484259753,0.012509014230392808,0.018094124272465706,0.02866656705737114,0.0061563846269038274,0.7725,0.9893238434163701,0.10000000000000053,0.011138916015625,0.0036263426300138235,0.6150776743888855,0.011899669654667377,1.0961631460304488e-06,0.37694433331489563,0.5769443511962891
Direct PPO,speed_step,1023,True,True,0.5257243114454195,0.035146701002587884,0.013941448087745327,0.02195735275745392,0.03186767175793648,0.009444789218637067,0.79,0.9893238434163701,0.10000000000000053,0.010057449340820312,0.0019132422748953104,0.5165514945983887,0.012557024136185646,1.8105311028193682e-06,0.4728805720806122,0.6728805899620056
Direct PPO,speed_step,1024,True,True,0.44187752652957274,0.002385236951100335,0.01024220986059418,0.010811633430421352,0.018029727041721344,0.0029843519594008644,0.8225,0.9893238434163701,0.10000000000000053,0.010543346405029297,0.004444718360900879,0.6900818347930908,0.010809638537466526,3.22563573718071e-06,0.3110935389995575,0.5110935568809509
Direct PPO,speed_step,1025,True,True,0.18859446102318436,0.0015847335988409138,0.00890605330987994,0.00923764519393444,0.019005872309207916,0.0016630760663297298,0.8825,0.9893238434163701,0.10000000000000053,0.00915384292602539,0.004615718498826027,0.7541878819465637,0.009205881506204605,6.5289514168398455e-06,0.24864348769187927,0.4486434757709503
Direct PPO,speed_step,1026,True,True,0.4932097499617895,0.004513897813641327,0.009068113418605445,0.009492035023868084,0.017709633335471153,0.0019060250105347979,0.815,0.9893238434163701,0.10000000000000053,0.009417057037353516,0.004509943071752787,0.7452221512794495,0.009490719996392727,6.320338798104785e-06,0.2583710551261902,0.45837104320526123
Direct PPO,speed_step,1027,True,True,0.6262309637559872,0.023235656436210957,0.012100378704821434,0.016401737928390503,0.02645030803978443,0.005587801072982742,0.7775,0.9893238434163701,0.10000000000000053,0.011109352111816406,0.0037266172003000975,0.6239315271377563,0.011796967126429081,9.0065677795792e-06,0.36954861879348755,0.5695486068725586
Direct PPO,speed_step,1028,True,True,0.22256720926959397,0.005014619542381436,0.011464853926788105,0.012161766178905964,0.015675337985157967,0.005474452759253709,0.8675,0.9893238434163701,0.10000000000000053,0.011087417602539062,0.003351036459207535,0.5980221033096313,0.012158393859863281,3.116129391855793e-06,0.4025936424732208,0.6025936603546143
Direct PPO,speed_step,1029,True,True,0.2119027914865196,0.0035549457799432223,0.00814409180243075,0.01013247948139906,0.02022167667746544,0.0013333425217812427,0.88,0.9893238434163701,0.10000000000000053,0.008113861083984375,0.004632794298231602,0.788511335849762,0.008119969628751278,6.647534519288456e-06,0.214758962392807,0.41475895047187805
Direct PPO,speed_step,1030,True,True,0.5795106113616194,0.030194007100178038,0.01333911264677858,0.020060613751411438,0.030620142817497253,0.007833901703214834,0.785,0.9893238434163701,0.10000000000000053,0.010646820068359375,0.0024754973128437996,0.5453968048095703,0.012429104186594486,6.277271040744381e-06,0.4438457489013672,0.6438457369804382
Direct PPO,speed_step,1031,True,True,0.3341387652617091,0.012592968701198247,0.011634128870425253,0.012127706781029701,0.016663702204823494,0.005781769983576744,0.8475,0.9893238434163701,0.10000000000000053,0.011106491088867188,0.0030513249803334475,0.6020528078079224,0.012124039232730865,2.284912397954031e-06,0.39864641427993774,0.5986464023590088
Direct PPO,speed_step,1032,True,True,0.23983428494101622,0.008107851885783363,0.0124004539899063,0.012666982598602772,0.017196200788021088,0.008983833370688782,0.8625,0.9893238434163701,0.10000000000000053,0.009295463562011719,0.0016887563979253173,0.49964460730552673,0.01265872921794653,8.531824278179556e-06,0.49894750118255615,0.6989474892616272
Direct PPO,speed_step,1033,True,True,0.2802422501482151,0.014323415568833205,0.012356134307365202,0.012576380744576454,0.017113078385591507,0.008410435989542605,0.85,0.9893238434163701,0.10000000000000053,0.00997161865234375,0.001776200020685792,0.5234838724136353,0.012568562291562557,2.999464641106897e-06,0.4761985242366791,0.6761985421180725
Direct PPO,speed_step,1034,True,True,0.17642812525838455,0.007631452463367778,0.008572035294800991,0.011941666714847088,0.02280806191265583,0.001135893312911545,0.8825,0.9893238434163701,0.10000000000000053,0.008400440216064453,0.004611795302480459,0.7777145504951477,0.008413790725171566,2.4886463734219433e-07,0.22327283024787903,0.4232728183269501
Direct PPO,speed_step,1035,True,True,0.49269034168062675,0.024384987053680005,0.01285534621977784,0.017594514414668083,0.026621902361512184,0.00755542647824804,0.7975,0.9893238434163701,0.10000000000000053,0.010744094848632812,0.002728185849264264,0.555727481842041,0.01238504983484745,1.3892527931602672e-05,0.436818927526474,0.6368189454078674
Direct PPO,speed_step,1036,True,True,0.47770469532763216,0.010974537946338405,0.011112399470997411,0.011515888385474682,0.01926247403025627,0.004427429110376816,0.8125,0.9893238434163701,0.10000000000000053,0.011006355285644531,0.003912187181413174,0.6503385901451111,0.01151343248784542,3.953391001232376e-07,0.34900519251823425,0.5490052103996277
Direct PPO,speed_step,1037,True,True,0.46809209252803213,0.012032444668796572,0.011649489483091179,0.012076407670974731,0.020789258182048798,0.0052938428740673974,0.81,0.9893238434163701,0.10000000000000053,0.011137962341308594,0.0037225799169391394,0.6144850850105286,0.011961797252297401,2.8761082830897067e-06,0.38270920515060425,0.5827091932296753
Direct PPO,speed_step,1038,True,True,0.46289908153862547,0.002099579017676956,0.010367285748934295,0.010955877602100372,0.018470728769898415,0.0030538222667675276,0.8225,0.9893238434163701,0.10000000000000053,0.010651588439941406,0.004174359608441591,0.6824833154678345,0.010955467820167542,2.883612978621386e-06,0.31811848282814026,0.5181185007095337
Direct PPO,speed_step,1039,True,True,0.18726313192080224,0.004464646975351127,0.011023707581298971,0.011761248111724854,0.015596081502735615,0.0043702829774390555,0.88,0.9893238434163701,0.10000000000000053,0.011104583740234375,0.0036774512846022844,0.6353539824485779,0.011758986860513687,3.228535206289962e-06,0.3661683201789856,0.5661683082580566
Direct PPO,speed_step,1040,True,True,0.24270944932024652,0.009800403732147698,0.011653814484211647,0.01224775891751051,0.015465401113033295,0.006019178982108309,0.8675,0.9893238434163701,0.10000000000000053,0.011011123657226562,0.0028028644155710936,0.5875356793403625,0.012242182157933712,7.395439297397388e-06,0.4134989380836487,0.6134989261627197
Direct PPO,speed_step,1041,True,True,0.20017669282815503,0.007613737694746403,0.012035539727727248,0.012533632107079029,0.015659280121326447,0.0076605153776187675,0.8725,0.9893238434163701,0.10000000000000053,0.010241508483886719,0.002148555824533105,0.5347744226455688,0.012527587823569775,8.542237992514856e-07,0.46515655517578125,0.6651565432548523
Direct PPO,speed_step,1042,True,True,0.4416920976606354,0.010303162727197609,0.011443883338466809,0.01184727344661951,0.01986042410135269,0.0049500512918751,0.8175,0.9893238434163701,0.10000000000000053,0.011125564575195312,0.003905647899955511,0.6253080368041992,0.01184443011879921,3.3541205084475223e-06,0.3728010952472687,0.5728011131286621
Direct PPO,speed_step,1043,True,True,0.5445506684936041,0.004228275881823007,0.010478406864587243,0.010981577448546886,0.019266661256551743,0.0032249538910994902,0.805,0.9893238434163701,0.10000000000000053,0.010668754577636719,0.004210829269140959,0.6803855895996094,0.010980253107845783,4.775392881128937e-06,0.31946444511413574,0.5194644331932068
Direct PPO,speed_step,1044,True,True,0.573276147445184,0.007649286822117257,0.007770586027502008,0.008610956370830536,0.0178433395922184,0.001164965951253814,0.805,0.9893238434163701,0.10000000000000053,0.007939338684082031,0.004886495880782604,0.7962364554405212,0.007942389696836472,7.332501809287351e-06,0.20961801707744598,0.4096180200576782
Direct PPO,speed_step,1045,True,True,0.2193015872590019,0.0042083744536585855,0.011573491433011337,0.012267816811800003,0.015624770894646645,0.005845551679255704,0.87,0.9893238434163701,0.10000000000000053,0.010995864868164062,0.0031225967686623335,0.5845288038253784,0.012262595817446709,4.4194980546308216e-06,0.4158290922641754,0.6158291101455688
Direct PPO,speed_step,1046,True,True,0.6170377433183606,0.029275268916906457,0.012794186249484196,0.018684858456254005,0.029187412932515144,0.006685744881928078,0.7775,0.9893238434163701,0.10000000000000053,0.011115074157714844,0.0033249040134251118,0.5948222875595093,0.01210445910692215,1.9562039597076364e-06,0.39649125933647156,0.596491277217865
Direct PPO,speed_step,1047,True,True,0.3139496322671952,0.0023588884529995666,0.009953374492575082,0.010542411357164383,0.017388567328453064,0.0026562374184468883,0.85,0.9893238434163701,0.10000000000000053,0.010332107543945312,0.004617071710526943,0.7034112215042114,0.010540667921304703,3.575559333057754e-07,0.29876548051834106,0.4987654685974121
Direct PPO,speed_step,1048,True,True,0.32551762558423264,0.009823636198245325,0.012395294456079207,0.012929135002195835,0.01922769658267498,0.008400558135900705,0.8425,0.9893238434163701,0.10000000000000053,0.009802818298339844,0.001915149623528123,0.5146001577377319,0.012592299841344357,3.893707344104769e-06,0.4824531674385071,0.6824531555175781
Direct PPO,speed_step,1049,True,True,0.5258622219848758,0.028240930590012536,0.013078855643132103,0.0188728217035532,0.02858107164502144,0.007673793067167363,0.79,0.9893238434163701,0.10000000000000053,0.01079559326171875,0.0026314198039472103,0.5580189228057861,0.012367958202958107,1.16302562673809e-05,0.43331217765808105,0.6333121657371521
Direct PPO,speed_step,1050,True,True,0.42589971495190887,0.02706888210904029,0.013620703353994894,0.01982356235384941,0.028044216334819794,0.009865630254846717,0.805,0.9893238434163701,0.10000000000000053,0.009295463562011719,0.0016293867956846952,0.49277251958847046,0.012655507773160934,1.1812946468126029e-05,0.49881017208099365,0.6988101601600647
Direct PPO,speed_step,1051,True,True,0.23403430919652501,0.004598784547636931,0.0091501434649479,0.009502816013991833,0.019645381718873978,0.0016509105190649631,0.8775,0.9893238434163701,0.10000000000000053,0.009428024291992188,0.004642341285943985,0.7436994910240173,0.009501616470515728,1.176460273200064e-06,0.2584548592567444,0.45845484733581543
Direct PPO,speed_step,1052,True,True,0.460243075839962,0.006452401348265179,0.010583398230394168,0.011091075837612152,0.018443750217556953,0.0035499713423590637,0.815,0.9893238434163701,0.10000000000000053,0.010747909545898438,0.0042483508586883545,0.6755348443984985,0.011090557090938091,1.7047033225026098e-06,0.32490968704223633,0.5249096751213074
Direct PPO,speed_step,1053,True,True,0.22907914735932822,0.0061030733103677555,0.011896705400659482,0.012455567717552185,0.01602521538734436,0.007023762794093453,0.865,0.9893238434163701,0.10000000000000053,0.010564804077148438,0.0024886801838874817,0.5511560440063477,0.012449229136109352,8.409778274653945e-06,0.44851720333099365,0.6485171914100647
Direct PPO,speed_step,1054,True,True,0.6232584463268396,0.017440585943982602,0.01140555945667071,0.013456705957651138,0.02318165823817253,0.004715013888925795,0.7825,0.9893238434163701,0.10000000000000053,0.010967254638671875,0.004048543516546488,0.652186393737793,0.011438976973295212,6.396252842932881e-07,0.3443475067615509,0.5443475246429443
Direct PPO,speed_step,1055,True,True,0.2756047706815459,0.003053632373372842,0.011103274607069908,0.011870210990309715,0.016847310587763786,0.004422730509772391,0.8675,0.9893238434163701,0.10000000000000053,0.011125564575195312,0.0038011304568499327,0.6252848505973816,0.011867474764585495,7.038372586976038e-06,0.37500709295272827,0.5750070810317993
Direct PPO,speed_step,1056,True,True,0.2179781338935372,0.0043893173320533685,0.01061301555940253,0.011335721239447594,0.01762201450765133,0.003395686989957634,0.8825,0.9893238434163701,0.10000000000000053,0.010906219482421875,0.004057297483086586,0.6626646518707275,0.011333857662975788,4.3951104089501314e-07,0.33817118406295776,0.5381711721420288
Direct PPO,speed_step,1057,True,True,0.3889287099104798,0.0035174558610542414,0.009964098754049714,0.010518970899283886,0.01753554679453373,0.002728325679112345,0.8325,0.9893238434163701,0.10000000000000053,0.010311126708984375,0.004295078571885824,0.7040208578109741,0.010517093352973461,6.797949936299119e-06,0.2980625629425049,0.4980625510215759
Direct PPO,speed_step,1058,True,True,0.6166266828105006,0.012779394126638024,0.011194934483908462,0.01232150662690401,0.022322924807667732,0.0042219974368918455,0.785,0.9893238434163701,0.10000000000000053,0.010949134826660156,0.004135219845920801,0.6543412208557129,0.011407113634049892,2.8430221732378413e-07,0.34246277809143066,0.5424627661705017
Direct PPO,speed_step,1059,True,True,0.3785343815411522,0.0031744462064654416,0.010562444940338629,0.011185945011675358,0.017471348866820335,0.003458700119858801,0.835,0.9893238434163701,0.10000000000000053,0.010811328887939453,0.0042875176295638084,0.6711550354957581,0.011183802038431168,1.6846544212967274e-06,0.3298633396625519,0.5298633575439453
Direct PPO,speed_step,1060,True,True,0.2336483926379703,0.0027393465744823433,0.011998965244232777,0.01256841141730547,0.015848077833652496,0.007880661690261932,0.8625,0.9893238434163701,0.10000000000000053,0.009918212890625,0.001896256348118186,0.5217675566673279,0.012561102397739887,1.6871159459697083e-05,0.4775193929672241,0.6775193810462952
Direct PPO,speed_step,1061,True,True,0.2824026337640013,0.00299571701686921,0.009750201541874384,0.010310733690857887,0.01734599843621254,0.002461316503415976,0.8575,0.9893238434163701,0.10000000000000053,0.01013946533203125,0.004292587749660015,0.7133268713951111,0.010309471748769283,6.113342806202127e-06,0.28927016258239746,0.4892701506614685
Direct PPO,speed_step,1062,True,True,0.33135181087346893,0.006843142937846721,0.011848564176819253,0.01235272642225027,0.01801156997680664,0.006418531856089648,0.8425,0.9893238434163701,0.10000000000000053,0.010845184326171875,0.0028850033413618803,0.5690503120422363,0.012342924252152443,1.2937089195474982e-05,0.4292861223220825,0.6292861104011536
Direct PPO,speed_step,1063,True,True,0.17909635801706175,0.005883944570325736,0.009799094054914834,0.010322995483875275,0.017288003116846085,0.002659126737110137,0.88,0.9893238434163701,0.10000000000000053,0.010150432586669922,0.0039016015361994505,0.7131533622741699,0.010320792905986309,2.151911985492916e-06,0.2895512878894806,0.48955127596855164
Direct PPO,speed_step,1064,True,True,0.44111354647462137,0.0028650835792061007,0.008706542108142307,0.009037225507199764,0.018437789753079414,0.0015050830793118615,0.825,0.9893238434163701,0.10000000000000053,0.008995532989501953,0.004883310291916132,0.7608755230903625,0.009036228992044926,3.39515224823117e-07,0.24278511106967926,0.4427851140499115
Direct PPO,speed_step,1065,True,True,0.18830182697589623,0.003123198707364283,0.011815436371212584,0.012481014244258404,0.015108730643987656,0.007036128929574755,0.885,0.9893238434163701,0.10000000000000053,0.010472297668457031,0.002270827768370509,0.5463736057281494,0.01247542817145586,5.730721568397712e-06,0.453745573759079,0.6537455916404724
Direct PPO,speed_step,1066,True,True,0.3567524475994323,0.0027416290689795952,0.007870222795124674,0.009612897410988808,0.01963622123003006,0.000997195699061644,0.845,0.9893238434163701,0.10000000000000053,0.007887840270996094,0.004972932860255241,0.7961968779563904,0.007890157401561737,5.5151813285192475e-06,0.20805609226226807,0.4080560803413391
Direct PPO,speed_step,1067,True,True,0.2332469395506567,0.00696826828492343,0.00785074722497308,0.010522842407226562,0.020564323291182518,0.001496791859040304,0.855,0.9893238434163701,0.10000000000000053,0.007665157318115234,0.004299911204725504,0.802122175693512,0.007665495853871107,5.842068730999017e-07,0.20151829719543457,0.4015182852745056
Direct PPO,speed_step,1068,True,True,0.2118842474409267,0.0035320221811650245,0.00894788597735058,0.009269359521567822,0.018665464594960213,0.0018044485045901498,0.88,0.9893238434163701,0.10000000000000053,0.009212493896484375,0.004411919508129358,0.7525696158409119,0.009268115274608135,1.77674806423056e-07,0.25048118829727173,0.4504811763763428
Direct PPO,speed_step,1069,True,True,0.20979683750565334,0.007558722223695823,0.00891314710213365,0.00934117753058672,0.01855550706386566,0.0020525112071974965,0.86,0.9893238434163701,0.10000000000000053,0.00913095474243164,0.0037312519270926714,0.7558704614639282,0.009180519729852676,9.100758120439423e-07,0.24751581251621246,0.4475158154964447
Direct PPO,speed_step,1070,True,True,0.494081716835052,0.007031193562688358,0.008382855093422147,0.009010299108922482,0.01827101781964302,0.0016233872263158946,0.8225,0.9893238434163701,0.10000000000000053,0.008586406707763672,0.004900109954178333,0.7752512693405151,0.008606539107859135,1.320300725637935e-06,0.22921264171600342,0.42921262979507446
Direct PPO,speed_step,1071,True,True,0.48215239283679323,0.006604711392962819,0.00937547189323347,0.009815651923418045,0.017599700018763542,0.0023093326583303333,0.82,0.9893238434163701,0.10000000000000053,0.009710311889648438,0.0045124986208975315,0.7335106730461121,0.00981409102678299,4.499946157920931e-07,0.26974478363990784,0.4697447717189789
Direct PPO,speed_step,1072,True,True,0.3995541204897572,0.02067989473968355,0.012828259707330963,0.015879055485129356,0.023589832708239555,0.008438269603275667,0.8175,0.9893238434163701,0.10000000000000053,0.010221481323242188,0.0019807175267487764,0.5287306308746338,0.01253291592001915,8.312369459417823e-07,0.4661308228969574,0.6661308407783508
Direct PPO,speed_step,1073,True,True,0.49207453094118686,0.015831285300160543,0.01173255135160299,0.012640366330742836,0.020985396578907967,0.00554785179292775,0.81,0.9893238434163701,0.10000000000000053,0.011137962341308594,0.0035874571185559034,0.6176151633262634,0.01193199958652258,2.1704338450945215e-06,0.3800120949745178,0.5800120830535889
Direct PPO,speed_step,1074,True,True,0.16814201669066503,0.007445954399417769,0.01225372007809073,0.012657945044338703,0.015296541154384613,0.00880225406351228,0.8825,0.9893238434163701,0.10000000000000053,0.009388923645019531,0.0017291342373937368,0.5037445425987244,0.012650358490645885,3.7101542602613335e-06,0.4962819218635559,0.696281909942627
Direct PPO,speed_step,1075,True,True,0.27805037453964765,0.007719778746926598,0.008696175098150618,0.009360017254948616,0.01863052509725094,0.00192401666809658,0.855,0.9893238434163701,0.10000000000000053,0.008880615234375,0.004440002609044313,0.7645552754402161,0.008915253914892673,7.154189006541856e-06,0.23914383351802826,0.4391438364982605
Direct PPO,speed_step,1076,True,True,0.4825828137198661,0.02426938256653393,0.01299864124573276,0.017938489094376564,0.026830296963453293,0.00801593675611418,0.8,0.9893238434163701,0.10000000000000053,0.010497093200683594,0.00234687770716846,0.5393146276473999,0.012477000243961811,4.93403149448568e-07,0.45283621549606323,0.6528362035751343
Direct PPO,speed_step,1077,True,True,0.23385801433702977,0.008544161516113246,0.009486764553147597,0.010632184334099293,0.02100854367017746,0.0018653601896532277,0.865,0.9893238434163701,0.10000000000000053,0.009698867797851562,0.004445712547749281,0.7313741445541382,0.009801956824958324,3.7165077628742438e-06,0.2694230377674103,0.4694230258464813
Direct PPO,speed_step,1078,True,True,0.20081685117445444,0.006797490794393187,0.008730256545016428,0.010821194387972355,0.0216550063341856,0.0012745471577108405,0.89,0.9893238434163701,0.10000000000000053,0.008744239807128906,0.004673173185437918,0.766951858997345,0.008771813474595547,7.631237167515792e-06,0.23459486663341522,0.43459486961364746
Direct PPO,speed_step,1079,True,True,0.2589044580269434,0.015204642505142458,0.012399433185820307,0.012629465200006962,0.01584087498486042,0.008872780940716736,0.85,0.9893238434163701,0.10000000000000053,0.009593963623046875,0.0014995753299444914,0.5112446546554565,0.012620735913515091,4.5993529056431726e-06,0.4896434247493744,0.6896434426307678
Direct PPO,speed_step,1080,True,True,0.2227265650925982,0.009464567075498783,0.01110160671627932,0.011775118298828602,0.01511323731392622,0.004627069817054364,0.87,0.9893238434163701,0.10000000000000053,0.011104583740234375,0.0032119962852448225,0.634722888469696,0.011772645637392998,7.335336249525426e-06,0.367546945810318,0.5675469636917114
Direct PPO,speed_step,1081,True,True,0.40612793978187894,0.00809305827745291,0.010064963378706462,0.010580169036984444,0.01723358780145645,0.0030531290257811393,0.8375,0.9893238434163701,0.10000000000000053,0.0103607177734375,0.004323974251747131,0.7017802000045776,0.010578092187643051,5.785013854620047e-06,0.3006768822669983,0.5006768703460693
Direct PPO,speed_step,1082,True,True,0.25586899060577484,0.0018798487214502573,0.010171437167948197,0.010825109668076038,0.017051231116056442,0.0028841779775628197,0.865,0.9893238434163701,0.10000000000000053,0.010553359985351562,0.004456108435988426,0.6902137398719788,0.010823771357536316,3.880577423842624e-06,0.3117980659008026,0.511798083782196
Direct PPO,speed_step,1083,True,True,0.3796476742205803,0.0038852877554412884,0.008071756538919913,0.00936496164649725,0.019125064834952354,0.0012187981555724834,0.8425,0.9893238434163701,0.10000000000000053,0.008176326751708984,0.0049410052597522736,0.7878267168998718,0.008183597587049007,7.872361038607778e-07,0.21643398702144623,0.41643399000167847
Direct PPO,speed_step,1084,True,True,0.2784489579243911,0.0032139442417220827,0.011436864755845296,0.012191939167678356,0.016618946567177773,0.005383370287828968,0.8675,0.9893238434163701,0.10000000000000053,0.01104736328125,0.0032894203905016184,0.5926026701927185,0.01218446809798479,1.4366840332513675e-05,0.4071005880832672,0.6071006059646606
Direct PPO,speed_step,1085,True,True,0.20716940469828785,0.0061711457386319,0.011580493088880964,0.012248124927282333,0.015403547324240208,0.005862167091961631,0.8725,0.9893238434163701,0.10000000000000053,0.0110015869140625,0.0029347252566367388,0.5868175625801086,0.012239689007401466,1.2399929801176768e-05,0.4138740301132202,0.6138740181922913
Direct PPO,speed_step,1086,True,True,0.26019444170020745,0.00336994259085953,0.01176910304312889,0.012406954541802406,0.01630983129143715,0.006563858211204449,0.865,0.9893238434163701,0.10000000000000053,0.010723114013671875,0.0027118544094264507,0.5606254935264587,0.012401137501001358,8.290657206089236e-06,0.4387705326080322,0.6387705206871033
Direct PPO,speed_step,1087,True,True,0.39671206644442353,0.0029298857034730508,0.01049086701973385,0.011140392161905766,0.01819220557808876,0.003199364520990253,0.8375,0.9893238434163701,0.10000000000000053,0.010782241821289062,0.0041035539470613,0.6731873154640198,0.011139829643070698,3.725373289853451e-07,0.3274095356464386,0.527409553527832
Direct PPO,speed_step,1088,True,True,0.4110724017315237,0.013072029045710917,0.012392446579436863,0.01371300034224987,0.021488960832357407,0.007683608746394308,0.825,0.9893238434163701,0.10000000000000053,0.010326385498046875,0.0022647755686193705,0.5348905920982361,0.012498323805630207,1.2046628398820758e-05,0.4605681300163269,0.660568118095398
Direct PPO,speed_step,1089,True,True,0.6001455742098043,0.0234379552040896,0.0122168302714311,0.016407420858740807,0.026113776490092278,0.005904496996669573,0.7825,0.9893238434163701,0.10000000000000053,0.011141777038574219,0.003576450515538454,0.6145652532577515,0.011925983242690563,1.3699063856620342e-06,0.37915652990341187,0.5791565179824829
Direct PPO,speed_step,1090,True,True,0.28521605526730953,0.00343205400954292,0.009954228050486447,0.01056672353297472,0.017984364181756973,0.002508642781464741,0.8625,0.9893238434163701,0.10000000000000053,0.010352134704589844,0.004541478585451841,0.7017818689346313,0.01056653168052435,3.250692770961905e-06,0.30003631114959717,0.5000362992286682
Direct PPO,speed_step,1091,True,True,0.6079451550846477,0.016752081469708028,0.01165234216045227,0.01398091483861208,0.024037988856434822,0.004872305344994571,0.785,0.9893238434163701,0.10000000000000053,0.011084556579589844,0.003858797252178192,0.6338179111480713,0.011693802662193775,1.3502165074896766e-06,0.36124923825263977,0.5612492561340332
Direct PPO,speed_step,1092,True,True,0.6005790698930026,0.009309205600128465,0.010518455550624093,0.010864658281207085,0.020317867398262024,0.0034485196943404945,0.79,0.9893238434163701,0.10000000000000053,0.010567665100097656,0.004280302207916975,0.6868271231651306,0.010841566137969494,1.570363338032621e-06,0.31251582503318787,0.5125158429145813
Direct PPO,speed_step,1093,True,True,0.26189540589797144,0.008855122304509452,0.011841685342781322,0.012353993952274323,0.01662127859890461,0.006554018865842521,0.855,0.9893238434163701,0.10000000000000053,0.010831832885742188,0.0025880064349621534,0.5696739554405212,0.012344037182629108,1.6154821423697285e-05,0.43002596497535706,0.6300259828567505
Direct PPO,speed_step,1094,True,True,0.24380025911524955,0.00433262655114277,0.008984772059277049,0.009303810074925423,0.019680608063936234,0.0015253927453467027,0.8725,0.9893238434163701,0.10000000000000053,0.00923919677734375,0.00468703918159008,0.7509936094284058,0.00929676741361618,9.418067747901659e-07,0.2514164447784424,0.4514164328575134
Direct PPO,speed_step,1095,True,True,0.36376890967160935,0.001522114271685338,0.009856957598641612,0.010436282493174076,0.017639555037021637,0.0025031773272436632,0.84,0.9893238434163701,0.10000000000000053,0.01024627685546875,0.004415268078446388,0.70783931016922,0.010436128824949265,1.2984421573492e-06,0.2943161725997925,0.4943161606788635
Direct PPO,speed_step,1096,True,True,0.20782883292188234,0.007436144635196946,0.009461755486477623,0.009896907955408096,0.017629768699407578,0.002441011732445449,0.865,0.9893238434163701,0.10000000000000053,0.009783744812011719,0.0038457433693110943,0.7303017377853394,0.009896893985569477,1.2687768276009592e-06,0.27283963561058044,0.4728396236896515
Direct PPO,speed_step,1097,True,True,0.3501552785418403,0.002660218355143361,0.009432364480781927,0.009911262430250645,0.017905957996845245,0.002140051804351995,0.8425,0.9893238434163701,0.10000000000000053,0.009795188903808594,0.004712800960987806,0.7293024659156799,0.009910198859870434,3.0791286462772405e-06,0.27344202995300293,0.473442018032074
Direct PPO,speed_step,1098,True,True,0.3992482582073548,0.020763578626454317,0.012933285777458432,0.016323521733283997,0.024269193410873413,0.008674965081326775,0.815,0.9893238434163701,0.10000000000000053,0.010021209716796875,0.002033389639109373,0.5198771357536316,0.012560590170323849,3.482083684502868e-06,0.4742331802845001,0.6742331981658936
Direct PPO,speed_step,1099,True,True,0.6084478663287209,0.022251462357904102,0.012047388917630056,0.016066091135144234,0.025952443480491638,0.0055351562483594964,0.7825,0.9893238434163701,0.10000000000000053,0.011119842529296875,0.003814706578850746,0.6239731907844543,0.011809169314801693,1.483017058490077e-06,0.36984628438949585,0.5698462724685669
Residual PPO,speed_step,1000,True,True,0.36140835482531963,0.044386359472808785,0.016598176242911527,0.040243715047836304,0.05089978128671646,0.000627924450322685,0.805,0.9893238434163701,0.10000000000000053,0.011932373046875,0.00023261149181053042,0.28027328848838806,0.011949564330279827,3.584556179703213e-05,0.34128254652023315,0.5412825345993042
Residual PPO,speed_step,1001,True,True,0.37626019457076537,0.055671277066336324,0.016803256341532846,0.04436304047703743,0.05407891422510147,0.0062967910877625485,0.8025,0.9893238434163701,0.10000000000000053,0.009070873260498047,0.00024405513249803334,0.2816658914089203,0.00907734502106905,3.022546661668457e-05,0.25630688667297363,0.4563068747520447
Residual PPO,speed_step,1002,True,True,0.46266762051267035,0.06961152865852,0.021238891318917725,0.05309803783893585,0.06573929637670517,0.003275187863349136,0.7825,0.9928825622775801,0.05000000000000071,0.014581680297851562,0.0002296994352946058,0.2793263792991638,0.014608520083129406,3.373572326381691e-05,0.4242836833000183,0.6242836713790894
Residual PPO,speed_step,1003,True,True,0.5440174089923495,0.0765441840217237,0.02178659124707887,0.05698047950863838,0.07016941159963608,0.004901483267062803,0.7675,0.9928825622775801,0.05000000000000071,0.012158393859863281,0.00023506538127548993,0.27990275621414185,0.012176431715488434,3.945501521229744e-05,0.34840381145477295,0.548403799533844
Residual PPO,speed_step,1004,True,True,0.6164518893511433,0.07900353503225135,0.021379481735740405,0.057840634137392044,0.0706605538725853,0.007075387760545258,0.7575,0.9928825622775801,0.05000000000000071,0.008540630340576172,0.00024397870583925396,0.28091323375701904,0.008545351214706898,3.854070746456273e-05,0.24154320359230042,0.44154319167137146
Residual PPO,speed_step,1005,True,True,0.6025966515727378,0.06817987586474795,0.01994534161732816,0.052984584122896194,0.06555105745792389,0.0028593990332964592,0.7625,0.9928825622775801,0.05000000000000071,0.010090827941894531,0.00023688856163062155,0.27950531244277954,0.010100850835442543,3.4581211366457865e-05,0.28618520498275757,0.4861851930618286
Residual PPO,speed_step,1006,True,True,0.4364961707473766,0.04992444886253115,0.017218460269461337,0.04390439763665199,0.05512389913201332,0.0007941042694407341,0.79,0.9928825622775801,0.05000000000000071,0.01020050048828125,0.00023525860160589218,0.28045570850372314,0.010211000218987465,3.344377182656899e-05,0.28934937715530396,0.489349365234375
Residual PPO,speed_step,1007,True,True,0.6394506022225716,0.09292075572344277,0.024988381772671556,0.06705450266599655,0.08150041103363037,0.0014515991984498978,0.75,0.9928825622775801,0.05000000000000071,0.01357269287109375,0.00022879228345118463,0.27816930413246155,0.013595947995781898,4.8011734179453924e-05,0.39287856221199036,0.5928785800933838
Residual PPO,speed_step,1008,True,True,0.5336797581579884,0.0571382702578533,0.01817890974395029,0.048543401062488556,0.05942917615175247,0.001454298626350212,0.7725,0.9928825622775801,0.05000000000000071,0.009370803833007812,0.00023716055147815496,0.2801135778427124,0.009378251619637012,3.5077369830105454e-05,0.26522985100746155,0.4652298390865326
Residual PPO,speed_step,1009,True,True,0.5580645604330483,0.06334918209188113,0.019040006614843796,0.05193400755524635,0.0627516508102417,0.0045229855481204295,0.765,0.9928825622775801,0.05000000000000071,0.0076141357421875,0.00024178459716495126,0.2810441553592682,0.0076162489131093025,3.391702557564713e-05,0.2149554342031479,0.4149554371833801
Residual PPO,speed_step,1010,True,True,0.6559377777348653,0.12569059892775422,0.030815357226605895,0.08240001648664474,0.10112375020980835,0.002546875524777997,0.735,0.9928825622775801,0.05000000000000071,0.01608562469482422,0.00022312779037747532,0.277107298374176,0.016117075458168983,5.1996779802720994e-05,0.4753030240535736,0.675303041934967
Residual PPO,speed_step,1011,True,True,0.4536725459830025,0.05041865457251513,0.017207036920410607,0.04457828029990196,0.05570363253355026,0.0012686385662035113,0.7825,0.9893238434163701,0.10000000000000053,0.009321212768554688,0.00023685055202804506,0.2806566655635834,0.009328518994152546,3.476223355391994e-05,0.26378002762794495,0.463780015707016
Residual PPO,speed_step,1012,True,True,0.4634319440081855,0.05002474256815747,0.016929697028297296,0.0434805192053318,0.05477793887257576,0.0013445445651817734,0.7875,0.9928825622775801,0.05000000000000071,0.009587287902832031,0.0002365749387536198,0.2803499400615692,0.009595529176294804,3.5239572753198445e-05,0.2715309262275696,0.4715309143066406
Residual PPO,speed_step,1013,True,True,0.31609736084460416,0.050288062732189026,0.017423704524975055,0.040402818471193314,0.05067310854792595,0.0053267074297185715,0.81,0.9893238434163701,0.10000000000000053,0.013864517211914062,0.00024724070681259036,0.28058484196662903,0.013889075256884098,4.1619281546445563e-05,0.401797890663147,0.601797878742218
Residual PPO,speed_step,1014,True,True,0.449591909033675,0.0695937382787747,0.02162311431380259,0.05261993035674095,0.06574447453022003,0.0009683572451987413,0.785,0.9928825622775801,0.05000000000000071,0.01594066619873047,0.00022544580860994756,0.27862846851348877,0.015971796587109566,3.60958838427905e-05,0.4693894386291504,0.6693894267082214
Residual PPO,speed_step,1015,True,True,0.4594210010716391,0.062146203885492246,0.019862563713992604,0.04991227015852928,0.06171101704239845,0.000798910518435556,0.785,0.9928825622775801,0.05000000000000071,0.013588905334472656,0.00022933697619009763,0.2793860137462616,0.01361223217099905,3.2179868867387995e-05,0.39239153265953064,0.5923915505409241
Residual PPO,speed_step,1016,True,True,0.4949913556385718,0.06142249691343735,0.019221215187410483,0.050682082772254944,0.061854202300310135,0.0026761775222938606,0.7775,0.9928825622775801,0.05000000000000071,0.010748863220214844,0.00023497779329773039,0.28026506304740906,0.010761509649455547,4.191231346339919e-05,0.3060871958732605,0.5060871839523315
Residual PPO,speed_step,1017,True,True,0.255237074387471,0.035597452799548415,0.016541934333220758,0.030388785526156425,0.04031085595488548,0.0027033006909239344,0.835,0.9893238434163701,0.10000000000000053,0.01660919189453125,0.0002272204146720469,0.27928194403648376,0.016642296686768532,2.9248785722302273e-05,0.4917738139629364,0.6917738318443298
Residual PPO,speed_step,1018,True,True,0.358830342769645,0.053760855944593115,0.019167383434837724,0.044653840363025665,0.05546166002750397,0.001876147026188605,0.8075,0.9928825622775801,0.05000000000000071,0.015712738037109375,0.00022745743626728654,0.2793116867542267,0.015743248164653778,3.202056905138306e-05,0.4614541530609131,0.6614541411399841
Residual PPO,speed_step,1019,True,True,0.5150060220036513,0.06850523111702696,0.020561585850177925,0.05368197336792946,0.06587548553943634,0.0032451427787836625,0.7725,0.9928825622775801,0.05000000000000071,0.011881828308105469,0.0002336239704163745,0.27991563081741333,0.011898815631866455,4.087837442057207e-05,0.34006524085998535,0.5400652289390564
Residual PPO,speed_step,1020,True,True,0.31929963392949406,0.03991913863601619,0.014806685348861578,0.03887752443552017,0.047793056815862656,0.00335640779098416,0.8175,0.9893238434163701,0.10000000000000053,0.007898807525634766,0.0002384310937486589,0.28168144822120667,0.00790165551006794,2.813691389746964e-05,0.2227078378200531,0.42270782589912415
Residual PPO,speed_step,1021,True,True,0.5361795229500381,0.09686855560914354,0.025849024955767706,0.06681907922029495,0.08134035021066666,0.006831869073297813,0.7625,0.9928825622775801,0.05000000000000071,0.016732215881347656,0.00023130512272473425,0.2785811126232147,0.016765646636486053,5.1270442781969905e-05,0.49743902683258057,0.6974390149116516
Residual PPO,speed_step,1022,True,True,0.6858298251207045,0.09825580750235707,0.025639092690664153,0.06924493610858917,0.08435172587633133,0.002602785186077763,0.7425,0.9928825622775801,0.05000000000000071,0.013087272644042969,0.00023063417756929994,0.2779780924320221,0.013108625076711178,3.836797259282321e-05,0.37694433331489563,0.5769443511962891
Residual PPO,speed_step,1023,True,True,0.5423841628032691,0.08492370745303054,0.02369733716848787,0.06069903075695038,0.07450934499502182,0.0032636592898384656,0.7675,0.9928825622775801,0.05000000000000071,0.016042709350585938,0.00022630859166383743,0.27778783440589905,0.0160740427672863,3.7028123188065365e-05,0.4728805720806122,0.6728805899620056
Residual PPO,speed_step,1024,True,True,0.46127371779865456,0.06102272499005864,0.018879756364741426,0.049519132822752,0.060351211577653885,0.004348633952492582,0.7875,0.9928825622775801,0.05000000000000071,0.010927200317382812,0.00023795980087015778,0.2805849611759186,0.010940512642264366,3.7080386391608045e-05,0.3110935389995575,0.5110935568809509
Residual PPO,speed_step,1025,True,True,0.2078495027832479,0.0235462362804685,0.012434183812931328,0.029998479411005974,0.0384795106947422,0.00056037451442696,0.85,0.9893238434163701,0.10000000000000053,0.008810043334960938,0.00023690637317486107,0.2814919054508209,0.008815629407763481,2.7303873139317147e-05,0.24864348769187927,0.4486434757709503
Residual PPO,speed_step,1026,True,True,0.5101023036806236,0.05585676494313754,0.018166848009856764,0.048141635954380035,0.059263624250888824,0.0012083443206444067,0.775,0.9928825622775801,0.05000000000000071,0.009127616882324219,0.00023697299184277654,0.28048041462898254,0.009134256280958652,3.7867102946620435e-05,0.2583710551261902,0.45837104320526123
Residual PPO,speed_step,1027,True,True,0.6341773956623676,0.09131995963039709,0.024790807767376664,0.06672447919845581,0.08095299452543259,0.002097543582953027,0.7475,0.9928825622775801,0.05000000000000071,0.012821197509765625,0.00022948837431613356,0.2787556052207947,0.012841741554439068,5.155474354978651e-05,0.36954861879348755,0.5695486068725586
Residual PPO,speed_step,1028,True,True,0.24022829537267887,0.034779397669207526,0.01579526901153399,0.03450891003012657,0.0436662919819355,0.0021618889787480837,0.84,0.9893238434163701,0.10000000000000053,0.013922691345214844,0.0002354516473133117,0.28039267659187317,0.013947304338216782,2.6067007638630457e-05,0.4025936424732208,0.6025936603546143
Residual PPO,speed_step,1029,True,True,0.23732544379006576,0.027023463691584416,0.011826364248168849,0.030073193833231926,0.037695612758398056,0.0024496366213697936,0.85,0.9893238434163701,0.10000000000000053,0.007622241973876953,0.0002373475581407547,0.28154122829437256,0.007624381687492132,2.527231117710471e-05,0.214758962392807,0.41475895047187805
Residual PPO,speed_step,1030,True,True,0.5957307538403022,0.10226133275283365,0.02629606795409687,0.06959831714630127,0.08460718393325806,0.007975652775882807,0.7575,0.9928825622775801,0.05000000000000071,0.015149116516113281,0.00023520087415818125,0.2790176570415497,0.01517790649086237,4.949480353388935e-05,0.4438457489013672,0.6438457369804382
Residual PPO,speed_step,1031,True,True,0.36087919595761125,0.04729219686818588,0.016460347704625424,0.037612032145261765,0.04760845750570297,0.004082088475589966,0.815,0.9893238434163701,0.10000000000000053,0.013805389404296875,0.00023496284848079085,0.2795872688293457,0.013829473406076431,2.3182776203611866e-05,0.39864641427993774,0.5986464023590088
Residual PPO,speed_step,1032,True,True,0.2605334270339803,0.04250802990861523,0.0179079127855473,0.03636854141950607,0.04659230262041092,0.0036436863620090774,0.825,0.9893238434163701,0.10000000000000053,0.01681041717529297,0.00023168185725808144,0.27966931462287903,0.016844112426042557,3.3267315302509815e-05,0.49894750118255615,0.6989474892616272
Residual PPO,speed_step,1033,True,True,0.30164649202701527,0.041836864512015126,0.01695602942414594,0.033845700323581696,0.04414902999997139,0.003249304982533982,0.825,0.9893238434163701,0.10000000000000053,0.016167640686035156,0.0002278211322845891,0.27918994426727295,0.016199443489313126,2.336320176254958e-05,0.4761985242366791,0.6761985421180725
Residual PPO,speed_step,1034,True,True,0.20507086550899986,0.03239702144003339,0.013166294719330255,0.033897627145051956,0.04175671562552452,0.003671439040217,0.845,0.9893238434163701,0.10000000000000053,0.007929801940917969,0.00024231495626736432,0.2820834517478943,0.007932727225124836,2.278510874020867e-05,0.22327283024787903,0.4232728183269501
Residual PPO,speed_step,1035,True,True,0.5007271220305528,0.07815608406664369,0.02275139330823953,0.05736326798796654,0.07134012132883072,0.003245254167460036,0.7725,0.9928825622775801,0.05000000000000071,0.014932632446289062,0.0002282818459207192,0.27895745635032654,0.014960739761590958,4.950079892296344e-05,0.436818927526474,0.6368189454078674
Residual PPO,speed_step,1036,True,True,0.49652987504906154,0.06127700786914276,0.019211742960645657,0.04925328493118286,0.06096359342336655,0.0016975201472571623,0.78,0.9928825622775801,0.05000000000000071,0.012175559997558594,0.00023210354265756905,0.27948442101478577,0.012193662114441395,4.061796789756045e-05,0.34900519251823425,0.5490052103996277
Residual PPO,speed_step,1037,True,True,0.48095363720430195,0.06901988265658605,0.02078967047537163,0.05309642106294632,0.06540793180465698,0.0038947118407438863,0.78,0.9928825622775801,0.05000000000000071,0.013255119323730469,0.0002326202520634979,0.2797459661960602,0.013277365826070309,4.446876482688822e-05,0.38270920515060425,0.5827091932296753
Residual PPO,speed_step,1038,True,True,0.4866276480561697,0.06866114796533228,0.01981293763954599,0.051963239908218384,0.06353682279586792,0.006183186206012148,0.785,0.9928825622775801,0.05000000000000071,0.011166572570800781,0.00024122164177242666,0.280690997838974,0.011180787347257137,3.517977529554628e-05,0.31811848282814026,0.5181185007095337
Residual PPO,speed_step,1039,True,True,0.20220538706010166,0.027592891240134282,0.014411343659670247,0.03163349628448486,0.03987722471356392,0.001242392234180809,0.8525,0.9893238434163701,0.10000000000000053,0.012742042541503906,0.00023226995836012065,0.2807309031486511,0.012762421742081642,3.4616823541000485e-05,0.3661683201789856,0.5661683082580566
Residual PPO,speed_step,1040,True,True,0.2635136475107825,0.03427379186469055,0.015419644281107456,0.03190862387418747,0.041428092867136,0.0021147979791341625,0.8375,0.9893238434163701,0.10000000000000053,0.014260292053222656,0.00023016835621092469,0.27993592619895935,0.014286082237958908,2.6470628654351458e-05,0.4134989380836487,0.6134989261627197
Residual PPO,speed_step,1041,True,True,0.21472978338821358,0.0328904510647695,0.016427033900151673,0.03271438553929329,0.04184277355670929,0.0020151632558034717,0.8475,0.9893238434163701,0.10000000000000053,0.01584148406982422,0.000229608325753361,0.27992403507232666,0.015872398391366005,2.322713226021733e-05,0.46515655517578125,0.6651565432548523
Residual PPO,speed_step,1042,True,True,0.4540664651412405,0.06286874781212966,0.01977413442555565,0.05035264790058136,0.06186296418309212,0.003104339872087685,0.7875,0.9928825622775801,0.05000000000000071,0.012958526611328125,0.0002323220978723839,0.279873251914978,0.012979580089449883,3.4890334063675255e-05,0.3728010952472687,0.5728011131286621
Residual PPO,speed_step,1043,True,True,0.5643915209213344,0.07988656238848249,0.021819317574975867,0.057675160467624664,0.07095654308795929,0.006775962771150324,0.7675,0.9928825622775801,0.05000000000000071,0.011194229125976562,0.0002403602993581444,0.2803836762905121,0.011208596639335155,4.332620665081777e-05,0.31946444511413574,0.5194644331932068
Residual PPO,speed_step,1044,True,True,0.5993499569176876,0.05793468004086964,0.0182483123094073,0.049749668687582016,0.060555990785360336,0.001576193931691206,0.7625,0.9928825622775801,0.05000000000000071,0.007416725158691406,0.0002406840940238908,0.28032031655311584,0.007418381050229073,3.7582449294859543e-05,0.20961801707744598,0.4096180200576782
Residual PPO,speed_step,1045,True,True,0.24071457865178086,0.03645477214092194,0.016102606796522385,0.034794215112924576,0.04403273016214371,0.0028995468162790047,0.84,0.9893238434163701,0.10000000000000053,0.014333724975585938,0.00023544258147012442,0.2803806960582733,0.014359804801642895,2.6929255909635685e-05,0.4158290922641754,0.6158291101455688
Residual PPO,speed_step,1046,True,True,0.6313794241941441,0.09184856545145255,0.024816523293992396,0.06645931303501129,0.08078338950872421,0.0014643368261743667,0.75,0.9928825622775801,0.05000000000000071,0.013702392578125,0.00022872333647683263,0.27818384766578674,0.013726052828133106,4.0707724110689014e-05,0.39649125933647156,0.596491277217865
Residual PPO,speed_step,1047,True,True,0.3339307603987639,0.041504904153347184,0.015791688020064205,0.03944544866681099,0.04924491420388222,0.0021053243779140247,0.8125,0.9893238434163701,0.10000000000000053,0.010519981384277344,0.0002355436299694702,0.2809012830257416,0.010531744919717312,3.1906834919936955e-05,0.29876548051834106,0.4987654685974121
Residual PPO,speed_step,1048,True,True,0.34771765710491165,0.05679104525309039,0.019436125544066016,0.04443041980266571,0.05498320609331131,0.005138277962000499,0.805,0.9928825622775801,0.05000000000000071,0.01632976531982422,0.00023328440147452056,0.2796687185764313,0.0163621436804533,3.376607855898328e-05,0.4824531674385071,0.6824531555175781
Residual PPO,speed_step,1049,True,True,0.5321678461268464,0.08190162869598619,0.02342711856937906,0.05952354893088341,0.0742538720369339,0.0016014336217007874,0.765,0.9928825622775801,0.05000000000000071,0.014828681945800781,0.0002267079835291952,0.27860400080680847,0.014856385998427868,4.8256861191475764e-05,0.43331217765808105,0.6333121657371521
Residual PPO,speed_step,1050,True,True,0.43533605636157413,0.07353272358016592,0.02239210833773933,0.05400099977850914,0.06739962846040726,0.0037451324124424135,0.7875,0.9928825622775801,0.05000000000000071,0.016777992248535156,0.00022722739959135652,0.27873480319976807,0.016811557114124298,4.7035267925821245e-05,0.49881017208099365,0.6988101601600647
Residual PPO,speed_step,1051,True,True,0.26453428951580643,0.03766922155731204,0.014394990023326719,0.036629728972911835,0.04514547809958458,0.0037935066010146806,0.835,0.9893238434163701,0.10000000000000053,0.009157657623291016,0.0002393284667050466,0.28167757391929626,0.009164399467408657,2.4091685190796852e-05,0.2584548592567444,0.45845484733581543
Residual PPO,speed_step,1052,True,True,0.47296626696719224,0.059451082786031076,0.019007006426469988,0.049542732536792755,0.06059310585260391,0.0021198862079295205,0.7825,0.9928825622775801,0.05000000000000071,0.0113983154296875,0.00023365276865661144,0.28012537956237793,0.011413367465138435,3.259971344959922e-05,0.32490968704223633,0.5249096751213074
Residual PPO,speed_step,1053,True,True,0.2486577134543278,0.03842744592157807,0.01679681957005887,0.03537221625447273,0.04502375051379204,0.00291768941120813,0.8375,0.9893238434163701,0.10000000000000053,0.015323638916015625,0.0002345047250855714,0.2800615429878235,0.015353032387793064,3.214627940906212e-05,0.44851720333099365,0.6485171914100647
Residual PPO,speed_step,1054,True,True,0.6392890345933662,0.08370127971542973,0.023236935691205586,0.06120256334543228,0.07607689499855042,0.0011561593069944706,0.75,0.9928825622775801,0.05000000000000071,0.012033462524414062,0.00023159728152677417,0.2787812352180481,0.012050872668623924,3.6480902053881437e-05,0.3443475067615509,0.5443475246429443
Residual PPO,speed_step,1055,True,True,0.3064657083840668,0.048080796253279136,0.01682164732702118,0.03937820345163345,0.04956673085689545,0.005132539832756752,0.815,0.9893238434163701,0.10000000000000053,0.013030052185058594,0.0002481600968167186,0.2808215320110321,0.013051490299403667,3.426071998546831e-05,0.37500709295272827,0.5750070810317993
Residual PPO,speed_step,1056,True,True,0.24865155117698137,0.039408616973889594,0.01516939302415294,0.03571150824427605,0.04454275593161583,0.004441692197565066,0.8275,0.9893238434163701,0.10000000000000053,0.01183319091796875,0.00024176381703000516,0.28124457597732544,0.011850090697407722,3.303991979919374e-05,0.33817118406295776,0.5381711721420288
Residual PPO,speed_step,1057,True,True,0.40582084434371923,0.0486093610134414,0.017017786299531937,0.04310312867164612,0.054012224078178406,0.0017745924666208405,0.795,0.9893238434163701,0.10000000000000053,0.010489463806152344,0.0002355378383072093,0.2806040942668915,0.010501096025109291,3.6489524063654244e-05,0.2980625629425049,0.4980625510215759
Residual PPO,speed_step,1058,True,True,0.6314039755031693,0.09259420690959866,0.024380688813516016,0.06632289290428162,0.07982316613197327,0.006769199796865122,0.7525,0.9928825622775801,0.05000000000000071,0.011940956115722656,0.00023694909759797156,0.27973809838294983,0.01195822935551405,5.043165583629161e-05,0.34246277809143066,0.5424627661705017
Residual PPO,speed_step,1059,True,True,0.3974609011267093,0.05269605923321674,0.01772421042784369,0.04443953558802605,0.05546550452709198,0.0033097307147415124,0.7975,0.9893238434163701,0.10000000000000053,0.011561393737792969,0.00023594444792252034,0.280545175075531,0.011577137745916843,3.3043241273844615e-05,0.3298633396625519,0.5298633575439453
Residual PPO,speed_step,1060,True,True,0.26312414858199196,0.04437742184283049,0.017542193015479077,0.03616439551115036,0.046085987240076065,0.005053826207465518,0.8175,0.9893238434163701,0.10000000000000053,0.01616954803466797,0.00023588704061694443,0.2801189422607422,0.01620158739387989,4.0889568481361493e-05,0.4775193929672241,0.6775193810462952
Residual PPO,speed_step,1061,True,True,0.3015961577815295,0.03538696548836913,0.014778360063138407,0.0366978794336319,0.045817602425813675,0.0008520395063204492,0.82,0.9893238434163701,0.10000000000000053,0.010201454162597656,0.0002332734438823536,0.2809569239616394,0.010211989283561707,3.117264714092016e-05,0.28927016258239746,0.4892701506614685
Residual PPO,speed_step,1062,True,True,0.3530118843896097,0.054443606555404,0.018618312216884262,0.04417715221643448,0.05449250712990761,0.004556482794986153,0.81,0.9928825622775801,0.05000000000000071,0.014719009399414062,0.00023447744024451822,0.28003719449043274,0.014746480621397495,4.112442911718972e-05,0.4292861223220825,0.6292861104011536
Residual PPO,speed_step,1063,True,True,0.20036062945238858,0.0251156878042484,0.01214582660373233,0.02755862846970558,0.035119619220495224,0.002377124848810262,0.8625,0.9893238434163701,0.10000000000000053,0.010220527648925781,0.000228399527259171,0.28118425607681274,0.01023115124553442,2.552666046540253e-05,0.2895512878894806,0.48955127596855164
Residual PPO,speed_step,1064,True,True,0.4606001721801285,0.052070096288147766,0.01731304444773239,0.045368071645498276,0.05640273541212082,0.0027213412495573222,0.7825,0.9893238434163701,0.10000000000000053,0.008601665496826172,0.00023923112894408405,0.28096362948417664,0.008606542833149433,2.9860912036383525e-05,0.24278511106967926,0.4427851140499115
Residual PPO,speed_step,1065,True,True,0.2142895949885273,0.034983921521429207,0.01626566050594107,0.032774507999420166,0.041592370718717575,0.0037086980653856187,0.8375,0.9893238434163701,0.10000000000000053,0.015489578247070312,0.00023244698240887374,0.2803047299385071,0.015519496984779835,2.8134270905866288e-05,0.453745573759079,0.6537455916404724
Residual PPO,speed_step,1066,True,True,0.38284440795994124,0.037728509813947,0.01474509093504398,0.038976117968559265,0.048221655189991,0.000371863467918488,0.8,0.9893238434163701,0.10000000000000053,0.007375240325927734,0.00023831702128518373,0.28122955560684204,0.007376813795417547,3.0302058803499676e-05,0.20805609226226807,0.4080560803413391
Residual PPO,speed_step,1067,True,True,0.2592740449565669,0.034326133285706245,0.011567029590837188,0.029254013672471046,0.037404440343379974,0.004275388559783172,0.8325,0.9893238434163701,0.10000000000000053,0.007167816162109375,0.00023324649373535067,0.28152140974998474,0.0071689472533762455,1.757862264639698e-05,0.20151829719543457,0.4015182852745056
Residual PPO,speed_step,1068,True,True,0.2359930815619778,0.026595272604549136,0.012433650494208772,0.030657755210995674,0.03849736228585243,0.0018106157336412517,0.8475,0.9893238434163701,0.10000000000000053,0.008889198303222656,0.00023785742814652622,0.28132548928260803,0.008894993923604488,2.0020623196614906e-05,0.25048118829727173,0.4504811763763428
Residual PPO,speed_step,1069,True,True,0.23351945233376017,0.03193871545419737,0.011649076999029485,0.02763482928276062,0.03561064228415489,0.003932507552367625,0.8375,0.9893238434163701,0.10000000000000053,0.008792877197265625,0.00022940107737667859,0.2813485562801361,0.008798344992101192,1.6260337361018173e-05,0.24751581251621246,0.4475158154964447
Residual PPO,speed_step,1070,True,True,0.5263639844487914,0.05432924819843387,0.016866620236464725,0.045371733605861664,0.05580419301986694,0.003676482970767538,0.7775,0.9893238434163701,0.10000000000000053,0.008128643035888672,0.00024155961000360548,0.2803030014038086,0.00813206471502781,2.8201138775330037e-05,0.22921264171600342,0.42921262979507446
Residual PPO,speed_step,1071,True,True,0.5083479736453427,0.054772178916716985,0.01753443272737881,0.04650263488292694,0.057130780071020126,0.0023571481631795266,0.78,0.9928825622775801,0.05000000000000071,0.009537696838378906,0.00023758535098750144,0.2801203727722168,0.0095457062125206,2.9799050025758334e-05,0.26974478363990784,0.4697447717189789
Residual PPO,speed_step,1072,True,True,0.4096171065454826,0.06012299012115183,0.02003685191594036,0.04738975688815117,0.059245895594358444,0.0010334928763816914,0.795,0.9928825622775801,0.05000000000000071,0.01585674285888672,0.0002258010790683329,0.27880680561065674,0.015887606889009476,2.9940960303065367e-05,0.4661308228969574,0.6661308407783508
Residual PPO,speed_step,1073,True,True,0.5138935995166714,0.06663828152554867,0.019924785455470675,0.050225596874952316,0.0629410520195961,0.0033769930722142437,0.78,0.9928825622775801,0.05000000000000071,0.013197898864746094,0.00023194844834506512,0.2790076732635498,0.013219739310443401,3.115504659945145e-05,0.3800120949745178,0.5800120830535889
Residual PPO,speed_step,1074,True,True,0.1848776255176475,0.029830300728843025,0.016531975430930088,0.030606888234615326,0.039263028651475906,0.0023644482285607718,0.855,0.9893238434163701,0.10000000000000053,0.01675128936767578,0.00022800258011557162,0.27981969714164734,0.016784794628620148,2.477930684108287e-05,0.4962819218635559,0.696281909942627
Residual PPO,speed_step,1075,True,True,0.3083264351153641,0.038386044391542674,0.012842366500789818,0.031807515770196915,0.04091920703649521,0.004400503189003282,0.8275,0.9893238434163701,0.10000000000000053,0.008479595184326172,0.00023900500673335046,0.2810710072517395,0.00848410464823246,2.621049316076096e-05,0.23914383351802826,0.4391438364982605
Residual PPO,speed_step,1076,True,True,0.49484835428275226,0.08052572801551929,0.023063178241782223,0.057743482291698456,0.07188544422388077,0.004923110795020548,0.7775,0.9928825622775801,0.05000000000000071,0.015444755554199219,0.00023056294594425708,0.2790691554546356,0.015474415384232998,3.710561941261403e-05,0.45283621549606323,0.6528362035751343
Residual PPO,speed_step,1077,True,True,0.26624980590645086,0.04291700816570183,0.014882944779257726,0.03762578219175339,0.04652918130159378,0.005043073104833142,0.82,0.9893238434163701,0.10000000000000053,0.009519577026367188,0.00024577006115578115,0.2817597985267639,0.009527653455734253,3.271875175414607e-05,0.2694230377674103,0.4694230258464813
Residual PPO,speed_step,1078,True,True,0.23167833097439444,0.03518501239110237,0.013673260542877692,0.03528377413749695,0.043256089091300964,0.003917223633472266,0.8375,0.9893238434163701,0.10000000000000053,0.008310317993164062,0.00024653010768815875,0.28196772933006287,0.00831436924636364,3.1260758987627923e-05,0.23459486663341522,0.43459486961364746
Residual PPO,speed_step,1079,True,True,0.28305315110204027,0.04049333064917162,0.016589267361506878,0.03136305883526802,0.040611956268548965,0.004135305435832785,0.8225,0.9893238434163701,0.10000000000000053,0.016561508178710938,0.00022833248658571392,0.27918189764022827,0.016594428569078445,2.227313962066546e-05,0.4896434247493744,0.6896434426307678
Residual PPO,speed_step,1080,True,True,0.24659525644682626,0.031832469040940024,0.013993446477162783,0.029218211770057678,0.038047317415475845,0.0029757751752016886,0.8425,0.9893238434163701,0.10000000000000053,0.012801170349121094,0.00022930379782337695,0.28039389848709106,0.012821684591472149,2.774401946226135e-05,0.367546945810318,0.5675469636917114
Residual PPO,speed_step,1081,True,True,0.4355201796717082,0.05017198233193931,0.016418294220238307,0.04190687835216522,0.0522325336933136,0.0034421147085094616,0.7975,0.9893238434163701,0.10000000000000053,0.010587692260742188,0.00023667437199037522,0.28009986877441406,0.010599633678793907,3.2001225918065757e-05,0.3006768822669983,0.5006768703460693
Residual PPO,speed_step,1082,True,True,0.2787569800420353,0.037251529014295945,0.015110293095481796,0.036847617477178574,0.04592808708548546,0.00259585611924871,0.8275,0.9893238434163701,0.10000000000000053,0.010965347290039062,0.00023559304827358574,0.2810574173927307,0.010978803969919682,3.0135966881061904e-05,0.3117980659008026,0.511798083782196
Residual PPO,speed_step,1083,True,True,0.41021370660892353,0.040662074321649117,0.014917388898372044,0.03910934180021286,0.04888371005654335,0.0017980220301304375,0.7975,0.9893238434163701,0.10000000000000053,0.00768280029296875,0.0002389993896940723,0.2809520959854126,0.007685054559260607,2.5506677047815174e-05,0.21643398702144623,0.41643399000167847
Residual PPO,speed_step,1084,True,True,0.30974727724251666,0.05024605843415365,0.017389936508536125,0.0400618240237236,0.05017078295350075,0.005567094562445678,0.81,0.9893238434163701,0.10000000000000053,0.014031410217285156,0.00024447025498375297,0.28061091899871826,0.014056566171348095,4.1196399251930416e-05,0.4071005880832672,0.6071006059646606
Residual PPO,speed_step,1085,True,True,0.2214148336025471,0.03157345768623002,0.015561960201251173,0.03288404271006584,0.04177085682749748,0.0015216992035694329,0.845,0.9893238434163701,0.10000000000000053,0.014256477355957031,0.000231882106163539,0.2802894711494446,0.014282350428402424,3.392064536456019e-05,0.4138740301132202,0.6138740181922913
Residual PPO,speed_step,1086,True,True,0.2869836177825664,0.04580905257031958,0.017396227817979785,0.03809631988406181,0.04836108908057213,0.004511167693915633,0.8175,0.9893238434163701,0.10000000000000053,0.015025138854980469,0.0002401626989012584,0.2802480161190033,0.01505359448492527,3.3496780815767124e-05,0.4387705326080322,0.6387705206871033
Residual PPO,speed_step,1087,True,True,0.4251241661500031,0.062022988011591285,0.018625898382992927,0.04817504808306694,0.058786939829587936,0.006067226683004057,0.795,0.9893238434163701,0.10000000000000053,0.011485099792480469,0.0002421782264718786,0.2808663547039032,0.011500540189445019,3.064821066800505e-05,0.3274095356464386,0.527409553527832
Residual PPO,speed_step,1088,True,True,0.43302993112046384,0.07086279892426654,0.021153243196291593,0.051268599927425385,0.06361114978790283,0.006477444972943127,0.7875,0.9928825622775801,0.05000000000000071,0.01566028594970703,0.00023617364058736712,0.2796703279018402,0.0156907569617033,4.4170079490868375e-05,0.4605681300163269,0.660568118095398
Residual PPO,speed_step,1089,True,True,0.6147433900971825,0.08544917029605364,0.023658940196860965,0.06226968765258789,0.07686921209096909,0.0012570915811625934,0.755,0.9928825622775801,0.05000000000000071,0.01316070556640625,0.0002296293096151203,0.2785213589668274,0.013182379305362701,3.63119543180801e-05,0.37915652990341187,0.5791565179824829
Residual PPO,speed_step,1090,True,True,0.31527277851599456,0.04501287888449293,0.01586000574187093,0.03954639285802841,0.04924130439758301,0.004351489933432082,0.8225,0.9893238434163701,0.10000000000000053,0.010569572448730469,0.00023864684044383466,0.2812647223472595,0.010581505484879017,3.007436498592142e-05,0.30003631114959717,0.5000362992286682
Residual PPO,speed_step,1091,True,True,0.6222932478951974,0.09382364816064052,0.02468413605954666,0.06682561337947845,0.08056458830833435,0.0067035520123032355,0.755,0.9928825622775801,0.05000000000000071,0.012549400329589844,0.00023588287876918912,0.2795683741569519,0.01256901491433382,5.257485463516787e-05,0.36124923825263977,0.5612492561340332
Residual PPO,speed_step,1092,True,True,0.6119178696905965,0.08067616839236183,0.022583975015099737,0.060072749853134155,0.07390438765287399,0.004090890861449539,0.755,0.9928825622775801,0.05000000000000071,0.010952949523925781,0.0002345586399314925,0.27978721261024475,0.010966378264129162,4.7541492676828057e-05,0.31251582503318787,0.5125158429145813
Residual PPO,speed_step,1093,True,True,0.27363158738702476,0.03818357919873979,0.016617388949208403,0.03585514798760414,0.04587463662028313,0.0009967705384571507,0.8275,0.9893238434163701,0.10000000000000053,0.014744758605957031,0.00022995129984337837,0.2798749506473541,0.014772298745810986,3.9772374293534085e-05,0.43002596497535706,0.6300259828567505
Residual PPO,speed_step,1094,True,True,0.27394150917933724,0.037974648754523575,0.014455496389803287,0.037047065794467926,0.04563518241047859,0.003678497821286208,0.835,0.9893238434163701,0.10000000000000053,0.00891256332397461,0.00023752420383971184,0.2816772162914276,0.008918472565710545,2.4481138098053634e-05,0.2514164447784424,0.4514164328575134
Residual PPO,speed_step,1095,True,True,0.38667398353341786,0.049983887218711553,0.01697438517540941,0.043079424649477005,0.053801629692316055,0.0035406345462110876,0.8,0.9893238434163701,0.10000000000000053,0.010375022888183594,0.00023825003881938756,0.2809181213378906,0.010386183857917786,3.0633218557341024e-05,0.2943161725997925,0.4943161606788635
Residual PPO,speed_step,1096,True,True,0.2317827660904081,0.030497066941474655,0.012069980227256976,0.027910595759749413,0.03592558205127716,0.0035036928681759826,0.8425,0.9893238434163701,0.10000000000000053,0.009661674499511719,0.00022940599592402577,0.2811785638332367,0.009670162573456764,2.0832731024711393e-05,0.27283963561058044,0.4728396236896515
Residual PPO,speed_step,1097,True,True,0.36965268880844065,0.042414745433150394,0.015849276944400012,0.040448147803545,0.050432827323675156,0.001368553276917083,0.8025,0.9893238434163701,0.10000000000000053,0.009663581848144531,0.00023632386000826955,0.28089842200279236,0.009672099724411964,3.0135937777231447e-05,0.27344202995300293,0.473442018032074
Residual PPO,speed_step,1098,True,True,0.40776412104958343,0.06454693021030636,0.020862147347452453,0.0499318391084671,0.062039267271757126,0.002830829516759396,0.795,0.9928825622775801,0.05000000000000071,0.016084671020507812,0.00022744567831978202,0.27904248237609863,0.016116276383399963,3.553575879777782e-05,0.4742331802845001,0.6742331981658936
Residual PPO,speed_step,1099,True,True,0.6164094746452349,0.08797347963994642,0.024214453561278767,0.06431064009666443,0.0788235142827034,0.0021527831798848177,0.7525,0.9928825622775801,0.05000000000000071,0.012853622436523438,0.00022963578521739691,0.2788778841495514,0.01287420466542244,4.085014734300785e-05,0.36984628438949585,0.5698462724685669
PD+FF,lateral_sine,1000,True,True,0.39312504552797045,0.15353739359609433,0.05536608294339631,0.09887348860502243,0.11837166547775269,0.03261635929281773,0.71,0.9750889679715302,0.3000000000000007,0.0011204627830568425,0.00037218749639578164,0.3457159101963043,0.01943073235452175,0.06258819252252579,0.34128254652023315,0.4638640167798792
PD+FF,lateral_sine,1001,True,True,0.41330017508403105,0.15442899321395778,0.05856849637897818,0.1254836618900299,0.14235153794288635,0.028411863770627026,0.715,0.9822064056939501,0.20000000000000018,0.0016015378519946579,0.0003746638249140233,0.3449097275733948,0.019561659544706345,0.06252690404653549,0.25630688667297363,0.405449466222144
PD+FF,lateral_sine,1002,True,True,0.48823991264813404,0.1977184487324279,0.06276620897149564,0.1329110711812973,0.15243488550186157,0.032983910301721445,0.685,0.9750889679715302,0.3000000000000007,0.0008149635530720737,0.00037265458377078176,0.3453870415687561,0.01948503777384758,0.06256313621997833,0.4242836833000183,0.5279324705096847
PD+FF,lateral_sine,1003,True,True,0.5715753976330248,0.2290752899498385,0.06801173733788266,0.15188471972942352,0.1766098141670227,0.03106892021358272,0.665,0.9466192170818505,0.7000000000000002,0.001004530999221858,0.00037621980300173163,0.34525346755981445,0.019507398828864098,0.06255295127630234,0.34840381145477295,0.4691281971274397
PD+FF,lateral_sine,1004,True,True,0.6484567576131504,0.2548323806713391,0.07269689007077137,0.16895517706871033,0.1964675486087799,0.029958177382765024,0.655,0.9323843416370107,0.9000000000000004,0.0015427774754799301,0.0003820746496785432,0.34507983922958374,0.019536152482032776,0.0625397339463234,0.24154320359230042,0.3962816784882445
PD+FF,lateral_sine,1005,True,True,0.6324993453371672,0.24932539804254653,0.06832377724158573,0.132623091340065,0.19222161173820496,0.04198386573290611,0.68,0.9679715302491103,0.40000000000000036,0.0012385066679823811,0.00038180185947567225,0.34616681933403015,0.019359152764081955,0.06262236833572388,0.28618520498275757,0.424968258879239
PD+FF,lateral_sine,1006,True,True,0.46883776428164914,0.1830673901385804,0.059439308828829196,0.11361332982778549,0.14113874733448029,0.03219025915856105,0.69,0.9750889679715302,0.3000000000000007,0.001321469561613187,0.0003758474194910377,0.34571272134780884,0.019431624561548233,0.0625879317522049,0.28934937715530396,0.42710550401978115
PD+FF,lateral_sine,1007,True,True,0.6599999415367925,0.27627537504334304,0.07353638784113802,0.15340471267700195,0.21300008893013,0.04114386923333842,0.665,0.9466192170818505,0.7000000000000002,0.0007950207234620318,0.00037588205304928124,0.3460051119327545,0.019386164844036102,0.06260997802019119,0.39287856221199036,0.5030403702980405
PD+FF,lateral_sine,1008,True,True,0.5661315700615874,0.2212919575023435,0.06424420780904412,0.12268821150064468,0.17060790956020355,0.03756607460124356,0.6825,0.9715302491103203,0.35000000000000053,0.0014049384789900443,0.00038044110988266766,0.3459990620613098,0.01938570849597454,0.06260964274406433,0.26522985100746155,0.4111482985119471
PD+FF,lateral_sine,1009,True,True,0.5909947538277441,0.23089114611115757,0.06799683171166646,0.14988267421722412,0.17800934612751007,0.03108310621154237,0.6675,0.9501779359430605,0.6500000000000004,0.0017805371536753645,0.0003807184402830899,0.3453475832939148,0.01949218474328518,0.062560074031353,0.2149554342031479,0.3806598063852983
PD+FF,lateral_sine,1010,True,True,0.6708336108283837,0.30580669317010367,0.0798984202553334,0.1799938976764679,0.2357657104730606,0.03706209475374531,0.6475,0.9217081850533808,1.0500000000000007,0.0005373203067978332,0.00037083440111018717,0.3456302285194397,0.019448494538664818,0.06258145719766617,0.4753030240535736,0.5697446921019106
PD+FF,lateral_sine,1011,True,True,0.4862680782757385,0.189430839647148,0.06055313457829392,0.11879735440015793,0.14604416489601135,0.031542915640249546,0.6875,0.9750889679715302,0.3000000000000007,0.0014562495266820343,0.00037679943488910794,0.3456626832485199,0.019439926370978355,0.06258412450551987,0.26378002762794495,0.4102145200736175
PD+FF,lateral_sine,1012,True,True,0.4972760654311946,0.1927766074838296,0.0599532560213358,0.10859397053718567,0.14862363040447235,0.0350058503432961,0.6825,0.9715302491103203,0.35000000000000053,0.0013999757842689266,0.00037814967799931765,0.3459538221359253,0.019392579793930054,0.06260625272989273,0.2715309262275696,0.4152410064069188
PD+FF,lateral_sine,1013,True,True,0.3498096329144863,0.13281550650784205,0.055675317429656784,0.11463524401187897,0.12930963933467865,0.03594326086740482,0.73,0.9822064056939501,0.20000000000000018,0.0009875276551681838,0.0003712454345077276,0.345002681016922,0.01954634115099907,0.06253398209810257,0.401797890663147,0.5100368559674714
PD+FF,lateral_sine,1014,True,True,0.47182285252743067,0.19412024349308904,0.061134866818834656,0.11997711658477783,0.14965976774692535,0.0354007401792995,0.685,0.9750889679715302,0.3000000000000007,0.0006940554660454423,0.00037109683034941554,0.3456927537918091,0.01943533681333065,0.06258642673492432,0.4693894386291504,0.5648207632518637
PD+FF,lateral_sine,1015,True,True,0.48631759564317084,0.1952586046898102,0.061198427884018115,0.11944061517715454,0.15053623914718628,0.034491980624399954,0.685,0.9750889679715302,0.3000000000000007,0.0009001101021567741,0.0003736728976946324,0.3457213342189789,0.01943053863942623,0.06258855760097504,0.39239153265953064,0.502660088336765
PD+FF,lateral_sine,1016,True,True,0.5253215135056488,0.20787465368401306,0.06389079350541997,0.1337568461894989,0.16026388108730316,0.031501029576018955,0.6825,0.9715302491103203,0.35000000000000053,0.0011915064133851548,0.00037643880932591856,0.3455018103122711,0.019466662779450417,0.06257186830043793,0.3060871958732605,0.4386176250236471
PD+FF,lateral_sine,1017,True,True,0.2874392352334783,0.11144746369554047,0.04908405676282835,0.06839171797037125,0.08592107146978378,0.038106532314973504,0.745,0.9750889679715302,0.3000000000000007,0.0007939195975290756,0.00036903040017932653,0.346007764339447,0.019382543861865997,0.0626104474067688,0.4917738139629364,0.583555938709805
PD+FF,lateral_sine,1018,True,True,0.3867652107168801,0.1561373635144341,0.05650025403185898,0.10897649079561234,0.12037621438503265,0.034449267527244205,0.7075,0.9750889679715302,0.3000000000000007,0.0007924998207045023,0.00037087235250510275,0.34551677107810974,0.019463105127215385,0.06257303804159164,0.4614541530609131,0.5582436608515976
PD+FF,lateral_sine,1019,True,True,0.5426764089207001,0.21695471693353172,0.06550196533137112,0.1402481347322464,0.16726496815681458,0.03181219398486251,0.675,0.9608540925266904,0.5,0.001057154254943982,0.0003754547506105155,0.3454395830631256,0.0194767527282238,0.0625670999288559,0.34006524085998535,0.4629691323889626
PD+FF,lateral_sine,1020,True,True,0.353820112576223,0.13299832181040847,0.0545854099124095,0.10511292517185211,0.11754676699638367,0.025585198657822026,0.7275,0.9786476868327402,0.25,0.0018401572323077826,0.00037119979970157146,0.34528693556785583,0.019500380381941795,0.06255555897951126,0.2227078378200531,0.3850906783217584
PD+FF,lateral_sine,1021,True,True,0.559259486583096,0.23306098995572735,0.06940704209400207,0.16088531911373138,0.18259328603744507,0.034762531399554035,0.66,0.9395017793594306,0.8000000000000007,0.0006398600015070407,0.0003737381484825164,0.3450082242488861,0.01954708993434906,0.06253428757190704,0.49743902683258057,0.5883380277697284
PD+FF,lateral_sine,1022,True,True,0.7069021147453256,0.2959975098516795,0.07661022697490051,0.16025158762931824,0.22820430994033813,0.04464559542319067,0.66,0.9395017793594306,0.8000000000000007,0.0008237012528763039,0.00037812470691278577,0.3461509943008423,0.0193626768887043,0.06262107938528061,0.37694433331489563,0.4906965252801777
PD+FF,lateral_sine,1023,True,True,0.5645106035205658,0.23340396434902067,0.06576159651202018,0.12462959438562393,0.1799456924200058,0.04108985384328625,0.6825,0.9715302491103203,0.35000000000000053,0.000646697349650993,0.0003747436567209661,0.3461305797100067,0.01936470717191696,0.0626196563243866,0.4728805720806122,0.5677253605002299
PD+FF,lateral_sine,1024,True,True,0.494600334600336,0.1936672536598666,0.06263429931563852,0.1356021910905838,0.1517832726240158,0.02965967249053909,0.6825,0.9715302491103203,0.35000000000000053,0.0011996820866609268,0.00037682693800888956,0.3452545404434204,0.019506599754095078,0.06255306303501129,0.3110935389995575,0.4421258186434017
PD+FF,lateral_sine,1025,True,True,0.24082704618550482,0.08960080484566361,0.04818493899568395,0.06690668314695358,0.0713520348072052,0.02866832372233435,0.7675,0.9750889679715302,0.3000000000000007,0.0016826353583558834,0.0003670133592095226,0.3457483947277069,0.019424667581915855,0.06259074062108994,0.24864348769187927,0.40064901531815933
PD+FF,lateral_sine,1026,True,True,0.5417547586401914,0.21247956141123794,0.0638877692755444,0.12884774804115295,0.16381511092185974,0.03343005652410278,0.685,0.9750889679715302,0.3000000000000007,0.0014573856966161513,0.000378451484721154,0.34570592641830444,0.019433405250310898,0.06258736550807953,0.2583710551261902,0.4067574850335882
PD+FF,lateral_sine,1027,True,True,0.6546650793799713,0.274130548840668,0.07421110229318581,0.16233223676681519,0.21134528517723083,0.03654272042658935,0.6575,0.9359430604982206,0.8500000000000005,0.0008618690344697708,0.0003743699344340712,0.3456640839576721,0.019441736862063408,0.06258409470319748,0.36954861879348755,0.48503838111638475
PD+FF,lateral_sine,1028,True,True,0.2701556837454892,0.10489656837883152,0.05105197895098194,0.08603942394256592,0.09828871488571167,0.033968708768471315,0.7525,0.9786476868327402,0.25,0.0009922979206203658,0.00036746400292031467,0.34542346000671387,0.01947772689163685,0.06256598979234695,0.4025936424732208,0.51066397020319
PD+FF,lateral_sine,1029,True,True,0.2745180409966223,0.10074309390260205,0.04797736069179526,0.06757637113332748,0.0776689425110817,0.028658361686089016,0.755,0.9750889679715302,0.3000000000000007,0.002749884422649236,0.00036884532892145216,0.3460098206996918,0.019382083788514137,0.06261061131954193,0.214758962392807,0.3805488949292377
PD+FF,lateral_sine,1030,True,True,0.6204922982843007,0.2562014241913766,0.07336596281827042,0.17364463210105896,0.19920626282691956,0.03330998413414575,0.6525,0.9288256227758007,0.9500000000000002,0.0007242326541109837,0.0003764456487260759,0.34492719173431396,0.01956075057387352,0.062528096139431,0.4438457489013672,0.5437785379376833
PD+FF,lateral_sine,1031,True,True,0.3969564790968418,0.15208900585286622,0.05315522689096258,0.07467969506978989,0.11725538223981857,0.03849955491805038,0.7075,0.9715302491103203,0.35000000000000053,0.0009576269769923723,0.0003739260428119451,0.3461930751800537,0.019352709874510765,0.06262451410293579,0.39864641427993774,0.5075578913996714
PD+FF,lateral_sine,1032,True,True,0.2908195703359974,0.11423837134590296,0.052827514538251956,0.09780994057655334,0.1122019812464714,0.03736484449699263,0.745,0.9786476868327402,0.25,0.0007889639488124115,0.0003685080446302891,0.34522098302841187,0.01951054483652115,0.0625506266951561,0.49894750118255615,0.5896139910485044
PD+FF,lateral_sine,1033,True,True,0.3352526342393899,0.13006359946180177,0.050857281431847076,0.07151810079813004,0.10027409344911575,0.03848574582537963,0.7275,0.9750889679715302,0.3000000000000007,0.0007814046683936084,0.00037094633444212377,0.34608057141304016,0.01937098614871502,0.06261598318815231,0.4761985242366791,0.5704919666296976
PD+FF,lateral_sine,1034,True,True,0.2363795724138351,0.08566904224422606,0.050665338155590774,0.0911637619137764,0.10666418820619583,0.02811966235018947,0.7775,0.9822064056939501,0.20000000000000018,0.0019310927489771875,0.0003670979058369994,0.34511899948120117,0.019526975229382515,0.0625428557395935,0.22327283024787903,0.3854177035772061
PD+FF,lateral_sine,1035,True,True,0.5234370061907501,0.21543888112938797,0.06533946627942597,0.1402200311422348,0.16609694063663483,0.03334282238641532,0.675,0.9608540925266904,0.5,0.0007536151096727444,0.0003721519315149635,0.3454183340072632,0.019480355083942413,0.06256550550460815,0.436818927526474,0.538058384331299
PD+FF,lateral_sine,1036,True,True,0.5264751752125457,0.20838340225769628,0.06225075024459045,0.11611189693212509,0.16065651178359985,0.037218630334628994,0.6825,0.9715302491103203,0.35000000000000053,0.00101722603742333,0.00037717228406108916,0.34598201513290405,0.01938832923769951,0.06260837614536285,0.34900519251823425,0.46957499284834014
PD+FF,lateral_sine,1037,True,True,0.5089023590104241,0.20383220966411197,0.06389705201741126,0.13792195916175842,0.1571475863456726,0.031845297795004786,0.6775,0.9644128113879004,0.4500000000000002,0.0009236632822612155,0.0003743831184692681,0.34532275795936584,0.01949557289481163,0.06255824118852615,0.38270920515060425,0.4951387534932367
PD+FF,lateral_sine,1038,True,True,0.5216811794285325,0.20309900181281093,0.0647614964544673,0.14691483974456787,0.16376923024654388,0.02970750949488651,0.6675,0.9501779359430605,0.6500000000000004,0.0011864837295604675,0.0003788368485402316,0.34503260254859924,0.019542573019862175,0.06253618001937866,0.31811848282814026,0.4470966546740276
PD+FF,lateral_sine,1039,True,True,0.23178459065274218,0.08887733804274532,0.04903868204163866,0.07413831353187561,0.08439146727323532,0.03311928439420825,0.77,0.9786476868327402,0.25,0.0011066813871080546,0.00036633803392760456,0.3455498516559601,0.019457098096609116,0.06257561594247818,0.3661683201789856,0.48246791417308676
PD+FF,lateral_sine,1040,True,True,0.29650383784346157,0.11396347661170395,0.04960754477978551,0.06897856295108795,0.08786170929670334,0.0360723595727272,0.7425,0.9750889679715302,0.3000000000000007,0.0009451755817217394,0.0003690960875246674,0.3459535241127014,0.019391480833292007,0.0626063272356987,0.4134989380836487,0.5193047480046125
PD+FF,lateral_sine,1041,True,True,0.24318825275839911,0.09581952915543057,0.05011645941041615,0.08211082220077515,0.09342500567436218,0.03592668165640225,0.7625,0.9786476868327402,0.25,0.0008410867197247851,0.0003666607663035393,0.3454442322254181,0.019474275410175323,0.06256761401891708,0.46515655517578125,0.5613079995215002
PD+FF,lateral_sine,1042,True,True,0.48329677858897024,0.19279656401073128,0.06197273089744884,0.12992766499519348,0.1486392617225647,0.031880820997995565,0.685,0.9750889679715302,0.3000000000000007,0.0009660207357575307,0.00037424793117679656,0.34540700912475586,0.019481662660837173,0.0625646710395813,0.3728010952472687,0.4875209801858706
PD+FF,lateral_sine,1043,True,True,0.5955218813965292,0.23527865219970556,0.06966380954476568,0.1610269546508789,0.18331772089004517,0.029838993582866246,0.66,0.9395017793594306,0.8000000000000007,0.0011394305576812045,0.000379398581571877,0.3450387716293335,0.01954217627644539,0.06253662705421448,0.31946444511413574,0.448055332739062
PD+FF,lateral_sine,1044,True,True,0.6320677729482352,0.24638803290552214,0.06817596527708936,0.134572371840477,0.18995636701583862,0.04103989442142357,0.68,0.9679715302491103,0.40000000000000036,0.0017920998906873675,0.0003836498945020139,0.34606340527534485,0.019375845789909363,0.06261450797319412,0.20961801707744598,0.3776715008937124
PD+FF,lateral_sine,1045,True,True,0.2711133348544547,0.10474398002055478,0.05151673473978773,0.09102132171392441,0.10398371517658234,0.034840891348503815,0.7525,0.9786476868327402,0.25,0.0009658788978967269,0.00036764159449376166,0.3453114628791809,0.019495919346809387,0.06255747377872467,0.4158290922641754,0.5211620510715232
PD+FF,lateral_sine,1046,True,True,0.6520185108426808,0.2725881875386806,0.07289875830339977,0.1514480859041214,0.21015554666519165,0.04087100605067686,0.665,0.9466192170818505,0.7000000000000002,0.0007857406818309572,0.0003757478261832148,0.3460012972354889,0.019386515021324158,0.06260978430509567,0.39649125933647156,0.505866947165013
PD+FF,lateral_sine,1047,True,True,0.36612109416728567,0.14101023487341233,0.0547670454155259,0.10414662957191467,0.11326801776885986,0.029696087105855334,0.72,0.9786476868327402,0.25,0.0013201616594468767,0.0003711137978825718,0.345476359128952,0.019469579681754112,0.0625700056552887,0.29876548051834106,0.4335399195612604
PD+FF,lateral_sine,1048,True,True,0.38025448878019874,0.14920223663538656,0.05737715817634894,0.11953151226043701,0.13443443179130554,0.03694403744301212,0.715,0.9786476868327402,0.25,0.0007915699731394164,0.0003722051333170384,0.3450597822666168,0.01953713223338127,0.06253830343484879,0.4824531674385071,0.5757231177182979
PD+FF,lateral_sine,1049,True,True,0.5529128694774007,0.23015702982735364,0.06691168009694287,0.14012779295444489,0.17744258046150208,0.03501387373552702,0.675,0.9608540925266904,0.5,0.0007441883898314991,0.0003721246321219951,0.34564217925071716,0.019444186240434647,0.06258250027894974,0.43331217765808105,0.5352153704917464
PD+FF,lateral_sine,1050,True,True,0.4583531271979836,0.1887511595100716,0.061740446433696194,0.13159185647964478,0.14720329642295837,0.03462681224050099,0.69,0.9786476868327402,0.25,0.0006710011728898139,0.00037087249802425504,0.3453073799610138,0.01949775591492653,0.06255710124969482,0.49881017208099365,0.5894977839443499
PD+FF,lateral_sine,1051,True,True,0.2985120560865809,0.11088803237374906,0.05269461642588254,0.09874814748764038,0.11307567358016968,0.02839959455939406,0.7475,0.9786476868327402,0.25,0.0016193172341019697,0.0003691386373247951,0.3451717495918274,0.019518597051501274,0.06254685670137405,0.2584548592567444,0.4068107222987768
PD+FF,lateral_sine,1052,True,True,0.5030958527473522,0.19936763427207868,0.062421329658378384,0.1277848184108734,0.1537053883075714,0.031970862863848426,0.685,0.9750889679715302,0.3000000000000007,0.001131947692690898,0.0003756493388209492,0.34555375576019287,0.01945790834724903,0.0625758171081543,0.32490968704223633,0.45195392933098044
PD+FF,lateral_sine,1053,True,True,0.2787519065771033,0.10890101244690556,0.051897124969422746,0.09211515635251999,0.105412058532238,0.0356017190287193,0.75,0.9786476868327402,0.25,0.000889834781612637,0.00036786249256692827,0.34531664848327637,0.01949501410126686,0.0625578835606575,0.44851720333099365,0.5475981475385804
PD+FF,lateral_sine,1054,True,True,0.6621627397689192,0.27121160503406855,0.07269247334754002,0.1510125994682312,0.2090950906276703,0.04093657844096197,0.665,0.9466192170818505,0.7000000000000002,0.0009633240619721876,0.0003775168734136969,0.34599050879478455,0.01938825473189354,0.06260890513658524,0.3443475067615509,0.4661236476695055
PD+FF,lateral_sine,1055,True,True,0.34028793957146714,0.1284562826330787,0.055132360731297396,0.11154548078775406,0.1268415004014969,0.03495095402444703,0.7325,0.9822064056939501,0.20000000000000018,0.0010908550897283883,0.0003708574513439089,0.3450186848640442,0.019543511793017387,0.06253523379564285,0.37500709295272827,0.4892099439593242
PD+FF,lateral_sine,1056,True,True,0.28074489444882755,0.10402516100772449,0.05247367472642587,0.10095977783203125,0.11534025520086288,0.03439116136937097,0.7575,0.9822064056939501,0.20000000000000018,0.001241531025984718,0.0003685730916913599,0.3450649082660675,0.01953589729964733,0.0625387504696846,0.33817118406295776,0.46157967809942824
PD+FF,lateral_sine,1057,True,True,0.4379871740528436,0.17072959173153723,0.05826793062594262,0.11372122913599014,0.13162587583065033,0.03062876432506042,0.6975,0.9750889679715302,0.3000000000000007,0.001289142158535836,0.0003741915861610323,0.3455634117126465,0.019455883651971817,0.06257656216621399,0.2980625629425049,0.4330558173396169
PD+FF,lateral_sine,1058,True,True,0.6570741588405439,0.2674764940385616,0.07468245749249336,0.17390203475952148,0.20621533691883087,0.031187304797299316,0.6525,0.9288256227758007,0.9500000000000002,0.000985811462762829,0.0003777107922360301,0.34511980414390564,0.01952992007136345,0.06254275888204575,0.34246277809143066,0.46473304582515906
PD+FF,lateral_sine,1059,True,True,0.43029431801036855,0.1680275482383036,0.05872749729009424,0.12111254781484604,0.13365307450294495,0.030388179507868106,0.7025,0.9786476868327402,0.25,0.001149050624678231,0.0003738410014193505,0.3453444540500641,0.019491473212838173,0.06255994737148285,0.3298633396625519,0.4555281246609928
PD+FF,lateral_sine,1060,True,True,0.29389665992413,0.1111099713643279,0.05335588758645233,0.10492900013923645,0.12012644112110138,0.039669798152303114,0.75,0.9822064056939501,0.20000000000000018,0.0008448033338436447,0.0003691715537570417,0.3450136184692383,0.019544322043657303,0.06253483146429062,0.4775193929672241,0.571594979127367
PD+FF,lateral_sine,1061,True,True,0.333679999707145,0.1276796084660044,0.052509767664003316,0.09048183262348175,0.09843684732913971,0.030110572085436035,0.73,0.9750889679715302,0.3000000000000007,0.0013892836914082456,0.0003699375665746629,0.3456428349018097,0.019442256540060043,0.06258266419172287,0.28927016258239746,0.4270518428297384
PD+FF,lateral_sine,1062,True,True,0.3860446547404488,0.15104388817969946,0.0573080555436116,0.11925212293863297,0.13234767317771912,0.03457174619890088,0.7125,0.9786476868327402,0.25,0.0008796324591422921,0.00037220868398435414,0.34513869881629944,0.0195244699716568,0.0625443309545517,0.4292861223220825,0.5319611116633987
PD+FF,lateral_sine,1063,True,True,0.2348414700828358,0.08634271328394527,0.046776559517926655,0.06655803322792053,0.06872555613517761,0.032258809514871915,0.7725,0.9750889679715302,0.3000000000000007,0.0014458049919472285,0.00036730687133967876,0.3459826409816742,0.019386421889066696,0.06260855495929718,0.2895512878894806,0.42724231745262053
PD+FF,lateral_sine,1064,True,True,0.4937796855601864,0.19165756032422154,0.0615232297721276,0.12654267251491547,0.14776065945625305,0.02960972719231249,0.685,0.9750889679715302,0.3000000000000007,0.0015915456745215469,0.000377267220756039,0.34548622369766235,0.01946883276104927,0.06257068365812302,0.24278511106967926,0.39703987162619503
PD+FF,lateral_sine,1065,True,True,0.24370265077987024,0.09250089990484672,0.05097770349475053,0.09165250509977341,0.1060580238699913,0.03779809028508338,0.7675,0.9786476868327402,0.25,0.0009160142472792012,0.0003671345766633749,0.3451777696609497,0.019517382606863976,0.06254734843969345,0.453745573759079,0.5518886619688655
PD+FF,lateral_sine,1066,True,True,0.41692228284666555,0.15843234387923188,0.05568931586126658,0.09754658490419388,0.12214574962854385,0.029693135165337118,0.705,0.9750889679715302,0.3000000000000007,0.0019182550545255885,0.00037414630060084164,0.34579500555992126,0.01941799558699131,0.0625942051410675,0.20805609226226807,0.37680682986282815
PD+FF,lateral_sine,1067,True,True,0.29655524545440903,0.10806819989543962,0.04782577197355503,0.07106286287307739,0.08331695944070816,0.029260290354712,0.7475,0.9750889679715302,0.3000000000000007,0.02779107485527728,0.0003701210953295231,0.3461955189704895,0.019351776689291,0.0626247227191925,0.20151829719543457,0.373236752756714
PD+FF,lateral_sine,1068,True,True,0.2715852868562848,0.10063246418588422,0.04832910592629581,0.06653434038162231,0.07758357375860214,0.030080144861541265,0.755,0.9750889679715302,0.3000000000000007,0.0016556249211820947,0.0003684548137243837,0.3459339737892151,0.019394461065530777,0.06260485202074051,0.25048118829727173,0.40179207955688007
PD+FF,lateral_sine,1069,True,True,0.2684796531567928,0.09780027162682887,0.047001218060898055,0.06959035992622375,0.0754009410738945,0.03151806827409447,0.7575,0.9750889679715302,0.3000000000000007,0.020578205076106675,0.00036887775058858097,0.3461507260799408,0.01935909315943718,0.06262129545211792,0.24751581251621246,0.3999501555811546
PD+FF,lateral_sine,1070,True,True,0.5630612922059876,0.21596270282260907,0.06252267419791563,0.11007014662027359,0.16650010645389557,0.03940334181907532,0.6825,0.9715302491103203,0.35000000000000053,0.0016619988646220112,0.0003833421797025949,0.3462333679199219,0.019347265362739563,0.06262753903865814,0.22921264171600342,0.38888878182104697
PD+FF,lateral_sine,1071,True,True,0.5426399954224287,0.21060737621342204,0.062225521608414734,0.11322404444217682,0.16237092018127441,0.03773320139104705,0.6825,0.9715302491103203,0.35000000000000053,0.0013824644625963897,0.00038062589010223746,0.34608331322669983,0.01937180757522583,0.06261610239744186,0.26974478363990784,0.4140752320590663
PD+FF,lateral_sine,1072,True,True,0.43525505148965543,0.17625705288742888,0.05803593174234955,0.10541412234306335,0.13588882982730865,0.03627807382059439,0.695,0.9750889679715302,0.3000000000000007,0.0007333784782921712,0.0003718400257639587,0.34582340717315674,0.019413713365793228,0.06259635090827942,0.4661308228969574,0.5621156407345588
PD+FF,lateral_sine,1073,True,True,0.5437923674017445,0.21514850773735852,0.06267050480841893,0.11275806277990341,0.16587157547473907,0.04007654648471556,0.6825,0.9715302491103203,0.35000000000000053,0.0009175650640714249,0.00037816923577338457,0.34615838527679443,0.019359508529305458,0.06262180954217911,0.3800120949745178,0.49305703709687676
PD+FF,lateral_sine,1074,True,True,0.21225544699130278,0.08342601332370524,0.049342130594821176,0.07900594919919968,0.09217365831136703,0.037381391933476796,0.7775,0.9786476868327402,0.25,0.0008308498280679094,0.00036595299025066197,0.3453827202320099,0.01948407292366028,0.06256289780139923,0.4962819218635559,0.5873600220243232
PD+FF,lateral_sine,1075,True,True,0.3469535448610118,0.12792496950044482,0.049927394026843507,0.07271506637334824,0.0986255630850792,0.03262586660109064,0.73,0.9750889679715302,0.3000000000000007,0.012230009695990154,0.0003722641267813742,0.3462260067462921,0.01934695988893509,0.06262706220149994,0.23914383351802826,0.3948237867878876
PD+FF,lateral_sine,1076,True,True,0.519323666338087,0.21227308077960766,0.06557729679311362,0.14571672677993774,0.1648896187543869,0.03336128533487411,0.67,0.9537366548042705,0.6000000000000005,0.0007308386993902069,0.0003730836324393749,0.345201313495636,0.019515566527843475,0.06254900991916656,0.45283621549606323,0.5511412591782854
PD+FF,lateral_sine,1077,True,True,0.29928858084420495,0.10957146785393705,0.05339012733376343,0.10620710253715515,0.12153659015893936,0.03172428689972245,0.75,0.9822064056939501,0.20000000000000018,0.001591730009294317,0.00036950616049580276,0.34496748447418213,0.019551696255803108,0.06253132224082947,0.2694230377674103,0.41386570621839197
PD+FF,lateral_sine,1078,True,True,0.264740949256475,0.09677674388069715,0.05161757330641849,0.09623082727193832,0.1105920597910881,0.02813116969322524,0.7625,0.9786476868327402,0.25,0.001823879548963662,0.0003680666850414127,0.34511345624923706,0.01952795311808586,0.06254243850708008,0.23459486663341522,0.3920851960410885
PD+FF,lateral_sine,1079,True,True,0.3167397670924333,0.12083633709123397,0.049377365726325076,0.07144234329462051,0.09316118061542511,0.03951308739597627,0.735,0.9750889679715302,0.3000000000000007,0.0008111695728426609,0.000370639783795923,0.3461661636829376,0.019356651231646538,0.06262248009443283,0.4896434247493744,0.5817617492617791
PD+FF,lateral_sine,1080,True,True,0.2812616759512856,0.10533049419575487,0.04822133014416793,0.06864272058010101,0.08120560646057129,0.035709935846304344,0.75,0.9750889679715302,0.3000000000000007,0.0011119151394686083,0.00036896843812428415,0.3460550010204315,0.019374756142497063,0.06261403858661652,0.367546945810318,0.4835150534143914
PD+FF,lateral_sine,1081,True,True,0.47172295015607246,0.1808784589067552,0.05734757267714739,0.0918019488453865,0.1394510418176651,0.037155750023409546,0.69,0.9715302491103203,0.35000000000000053,0.0012722025817417954,0.0003776183584704995,0.34616392850875854,0.01935797743499279,0.06262224912643433,0.3006768822669983,0.4348593301673902
PD+FF,lateral_sine,1082,True,True,0.31087173886739045,0.11855807267918729,0.05265524155608019,0.09549722075462341,0.10702114552259445,0.030273346824246636,0.74,0.9786476868327402,0.25,0.001307625198572816,0.0003690530138555914,0.34537097811698914,0.0194863174110651,0.0625620111823082,0.3117980659008026,0.4426218288825238
PD+FF,lateral_sine,1083,True,True,0.4459015661211645,0.16915965736847868,0.05632558886249782,0.09325875341892242,0.13041621446609497,0.032625832760758464,0.7,0.9750889679715302,0.3000000000000007,0.001831321892722446,0.00037617035559378564,0.34599941968917847,0.019384726881980896,0.06260976195335388,0.21643398702144623,0.3814966844440833
PD+FF,lateral_sine,1084,True,True,0.34324820412617235,0.12957355517579391,0.055465815778756096,0.11348546296358109,0.12950283288955688,0.03694148898560551,0.7325,0.9822064056939501,0.20000000000000018,0.0009860355066410396,0.0003710907476488501,0.34496361017227173,0.019552553072571754,0.06253104656934738,0.4071005880832672,0.5142245991019595
PD+FF,lateral_sine,1085,True,True,0.2506189736260907,0.09767810126236724,0.04995610964519576,0.07902217656373978,0.08995247632265091,0.03438628740387626,0.76,0.9786476868327402,0.25,0.0009628249948093662,0.0003668334975373,0.3455188572406769,0.019462181255221367,0.06257326155900955,0.4138740301132202,0.5196034664106732
PD+FF,lateral_sine,1086,True,True,0.3191770546035695,0.12252253259211096,0.05416158786352033,0.10584381222724915,0.12085885554552078,0.03653406592310347,0.7375,0.9786476868327402,0.25,0.0009144575844340836,0.0003697740030474961,0.34510338306427,0.019529713317751884,0.0625416710972786,0.4387705326080322,0.5396439842979491
PD+FF,lateral_sine,1087,True,True,0.46109864269577416,0.17713781330878914,0.06123464283551144,0.1365678310394287,0.150763139128685,0.03077857052280564,0.69,0.9679715302491103,0.40000000000000036,0.0011939936296766474,0.00037639375659637153,0.3449893593788147,0.019548924639821053,0.06253296136856079,0.3274095356464386,0.4537543978145506
PD+FF,lateral_sine,1088,True,True,0.46532974646860736,0.18332944609702706,0.0622338387272839,0.1413402557373047,0.155448317527771,0.03599829563502851,0.68,0.9608540925266904,0.5,0.0007852883049541655,0.0003754406643565744,0.3449450433254242,0.019556360319256783,0.062529556453228,0.4605681300163269,0.5575114813979755
PD+FF,lateral_sine,1089,True,True,0.6366918073239255,0.2626746950822517,0.07125675792242807,0.14671851694583893,0.20251357555389404,0.04002786978552294,0.6675,0.9501779359430605,0.6500000000000004,0.0008568120713142607,0.0003760926192626357,0.34597522020339966,0.019390519708395004,0.0626077726483345,0.37915652990341187,0.49239793223796724
PD+FF,lateral_sine,1090,True,True,0.34975540654902054,0.13198125250660697,0.05507374654695117,0.10980061441659927,0.12361860275268555,0.030116823195949747,0.7275,0.9786476868327402,0.25,0.0013604924418958069,0.0003710935125127435,0.34513407945632935,0.019524915143847466,0.06254399567842484,0.30003631114959717,0.4344166634834428
PD+FF,lateral_sine,1091,True,True,0.6474592331282417,0.2646395683827798,0.07422137964799122,0.1726880520582199,0.20402732491493225,0.0313390384636303,0.6525,0.9288256227758007,0.9500000000000002,0.0009197428279971651,0.00037703022826462984,0.34511423110961914,0.019530819728970528,0.06254231184720993,0.36124923825263977,0.47874529934187493
PD+FF,lateral_sine,1092,True,True,0.636855505404723,0.25808539552119925,0.07219320247000598,0.1608574539422989,0.19897542893886566,0.033189851525087445,0.66,0.9395017793594306,0.8000000000000007,0.0011022425668582735,0.00037656971835531294,0.34542781114578247,0.019479835405945778,0.06256616115570068,0.31251582503318787,0.44312773598591526
PD+FF,lateral_sine,1093,True,True,0.30344138168176804,0.11987783644447254,0.051697508609912665,0.08779032528400421,0.09431198984384537,0.03452155384941319,0.735,0.9750889679715302,0.3000000000000007,0.0008972445980255227,0.0003685025149025023,0.34562960267066956,0.019444366917014122,0.06258167326450348,0.43002596497535706,0.5325583348862507
PD+FF,lateral_sine,1094,True,True,0.3080922882657092,0.1147775711402111,0.052977175103898946,0.09890783578157425,0.11348029226064682,0.02765548775122482,0.7425,0.9786476868327402,0.25,0.0016566935075934936,0.0003694624174386263,0.3451979160308838,0.0195144210010767,0.06254885345697403,0.2514164447784424,0.4023757922749087
PD+FF,lateral_sine,1095,True,True,0.42024083071477825,0.16225095583631255,0.05809829418397091,0.1200273409485817,0.13174183666706085,0.029033069310531102,0.705,0.9786476868327402,0.25,0.0013346658758847671,0.00037366096512414515,0.34530818462371826,0.019497182220220566,0.0625571608543396,0.2943161725997925,0.43048584060061695
PD+FF,lateral_sine,1096,True,True,0.2673412186587353,0.09787253415323954,0.04720684328997599,0.06899993866682053,0.0754561796784401,0.03252183653254652,0.7575,0.9750889679715302,0.3000000000000007,0.010288816229680267,0.0003687244898173958,0.3461105525493622,0.01936556026339531,0.06261826306581497,0.27283963561058044,0.4160979647438128
PD+FF,lateral_sine,1097,True,True,0.4021242538977583,0.15503733929368604,0.05602116846428407,0.10479168593883514,0.11952850222587585,0.0297729603665996,0.7075,0.9750889679715302,0.3000000000000007,0.0014473285198852905,0.0003727575531229377,0.3456018269062042,0.019449280574917793,0.06257951259613037,0.27344202995300293,0.41649320912668897
PD+FF,lateral_sine,1098,True,True,0.43274671860336544,0.17620221568400685,0.059601164423108824,0.12225080281496048,0.13627438247203827,0.034289040814660506,0.6975,0.9786476868327402,0.25,0.0007464198931391416,0.00037098745815455914,0.34540972113609314,0.019480763003230095,0.06256487965583801,0.4742331802845001,0.5688524929949592
PD+FF,lateral_sine,1099,True,True,0.6374837063950339,0.26527409418702114,0.07274752901858009,0.15826958417892456,0.20451655983924866,0.03586574692970993,0.66,0.9395017793594306,0.8000000000000007,0.0008774460056330815,0.00037431070813909173,0.3456437587738037,0.019444754347205162,0.06258255243301392,0.36984628438949585,0.4852652095303606
Direct PPO,lateral_sine,1000,True,True,0.35545788107465554,0.005882586015537881,0.10287939535388506,0.1478455662727356,0.14900393784046173,0.08814836916524879,0.59,0.6334519572953736,0.4500000000000002,0.05077500819834775,0.004542222246527672,0.7973604202270508,0.09767087548971176,0.0972244143486023,0.34128254652023315,0.4638640167798792
Direct PPO,lateral_sine,1001,True,True,0.35108622117703514,0.008482922463151264,0.10235457221057774,0.1452643871307373,0.15065224468708038,0.08150197221041137,0.6,0.6192170818505338,0.4500000000000002,0.048138715463521935,0.004921013955026865,0.804175078868866,0.0937141627073288,0.09694003313779831,0.25630688667297363,0.405449466222144
Direct PPO,lateral_sine,1002,True,True,0.46088854461254647,0.01799957009266691,0.10380425049460976,0.15057209134101868,0.15247195959091187,0.09227482210065654,0.5125,0.5693950177935944,0.4500000000000002,0.053789445534122876,0.0037449246738106012,0.7850157618522644,0.10155363380908966,0.09757748991250992,0.4242836833000183,0.5279324705096847
Direct PPO,lateral_sine,1003,True,True,0.5367098154719998,0.009961445627683379,0.10294786284197853,0.14816182851791382,0.14920727908611298,0.08846492644753742,0.55,0.6334519572953736,0.4500000000000002,0.05101548764263549,0.004675174597650766,0.797042965888977,0.09800486266613007,0.09725111722946167,0.34840381145477295,0.4691281971274397
Direct PPO,lateral_sine,1004,True,True,0.6014536403257228,0.0035928231853395876,0.10200343407071283,0.14469504356384277,0.15096399188041687,0.0799531813904099,0.5375,0.6156583629893239,0.4500000000000002,0.0478095702901105,0.0050942301750183105,0.8047313690185547,0.09303917735815048,0.09689874947071075,0.24154320359230042,0.3962816784882445
Direct PPO,lateral_sine,1005,True,True,0.5844922407488415,0.008914682583215884,0.10216784175255532,0.14645586907863617,0.15004484355449677,0.08402041189192767,0.545,0.6263345195729537,0.4500000000000002,0.04898257044957019,0.004840188659727573,0.8031965494155884,0.095093734562397,0.0970306321978569,0.28618520498275757,0.424968258879239
Direct PPO,lateral_sine,1006,True,True,0.4277081026009571,0.004279162682654179,0.10233140072259451,0.14650161564350128,0.14998137950897217,0.08436541434959645,0.5775,0.6334519572953736,0.4500000000000002,0.04907020307804763,0.004574554972350597,0.8024441599845886,0.09524228423833847,0.0970425084233284,0.28934937715530396,0.42710550401978115
Direct PPO,lateral_sine,1007,True,True,0.6308681652809041,0.029124220288295876,0.10327312819904198,0.14925462007522583,0.15122856199741364,0.09055847532688911,0.5,0.594306049822064,0.4500000000000002,0.05265828200482242,0.004125144332647324,0.7906994819641113,0.1000923439860344,0.09743624180555344,0.39287856221199036,0.5030403702980405
Direct PPO,lateral_sine,1008,True,True,0.5176120873173626,0.006092025028871634,0.10203995400804745,0.14562204480171204,0.15046775341033936,0.08222253448243774,0.5525,0.6192170818505338,0.4500000000000002,0.04838286382017397,0.004733228590339422,0.8041322827339172,0.0941256657242775,0.09696798771619797,0.26522985100746155,0.4111482985119471
Direct PPO,lateral_sine,1009,True,True,0.545108312522687,0.0060198708797082785,0.10175659389558539,0.14520734548568726,0.15154452621936798,0.07696590997875272,0.5425,0.608540925266904,0.4500000000000002,0.04736467979804956,0.005080486182123423,0.8050299286842346,0.09183984249830246,0.09683115780353546,0.2149554342031479,0.3806598063852983
Direct PPO,lateral_sine,1010,True,True,0.6576914597488411,0.06311741084062776,0.10444633089214764,0.15276214480400085,0.1549479067325592,0.09348364718495372,0.44,0.5409252669039146,0.4500000000000002,0.055396780728264,0.0028268848545849323,0.7665703296661377,0.10389206558465958,0.09783072024583817,0.4753030240535736,0.5697446921019106
Direct PPO,lateral_sine,1011,True,True,0.4440483314769635,0.003652620118376349,0.10210763004309477,0.14562436938285828,0.15049783885478973,0.0821262843927406,0.565,0.6192170818505338,0.4500000000000002,0.04834037487748192,0.004664924461394548,0.8039802312850952,0.09405888617038727,0.0969635546207428,0.26378002762794495,0.4102145200736175
Direct PPO,lateral_sine,1012,True,True,0.4474710905916563,0.0052709742773465774,0.10212329704416034,0.1458180844783783,0.15033872425556183,0.08280999126263415,0.5675,0.6192170818505338,0.4500000000000002,0.04855369487829519,0.004705987870693207,0.8037360906600952,0.09441585838794708,0.09698601067066193,0.2715309262275696,0.4152410064069188
Direct PPO,lateral_sine,1013,True,True,0.29870640144495997,0.002576074089404244,0.10383753755000853,0.1494862139225006,0.15137965977191925,0.09165130094873616,0.5825,0.5871886120996441,0.4500000000000002,0.05297363970885575,0.004153605550527573,0.7881000638008118,0.1005072072148323,0.09747381508350372,0.401797890663147,0.5100368559674714
Direct PPO,lateral_sine,1014,True,True,0.4517186875821065,0.025736901992870077,0.10431538158417332,0.15248262882232666,0.15443293750286102,0.09390761910916386,0.4925,0.5444839857651246,0.4500000000000002,0.0552669548411191,0.0028082747012376785,0.7756154537200928,0.10362321883440018,0.0977993756532669,0.4693894386291504,0.5648207632518637
Direct PPO,lateral_sine,1015,True,True,0.4573203857680494,0.014495568578343014,0.1033864418457174,0.1492338925600052,0.15109935402870178,0.09084957547540876,0.535,0.594306049822064,0.4500000000000002,0.05264591655841726,0.00403414573520422,0.7908192873001099,0.10006936639547348,0.09743405133485794,0.39239153265953064,0.502660088336765
Direct PPO,lateral_sine,1016,True,True,0.4888592916003038,0.004972845320205141,0.10249501496950779,0.14691539108753204,0.1496582329273224,0.0856630052391178,0.5625,0.6334519572953736,0.4500000000000002,0.04959586247140816,0.00473366491496563,0.8012645244598389,0.0960206389427185,0.0970960482954979,0.3060871958732605,0.4386176250236471
Direct PPO,lateral_sine,1017,True,True,0.25126399262199134,0.013443420272377047,0.10470979316836064,0.15324611961841583,0.15524250268936157,0.09507037479365212,0.535,0.5302491103202847,0.4500000000000002,0.05594887881804876,0.0025091764982789755,0.7726624608039856,0.104637011885643,0.09792088717222214,0.4917738139629364,0.583555938709805
Direct PPO,lateral_sine,1018,True,True,0.36129293408156277,0.01543411749999485,0.10430313295308732,0.15206442773342133,0.1540168821811676,0.09385048955515428,0.5175,0.5480427046263345,0.4500000000000002,0.055027943316400346,0.00303435605019331,0.7780218720436096,0.10326910018920898,0.09776406735181808,0.4614541530609131,0.5582436608515976
Direct PPO,lateral_sine,1019,True,True,0.5103150353766451,0.009120578436855212,0.10282944626978036,0.14781884849071503,0.14902366697788239,0.08795730161632213,0.555,0.6334519572953736,0.4500000000000002,0.0507328930178977,0.004700623452663422,0.7980767488479614,0.09761470556259155,0.09722088277339935,0.34006524085998535,0.4629691323889626
Direct PPO,lateral_sine,1020,True,True,0.30289009179904175,0.003546677286686253,0.10190968129041894,0.14503180980682373,0.15137244760990143,0.0778435168095382,0.595,0.6120996441281139,0.4500000000000002,0.04746486333181787,0.00517893536016345,0.8059292435646057,0.09218708425760269,0.09684967994689941,0.2227078378200531,0.3850906783217584
Direct PPO,lateral_sine,1021,True,True,0.5288613173249873,0.03658301351763906,0.10478990346719029,0.15369825065135956,0.15567722916603088,0.09468045523437583,0.4675,0.5338078291814946,0.4500000000000002,0.05605020173889209,0.0025550602003932,0.7665085792541504,0.10489093512296677,0.0979522094130516,0.49743902683258057,0.5883380277697284
Direct PPO,lateral_sine,1022,True,True,0.6731849240506327,0.02835295484259753,0.1030547616350221,0.14857470989227295,0.1505506932735443,0.08973899962695106,0.505,0.608540925266904,0.4500000000000002,0.052068872281526,0.004291142337024212,0.7936263680458069,0.0993465781211853,0.09736846387386322,0.37694433331489563,0.4906965252801777
Direct PPO,lateral_sine,1023,True,True,0.5328119333284124,0.035146701002587884,0.10427888520648855,0.15265928208827972,0.15465448796749115,0.09384052737451039,0.475,0.5409252669039146,0.4500000000000002,0.05536880928927225,0.0028298599645495415,0.7739629149436951,0.10378221422433853,0.0978177860379219,0.4728805720806122,0.5677253605002299
Direct PPO,lateral_sine,1024,True,True,0.4500899155860934,0.002385236951100335,0.10262655876755439,0.14711132645606995,0.14956322312355042,0.08608517585416728,0.5725,0.6334519572953736,0.4500000000000002,0.049754482018994,0.004870562814176083,0.8005220293998718,0.09625431150197983,0.09711296856403351,0.3110935389995575,0.4421258186434017
Direct PPO,lateral_sine,1025,True,True,0.20693411500773726,0.0015847335988409138,0.10200535866019374,0.1450057029724121,0.15081246197223663,0.08062700717337234,0.6175,0.6120996441281139,0.4500000000000002,0.047968585545033124,0.004802484065294266,0.8050824999809265,0.09336382150650024,0.09691930562257767,0.24864348769187927,0.40064901531815933
Direct PPO,lateral_sine,1026,True,True,0.5005120073397138,0.004513897813641327,0.10203745796919081,0.1454053670167923,0.1506090760231018,0.08160806924887876,0.555,0.6192170818505338,0.4500000000000002,0.04820503401599278,0.004730385262519121,0.8042259216308594,0.09380938112735748,0.09694675356149673,0.2583710551261902,0.4067574850335882
Direct PPO,lateral_sine,1027,True,True,0.6320768178837348,0.023235656436210957,0.10304090472395493,0.1483992338180542,0.15019752085208893,0.08943432349876847,0.5175,0.6192170818505338,0.4500000000000002,0.051786505479466435,0.004365167114883661,0.7946817874908447,0.09899866580963135,0.09733684360980988,0.36954861879348755,0.48503838111638475
Direct PPO,lateral_sine,1028,True,True,0.23874057410148528,0.005014619542381436,0.10369156082802823,0.14955492317676544,0.15144240856170654,0.0916255076662226,0.585,0.5871886120996441,0.4500000000000002,0.05301663311026599,0.004072916228324175,0.7884887456893921,0.10054464638233185,0.09747827798128128,0.4025936424732208,0.51066397020319
Direct PPO,lateral_sine,1029,True,True,0.22828732803529916,0.0035549457799432223,0.1016511743735603,0.14521118998527527,0.1515478789806366,0.0768171796218252,0.6125,0.608540925266904,0.4500000000000002,0.04736646117319894,0.004674894735217094,0.8067389130592346,0.09183217585086823,0.09683208167552948,0.214758962392807,0.3805488949292377
Direct PPO,lateral_sine,1030,True,True,0.5859365936808987,0.030194007100178038,0.10410875993796737,0.15143023431301117,0.15337027609348297,0.09286883092577651,0.48,0.5551601423487544,0.4500000000000002,0.05442880088389855,0.003325601341202855,0.7795341610908508,0.10246028751134872,0.09767455607652664,0.4438457489013672,0.5437785379376833
Direct PPO,lateral_sine,1031,True,True,0.3450648355181228,0.012592968701198247,0.10343641236878894,0.14945551753044128,0.15132589638233185,0.09130014270728193,0.565,0.5871886120996441,0.4500000000000002,0.05288557271472304,0.003762702224776149,0.7898368835449219,0.10036150366067886,0.09746103733778,0.39864641427993774,0.5075578913996714
Direct PPO,lateral_sine,1032,True,True,0.2552484103229556,0.008107851885783363,0.10496087085710011,0.1535104662179947,0.1555224508047104,0.09534594866177125,0.5375,0.5266903914590747,0.4500000000000002,0.05613052062610273,0.0026496248319745064,0.7701550722122192,0.10495900362730026,0.09796129167079926,0.49894750118255615,0.5896139910485044
Direct PPO,lateral_sine,1033,True,True,0.29341909990011533,0.014323415568833205,0.10446476319682,0.1526309847831726,0.15460516512393951,0.09449473830663198,0.5325,0.5373665480427047,0.4500000000000002,0.05549666757576594,0.002689923858270049,0.7758510112762451,0.10393238067626953,0.09783493727445602,0.4761985242366791,0.5704919666296976
Direct PPO,lateral_sine,1034,True,True,0.19592056486808174,0.007631452463367778,0.10200553964357949,0.14501921832561493,0.1513599306344986,0.07786282385907393,0.6175,0.6120996441281139,0.4500000000000002,0.04746792413949055,0.0047054169699549675,0.8069236278533936,0.09221339225769043,0.09685233980417252,0.22327283024787903,0.3854177035772061
Direct PPO,lateral_sine,1035,True,True,0.5002143567367806,0.024384987053680005,0.10392116501868631,0.15112917125225067,0.15304718911647797,0.09267222695119263,0.495,0.5587188612099644,0.4500000000000002,0.054210793134111944,0.0035586997400969267,0.7822732925415039,0.10213463008403778,0.09763829410076141,0.436818927526474,0.538058384331299
Direct PPO,lateral_sine,1036,True,True,0.4853329121758635,0.010974537946338405,0.10286298949487627,0.14815163612365723,0.14923982322216034,0.08850315665978017,0.5625,0.6334519572953736,0.4500000000000002,0.05104261291067273,0.00446769455447793,0.7970660328865051,0.09803339838981628,0.0972539409995079,0.34900519251823425,0.46957499284834014
Direct PPO,lateral_sine,1037,True,True,0.47593751355583497,0.012032444668796572,0.10333682908672452,0.14881977438926697,0.15066976845264435,0.09039718564276435,0.5425,0.608540925266904,0.4500000000000002,0.052280026291367146,0.004393557086586952,0.7921368479728699,0.09961514174938202,0.09739131480455399,0.38270920515060425,0.4951387534932367
Direct PPO,lateral_sine,1038,True,True,0.47076577987629836,0.002099579017676956,0.10277546922258746,0.14709489047527313,0.14942927658557892,0.08662376392125705,0.5725,0.6334519572953736,0.4500000000000002,0.049983060331341665,0.0046259262599051,0.799700915813446,0.09658483415842056,0.09713952988386154,0.31811848282814026,0.4470966546740276
Direct PPO,lateral_sine,1039,True,True,0.20608287557918892,0.004464646975351127,0.10324307306662109,0.14833992719650269,0.14989522099494934,0.08973435683693241,0.6275,0.6298932384341637,0.4500000000000002,0.051658006588070134,0.0042833550833165646,0.7937902808189392,0.0988384559750557,0.0973215252161026,0.3661683201789856,0.48246791417308676
Direct PPO,lateral_sine,1040,True,True,0.25762149258256906,0.009800403732147698,0.10371301873369465,0.1500295102596283,0.15192587673664093,0.09207992279782155,0.575,0.5729537366548043,0.4500000000000002,0.05341509754954683,0.0035559015814214945,0.7871279716491699,0.10105470567941666,0.09752903878688812,0.4134989380836487,0.5193047480046125
Direct PPO,lateral_sine,1041,True,True,0.21825994028263454,0.007613737694746403,0.1044794128620522,0.15212532877922058,0.15409491956233978,0.0942258651119068,0.56,0.5444839857651246,0.4500000000000002,0.05515039824845623,0.0030357360374182463,0.7774598598480225,0.10343071073293686,0.09777720272541046,0.46515655517578125,0.5613079995215002
Direct PPO,lateral_sine,1042,True,True,0.4499828915755328,0.010303162727197609,0.10322000624789407,0.148442342877388,0.1502390056848526,0.08989999707816512,0.5575,0.6192170818505338,0.4500000000000002,0.05191032482828475,0.004543261602520943,0.7936054468154907,0.09915105253458023,0.097350113093853,0.3728010952472687,0.4875209801858706
Direct PPO,lateral_sine,1043,True,True,0.5512459655463359,0.004228275881823007,0.10273010885628435,0.14706841111183167,0.14940303564071655,0.0866551550487129,0.555,0.6334519572953736,0.4500000000000002,0.05002693304596843,0.004671173170208931,0.7999497056007385,0.09664803743362427,0.09714450687170029,0.31946444511413574,0.448055332739062
Direct PPO,lateral_sine,1044,True,True,0.5795280807770674,0.007649286822117257,0.10158651478041046,0.14532969892024994,0.151664137840271,0.07626864074748901,0.5375,0.608540925266904,0.4500000000000002,0.047330985904102965,0.004886156413704157,0.8052716851234436,0.0916026383638382,0.0968196764588356,0.20961801707744598,0.3776715008937124
Direct PPO,lateral_sine,1045,True,True,0.23575753798073557,0.0042083744536585855,0.1038924121674525,0.15008792281150818,0.15199528634548187,0.09225985894452803,0.5775,0.5729537366548043,0.4500000000000002,0.053489863768842384,0.003882745513692498,0.786212682723999,0.10116490721702576,0.09754137694835663,0.4158290922641754,0.5211620510715232
Direct PPO,lateral_sine,1046,True,True,0.6229924078724701,0.029275268916906457,0.10331830136652671,0.1494087427854538,0.15138234198093414,0.09073613501307075,0.4975,0.5907473309608541,0.4500000000000002,0.05278947958462436,0.00404903432354331,0.7900346517562866,0.10026102513074875,0.0974518433213234,0.39649125933647156,0.505866947165013
Direct PPO,lateral_sine,1047,True,True,0.3253843906183634,0.0023588884529995666,0.10249712431475969,0.14658039808273315,0.1497993916273117,0.08516946901462068,0.6,0.6334519572953736,0.4500000000000002,0.04935748499233987,0.004995245486497879,0.8014081120491028,0.09567936509847641,0.0970718041062355,0.29876548051834106,0.4335399195612604
Direct PPO,lateral_sine,1048,True,True,0.3369886377564919,0.009823636198245325,0.1047454249694266,0.15285898745059967,0.15484866499900818,0.09473755111777421,0.5225,0.5338078291814946,0.4500000000000002,0.05565561989946422,0.002844145055860281,0.773229718208313,0.10422040522098541,0.09787292033433914,0.4824531674385071,0.5757231177182979
Direct PPO,lateral_sine,1049,True,True,0.5329019146883429,0.028240930590012536,0.10383083240028274,0.15098056197166443,0.1529303789138794,0.09244501405554666,0.49,0.5622775800711743,0.4500000000000002,0.054093820801910296,0.0034546907991170883,0.7828275561332703,0.1019732728600502,0.09762202948331833,0.43331217765808105,0.5352153704917464
Direct PPO,lateral_sine,1050,True,True,0.4347071175163655,0.02706888210904029,0.10476233821165348,0.15368424355983734,0.15567216277122498,0.09489258360735398,0.4825,0.5302491103202847,0.4500000000000002,0.056105073810613595,0.00259732105769217,0.7684260010719299,0.10495133697986603,0.09795931726694107,0.49881017208099365,0.5894977839443499
Direct PPO,lateral_sine,1051,True,True,0.2491176520957357,0.004598784547636931,0.10226170881257916,0.1453738510608673,0.15060801804065704,0.0816659939170861,0.6175,0.6192170818505338,0.4500000000000002,0.04819482942066594,0.004871356301009655,0.8042826056480408,0.09381289035081863,0.09694664925336838,0.2584548592567444,0.4068107222987768
Direct PPO,lateral_sine,1052,True,True,0.46813625926746627,0.006452401348265179,0.1026797822744852,0.147205650806427,0.1493021845817566,0.08700675912695162,0.565,0.6334519572953736,0.4500000000000002,0.05021915876498566,0.004723710939288139,0.7995207905769348,0.09690341353416443,0.09716431796550751,0.32490968704223633,0.45195392933098044
Direct PPO,lateral_sine,1053,True,True,0.24498641126490528,0.0061030733103677555,0.104288894521426,0.15144196152687073,0.1533910483121872,0.09360231307512318,0.56,0.5551601423487544,0.4500000000000002,0.05461757693175707,0.003336394904181361,0.7804890275001526,0.10267435759305954,0.09769684076309204,0.44851720333099365,0.5475981475385804
Direct PPO,lateral_sine,1054,True,True,0.6291063528279551,0.017440585943982602,0.10273898945795013,0.14799794554710388,0.14909563958644867,0.0880513042621874,0.5325,0.6334519572953736,0.4500000000000002,0.05088528581244519,0.0046027954667806625,0.798323392868042,0.0978161096572876,0.09723742306232452,0.3443475067615509,0.4661236476695055
Direct PPO,lateral_sine,1055,True,True,0.28879062346061285,0.003053632373372842,0.10352258802813023,0.14841243624687195,0.15024036169052124,0.09029115479602604,0.6075,0.6192170818505338,0.4500000000000002,0.05198525706225887,0.004438378848135471,0.792130708694458,0.09925513714551926,0.09735985845327377,0.37500709295272827,0.4892099439593242
Direct PPO,lateral_sine,1056,True,True,0.23431712070200883,0.0043893173320533685,0.10311292264215179,0.1476639360189438,0.1490611881017685,0.08809385668420514,0.6325,0.6334519572953736,0.4500000000000002,0.05065307272053176,0.004569727461785078,0.796912670135498,0.09752418100833893,0.09721196442842484,0.33817118406295776,0.46157967809942824
Direct PPO,lateral_sine,1057,True,True,0.3982070597278725,0.0035174558610542414,0.10244740004366196,0.14656102657318115,0.1498119831085205,0.08508661301813919,0.5825,0.6334519572953736,0.4500000000000002,0.04933964978057911,0.0046716658398509026,0.8016435503959656,0.09564715623855591,0.09707003086805344,0.2980625629425049,0.4330558173396169
Direct PPO,lateral_sine,1058,True,True,0.6225550376254562,0.012779394126638024,0.10287227907535662,0.147918239235878,0.14898040890693665,0.0880288770892945,0.535,0.6334519572953736,0.4500000000000002,0.05081002352727152,0.004681788384914398,0.7980476021766663,0.0977260172367096,0.09722857177257538,0.34246277809143066,0.46473304582515906
Direct PPO,lateral_sine,1059,True,True,0.3881193099289372,0.0031744462064654416,0.10281929914432156,0.147391214966774,0.14921221137046814,0.08742354912492997,0.585,0.6334519572953736,0.4500000000000002,0.050382098519319636,0.004774835426360369,0.7985194325447083,0.09713419526815414,0.09718082845211029,0.3298633396625519,0.4555281246609928
Direct PPO,lateral_sine,1060,True,True,0.24941739262190632,0.0027393465744823433,0.10482051709444727,0.15258051455020905,0.15457512438297272,0.09476579918187496,0.54,0.5302491103202847,0.4500000000000002,0.05550705424440129,0.002810763195157051,0.7742347717285156,0.10399378836154938,0.09784364700317383,0.4775193929672241,0.571594979127367
Direct PPO,lateral_sine,1061,True,True,0.2950396519817004,0.00299571701686921,0.1023839181362846,0.14650434255599976,0.1499839723110199,0.08439971373779954,0.6075,0.6334519572953736,0.4500000000000002,0.04906740499999402,0.004634885583072901,0.802162766456604,0.09523804485797882,0.0970415323972702,0.28927016258239746,0.4270518428297384
Direct PPO,lateral_sine,1062,True,True,0.3424912715047285,0.006843142937846721,0.10404537328125242,0.1506708860397339,0.15259255468845367,0.09275528165006303,0.545,0.5658362989323843,0.4500000000000002,0.05395891994778647,0.003686086041852832,0.7838619947433472,0.10178633779287338,0.09760162234306335,0.4292861223220825,0.5319611116633987
Direct PPO,lateral_sine,1063,True,True,0.1983915094569836,0.005883944570325736,0.10229495554827847,0.14649896323680878,0.1499793380498886,0.08437769553437043,0.63,0.6334519572953736,0.4500000000000002,0.04908007438023354,0.004244877491146326,0.8023794889450073,0.09524984657764435,0.09704097360372543,0.2895512878894806,0.42724231745262053
Direct PPO,lateral_sine,1064,True,True,0.4492561573378656,0.0028650835792061007,0.10196075056086921,0.14475849270820618,0.15093764662742615,0.08005036171835793,0.5625,0.6156583629893239,0.4500000000000002,0.047836438163095324,0.0050405762158334255,0.8049557209014893,0.0930962786078453,0.09690262377262115,0.24278511106967926,0.39703987162619503
Direct PPO,lateral_sine,1065,True,True,0.2074227458534714,0.003123198707364283,0.10445377081568198,0.15161776542663574,0.15357957780361176,0.09389235367743116,0.5725,0.5444839857651246,0.4500000000000002,0.05477737911495069,0.003129773074761033,0.7792029976844788,0.10291548073291779,0.09772417694330215,0.453745573759079,0.5518886619688655
Direct PPO,lateral_sine,1066,True,True,0.36673142209420756,0.0027416290689795952,0.10168082235796362,0.14536608755588531,0.15169964730739594,0.07605699720722829,0.5775,0.608540925266904,0.4500000000000002,0.047316933964903496,0.0049775587394833565,0.8061171174049377,0.09153344482183456,0.09681638330221176,0.20805609226226807,0.37680682986282815
Direct PPO,lateral_sine,1067,True,True,0.24817654467303205,0.00696826828492343,0.10145391860397071,0.14551548659801483,0.15184588730335236,0.07513189185790728,0.5875,0.608540925266904,0.4500000000000002,0.047306896307572184,0.004280859138816595,0.8072063326835632,0.09124325960874557,0.0968015044927597,0.20151829719543457,0.373236752756714
Direct PPO,lateral_sine,1068,True,True,0.22834743976398844,0.0035320221811650245,0.10196548407173821,0.14508980512619019,0.15077418088912964,0.08079658095516351,0.615,0.6120996441281139,0.4500000000000002,0.04801116086021483,0.004604880698025227,0.805016279220581,0.0934474840760231,0.09692401438951492,0.25048118829727173,0.40179207955688007
Direct PPO,lateral_sine,1069,True,True,0.22636818251311816,0.007558722223695823,0.10182428917794417,0.14499212801456451,0.1508362591266632,0.08045121213077792,0.595,0.6120996441281139,0.4500000000000002,0.047948475648178335,0.003910739440470934,0.805352509021759,0.09331216663122177,0.09691614657640457,0.24751581251621246,0.3999501555811546
Direct PPO,lateral_sine,1070,True,True,0.5013311411524957,0.007031193562688358,0.10169759401096189,0.1448855996131897,0.15122927725315094,0.07852729227039322,0.56,0.6156583629893239,0.4500000000000002,0.04758217850766661,0.004996029194444418,0.8055906891822815,0.09248022735118866,0.09686621278524399,0.22921264171600342,0.38888878182104697
Direct PPO,lateral_sine,1071,True,True,0.4896206728028516,0.006604711392962819,0.10207263269530797,0.14574763178825378,0.1503756195306778,0.08264085369618394,0.56,0.6192170818505338,0.4500000000000002,0.04850409399725829,0.00477950694039464,0.8038148880004883,0.09433244913816452,0.0969795510172844,0.26974478363990784,0.4140752320590663
Direct PPO,lateral_sine,1072,True,True,0.408862487685894,0.02067989473968355,0.10428980303812081,0.15230625867843628,0.15425749123096466,0.09390258188824792,0.5075,0.5480427046263345,0.4500000000000002,0.05517716761569481,0.002878322033211589,0.7769408226013184,0.10347697883844376,0.09778372198343277,0.4661308228969574,0.5621156407345588
Direct PPO,lateral_sine,1073,True,True,0.499516936516974,0.015831285300160543,0.10316367074884501,0.14870478212833405,0.1505861133337021,0.09018565087947711,0.5425,0.608540925266904,0.4500000000000002,0.052189986063197795,0.004249805584549904,0.7930217385292053,0.09948945790529251,0.09738055616617203,0.3800120949745178,0.49305703709687676
Direct PPO,lateral_sine,1074,True,True,0.18947426135431997,0.007445954399417769,0.10492661989098326,0.15337979793548584,0.15539078414440155,0.09532291187729607,0.5575,0.5266903914590747,0.4500000000000002,0.05605958259051768,0.0026830064598470926,0.7710814476013184,0.10484165698289871,0.09794803708791733,0.4962819218635559,0.5873600220243232
Direct PPO,lateral_sine,1075,True,True,0.29074276060796306,0.007719778746926598,0.1017460906828337,0.14466592669487,0.1510143280029297,0.07957849157388684,0.5925,0.6156583629893239,0.4500000000000002,0.04777020337186816,0.004583206959068775,0.8056615591049194,0.09293101727962494,0.09689334034919739,0.23914383351802826,0.3948237867878876
Direct PPO,lateral_sine,1076,True,True,0.49029737663078443,0.02426938256653393,0.10417643886940618,0.1517864316701889,0.15371939539909363,0.09332494356615274,0.4925,0.5516014234875445,0.4500000000000002,0.05474163944639815,0.0032162179704755545,0.7787256240844727,0.10286874324083328,0.09771512448787689,0.45283621549606323,0.5511412591782854
Direct PPO,lateral_sine,1077,True,True,0.2490041526740535,0.008544161516113246,0.1024727809859245,0.14567513763904572,0.1503821164369583,0.08271173529641208,0.605,0.6192170818505338,0.4500000000000002,0.04847846106613627,0.0047246855683624744,0.8037490248680115,0.09431807696819305,0.09697940945625305,0.2694230377674103,0.41386570621839197
Direct PPO,lateral_sine,1078,True,True,0.21816712832845622,0.006797490794393187,0.10209918334882906,0.14476653933525085,0.151112899184227,0.0791734462452301,0.6275,0.6156583629893239,0.4500000000000002,0.04766334346838311,0.004810341168195009,0.8059934973716736,0.09272467344999313,0.09688154608011246,0.23459486663341522,0.3920851960410885
Direct PPO,lateral_sine,1079,True,True,0.2731591019829038,0.015204642505142458,0.10464230301446487,0.1531621217727661,0.15515448153018951,0.09499877445971443,0.53,0.5338078291814946,0.4500000000000002,0.055890852878249984,0.0024403734132647514,0.7733938097953796,0.10454478114843369,0.09791207313537598,0.4896434247493744,0.5817617492617791
Direct PPO,lateral_sine,1080,True,True,0.23873087485472266,0.009464567075498783,0.10313166028313557,0.1483147293329239,0.14997652173042297,0.0897649342783181,0.6175,0.6298932384341637,0.4500000000000002,0.051722005511129605,0.003820899175480008,0.7939124703407288,0.09890440106391907,0.09732839465141296,0.367546945810318,0.4835150534143914
Direct PPO,lateral_sine,1081,True,True,0.4150035659474841,0.00809305827745291,0.10235116424620665,0.14669258892536163,0.14976082742214203,0.08524283428940001,0.5875,0.6334519572953736,0.4500000000000002,0.049425590371141845,0.004708264488726854,0.8016440868377686,0.09576953947544098,0.09707944095134735,0.3006768822669983,0.4348593301673902
Direct PPO,lateral_sine,1082,True,True,0.2698195568352343,0.0018798487214502573,0.10267824350228767,0.14712344110012054,0.14954854547977448,0.08620024356973767,0.615,0.6334519572953736,0.4500000000000002,0.049774848843660624,0.00487922690808773,0.8000322580337524,0.09628969430923462,0.09711790829896927,0.3117980659008026,0.4426218288825238
Direct PPO,lateral_sine,1083,True,True,0.38903811515335984,0.0038852877554412884,0.10168732104908798,0.14517317712306976,0.1515107899904251,0.07706651779608291,0.575,0.608540925266904,0.4500000000000002,0.04738682317151094,0.004982881247997284,0.8059808611869812,0.09190600365400314,0.09683499485254288,0.21643398702144623,0.3814966844440833
Direct PPO,lateral_sine,1084,True,True,0.2916002045135713,0.0032139442417220827,0.10393500172989198,0.14969420433044434,0.1515963077545166,0.09192567944413435,0.58,0.5800711743772242,0.4500000000000002,0.05316496780966529,0.0040253764018416405,0.7871259450912476,0.10075493156909943,0.09749802947044373,0.4071005880832672,0.5142245991019595
Direct PPO,lateral_sine,1085,True,True,0.22449024843615728,0.0061711457386319,0.10381286300186386,0.15002073347568512,0.15192252397537231,0.09214764647460888,0.58,0.5729537366548043,0.4500000000000002,0.05342433978689736,0.0036889812909066677,0.7867310047149658,0.10107086598873138,0.09752939641475677,0.4138740301132202,0.5196034664106732
Direct PPO,lateral_sine,1086,True,True,0.2742951789800443,0.00336994259085953,0.1042444584494426,0.15102221071720123,0.15296250581741333,0.09325429837804537,0.565,0.5622775800711743,0.4500000000000002,0.054286745041827206,0.0035350166726857424,0.7819574475288391,0.10222582519054413,0.09764871746301651,0.4387705326080322,0.5396439842979491
Direct PPO,lateral_sine,1087,True,True,0.4058898022269595,0.0029298857034730508,0.102934756923869,0.14728997647762299,0.1492566466331482,0.08731912670856772,0.5875,0.6334519572953736,0.4500000000000002,0.05028908210977911,0.004584407899528742,0.7984544038772583,0.0970207154750824,0.09717366844415665,0.3274095356464386,0.4537543978145506
Direct PPO,lateral_sine,1088,True,True,0.42016238931788735,0.013072029045710917,0.10444770031747384,0.1519937366247177,0.1539524346590042,0.09387898495644838,0.515,0.5480427046263345,0.4500000000000002,0.054987531643885694,0.003147500567138195,0.7774028182029724,0.10322535037994385,0.0977570042014122,0.4605681300163269,0.5575114813979755
Direct PPO,lateral_sine,1089,True,True,0.6062519298235828,0.0234379552040896,0.1031292659318182,0.14866897463798523,0.15060731768608093,0.0899588373607417,0.515,0.608540925266904,0.4500000000000002,0.05215294472255975,0.004244693089276552,0.7932151556015015,0.09944966435432434,0.09737733006477356,0.37915652990341187,0.49239793223796724
Direct PPO,lateral_sine,1090,True,True,0.29779299279494315,0.00343205400954292,0.10264874114650574,0.14660967886447906,0.14977465569972992,0.0853322773531216,0.6125,0.6334519572953736,0.4500000000000002,0.049393180628232655,0.004925226327031851,0.8009843230247498,0.09573932737112045,0.09707682579755783,0.30003631114959717,0.4344166634834428
Direct PPO,lateral_sine,1091,True,True,0.6139750139418069,0.016752081469708028,0.10307299387156249,0.14840246737003326,0.14979287981987,0.08910036755529442,0.5325,0.6298932384341637,0.4500000000000002,0.05146733130134857,0.004466545302420855,0.7955453395843506,0.09860777109861374,0.09730181843042374,0.36124923825263977,0.47874529934187493
Direct PPO,lateral_sine,1092,True,True,0.6066285346412725,0.009309205600128465,0.10250029408697187,0.14720019698143005,0.14953438937664032,0.08603635814660847,0.54,0.6334519572953736,0.4500000000000002,0.049807122187306554,0.004721755627542734,0.8013609647750854,0.09632157534360886,0.09711874276399612,0.31251582503318787,0.44312773598591526
Direct PPO,lateral_sine,1093,True,True,0.2758315631760219,0.008855122304509452,0.10395972417272945,0.15071409940719604,0.15263338387012482,0.09278274339593162,0.5575,0.5658362989323843,0.4500000000000002,0.053998524177775106,0.0033890209160745144,0.784168541431427,0.10181931406259537,0.0976041629910469,0.43002596497535706,0.5325583348862507
Direct PPO,lateral_sine,1094,True,True,0.2582973718381347,0.00433262655114277,0.10218729618181413,0.14508770406246185,0.15075495839118958,0.08096749548194732,0.6075,0.6120996441281139,0.4500000000000002,0.04802415757519268,0.004886764567345381,0.8046659231185913,0.09349023550748825,0.09692639112472534,0.2514164447784424,0.4023757922749087
Direct PPO,lateral_sine,1095,True,True,0.37368179621851694,0.001522114271685338,0.10248527233576488,0.1464564949274063,0.14988474547863007,0.08482687285237354,0.59,0.6334519572953736,0.4500000000000002,0.04921640520038776,0.004777802620083094,0.8017271757125854,0.09547311067581177,0.09705837070941925,0.2943161725997925,0.43048584060061695
Direct PPO,lateral_sine,1096,True,True,0.22461050870161964,0.007436144635196946,0.10207769010728271,0.14588214457035065,0.1503121256828308,0.08290828736420014,0.605,0.6192170818505338,0.4500000000000002,0.04859137659427906,0.004125347826629877,0.8037126660346985,0.0944765955209732,0.09699027985334396,0.27283963561058044,0.4160979647438128
Direct PPO,lateral_sine,1097,True,True,0.3603986225694299,0.002660218355143361,0.1022240170174502,0.1458810567855835,0.15029993653297424,0.0830195218767484,0.5825,0.6192170818505338,0.4500000000000002,0.048602436396795366,0.0049962857738137245,0.8034228682518005,0.09450490772724152,0.09699294716119766,0.27344202995300293,0.41649320912668897
Direct PPO,lateral_sine,1098,True,True,0.4085892811644498,0.020763578626454317,0.10444591027925487,0.152632936835289,0.15459609031677246,0.09419189445866145,0.5,0.5409252669039146,0.4500000000000002,0.05541431279526003,0.0029491446912288666,0.7748333811759949,0.10384992510080338,0.09783019125461578,0.4742331802845001,0.5688524929949592
Direct PPO,lateral_sine,1099,True,True,0.6144652610551606,0.022251462357904102,0.10305450002952725,0.14840596914291382,0.15020279586315155,0.08947204815535768,0.5225,0.6192170818505338,0.4500000000000002,0.051799882807696734,0.0044534578919410706,0.7946097254753113,0.09901270270347595,0.09733816981315613,0.36984628438949585,0.4852652095303606
Residual PPO,lateral_sine,1000,True,True,0.36286151557316243,0.044386359472808785,0.042115227689719884,0.061102647334337234,0.06365663558244705,0.03336893011849811,0.7975,0.9786476868327402,0.25,0.010017146522800445,0.0004107656714040786,0.35141056776046753,0.03154786303639412,0.05414612591266632,0.34128254652023315,0.4638640167798792
Residual PPO,lateral_sine,1001,True,True,0.37776947269098415,0.055671277066336324,0.043615775475865766,0.06383844465017319,0.08070297539234161,0.029220186158202873,0.7975,0.9822064056939501,0.20000000000000018,0.007876324363336192,0.000419843738200143,0.3509364128112793,0.03069198690354824,0.05407066270709038,0.25630688667297363,0.405449466222144
Residual PPO,lateral_sine,1002,True,True,0.4637882100970148,0.06961152865852,0.04391949661531509,0.06360477954149246,0.07717526704072952,0.03580916005122583,0.7725,0.9786476868327402,0.25,0.012422416988812066,0.00040875960257835686,0.3510511517524719,0.03261260315775871,0.05422946438193321,0.4242836833000183,0.5279324705096847
Residual PPO,lateral_sine,1003,True,True,0.544993391719407,0.0765441840217237,0.04458270351755318,0.06893130391836166,0.08333355188369751,0.03293955425431,0.7575,0.9786476868327402,0.25,0.01018947594262149,0.0004133146721869707,0.35097917914390564,0.03162464126944542,0.05415330082178116,0.34840381145477295,0.4691281971274397
Residual PPO,lateral_sine,1004,True,True,0.61735543846954,0.07900353503225135,0.04521055204553684,0.07317200303077698,0.08881034702062607,0.027125009110314853,0.75,0.9822064056939501,0.20000000000000018,0.007557148332653618,0.0004207738966215402,0.35086768865585327,0.03056933358311653,0.05405982956290245,0.24154320359230042,0.3962816784882445
Residual PPO,lateral_sine,1005,True,True,0.6034262280195215,0.06817987586474795,0.0426848814924111,0.06063582003116608,0.061751216650009155,0.030319611080701882,0.7525,0.9786476868327402,0.25,0.008549973394939115,0.000416498223785311,0.3517472445964813,0.030956227332353592,0.0540977343916893,0.28618520498275757,0.424968258879239
Residual PPO,lateral_sine,1006,True,True,0.4377072259676123,0.04992444886253115,0.04246803340257579,0.061239659786224365,0.06635435670614243,0.030644289943808124,0.78,0.9786476868327402,0.25,0.008649319626345311,0.00041321577737107873,0.3514280617237091,0.030991913750767708,0.05409953370690346,0.28934937715530396,0.42710550401978115
Residual PPO,lateral_sine,1007,True,True,0.6402002699975133,0.09292075572344277,0.04460929680916879,0.06623121351003647,0.07493219524621964,0.03424505586665989,0.74,0.9786476868327402,0.25,0.011477383292402044,0.00040994342998601496,0.3515009582042694,0.03218098729848862,0.0541987344622612,0.39287856221199036,0.5030403702980405
Residual PPO,lateral_sine,1008,True,True,0.5346467256249176,0.0571382702578533,0.042438048922093706,0.060641705989837646,0.06266070157289505,0.029184065540107686,0.7625,0.9786476868327402,0.25,0.008076600341847352,0.0004158235969953239,0.3516381084918976,0.030767012387514114,0.05407970771193504,0.26522985100746155,0.4111482985119471
Residual PPO,lateral_sine,1009,True,True,0.5590545759677676,0.06334918209188113,0.04400965439414248,0.06459493190050125,0.07951619476079941,0.025443169901635507,0.755,0.9786476868327402,0.25,0.00711307792643753,0.0004186711157672107,0.35113099217414856,0.03038039803504944,0.054039690643548965,0.2149554342031479,0.3806598063852983
Residual PPO,lateral_sine,1010,True,True,0.6566578574960159,0.12569059892775422,0.0479064611398655,0.08636735379695892,0.09650889784097672,0.03588710627396592,0.725,0.9786476868327402,0.25,0.013921199962195522,0.0004052626609336585,0.3510649502277374,0.03333737701177597,0.05428686738014221,0.4753030240535736,0.5697446921019106
Residual PPO,lateral_sine,1011,True,True,0.45484984566474523,0.05041865457251513,0.042645619259915224,0.061371512711048126,0.06807814538478851,0.029133850249856832,0.775,0.9786476868327402,0.25,0.008045163264366816,0.00041451744618825614,0.3514013886451721,0.030755165964365005,0.05407797172665596,0.26378002762794495,0.4102145200736175
Residual PPO,lateral_sine,1012,True,True,0.4645558068943379,0.05002474256815747,0.042085792357992154,0.06061447039246559,0.06160278618335724,0.02972418434919062,0.7775,0.9786476868327402,0.25,0.008218805778037706,0.000414884474594146,0.3516221344470978,0.03082353249192238,0.05408455803990364,0.2715309262275696,0.4152410064069188
Residual PPO,lateral_sine,1013,True,True,0.3178358304735741,0.050288062732189026,0.04327093160471251,0.061792612075805664,0.07688827067613602,0.03630300578935267,0.8025,0.9786476868327402,0.25,0.011756560293417432,0.00042438998934812844,0.3508852422237396,0.03230743482708931,0.054204653948545456,0.401797890663147,0.5100368559674714
Residual PPO,lateral_sine,1014,True,True,0.45070446553276605,0.0695937382787747,0.043512845588154526,0.0620393231511116,0.07048363983631134,0.03689854341682311,0.775,0.9786476868327402,0.25,0.01377848851010706,0.0004056142643094063,0.35123324394226074,0.033263299614191055,0.054278478026390076,0.4693894386291504,0.5648207632518637
Residual PPO,lateral_sine,1015,True,True,0.46053107076165234,0.062146203885492246,0.042990725158885114,0.06138957291841507,0.06847240030765533,0.03481257540400256,0.775,0.9786476868327402,0.25,0.01148034335603677,0.00040861935121938586,0.35133495926856995,0.032181061804294586,0.05419677495956421,0.39239153265953064,0.502660088336765
Residual PPO,lateral_sine,1016,True,True,0.4960638569117556,0.06142249691343735,0.04338768696112893,0.06149905174970627,0.07428871840238571,0.031219331849978015,0.7675,0.9786476868327402,0.25,0.009047369585317665,0.0004129957524128258,0.3512289226055145,0.031155547127127647,0.05411413311958313,0.3060871958732605,0.4386176250236471
Residual PPO,lateral_sine,1017,True,True,0.2572379246659899,0.035597452799548415,0.041632432395909594,0.06126082316040993,0.06248949095606804,0.03841843836678104,0.8275,0.9786476868327402,0.25,0.014511551632577939,0.0004066682595293969,0.35146674513816833,0.03362273424863815,0.05430271476507187,0.4917738139629364,0.583555938709805
Residual PPO,lateral_sine,1018,True,True,0.36027367724811676,0.053760855944593115,0.042951567669248,0.061957575380802155,0.06889815628528595,0.03722046599048402,0.7975,0.9786476868327402,0.25,0.01357726031439077,0.0004065858374815434,0.35114017128944397,0.033159635961055756,0.05426940321922302,0.4614541530609131,0.5582436608515976
Residual PPO,lateral_sine,1019,True,True,0.5160278775746565,0.06850523111702696,0.04384654330216453,0.06374538689851761,0.07742945104837418,0.03266790153924826,0.7625,0.9786476868327402,0.25,0.009972556641113552,0.00041202196734957397,0.35114267468452454,0.03153083845973015,0.054145533591508865,0.34006524085998535,0.4629691323889626
Residual PPO,lateral_sine,1020,True,True,0.3210519644058835,0.03991913863601619,0.04262093562567286,0.06170947849750519,0.0711810290813446,0.026890177060465915,0.81,0.9786476868327402,0.25,0.007245745074075379,0.00041452058940194547,0.35124123096466064,0.030435005202889442,0.05404464527964592,0.2227078378200531,0.3850906783217584
Residual PPO,lateral_sine,1021,True,True,0.5371464202554078,0.09686855560914354,0.046319129063155884,0.07853402942419052,0.0929591953754425,0.03753027729487115,0.7525,0.9786476868327402,0.25,0.014634438413570545,0.0004109348519705236,0.35063618421554565,0.03369178995490074,0.05431004613637924,0.49743902683258057,0.5883380277697284
Residual PPO,lateral_sine,1022,True,True,0.6865173499362249,0.09825580750235707,0.04472645682361653,0.06763122230768204,0.07401999086141586,0.033787895697339046,0.7325,0.9786476868327402,0.25,0.01101106095713451,0.00041219417471438646,0.3516294062137604,0.031974319368600845,0.05418311059474945,0.37694433331489563,0.4906965252801777
Residual PPO,lateral_sine,1023,True,True,0.5432527954835917,0.08492370745303054,0.043634168312219335,0.06158046796917915,0.06556056439876556,0.03680292137033283,0.7575,0.9786476868327402,0.25,0.013881225940814606,0.0004079687059856951,0.35156551003456116,0.03331327438354492,0.054283417761325836,0.4728805720806122,0.5677253605002299
Residual PPO,lateral_sine,1024,True,True,0.46244885915567324,0.06102272499005864,0.04360788325131347,0.06243627890944481,0.07788295298814774,0.0316807444923598,0.7775,0.9786476868327402,0.25,0.009176486974726547,0.00041536553180776536,0.3510684072971344,0.031208142638206482,0.05411823093891144,0.3110935389995575,0.4421258186434017
Residual PPO,lateral_sine,1025,True,True,0.21046397616675344,0.0235462362804685,0.041369478803281345,0.06035250797867775,0.06167688965797424,0.029186138604371522,0.8425,0.9786476868327402,0.25,0.007739919466651878,0.000413561676396057,0.35156145691871643,0.030631719157099724,0.054064758121967316,0.24864348769187927,0.40064901531815933
Residual PPO,lateral_sine,1026,True,True,0.511142804548109,0.05585676494313754,0.042925998784351466,0.061530910432338715,0.06938670575618744,0.02863245920064534,0.765,0.9786476868327402,0.25,0.007921695254488279,0.00041490173316560686,0.3514106273651123,0.03070783242583275,0.05407372862100601,0.2583710551261902,0.4067574850335882
Residual PPO,lateral_sine,1027,True,True,0.6349667660552923,0.09131995963039709,0.04517376794970913,0.07050913572311401,0.08252297341823578,0.03324016470668944,0.7375,0.9786476868327402,0.25,0.01078579257030978,0.00040957017336040735,0.35122135281562805,0.03187898173928261,0.05417492613196373,0.36954861879348755,0.48503838111638475
Residual PPO,lateral_sine,1028,True,True,0.24245970842928402,0.034779397669207526,0.04222197580068715,0.0613824725151062,0.0663241297006607,0.03620507964249808,0.8325,0.9786476868327402,0.25,0.011797464758871907,0.0004131566092837602,0.3511795997619629,0.03232231363654137,0.054205797612667084,0.4025936424732208,0.51066397020319
Residual PPO,lateral_sine,1029,True,True,0.23959707505514433,0.027023463691584416,0.04101290112082379,0.060272470116615295,0.06182456389069557,0.026926809889770562,0.8425,0.9786476868327402,0.25,0.007140594458558842,0.0004141710523981601,0.3517797291278839,0.030382756143808365,0.054038889706134796,0.214758962392807,0.3805488949292377
Residual PPO,lateral_sine,1030,True,True,0.5966136900066032,0.10226133275283365,0.04679828711510441,0.0822562649846077,0.09724075347185135,0.03609386368310128,0.75,0.9822064056939501,0.20000000000000018,0.012998867308899407,0.0004142303660046309,0.3505918085575104,0.03288675472140312,0.05425069108605385,0.4438457489013672,0.5437785379376833
Residual PPO,lateral_sine,1031,True,True,0.3622722410726037,0.04729219686818588,0.04129091421968832,0.06084731966257095,0.061565645039081573,0.03573032670215782,0.8075,0.9786476868327402,0.25,0.011685315207895945,0.00041433298611082137,0.35172563791275024,0.032269809395074844,0.054202720522880554,0.39864641427993774,0.5075578913996714
Residual PPO,lateral_sine,1032,True,True,0.262590264465298,0.04250802990861523,0.04303879672394201,0.06251052767038345,0.0709800124168396,0.03883956771246175,0.8175,0.9786476868327402,0.25,0.014723926764924577,0.0004100560618098825,0.3509216904640198,0.0337320975959301,0.05431031808257103,0.49894750118255615,0.5896139910485044
Residual PPO,lateral_sine,1033,True,True,0.30332019008632083,0.041836864512015126,0.041579237612639076,0.06122184917330742,0.06230306252837181,0.03791307184098505,0.8175,0.9786476868327402,0.25,0.014012456408341457,0.00040748922037892044,0.35154253244400024,0.033375490456819534,0.0542852021753788,0.4761985242366791,0.5704919666296976
Residual PPO,lateral_sine,1034,True,True,0.2078305824364516,0.03239702144003339,0.04237219284230299,0.06165618821978569,0.0705864280462265,0.027450606633218577,0.8375,0.9786476868327402,0.25,0.007260811706846355,0.00041780798346735537,0.35121384263038635,0.030440140515565872,0.05404461920261383,0.22327283024787903,0.3854177035772061
Residual PPO,lateral_sine,1035,True,True,0.5017482762551982,0.07815608406664369,0.04443899702947913,0.06604195386171341,0.07971404492855072,0.035918656655039835,0.7625,0.9786476868327402,0.25,0.012790489794678617,0.000407836603699252,0.3510398268699646,0.032786935567855835,0.054243095219135284,0.436818927526474,0.538058384331299
Residual PPO,lateral_sine,1036,True,True,0.49754476648817986,0.06127700786914276,0.04248783486801884,0.061004817485809326,0.0626087412238121,0.033266185654004875,0.77,0.9786476868327402,0.25,0.010220792231769677,0.0004115182673558593,0.35157278180122375,0.031634557992219925,0.05415431782603264,0.34900519251823425,0.46957499284834014
Residual PPO,lateral_sine,1037,True,True,0.4820479773393256,0.06901988265658605,0.043958555729256096,0.06486839056015015,0.07869133353233337,0.034476146869743304,0.77,0.9786476868327402,0.25,0.011184967580567872,0.000411118206102401,0.3510388731956482,0.03205205872654915,0.05418666452169418,0.38270920515060425,0.4951387534932367
Residual PPO,lateral_sine,1038,True,True,0.4877570354169148,0.06866114796533228,0.04426104825460111,0.06904812902212143,0.0836077481508255,0.032085266518845273,0.7775,0.9822064056939501,0.20000000000000018,0.009372384601442928,0.0004182970733381808,0.35088980197906494,0.031285278499126434,0.054124489426612854,0.31811848282814026,0.4470966546740276
Residual PPO,lateral_sine,1039,True,True,0.2048597041354685,0.027592891240134282,0.041782010426176894,0.06111521273851395,0.06274877488613129,0.03505399063818269,0.845,0.9786476868327402,0.25,0.010723430553692317,0.0004096600750926882,0.35131147503852844,0.03184857964515686,0.05416908487677574,0.3661683201789856,0.48246791417308676
Residual PPO,lateral_sine,1040,True,True,0.2654752610953486,0.03427379186469055,0.04141108974530069,0.060935329645872116,0.06176650524139404,0.03640740522597035,0.83,0.9786476868327402,0.25,0.012124352003691885,0.00040883762994781137,0.3515240252017975,0.032471802085638046,0.05421740189194679,0.4134989380836487,0.5193047480046125
Residual PPO,lateral_sine,1041,True,True,0.21720643339667703,0.0328904510647695,0.042339462986297635,0.061666447669267654,0.06523945182561874,0.03804481757354044,0.84,0.9786476868327402,0.25,0.013679949492995072,0.00040785022429190576,0.351118803024292,0.03321194276213646,0.05427221953868866,0.46515655517578125,0.5613079995215002
Residual PPO,lateral_sine,1042,True,True,0.4552254655615666,0.06286874781212966,0.04348777789538376,0.06143029034137726,0.07519610226154327,0.03421595259396333,0.7775,0.9786476868327402,0.25,0.0109005725012607,0.0004107320564799011,0.35112330317497253,0.0319267176091671,0.05417672544717789,0.3728010952472687,0.4875209801858706
Residual PPO,lateral_sine,1043,True,True,0.5653576923584512,0.07988656238848249,0.04505401204787407,0.07252861559391022,0.08807699382305145,0.031764666415105614,0.76,0.9822064056939501,0.20000000000000018,0.00940237791659657,0.0004178104572929442,0.35083091259002686,0.03129826858639717,0.0541260689496994,0.31946444511413574,0.448055332739062
Residual PPO,lateral_sine,1044,True,True,0.6002195763611082,0.05793468004086964,0.0426372954820063,0.0608491450548172,0.06297443062067032,0.025474127834941077,0.7525,0.9786476868327402,0.25,0.007042385561324537,0.000419153890106827,0.35169750452041626,0.030345411971211433,0.05403652787208557,0.20961801707744598,0.3776715008937124
Residual PPO,lateral_sine,1045,True,True,0.24295416049522184,0.03645477214092194,0.04244099480703584,0.06165741756558418,0.0684945285320282,0.036710072068492305,0.8325,0.9786476868327402,0.25,0.012193939741459721,0.00041306877392344177,0.35109418630599976,0.03250452131032944,0.05421937629580498,0.4158290922641754,0.5211620510715232
Residual PPO,lateral_sine,1046,True,True,0.6321392224294992,0.09184856545145255,0.04452454667058019,0.06547076255083084,0.07441391795873642,0.03438056862485263,0.74,0.9786476868327402,0.25,0.011581313780719946,0.00040984692168422043,0.3514975905418396,0.03222815319895744,0.05420233681797981,0.39649125933647156,0.505866947165013
Residual PPO,lateral_sine,1047,True,True,0.3355515376416026,0.041504904153347184,0.04235537341348711,0.06124994531273842,0.06803428381681442,0.03152457572714686,0.805,0.9786476868327402,0.25,0.008876824563736596,0.0004127322172280401,0.35129234194755554,0.031084727495908737,0.054107025265693665,0.29876548051834106,0.4335399195612604
Residual PPO,lateral_sine,1048,True,True,0.34926377784430246,0.05679104525309039,0.04372342617131111,0.06247972324490547,0.07754463702440262,0.038281880465864435,0.795,0.9786476868327402,0.25,0.014214653422841724,0.00041156765655614436,0.35080716013908386,0.03347627446055412,0.054291971027851105,0.4824531674385071,0.5757231177182979
Residual PPO,lateral_sine,1049,True,True,0.5331048649752511,0.08190162869598619,0.04438161272995637,0.06408464908599854,0.07714623212814331,0.03561695064507493,0.755,0.9786476868327402,0.25,0.01268751495596958,0.00040691785397939384,0.3512008488178253,0.03273704648017883,0.054239869117736816,0.43331217765808105,0.5352153704917464
Residual PPO,lateral_sine,1050,True,True,0.4365173879992686,0.07353272358016592,0.04435678918473387,0.06528759002685547,0.07887493818998337,0.03776638928623398,0.7775,0.9786476868327402,0.25,0.014689082554387238,0.0004069117712788284,0.35091838240623474,0.03371751680970192,0.05431137606501579,0.49881017208099365,0.5894977839443499
Residual PPO,lateral_sine,1051,True,True,0.2666512826867062,0.03766922155731204,0.04252000215293774,0.06155594065785408,0.07160233706235886,0.02964432946518269,0.8275,0.9786476868327402,0.25,0.007932250229703158,0.0004153313348069787,0.3511717915534973,0.030711589381098747,0.05407237261533737,0.2584548592567444,0.4068107222987768
Residual PPO,lateral_sine,1052,True,True,0.47408000763491515,0.059451082786031076,0.043159119996045124,0.0614527091383934,0.07222271710634232,0.03219003267463944,0.7725,0.9786476868327402,0.25,0.009559579654953132,0.0004118864017073065,0.3512638807296753,0.03135993704199791,0.05413127318024635,0.32490968704223633,0.45195392933098044
Residual PPO,lateral_sine,1053,True,True,0.25081288663923645,0.03842744592157807,0.04259624530609613,0.061943985521793365,0.06869050860404968,0.03758753443700105,0.83,0.9786476868327402,0.25,0.01318769055864141,0.0004125079431105405,0.3510534167289734,0.03297145292162895,0.05425427481532097,0.44851720333099365,0.5475981475385804
Residual PPO,lateral_sine,1054,True,True,0.6400577170773523,0.08370127971542973,0.04404349117373594,0.06143312156200409,0.07235885411500931,0.032570021868475525,0.74,0.9786476868327402,0.25,0.010085159793847923,0.0004119621589779854,0.3515276610851288,0.03157748654484749,0.05415088310837746,0.3443475067615509,0.4661236476695055
Residual PPO,lateral_sine,1055,True,True,0.3082662486508984,0.048080796253279136,0.043110955657775035,0.061571329832077026,0.07612153887748718,0.03538271848783471,0.8075,0.9786476868327402,0.25,0.010984495083040006,0.0004250461352057755,0.3509328067302704,0.031961239874362946,0.05417781323194504,0.37500709295272827,0.4892099439593242
Residual PPO,lateral_sine,1056,True,True,0.2508863189442034,0.039408616973889594,0.04265234359888314,0.06133335083723068,0.07305674254894257,0.034095749694877026,0.82,0.9786476868327402,0.25,0.009930495638372958,0.00041818481986410916,0.3510359823703766,0.031513113528490067,0.0541420616209507,0.33817118406295776,0.46157967809942824
Residual PPO,lateral_sine,1057,True,True,0.4071383190879149,0.0486093610134414,0.042593848049360304,0.06125469505786896,0.06871610134840012,0.031188935696696396,0.7875,0.9786476868327402,0.25,0.008860105288832399,0.00041317634168080986,0.3513231873512268,0.031077329069375992,0.05410681292414665,0.2980625629425049,0.4330558173396169
Residual PPO,lateral_sine,1058,True,True,0.632248246832738,0.09259420690959866,0.04596833162957269,0.0770866796374321,0.09239126741886139,0.032354553962725505,0.745,0.9822064056939501,0.20000000000000018,0.010013193738285311,0.00041527056600898504,0.3508091866970062,0.03155242279171944,0.054147884249687195,0.34246277809143066,0.46473304582515906
Residual PPO,lateral_sine,1059,True,True,0.3988162359940026,0.05269605923321674,0.043016356762565405,0.061439841985702515,0.07328788936138153,0.03278740668282129,0.79,0.9786476868327402,0.25,0.009688047080973207,0.0004134695918764919,0.35114848613739014,0.031414423137903214,0.05413521081209183,0.3298633396625519,0.4555281246609928
Residual PPO,lateral_sine,1060,True,True,0.26520297903172885,0.04437742184283049,0.043256773961108975,0.06242791563272476,0.07481026649475098,0.038700871066067837,0.81,0.9786476868327402,0.25,0.01405272617282477,0.0004135522758588195,0.350818395614624,0.033396974205970764,0.054285649210214615,0.4775193929672241,0.571594979127367
Residual PPO,lateral_sine,1061,True,True,0.3033804302208322,0.03538696548836913,0.041892405829950685,0.06083247810602188,0.0633629709482193,0.031156826081355303,0.8125,0.9786476868327402,0.25,0.008651551911549125,0.0004105207626707852,0.3514251112937927,0.030992664396762848,0.05409877747297287,0.28927016258239746,0.4270518428297384
Residual PPO,lateral_sine,1062,True,True,0.3545362849752453,0.054443606555404,0.043381983443832865,0.061983928084373474,0.07597756385803223,0.03676334830317724,0.8,0.9786476868327402,0.25,0.012582977759513954,0.0004124111437704414,0.3509255349636078,0.03268752619624138,0.05423378199338913,0.4292861223220825,0.5319611116633987
Residual PPO,lateral_sine,1063,True,True,0.20301901135563813,0.0251156878042484,0.04091429655108241,0.060568444430828094,0.06153891980648041,0.03183182795952814,0.855,0.9786476868327402,0.25,0.008662275603453737,0.0004055923782289028,0.35169848799705505,0.030996602028608322,0.05409860610961914,0.2895512878894806,0.42724231745262053
Residual PPO,lateral_sine,1064,True,True,0.4617824310508538,0.052070096288147766,0.04303542237555137,0.06162653863430023,0.07231439650058746,0.027753465202899886,0.775,0.9786476868327402,0.25,0.00759671336731966,0.00041636134847067297,0.35128116607666016,0.030580975115299225,0.05406078323721886,0.24278511106967926,0.39703987162619503
Residual PPO,lateral_sine,1065,True,True,0.21682652812123007,0.034983921521429207,0.0426785452734121,0.06203889846801758,0.07016409933567047,0.03808533869843447,0.83,0.9786476868327402,0.25,0.013347143674837495,0.00041002308716997504,0.3509717583656311,0.03304874524474144,0.05425966531038284,0.453745573759079,0.5518886619688655
Residual PPO,lateral_sine,1066,True,True,0.3842594193114867,0.037728509813947,0.041982822488784606,0.06074490398168564,0.06204884499311447,0.02567324117796173,0.7925,0.9786476868327402,0.25,0.00702939329922206,0.0004153774934820831,0.35156869888305664,0.03033752739429474,0.05403444170951843,0.20805609226226807,0.37680682986282815
Residual PPO,lateral_sine,1067,True,True,0.26133296049584676,0.034326133285706245,0.040738339864995705,0.06016609072685242,0.06188947334885597,0.026115819952099533,0.825,0.9786476868327402,0.25,0.011084699919746336,0.0004102815582882613,0.35195717215538025,0.030299726873636246,0.05402941629290581,0.20151829719543457,0.373236752756714
Residual PPO,lateral_sine,1068,True,True,0.23826797593128332,0.026595272604549136,0.04111432309952518,0.06034623831510544,0.06167139858007431,0.029319783536755396,0.84,0.9786476868327402,0.25,0.007773713377029132,0.0004148698353674263,0.35168731212615967,0.03064601868391037,0.05406631901860237,0.25048118829727173,0.40179207955688007
Residual PPO,lateral_sine,1069,True,True,0.23579413874378,0.03193871545419737,0.0406857796312005,0.06035930663347244,0.061682749539613724,0.029473471353146298,0.83,0.9786476868327402,0.25,0.00885845777126801,0.00040657544741407037,0.35188326239585876,0.030623096972703934,0.054063908755779266,0.24751581251621246,0.3999501555811546
Residual PPO,lateral_sine,1070,True,True,0.527339311916954,0.05432924819843387,0.04180202433715308,0.0602656826376915,0.06177012249827385,0.027252092799994264,0.77,0.9786476868327402,0.25,0.007352280949412988,0.00042021487024612725,0.3518754839897156,0.030478885397315025,0.05405092239379883,0.22921264171600342,0.38888878182104697
Residual PPO,lateral_sine,1071,True,True,0.5093577249080306,0.054772178916716985,0.042074627593943426,0.06035975366830826,0.06161126866936684,0.02960815792445955,0.77,0.9786476868327402,0.25,0.008172614848851137,0.0004163133562542498,0.351718008518219,0.030806198716163635,0.054083362221717834,0.26974478363990784,0.4140752320590663
Residual PPO,lateral_sine,1072,True,True,0.4108394797714669,0.06012299012115183,0.04276794384519611,0.06152282655239105,0.06412619352340698,0.037048355763510614,0.785,0.9786476868327402,0.25,0.013692592577175321,0.00040583196096122265,0.35134705901145935,0.033219434320926666,0.05427473783493042,0.4661308228969574,0.5621156407345588
Residual PPO,lateral_sine,1073,True,True,0.5148480793496413,0.06663828152554867,0.04236435134894235,0.06083207204937935,0.061397355049848557,0.03448785854097804,0.77,0.9786476868327402,0.25,0.01111921107456906,0.0004121184756513685,0.3516911268234253,0.03201962634921074,0.05418488010764122,0.3800120949745178,0.49305703709687676
Residual PPO,lateral_sine,1074,True,True,0.18776621824113673,0.029830300728843025,0.042492015732630235,0.06198824569582939,0.06569738686084747,0.03895138101066076,0.8475,0.9786476868327402,0.25,0.014656221602787262,0.0004062843800056726,0.3510434925556183,0.033696237951517105,0.05430727079510689,0.4962819218635559,0.5873600220243232
Residual PPO,lateral_sine,1075,True,True,0.3100297207965972,0.038386044391542674,0.040794563282125086,0.06028991937637329,0.06171960011124611,0.02864953419165676,0.82,0.9786476868327402,0.25,0.007555051528328863,0.00041662706644274294,0.35193362832069397,0.03055652230978012,0.054057735949754715,0.23914383351802826,0.3948237867878876
Residual PPO,lateral_sine,1076,True,True,0.49589866675384126,0.08052572801551929,0.04486850476661372,0.06922785937786102,0.083896704018116,0.03653762647420381,0.7675,0.9786476868327402,0.25,0.013275792203623304,0.00040977573371492326,0.35086527466773987,0.033018603920936584,0.0542600080370903,0.45283621549606323,0.5511412591782854
Residual PPO,lateral_sine,1077,True,True,0.26837335531239304,0.04291700816570183,0.04286706893303839,0.061596646904945374,0.07532043755054474,0.030447248904684542,0.8125,0.9786476868327402,0.25,0.008177552596024002,0.00042152428068220615,0.3510452210903168,0.03080768883228302,0.0540812648832798,0.2694230377674103,0.41386570621839197
Residual PPO,lateral_sine,1078,True,True,0.23411809398732314,0.03518501239110237,0.04248124429389324,0.061652034521102905,0.07155073434114456,0.028195085961055247,0.83,0.9786476868327402,0.25,0.007460655238202937,0.0004221474227961153,0.3511810898780823,0.03052208200097084,0.05405333265662193,0.23459486663341522,0.3920851960410885
Residual PPO,lateral_sine,1079,True,True,0.2848355736585367,0.04049333064917162,0.04142563265460888,0.06125844642519951,0.06244489923119545,0.038384319492414824,0.815,0.9786476868327402,0.25,0.01445869981595957,0.00040804935269989073,0.35159847140312195,0.03359410911798477,0.054300595074892044,0.4896434247493744,0.5817617492617791
Residual PPO,lateral_sine,1080,True,True,0.24870491200097594,0.031832469040940024,0.04102726935722381,0.06083744764328003,0.061397988349199295,0.03509333478237126,0.835,0.9786476868327402,0.25,0.010781131956655227,0.0004075068864040077,0.35166171193122864,0.031869638711214066,0.05417090654373169,0.367546945810318,0.4835150534143914
Residual PPO,lateral_sine,1081,True,True,0.4366909078698591,0.05017198233193931,0.041510420343510025,0.06055153161287308,0.061517342925071716,0.03156044375504971,0.79,0.9786476868327402,0.25,0.00893655394691912,0.0004154728085268289,0.3517856001853943,0.03110506571829319,0.05410963296890259,0.3006768822669983,0.4348593301673902
Residual PPO,lateral_sine,1082,True,True,0.2807149077484826,0.037251529014295945,0.04228022063795649,0.061212439090013504,0.0684114545583725,0.032456951518095065,0.82,0.9786476868327402,0.25,0.009227195159806072,0.00041249411879107356,0.3512343764305115,0.031222673133015633,0.05411834642291069,0.3117980659008026,0.4426218288825238
Residual PPO,lateral_sine,1083,True,True,0.41150903115527093,0.040662074321649117,0.041685552219115254,0.060262281447649,0.06182267516851425,0.026389879053317068,0.79,0.9786476868327402,0.25,0.007152550660605295,0.00041659080306999385,0.35171595215797424,0.030391814187169075,0.05404076352715492,0.21643398702144623,0.3814966844440833
Residual PPO,lateral_sine,1084,True,True,0.3115268811146128,0.05024605843415365,0.04331568875434041,0.06184839829802513,0.0773753821849823,0.03657389821763515,0.8025,0.9786476868327402,0.25,0.011916190645912117,0.000421550270402804,0.3508569002151489,0.03237976133823395,0.054210033267736435,0.4071005880832672,0.5142245991019595
Residual PPO,lateral_sine,1085,True,True,0.22382066777648996,0.03157345768623002,0.0420352410174872,0.06136214733123779,0.06386467814445496,0.03658436708071362,0.8375,0.9786476868327402,0.25,0.012132527141921545,0.0004097702039871365,0.3512302041053772,0.03247612342238426,0.054217398166656494,0.4138740301132202,0.5196034664106732
Residual PPO,lateral_sine,1086,True,True,0.2888777775281265,0.04580905257031958,0.043073555650949155,0.06204083934426308,0.07397392392158508,0.03742214068408783,0.81,0.9786476868327402,0.25,0.012887789004575784,0.00041778211016207933,0.3509174585342407,0.03282853588461876,0.05424358695745468,0.4387705326080322,0.5396439842979491
Residual PPO,lateral_sine,1087,True,True,0.4264248664933215,0.062022988011591285,0.043858788164670925,0.06578581780195236,0.08153251558542252,0.0328593435881881,0.7875,0.9786476868327402,0.25,0.009631359373812962,0.00041900231735780835,0.35089316964149475,0.03138943389058113,0.054132718592882156,0.3274095356464386,0.4537543978145506
Residual PPO,lateral_sine,1088,True,True,0.4342733174912077,0.07086279892426654,0.04452570893611016,0.06923718005418777,0.08400670439004898,0.03749849518405381,0.7775,0.9786476868327402,0.25,0.013527071387842123,0.00041438546031713486,0.35071176290512085,0.03313949704170227,0.05426773801445961,0.4605681300163269,0.5575114813979755
Residual PPO,lateral_sine,1089,True,True,0.6155349879763968,0.08544917029605364,0.044114166580891505,0.06226968765258789,0.0725395679473877,0.033876760916786854,0.745,0.9786476868327402,0.25,0.011081450481443909,0.0004102956736460328,0.35149693489074707,0.03200465440750122,0.054184719920158386,0.37915652990341187,0.49239793223796724
Residual PPO,lateral_sine,1090,True,True,0.31703277722337075,0.04501287888449293,0.042844810707690445,0.06150676682591438,0.07410536706447601,0.03186241627574843,0.815,0.9786476868327402,0.25,0.008914105976290984,0.0004151140747126192,0.35108113288879395,0.031099041923880577,0.05410774424672127,0.30003631114959717,0.4344166634834428
Residual PPO,lateral_sine,1091,True,True,0.6231447287081063,0.09382364816064052,0.04603115776406284,0.07761962711811066,0.09259413182735443,0.03313371445085875,0.745,0.9786476868327402,0.25,0.010542018605925421,0.00041441500070504844,0.35079702734947205,0.031776223331689835,0.05416589230298996,0.36124923825263977,0.47874529934187493
Residual PPO,lateral_sine,1092,True,True,0.6127774956538297,0.08067616839236183,0.04481802147948267,0.06909331679344177,0.0833648070693016,0.031020707974776005,0.745,0.9786476868327402,0.25,0.009202914114852379,0.00041310887900181115,0.35108885169029236,0.031219813972711563,0.05412041395902634,0.31251582503318787,0.44312773598591526
Residual PPO,lateral_sine,1093,True,True,0.2755471055292538,0.03818357919873979,0.04211403641694913,0.06131591647863388,0.06291013956069946,0.0367699646355233,0.82,0.9786476868327402,0.25,0.012622122529829466,0.00040844891918823123,0.35127371549606323,0.032702166587114334,0.05423473194241524,0.43002596497535706,0.5325583348862507
Residual PPO,lateral_sine,1094,True,True,0.2759848571689132,0.037974648754523575,0.04252671426091299,0.06158379837870598,0.07142587006092072,0.02912827551853482,0.8275,0.9786476868327402,0.25,0.007782785968208802,0.00041354881250299513,0.35118842124938965,0.030652664601802826,0.05406678467988968,0.2514164447784424,0.4023757922749087
Residual PPO,lateral_sine,1095,True,True,0.38808570816635457,0.049983887218711553,0.042954225279344616,0.061517708003520966,0.07339746505022049,0.03112422602798659,0.7925,0.9786476868327402,0.25,0.008768731212759562,0.000415289425291121,0.3511609733104706,0.031040795147418976,0.05410321056842804,0.2943161725997925,0.43048584060061695
Residual PPO,lateral_sine,1096,True,True,0.23406762405124146,0.030497066941474655,0.04075349522219068,0.06044274568557739,0.06159170717000961,0.03093445459730951,0.835,0.9786476868327402,0.25,0.008276947922440778,0.0004067380214110017,0.3518187999725342,0.03084097057580948,0.0540846511721611,0.27283963561058044,0.4160979647438128
Residual PPO,lateral_sine,1097,True,True,0.3711102818936749,0.042414745433150394,0.04228691507577048,0.061281125992536545,0.0664360374212265,0.030003578395799833,0.795,0.9786476868327402,0.25,0.008272568816241728,0.0004136266652494669,0.3513851463794708,0.030843142420053482,0.054085586220026016,0.27344202995300293,0.41649320912668897
Residual PPO,lateral_sine,1098,True,True,0.4090292461366841,0.06454693021030636,0.04365986759764677,0.06226865202188492,0.07424415647983551,0.037323899780271313,0.785,0.9786476868327402,0.25,0.013958296327088053,0.00040683598490431905,0.35103359818458557,0.033348411321640015,0.05428379029035568,0.4742331802845001,0.5688524929949592
Residual PPO,lateral_sine,1099,True,True,0.6172256293567722,0.08797347963994642,0.04493951308071856,0.06852710247039795,0.08136877417564392,0.03332537061314734,0.7425,0.9786476868327402,0.25,0.01080095405542264,0.0004095387412235141,0.35121527314186096,0.03188472241163254,0.054175086319446564,0.36984628438949585,0.4852652095303606
PD+FF,constant_turn,1000,True,True,0.39224070563650315,0.15353739359609433,0.045571350228386584,0.0845026969909668,0.11837166547775269,0.02745726315107066,0.7275,1.0,0.0,0.0,2.3436499759554863e-05,0.011309412308037281,0.04080912470817566,0.012922316789627075,0.34128254652023315,0.34128256214738656
PD+FF,constant_turn,1001,True,True,0.41204001436576365,0.15442899321395778,0.044156024300674744,0.0895487368106842,0.11905952543020248,0.02688476664354963,0.7275,1.0,0.0,0.0,1.9694331058417447e-05,0.012563809752464294,0.03052113577723503,0.009728743694722652,0.25630688667297363,0.2563069010112825
PD+FF,constant_turn,1002,True,True,0.4879604119639228,0.1977184487324279,0.059591948462246906,0.11141925305128098,0.15243488550186157,0.033803829347269894,0.7,0.99644128113879,0.0,0.0,3.148086034343578e-05,0.012706439010798931,0.050673775374889374,0.016075177118182182,0.4242836833000183,0.4242837011020211
PD+FF,constant_turn,1003,True,True,0.5709296502533324,0.2290752899498385,0.05979456932795153,0.12912608683109283,0.1766098141670227,0.026904546336495857,0.6825,0.9715302491103203,0.35000000000000053,0.0,2.8135156753705814e-05,0.01448912639170885,0.041568391025066376,0.013175470754504204,0.34840381145477295,0.34840382693533134
PD+FF,constant_turn,1004,True,True,0.6475170722412845,0.2548323806713391,0.05959281671707419,0.1434546411037445,0.1964675486087799,0.01900172619279386,0.6725,0.9572953736654805,0.5500000000000007,0.0,2.651428985700477e-05,0.017156504094600677,0.028752144426107407,0.009100694209337234,0.24154320359230042,0.24154321262041817
PD+FF,constant_turn,1005,True,True,0.631688559083649,0.24932539804254653,0.056648773009717955,0.13665439188480377,0.19222161173820496,0.03053887598388147,0.675,0.9608540925266904,0.5,0.0,2.9193593945819885e-05,0.016464684158563614,0.034270547330379486,0.010765330865979195,0.28618520498275757,0.28618521991677376
PD+FF,constant_turn,1006,True,True,0.4678160298187221,0.1830673901385804,0.046591174475554914,0.10122364014387131,0.14113874733448029,0.02300503856184419,0.7075,1.0,0.0,0.0,2.325364766875282e-05,0.013271658681333065,0.034588199108839035,0.01092925388365984,0.28934937715530396,0.2893493916382136
PD+FF,constant_turn,1007,True,True,0.659509894936819,0.27627537504334304,0.0669861400393341,0.1518588662147522,0.21300008893013,0.034097346210060324,0.665,0.9466192170818505,0.7000000000000002,0.0,3.215885953977704e-05,0.013735984452068806,0.046997133642435074,0.014820183627307415,0.39287856221199036,0.39287857807408094
PD+FF,constant_turn,1008,True,True,0.565187299647613,0.2212919575023435,0.0510553411842028,0.1215861365199089,0.17060790956020355,0.025771978118322308,0.6875,0.9786476868327402,0.25,0.0,2.6341280317865312e-05,0.015731336548924446,0.0317414328455925,0.009984533302485943,0.26522985100746155,0.26522986580017704
PD+FF,constant_turn,1009,True,True,0.589920742913134,0.23089114611115757,0.05308612724067175,0.1292855143547058,0.17800934612751007,0.015671874389328395,0.6825,0.9715302491103203,0.35000000000000053,0.0,2.3680740923737176e-05,0.016424525529146194,0.025618789717555046,0.008085937239229679,0.2149554342031479,0.21495544350138038
PD+FF,constant_turn,1010,True,True,0.6706893398884771,0.30580669317010367,0.07815530581415897,0.1699991524219513,0.2357657104730606,0.03659991900183062,0.6525,0.9288256227758007,0.9500000000000002,0.0,3.568435931811109e-05,0.011787151917815208,0.056786857545375824,0.01795610971748829,0.4753030240535736,0.4753030416409563
PD+FF,constant_turn,1011,True,True,0.48517822412129646,0.189430839647148,0.04647134948478509,0.10507780313491821,0.14604416489601135,0.020670057111961047,0.705,1.0,0.0,0.0,2.251320802315604e-05,0.013753852806985378,0.03152028098702431,0.009953676722943783,0.26378002762794495,0.2637800417695293
PD+FF,constant_turn,1012,True,True,0.4962504075655086,0.1927766074838296,0.046301545684358146,0.10561217367649078,0.14862363040447235,0.024796609749960848,0.7025,1.0,0.0,0.0,2.4391991246375255e-05,0.014041231945157051,0.032495394349098206,0.010239807888865471,0.2715309262275696,0.27153094106381587
PD+FF,constant_turn,1013,True,True,0.3495033270627956,0.13281550650784205,0.052866101998982076,0.07958116382360458,0.10239572823047638,0.038546474919159184,0.7425,1.0,0.0,0.0,2.740165109571535e-05,0.010300816036760807,0.0479440838098526,0.015276487916707993,0.401797890663147,0.4017979100570474
PD+FF,constant_turn,1014,True,True,0.4717976825375938,0.19412024349308904,0.06085772591212357,0.10723109543323517,0.14965976774692535,0.03775068772772353,0.7025,1.0,0.0,0.0,3.485909110167995e-05,0.011730053462088108,0.05611848086118698,0.01778402365744114,0.4693894386291504,0.4693894566043065
PD+FF,constant_turn,1015,True,True,0.48580568338993624,0.1952586046898102,0.05510771856704965,0.10778248310089111,0.15053623914718628,0.03125106936719895,0.7,0.99644128113879,0.0,0.0,2.953632065327838e-05,0.01325275469571352,0.04691338539123535,0.014848868362605572,0.39239153265953064,0.39239154933819237
PD+FF,constant_turn,1016,True,True,0.5244441818919343,0.20787465368401306,0.05264040230808883,0.11608823388814926,0.16026388108730316,0.02309574201544377,0.695,0.9893238434163701,0.10000000000000053,0.0,2.5066952730412595e-05,0.014452640898525715,0.0365496464073658,0.01156250387430191,0.3060871958732605,0.30608721080901347
PD+FF,constant_turn,1017,True,True,0.2879088650421784,0.11144746369554047,0.05285708886150933,0.058937445282936096,0.08592107146978378,0.04280517295079768,0.7625,1.0,0.0,0.0,3.51251001120545e-05,0.008361628279089928,0.058872733265161514,0.01867392472922802,0.4917738139629364,0.4917738288123471
PD+FF,constant_turn,1018,True,True,0.3867993930221268,0.1561373635144341,0.05683237526704813,0.08763325214385986,0.12037621438503265,0.03792293506024645,0.725,1.0,0.0,0.0,3.351007399032824e-05,0.010755002498626709,0.05515092983841896,0.017506377771496773,0.4614541530609131,0.46145416994659644
PD+FF,constant_turn,1019,True,True,0.5419596185528062,0.21695471693353172,0.05642523898419413,0.12148233503103256,0.16726496815681458,0.025799453093002207,0.69,0.9822064056939501,0.20000000000000018,0.0,2.6714826162788086e-05,0.014506306499242783,0.0406021773815155,0.01285514235496521,0.34006524085998535,0.34006525534211257
PD+FF,constant_turn,1020,True,True,0.3521832356965132,0.13299832181040847,0.036531178948917345,0.07560442388057709,0.102536641061306,0.018306929031512896,0.7425,1.0,0.0,0.0,1.4373454177984968e-05,0.010744811035692692,0.026562374085187912,0.008433207869529724,0.2227078378200531,0.222707846203542
PD+FF,constant_turn,1021,True,True,0.5594996842380996,0.23306098995572735,0.07211006728934129,0.13369542360305786,0.17968328297138214,0.042377764859737294,0.68,0.9679715302491103,0.40000000000000036,0.0,4.041176362079568e-05,0.011856011115014553,0.059357400983572006,0.018865002319216728,0.49743902683258057,0.49743904467708805
PD+FF,constant_turn,1022,True,True,0.7063667709655765,0.2959975098516795,0.06922526973781229,0.16245873272418976,0.22820430994033813,0.035724432730522934,0.6575,0.9359430604982206,0.8500000000000005,0.0,3.3016021916409954e-05,0.014383488334715366,0.045111753046512604,0.01419990137219429,0.37694433331489563,0.37694435050050007
PD+FF,constant_turn,1023,True,True,0.5643928116400981,0.23340396434902067,0.06430628573924704,0.12633481621742249,0.1799456924200058,0.04092921505983945,0.6825,0.9715302491103203,0.35000000000000053,0.0,3.9257054595509544e-05,0.0124141164124012,0.056600019335746765,0.017886951565742493,0.4728805720806122,0.4728805893550414
PD+FF,constant_turn,1024,True,True,0.49372058595940155,0.1936672536598666,0.05182055635058497,0.10949063301086426,0.14931057393550873,0.0245409923661921,0.7025,1.0,0.0,0.0,2.572042831161525e-05,0.013781343586742878,0.03711420297622681,0.01177157275378704,0.3110935389995575,0.3110935550714151
PD+FF,constant_turn,1025,True,True,0.23874677125641786,0.08960080484566361,0.030027530049329516,0.04838487505912781,0.06907948106527328,0.020719622409367644,0.785,1.0,0.0,0.0,1.1578145858948119e-05,0.007569118402898312,0.0297495536506176,0.009424133226275444,0.24864348769187927,0.24864349761453947
PD+FF,constant_turn,1026,True,True,0.5407388514502942,0.21247956141123794,0.0501619302450674,0.11780300736427307,0.16381511092185974,0.020880174128138564,0.6925,0.9857651245551602,0.15000000000000036,0.0,2.387971107964404e-05,0.015091853216290474,0.03087371401488781,0.009735052473843098,0.2583710551261902,0.25837106933691645
PD+FF,constant_turn,1027,True,True,0.6541028506921571,0.274130548840668,0.06678208824766427,0.15225398540496826,0.21134528517723083,0.028689012823572543,0.665,0.9466192170818505,0.7000000000000002,0.0,2.838490945578087e-05,0.013933063484728336,0.044150836765766144,0.013941578567028046,0.36954861879348755,0.36954863732416793
PD+FF,constant_turn,1028,True,True,0.2696853325352544,0.10489656837883152,0.047379952431412437,0.06051747873425484,0.08087150752544403,0.03458601805622438,0.7675,1.0,0.0,0.0,2.3855838662711903e-05,0.00797688215970993,0.04810778796672821,0.015293658711016178,0.4025936424732208,0.4025936575490199
PD+FF,constant_turn,1029,True,True,0.2725468017975093,0.10074309390260205,0.027690148884635193,0.05309383571147919,0.0776689425110817,0.021057140061275847,0.7725,1.0,0.0,0.0,1.1525237823661882e-05,0.00884232483804226,0.025738896802067757,0.008126203902065754,0.214758962392807,0.21475897241355574
PD+FF,constant_turn,1030,True,True,0.6203713688152981,0.2562014241913766,0.07189548144384743,0.1462753713130951,0.19752183556556702,0.03774478721983517,0.67,0.9537366548042705,0.6000000000000005,0.0,3.7218909710645676e-05,0.013323070481419563,0.05292724072933197,0.0168159119784832,0.4438457489013672,0.44384576697172945
PD+FF,constant_turn,1031,True,True,0.3964548004594417,0.15208900585286622,0.047527641821469305,0.07947181165218353,0.11725538223981857,0.036379358903235036,0.7275,1.0,0.0,0.0,3.0338147553266026e-05,0.011537126265466213,0.04775427281856537,0.015103337354958057,0.39864641427993774,0.3986464300838204
PD+FF,constant_turn,1032,True,True,0.2916319090554843,0.11423837134590296,0.05885801915527704,0.06888960301876068,0.08807412534952164,0.04506438340474778,0.76,1.0,0.0,0.0,3.4993005101569e-05,0.008362779393792152,0.05960072576999664,0.018971575424075127,0.49894750118255615,0.49894752075095816
PD+FF,constant_turn,1033,True,True,0.3354257780411368,0.13006359946180177,0.05245725757094948,0.06659407913684845,0.10027409344911575,0.04161268231488093,0.745,1.0,0.0,0.0,3.5355795262148604e-05,0.00961918756365776,0.05701794475317001,0.018069926649332047,0.4761985242366791,0.47619854333612605
PD+FF,constant_turn,1034,True,True,0.23403908779684088,0.08566904224422606,0.031618125049927163,0.05153464898467064,0.06604762375354767,0.02360934474392401,0.79,1.0,0.0,0.0,1.0165047569898888e-05,0.007794696372002363,0.026620173826813698,0.008494734764099121,0.22327283024787903,0.22327283924041522
PD+FF,constant_turn,1035,True,True,0.5232165733700564,0.21543888112938797,0.06277597758213868,0.12100192159414291,0.16609694063663483,0.03437594076799519,0.69,0.9822064056939501,0.20000000000000018,0.0,3.23415151797235e-05,0.012494298629462719,0.052173107862472534,0.016543157398700714,0.436818927526474,0.4368189444552941
PD+FF,constant_turn,1036,True,True,0.5257707270457459,0.20838340225769628,0.05310359615606949,0.1138216033577919,0.16065651178359985,0.0302917834026394,0.695,0.9893238434163701,0.10000000000000053,0.0,2.9282355171744712e-05,0.01447001937776804,0.04176407307386398,0.013183136470615864,0.34900519251823425,0.3490052073787753
PD+FF,constant_turn,1037,True,True,0.5083889493976819,0.20383220966411197,0.05778723062048389,0.11502762883901596,0.1571475863456726,0.030192484036282632,0.695,0.9893238434163701,0.10000000000000053,0.0,2.9222479497548193e-05,0.013623314909636974,0.045689210295677185,0.014491626992821693,0.38270920515060425,0.3827092204341406
PD+FF,constant_turn,1038,True,True,0.5208860385675371,0.20309900181281093,0.054899887265763614,0.11582549661397934,0.15658284723758698,0.02739664112973392,0.6975,0.9928825622775801,0.05000000000000071,0.0,2.8203477995702997e-05,0.0144917918369174,0.03791923075914383,0.012047325260937214,0.31811848282814026,0.3181184973273484
PD+FF,constant_turn,1039,True,True,0.2307876285651971,0.08887733804274532,0.04181299923865758,0.050095368176698685,0.06852124631404877,0.03110646430985412,0.785,1.0,0.0,0.0,1.943123061209917e-05,0.006991086062043905,0.043775081634521484,0.01390760950744152,0.3661683201789856,0.3661683345946794
PD+FF,constant_turn,1040,True,True,0.2960866818193011,0.11396347661170395,0.04592405173057092,0.05917667970061302,0.08786170929670334,0.03565087799954739,0.76,1.0,0.0,0.0,2.6762952984427102e-05,0.008748949505388737,0.049499113112688065,0.015690358355641365,0.4134989380836487,0.41349895743669757
PD+FF,constant_turn,1041,True,True,0.24356904079317734,0.09581952915543057,0.05268306033731893,0.05585793778300285,0.07387270033359528,0.04061549279079515,0.7775,1.0,0.0,0.0,2.9416534744086675e-05,0.007169817108660936,0.055597756057977676,0.017680639401078224,0.46515655517578125,0.4651565709009805
PD+FF,constant_turn,1042,True,True,0.48270618100379376,0.19279656401073128,0.05503174232065123,0.10840469598770142,0.1486392617225647,0.029222720896837077,0.7025,1.0,0.0,0.0,2.8198915970278904e-05,0.013338420540094376,0.0445193350315094,0.014115303754806519,0.3728010952472687,0.37280111011642886
PD+FF,constant_turn,1043,True,True,0.5947921974892786,0.23527865219970556,0.060138772379367635,0.13335877656936646,0.1813916563987732,0.026283802054577754,0.68,0.9679715302491103,0.40000000000000036,0.0,2.896266414609272e-05,0.015799790620803833,0.0380716547369957,0.01208152249455452,0.31946444511413574,0.31946446104827575
PD+FF,constant_turn,1044,True,True,0.6310991891534448,0.24638803290552214,0.053910568161175,0.13590915501117706,0.18995636701583862,0.025770860229059923,0.6775,0.9644128113879004,0.4500000000000002,0.0,2.6348237952333875e-05,0.017258545383810997,0.02509375661611557,0.007851619273424149,0.20961801707744598,0.2096180270338285
PD+FF,constant_turn,1045,True,True,0.27084338822533216,0.10474398002055478,0.04945420708160966,0.061919376254081726,0.08075477927923203,0.036780982365338624,0.7675,1.0,0.0,0.0,2.524219780752901e-05,0.007996262982487679,0.04967473819851875,0.015804193913936615,0.4158290922641754,0.4158291098306569
PD+FF,constant_turn,1046,True,True,0.6515409704904811,0.2725881875386806,0.06654400617214593,0.1497752070426941,0.21015554666519165,0.03423563966615858,0.6675,0.9501779359430605,0.6500000000000004,0.0,3.2356019801227376e-05,0.013842117041349411,0.0474296398460865,0.014959681779146194,0.39649125933647156,0.39649127761320696
PD+FF,constant_turn,1047,True,True,0.3649345559538024,0.14101023487341233,0.04200785543535001,0.07920275628566742,0.10871361196041107,0.02364206175619677,0.735,1.0,0.0,0.0,1.9033743228646927e-05,0.010809860192239285,0.035687658935785294,0.011317322961986065,0.29876548051834106,0.29876549583194795
PD+FF,constant_turn,1048,True,True,0.380674686965983,0.14920223663538656,0.06121507735490111,0.08856147527694702,0.1150302141904831,0.04400577670104121,0.73,1.0,0.0,0.0,3.681479211081751e-05,0.010756651870906353,0.05759540945291519,0.01833556592464447,0.4824531674385071,0.48245318759767075
PD+FF,constant_turn,1049,True,True,0.552628481683212,0.23015702982735364,0.06347932686116424,0.12775209546089172,0.17744258046150208,0.03391424033043568,0.6825,0.9715302491103203,0.35000000000000053,0.0,3.211838338756934e-05,0.012505079619586468,0.05178550258278847,0.016393538564443588,0.43331217765808105,0.4333121937004751
PD+FF,constant_turn,1050,True,True,0.45866166746289594,0.1887511595100716,0.06492024784434457,0.1074729859828949,0.14552105963230133,0.04131949785950434,0.705,1.0,0.0,0.0,3.7747002352261916e-05,0.011183705180883408,0.05957828462123871,0.018922999501228333,0.49881017208099365,0.4988101911632288
PD+FF,constant_turn,1051,True,True,0.2968434847853692,0.11088803237374906,0.03691395124731267,0.06478162854909897,0.08549094945192337,0.024051388087022407,0.7625,1.0,0.0,0.0,1.426084327249555e-05,0.00931263342499733,0.030827492475509644,0.009814552031457424,0.2584548592567444,0.2584548740257982
PD+FF,constant_turn,1052,True,True,0.5022709619799545,0.19936763427207868,0.052114286264706045,0.11111482977867126,0.1537053883075714,0.024879829277558798,0.6975,0.9928825622775801,0.05000000000000071,0.0,2.5687440938781947e-05,0.013857802376151085,0.03881240263581276,0.012281632982194424,0.32490968704223633,0.32490970310813805
PD+FF,constant_turn,1053,True,True,0.2788782489922669,0.10890101244690556,0.05285451361471379,0.06433902680873871,0.08395923674106598,0.03958751576473294,0.765,1.0,0.0,0.0,2.879864587157499e-05,0.008126680739223957,0.053583767265081406,0.01704709418118,0.44851720333099365,0.44851721985713394
PD+FF,constant_turn,1054,True,True,0.6615172472254881,0.27121160503406855,0.06378033816865394,0.14931859076023102,0.2090950906276703,0.030884967022093403,0.6675,0.9501779359430605,0.6500000000000004,0.0,2.943026447610464e-05,0.014762049540877342,0.04119061678647995,0.012973882257938385,0.3443475067615509,0.34434752188396484
PD+FF,constant_turn,1055,True,True,0.33972316239513406,0.1284562826330787,0.049928749701135165,0.07679811120033264,0.09903620183467865,0.036128348207668595,0.745,1.0,0.0,0.0,2.458077869960107e-05,0.010167498141527176,0.04474378749728203,0.014257137663662434,0.37500709295272827,0.3750071085041075
PD+FF,constant_turn,1056,True,True,0.2797281072069496,0.10402516100772449,0.04407115722016502,0.06330128014087677,0.08019968122243881,0.03346515501460482,0.77,1.0,0.0,0.0,1.917045665322803e-05,0.008749747648835182,0.040350235998630524,0.012865266762673855,0.33817118406295776,0.33817119904213533
PD+FF,constant_turn,1057,True,True,0.4369486597816999,0.17072959173153723,0.04584455783979437,0.09512387216091156,0.13162587583065033,0.022995680810506583,0.715,1.0,0.0,0.0,2.2155989427119493e-05,0.012582065537571907,0.03561016544699669,0.011272388510406017,0.2980625629425049,0.298062578428985
PD+FF,constant_turn,1058,True,True,0.656457552308764,0.2674764940385616,0.06651722342264997,0.150823712348938,0.20621533691883087,0.026463024353774872,0.665,0.9466192170818505,0.7000000000000002,0.0,2.92043241643114e-05,0.014890632592141628,0.04082602262496948,0.012937036342918873,0.34246277809143066,0.34246279412141517
PD+FF,constant_turn,1059,True,True,0.42942056365323944,0.1680275482383036,0.04878139091795762,0.09502491354942322,0.12954403460025787,0.02631225729892209,0.7175,1.0,0.0,0.0,2.4115617634379305e-05,0.012188461609184742,0.03938036039471626,0.01249512005597353,0.3298633396625519,0.32986335560704655
PD+FF,constant_turn,1060,True,True,0.29456417541585533,0.1111099713643279,0.05836099912567285,0.06976241618394852,0.08566189557313919,0.0464466809398128,0.7625,1.0,0.0,0.0,3.298842420917936e-05,0.00866315234452486,0.05701101943850517,0.018174197524785995,0.4775193929672241,0.4775194102226718
PD+FF,constant_turn,1061,True,True,0.33234099385748694,0.1276796084660044,0.03857202299533137,0.07061943411827087,0.09843684732913971,0.023108656463417077,0.7475,1.0,0.0,0.0,1.7190015569212846e-05,0.009985548444092274,0.034580785781145096,0.010956009849905968,0.28927016258239746,0.2892701772481651
PD+FF,constant_turn,1062,True,True,0.3859137257431454,0.15104388817969946,0.056038726536870746,0.08817631751298904,0.11644984781742096,0.038002477870043266,0.7275,1.0,0.0,0.0,3.1210660381475464e-05,0.010929525829851627,0.05124649032950401,0.016303880140185356,0.4292861223220825,0.42928614168263995
PD+FF,constant_turn,1063,True,True,0.23310556733215093,0.08634271328394527,0.03212059418779211,0.043698750436306,0.0665675476193428,0.026149765340255586,0.79,1.0,0.0,0.0,1.448098282708088e-05,0.007513337302953005,0.034685663878917694,0.010984443128108978,0.2895512878894806,0.2895513026833479
PD+FF,constant_turn,1064,True,True,0.492625010552396,0.19165756032422154,0.046516539444846,0.10708068311214447,0.14776065945625305,0.018046476947186762,0.7025,1.0,0.0,0.0,2.1691523215849884e-05,0.01395441871136427,0.02897949516773224,0.009159406647086143,0.24278511106967926,0.2427851210150321
PD+FF,constant_turn,1065,True,True,0.24408440386672328,0.09250089990484672,0.05351448278366684,0.05802063271403313,0.07131464779376984,0.04257942121291949,0.7825,1.0,0.0,0.0,2.8440215828595683e-05,0.007251631002873182,0.054195694625377655,0.017265308648347855,0.453745573759079,0.45374559315408663
PD+FF,constant_turn,1066,True,True,0.41550181729543667,0.15843234387923188,0.03765801200248349,0.08728155493736267,0.12214574962854385,0.018129493769417106,0.7225,1.0,0.0,0.0,1.6620129827060737e-05,0.012309524230659008,0.024884410202503204,0.00784206297248602,0.20805609226226807,0.20805610115344086
PD+FF,constant_turn,1067,True,True,0.29472948102632546,0.10806819989543962,0.027396775301606727,0.05643920972943306,0.08331695944070816,0.02349024469403981,0.765,1.0,0.0,0.0,1.210304799315054e-05,0.009821220301091671,0.024189405143260956,0.007622141856700182,0.20151829719543457,0.20151830717628977
PD+FF,constant_turn,1068,True,True,0.2697701742271321,0.10063246418588422,0.0306096967324138,0.0531577467918396,0.07758357375860214,0.022485862590315188,0.7725,1.0,0.0,0.0,1.3146747733117081e-05,0.00858324021100998,0.029998844489455223,0.009486768394708633,0.25048118829727173,0.2504812028763436
PD+FF,constant_turn,1069,True,True,0.2667087042754707,0.09780027162682887,0.029324827342222182,0.04974357783794403,0.0754009410738945,0.0252717620422559,0.775,1.0,0.0,0.0,1.3343310456548352e-05,0.008807997219264507,0.02968648262321949,0.009380737319588661,0.24751581251621246,0.24751582075061412
PD+FF,constant_turn,1070,True,True,0.5620575362168762,0.21596270282260907,0.04797370723661005,0.1180238202214241,0.16650010645389557,0.028689010828909612,0.69,0.9822064056939501,0.20000000000000018,0.0,2.703214886423666e-05,0.015840740874409676,0.027475683018565178,0.008612019009888172,0.22921264171600342,0.22921264972593203
PD+FF,constant_turn,1071,True,True,0.5416856793898616,0.21060737621342204,0.048979646298665656,0.11517108976840973,0.16237092018127441,0.0272210718903207,0.6925,0.9857651245551602,0.15000000000000036,0.0,2.679710632946808e-05,0.015084301121532917,0.032298341393470764,0.010160870850086212,0.26974478363990784,0.26974479827880027
PD+FF,constant_turn,1072,True,True,0.4352216393142442,0.17625705288742888,0.05767814075895429,0.09610728174448013,0.13588882982730865,0.03828012126967439,0.7125,1.0,0.0,0.0,3.522937186062336e-05,0.011734899133443832,0.05575568974018097,0.017664724960923195,0.4661308228969574,0.4661308414199593
PD+FF,constant_turn,1073,True,True,0.5432328579176656,0.21514850773735852,0.05533376667559291,0.11646122485399246,0.16587157547473907,0.03480482608859526,0.69,0.9822064056939501,0.20000000000000018,0.0,3.306636426714249e-05,0.01445464976131916,0.045501381158828735,0.014358295127749443,0.3800120949745178,0.3800121094959034
PD+FF,constant_turn,1074,True,True,0.2133501147057225,0.08342601332370524,0.055658278403059896,0.05932023748755455,0.0643191933631897,0.04449900425847955,0.7925,1.0,0.0,0.0,3.21242623613216e-05,0.006803547032177448,0.05931492894887924,0.01887628436088562,0.4962819218635559,0.496281940967125
PD+FF,constant_turn,1075,True,True,0.3455061479755527,0.12792496950044482,0.03265018147206017,0.06729383021593094,0.0986255630850792,0.026395972202329025,0.7475,1.0,0.0,0.0,1.6312602383550256e-05,0.011009875684976578,0.028688404709100723,0.009042279794812202,0.23914383351802826,0.23914384185645396
PD+FF,constant_turn,1076,True,True,0.5192541167861695,0.21227308077960766,0.06478857631251689,0.1207917183637619,0.1636563092470169,0.03712267129594357,0.6925,0.9857651245551602,0.15000000000000036,0.0,3.4817479900084436e-05,0.012574740685522556,0.054056134074926376,0.01716546341776848,0.45283621549606323,0.4528362331723341
PD+FF,constant_turn,1077,True,True,0.29774674422372027,0.10957146785393705,0.03924463513041566,0.06582694500684738,0.08447574824094772,0.02947470341983161,0.7625,1.0,0.0,0.0,1.5221160538203549e-05,0.009648658335208893,0.03211337327957153,0.01025229599326849,0.2694230377674103,0.2694230526485845
PD+FF,constant_turn,1078,True,True,0.26271108454741343,0.09677674388069715,0.03376844696602427,0.05749514326453209,0.07461138814687729,0.023934477843409057,0.7775,1.0,0.0,0.0,1.1764296687033493e-05,0.008513720706105232,0.027969395741820335,0.00891901645809412,0.23459486663341522,0.23459487626712472
PD+FF,constant_turn,1079,True,True,0.3171087678794093,0.12083633709123397,0.05264090247759697,0.059672627598047256,0.09316118061542511,0.04366710217166429,0.7525,1.0,0.0,0.0,3.6561461456585675e-05,0.009227906353771687,0.05864382162690163,0.018589207902550697,0.4896434247493744,0.4896434426794276
PD+FF,constant_turn,1080,True,True,0.28040830494565294,0.10533049419575487,0.04053394591403048,0.053305406123399734,0.08120560646057129,0.03286193217898946,0.7675,1.0,0.0,0.0,2.233009581686929e-05,0.008645283058285713,0.04402301833033562,0.013944773003458977,0.367546945810318,0.3675469617782575
PD+FF,constant_turn,1081,True,True,0.4707826858784922,0.1808784589067552,0.045024917476511175,0.09754505753517151,0.1394510418176651,0.029645856952607443,0.71,1.0,0.0,0.0,2.5860988898784854e-05,0.013501483015716076,0.03602152317762375,0.011354325339198112,0.3006768822669983,0.3006768971418603
PD+FF,constant_turn,1082,True,True,0.3096247721617466,0.11855807267918729,0.04087991389192287,0.06779501587152481,0.09140479564666748,0.026073714595295578,0.755,1.0,0.0,0.0,1.7826439943746664e-05,0.009299513883888721,0.037235576659440994,0.011830132454633713,0.3117980659008026,0.3117980800767494
PD+FF,constant_turn,1083,True,True,0.44461565466322145,0.16915965736847868,0.0392746602667286,0.09243909269571304,0.13041621446609497,0.022151387123455192,0.7175,1.0,0.0,0.0,1.908285412355326e-05,0.013155719265341759,0.025918450206518173,0.008152094669640064,0.21643398702144623,0.21643399578698344
PD+FF,constant_turn,1084,True,True,0.34301667796302593,0.12957355517579391,0.05338802524444494,0.07838137447834015,0.09989655762910843,0.03995696105023921,0.745,1.0,0.0,0.0,2.7700885766535066e-05,0.010180558077991009,0.048574745655059814,0.015483945608139038,0.4071005880832672,0.4071006061866982
PD+FF,constant_turn,1085,True,True,0.2502500206039996,0.09767810126236724,0.04724993628950884,0.055482588708400726,0.0753074511885643,0.03535921223044149,0.775,1.0,0.0,0.0,2.433191730233375e-05,0.007403410039842129,0.0494735911488533,0.015722276642918587,0.4138740301132202,0.4138740448344465
PD+FF,constant_turn,1086,True,True,0.31923053643351146,0.12252253259211096,0.05460842452110482,0.07378818839788437,0.09446093440055847,0.040731790668436185,0.7525,1.0,0.0,0.0,2.9592942155431956e-05,0.009272490628063679,0.05238426849246025,0.016683224588632584,0.4387705326080322,0.4387705503331545
PD+FF,constant_turn,1087,True,True,0.46029817992235544,0.17713781330878914,0.05195957073140451,0.10212047398090363,0.1365678310394287,0.029992517638303514,0.7125,1.0,0.0,0.0,2.6367473765276372e-05,0.01319077517837286,0.0390307642519474,0.012418069876730442,0.3274095356464386,0.32740955052970927
PD+FF,constant_turn,1088,True,True,0.4654535781223385,0.18332944609702706,0.06353835440972463,0.1072189211845398,0.1413402557373047,0.04210919252686012,0.7075,1.0,0.0,0.0,3.7692701880587265e-05,0.012763573788106441,0.05495104193687439,0.017490826547145844,0.4605681300163269,0.4605681483495784
PD+FF,constant_turn,1089,True,True,0.6361510060962821,0.2626746950822517,0.06401297402426158,0.14439299702644348,0.20251357555389404,0.032663142543047044,0.67,0.9537366548042705,0.6000000000000005,0.0,3.1031580874696374e-05,0.01397843100130558,0.04535509645938873,0.014304395765066147,0.37915652990341187,0.37915654800762877
PD+FF,constant_turn,1090,True,True,0.3485688055412242,0.13198125250660697,0.04305310585039911,0.07672948390245438,0.10175234824419022,0.02730921355913168,0.7425,1.0,0.0,0.0,1.897841320896987e-05,0.010463055223226547,0.03578973934054375,0.011389839462935925,0.30003631114959717,0.3000363274904604
PD+FF,constant_turn,1091,True,True,0.6469123016170567,0.2646395683827798,0.06709008859400373,0.14938730001449585,0.20402732491493225,0.02817916358603531,0.6675,0.9501779359430605,0.6500000000000004,0.0,3.0082452212809585e-05,0.014707434922456741,0.04307485371828079,0.013654102571308613,0.36124923825263977,0.36124925346436165
PD+FF,constant_turn,1092,True,True,0.6361040258858385,0.25808539552119925,0.062049544755727985,0.14429141581058502,0.19897542893886566,0.023094177370793337,0.67,0.9537366548042705,0.6000000000000005,0.0,2.5791192456381395e-05,0.015308795496821404,0.03729565814137459,0.011785359121859074,0.31251582503318787,0.3125158396549519
PD+FF,constant_turn,1093,True,True,0.3032190006340009,0.11987783644447254,0.049805521954619375,0.06634905934333801,0.09242158383131027,0.035891496944486005,0.7525,1.0,0.0,0.0,2.7742771635530517e-05,0.0087656918913126,0.051418643444776535,0.016322996467351913,0.43002596497535706,0.4300259836496293
PD+FF,constant_turn,1094,True,True,0.3064184018770331,0.1147775711402111,0.03663811931200912,0.06657741218805313,0.08849003165960312,0.022806521040488845,0.7575,1.0,0.0,0.0,1.4181198821461294e-05,0.009487378410995007,0.02998756617307663,0.009542305953800678,0.2514164447784424,0.2514164586412372
PD+FF,constant_turn,1095,True,True,0.4191592906777504,0.16225095583631255,0.045641055721142264,0.09190113097429276,0.12508974969387054,0.023540802334102752,0.72,1.0,0.0,0.0,2.1282574380165897e-05,0.012138254940509796,0.03512467443943024,0.011145097203552723,0.2943161725997925,0.2943161875419083
PD+FF,constant_turn,1096,True,True,0.26570656523866676,0.09787253415323954,0.03143457464777402,0.04967021569609642,0.0754561796784401,0.02640103463379335,0.775,1.0,0.0,0.0,1.4788064618187491e-05,0.00862413365393877,0.0327078141272068,0.010343397036194801,0.27283963561058044,0.2728396502910702
PD+FF,constant_turn,1097,True,True,0.4008945563731686,0.15503733929368604,0.04162595013180449,0.0861685499548912,0.11952850222587585,0.021228893963355294,0.725,1.0,0.0,0.0,1.9007948139915243e-05,0.011713707819581032,0.032675426453351974,0.010340611450374126,0.27344202995300293,0.27344204380689724
PD+FF,constant_turn,1098,True,True,0.4328624125776835,0.17620221568400685,0.06078531930841987,0.09964529424905777,0.13584619760513306,0.03888443471822185,0.7125,1.0,0.0,0.0,3.505521817714907e-05,0.011510597541928291,0.05665742978453636,0.017988277599215508,0.4742331802845001,0.4742331967686946
PD+FF,constant_turn,1099,True,True,0.6369193366130309,0.26527409418702114,0.06533285184205588,0.1473969668149948,0.20451655983924866,0.028551391023221618,0.6675,0.9501779359430605,0.6500000000000004,0.0,2.8317355827311985e-05,0.01408309955149889,0.044186316430568695,0.013957846909761429,0.36984628438949585,0.3698463026235829
Direct PPO,constant_turn,1000,True,True,0.3659743798523192,0.005882586015537881,0.14623298772991508,0.21416886150836945,0.21503497660160065,0.102275997739771,0.52,0.5338078291814946,0.0,0.057824878448667814,0.002715958980843425,0.5646498799324036,0.030849836766719818,0.05284016206860542,0.34128254652023315,0.34128256214738656
Direct PPO,constant_turn,1001,True,True,0.353020061453325,0.008482922463151264,0.1114213646460307,0.16190257668495178,0.16257219016551971,0.07868139290332453,0.7025,0.7651245551601423,0.0,0.0473871375351999,0.0030571571551263332,0.555042564868927,0.0266147181391716,0.03956785425543785,0.25630688667297363,0.2563069010112825
Direct PPO,constant_turn,1002,False,True,0.4773654290341764,0.01799957009266691,0.18105725990131205,0.2665485441684723,0.2676130533218384,0.12541973985501698,0.4175,0.43416370106761565,0.0,0.06748223605026482,0.0019805419724434614,0.3480825424194336,0.03467249870300293,0.06595265865325928,0.4242836833000183,0.4242837011020211
Direct PPO,constant_turn,1003,True,True,0.5442833717256212,0.009961445627683379,0.1491720547316874,0.2186042070388794,0.21948811411857605,0.10422702740980921,0.4725,0.5231316725978647,0.0,0.05867615368896142,0.0028505397494882345,0.561067521572113,0.031191827729344368,0.053958795964717865,0.34840381145477295,0.34840382693533134
Direct PPO,constant_turn,1004,True,True,0.6018611776649638,0.0035928231853395876,0.10536969564517962,0.15295858681201935,0.15358299016952515,0.07455902851660856,0.7175,0.8718861209964412,0.0,0.04552594730163392,0.0032264667097479105,0.6542999744415283,0.02585943602025509,0.037274304777383804,0.24154320359230042,0.24154321262041817
Direct PPO,constant_turn,1005,True,True,0.5873737044029679,0.008914682583215884,0.12347041266772167,0.18012326955795288,0.18086446821689606,0.08690580370821611,0.5625,0.6512455516014235,0.0,0.05111165649245385,0.0029826259706169367,0.5970212817192078,0.028130020946264267,0.04421988129615784,0.28618520498275757,0.28618521991677376
Direct PPO,constant_turn,1006,True,True,0.4318800919054598,0.004279162682654179,0.12480631510841426,0.1820678412914276,0.18281510472297668,0.0878088020953913,0.585,0.6441281138790036,0.0,0.051502599099155257,0.002720908960327506,0.5753740668296814,0.02828887477517128,0.04471423476934433,0.28934937715530396,0.2893493916382136
Direct PPO,constant_turn,1007,False,True,0.6405154139012605,0.029124220288295876,0.16770485060303575,0.2465447187423706,0.24753770232200623,0.11655863997159753,0.41,0.46619217081850534,0.0,0.0638991304114749,0.0023317961022257805,0.423511803150177,0.03327184170484543,0.06097125634551048,0.39287856221199036,0.39287857807408094
Direct PPO,constant_turn,1008,True,True,0.5195074240010807,0.006092025028871634,0.1149360186275502,0.16732235252857208,0.1680147498846054,0.08109939807180876,0.63,0.7295373665480427,0.0,0.04850529064847063,0.002869829535484314,0.610139787197113,0.027069639414548874,0.04095622897148132,0.26522985100746155,0.26522986580017704
Direct PPO,constant_turn,1009,True,True,0.5442063923430767,0.0060198708797082785,0.09463542464641488,0.13695190846920013,0.1374914050102234,0.06719972947808718,0.8175,1.0,0.0,0.04214295007727964,0.0032091306056827307,0.6570936441421509,0.024493804201483727,0.03315090388059616,0.2149554342031479,0.21495544350138038
Direct PPO,constant_turn,1010,False,True,0.6736406114378606,0.06311741084062776,0.2028172220911713,0.29941487312316895,0.30062195658683777,0.13951048877740752,0.335,0.3914590747330961,0.0,0.07309710654025903,0.0011467629810795188,0.23625533282756805,0.03680713102221489,0.07410482317209244,0.4753030240535736,0.4753030416409563
Direct PPO,constant_turn,1011,True,True,0.4461430569854443,0.003652620118376349,0.11436937852773928,0.1664416491985321,0.16713018715381622,0.08071003804920497,0.6425,0.7295373665480427,0.0,0.04832384021903857,0.0028022387996315956,0.5955573916435242,0.02699596993625164,0.04073048382997513,0.26378002762794495,0.2637800417695293
Direct PPO,constant_turn,1012,True,True,0.4501161951770975,0.0052709742773465774,0.1175109754809626,0.17116495966911316,0.1718716025352478,0.08285195302275211,0.625,0.701067615658363,0.0,0.04929182074058084,0.002844951581209898,0.6276106238365173,0.027389418333768845,0.041937101632356644,0.2715309262275696,0.27153094106381587
Direct PPO,constant_turn,1013,False,True,0.3199221604975894,0.002576074089404244,0.1716538519796863,0.25223690271377563,0.25324171781539917,0.119230424999161,0.49,0.4555160142348754,0.0,0.06492652017112406,0.0023741924669593573,0.4113115668296814,0.03367593139410019,0.06238390505313873,0.401797890663147,0.4017979100570474
Direct PPO,constant_turn,1014,False,True,0.47391785064920117,0.025736901992870077,0.20032979884579474,0.29562532901763916,0.29680413007736206,0.13804575044950754,0.39,0.398576512455516,0.0,0.07245984767768747,0.0010894888546317816,0.2390282303094864,0.03656899556517601,0.07315577566623688,0.4693894386291504,0.4693894566043065
Direct PPO,constant_turn,1015,False,True,0.4704868538537762,0.014495568578343014,0.1675649159863958,0.24625399708747864,0.24724145233631134,0.11650547874589796,0.445,0.46619217081850534,0.0,0.0638428638398651,0.0022412212565541267,0.40645912289619446,0.033249542117118835,0.060894012451171875,0.39239153265953064,0.39239154933819237
Direct PPO,constant_turn,1016,True,True,0.49374449635607776,0.004972845320205141,0.13167491206728962,0.1923590898513794,0.19314491748809814,0.09245859758415499,0.54,0.6014234875444839,0.0,0.0535601093495702,0.002886693924665451,0.5338375568389893,0.029125267639756203,0.047327328473329544,0.3060871958732605,0.30608721080901347
Direct PPO,constant_turn,1017,False,True,0.2940109056148741,0.013443420272377047,0.21010462580543113,0.3102637827396393,0.31149280071258545,0.1444694125308265,0.43,0.3807829181494662,0.0,0.07485314642067065,0.0008069478208199143,0.1877453476190567,0.03745667636394501,0.07675372064113617,0.4917738139629364,0.4917738288123471
Direct PPO,constant_turn,1018,False,True,0.3874850924329482,0.01543411749999485,0.19696888487425254,0.29049044847488403,0.29164502024650574,0.13588102122641607,0.415,0.40213523131672596,0.0,0.07159969921980634,0.0013048130786046386,0.25392669439315796,0.03624577820301056,0.07188373059034348,0.4614541530609131,0.46145416994659644
Direct PPO,constant_turn,1019,True,True,0.5175971829312186,0.009120578436855212,0.14570271346011268,0.213405579328537,0.21427030861377716,0.10190511341864925,0.4875,0.5373665480427047,0.0,0.057678124674773075,0.0028706977609544992,0.49960950016975403,0.030790742486715317,0.05264912545681,0.34006524085998535,0.34006525534211257
Direct PPO,constant_turn,1020,True,True,0.30193124051638953,0.003546677286686253,0.0977755323561298,0.14160782098770142,0.14217157661914825,0.06934056554923111,0.8675,1.0,0.0,0.04313377831537754,0.003304291982203722,0.6589163541793823,0.024892333894968033,0.03435208648443222,0.2227078378200531,0.222707846203542
Direct PPO,constant_turn,1021,False,True,0.5510821454148942,0.03658301351763906,0.21246339286980104,0.313931941986084,0.3151865005493164,0.14586935219895655,0.3575,0.37722419928825623,0.0,0.07544923479901142,0.0008781881770119071,0.19937513768672943,0.03767462819814682,0.07766678184270859,0.49743902683258057,0.49743904467708805
Direct PPO,constant_turn,1022,False,True,0.6811221225227687,0.02835295484259753,0.16100287682299882,0.2364814430475235,0.23743705451488495,0.11210572560480613,0.4175,0.48398576512455516,0.0,0.06204730261287609,0.0024832815397530794,0.4704638123512268,0.03253861889243126,0.05845339223742485,0.37694433331489563,0.37694435050050007
Direct PPO,constant_turn,1023,False,True,0.5521367387547041,0.035146701002587884,0.20179079872157368,0.29788175225257874,0.29907292127609253,0.13897600834273685,0.3725,0.39501779359430605,0.0,0.07283720698114153,0.0011182470479980111,0.22961804270744324,0.03671024739742279,0.0737157016992569,0.4728805720806122,0.4728805893550414
Direct PPO,constant_turn,1024,True,True,0.4557971846905803,0.002385236951100335,0.13376039225188227,0.19544965028762817,0.19624599814414978,0.09386608237412318,0.5425,0.5907473309608541,0.0,0.05417195995536969,0.0030274654272943735,0.6307569742202759,0.02937346138060093,0.04811020940542221,0.3110935389995575,0.3110935550714151
Direct PPO,constant_turn,1025,True,True,0.209141365122039,0.0015847335988409138,0.10822383961156452,0.15725114941596985,0.15789787471294403,0.07650706993062721,0.76,0.8149466192170819,0.0,0.04642253770970677,0.002933571580797434,0.5958549380302429,0.02622350864112377,0.038377124816179276,0.24864348769187927,0.24864349761453947
Direct PPO,constant_turn,1026,True,True,0.5020318803373891,0.004513897813641327,0.11216357190632642,0.16315025091171265,0.16382674872875214,0.0792073774761959,0.6525,0.7580071174377224,0.0,0.047646190614602096,0.0028661098331212997,0.5742406249046326,0.02672003023326397,0.03988928347826004,0.2583710551261902,0.25837106933691645
Direct PPO,constant_turn,1027,False,True,0.6399876895250048,0.023235656436210957,0.15793093783252193,0.23183439671993256,0.23277123272418976,0.11006184566237412,0.43,0.49466192170818507,0.0,0.06118048152398841,0.0025521970819681883,0.4955086410045624,0.03219390660524368,0.057287055999040604,0.36954861879348755,0.36954863732416793
Direct PPO,constant_turn,1028,False,True,0.26497998573413717,0.005014619542381436,0.17194954493638723,0.25273895263671875,0.2537466287612915,0.11943753575300257,0.4925,0.4555160142348754,0.0,0.0650176107082594,0.002292016288265586,0.38387927412986755,0.03371170535683632,0.06250952184200287,0.4025936424732208,0.4025936575490199
Direct PPO,constant_turn,1029,True,True,0.22612289382146894,0.0035549457799432223,0.09451403516927048,0.13683171570301056,0.1373695433139801,0.06710478851802669,0.8875,1.0,0.0,0.04211806531981294,0.002795555628836155,0.5023524165153503,0.024483658373355865,0.033120378851890564,0.214758962392807,0.21475897241355574
Direct PPO,constant_turn,1030,False,True,0.6007513662503976,0.030194007100178038,0.1893786526811566,0.27909204363822937,0.28020772337913513,0.13083520074463917,0.385,0.4199288256227758,0.0,0.0696665120161647,0.001586439204402268,0.30459171533584595,0.03551236167550087,0.06906981766223907,0.4438457489013672,0.44384576697172945
Direct PPO,constant_turn,1031,False,True,0.3631927725948317,0.012592968701198247,0.17022221635153661,0.2502257227897644,0.2512263059616089,0.1183000572859604,0.475,0.45907473309608543,0.0,0.06456372732754243,0.0019753507804125547,0.3437858819961548,0.033533282577991486,0.0618843138217926,0.39864641427993774,0.3986464300838204
Direct PPO,constant_turn,1032,False,True,0.29893237287912827,0.008107851885783363,0.21325507635077073,0.314971387386322,0.31621894240379333,0.14649089328430717,0.4325,0.37722419928825623,0.0,0.07560805316037993,0.000958629185333848,0.2014022320508957,0.037731826305389404,0.07791049778461456,0.49894750118255615,0.49894752075095816
Direct PPO,constant_turn,1033,False,True,0.32783454397784795,0.014323415568833205,0.20334226175918316,0.3000814914703369,0.3012712299823761,0.14007002716276465,0.43,0.3914590747330961,0.0,0.0731935737336573,0.0009720287634991109,0.20003849267959595,0.036843132227659225,0.0742480605840683,0.4761985242366791,0.47619854333612605
Direct PPO,constant_turn,1034,True,True,0.19448753657628123,0.007631452463367778,0.09802416764361149,0.14194680750370026,0.1425124704837799,0.06949069714160712,0.89,1.0,0.0,0.043205440209657386,0.0028263586573302746,0.5150842070579529,0.024921461939811707,0.0344398096203804,0.22327283024787903,0.22327283924041522
Direct PPO,constant_turn,1035,False,True,0.5167475190422952,0.024384987053680005,0.1863693984216818,0.2745784521102905,0.27567538619041443,0.12889915203384725,0.3975,0.4199288256227758,0.0,0.0688857078447854,0.00180728395935148,0.30444473028182983,0.035213571041822433,0.06794773787260056,0.436818927526474,0.4368189444552941
Direct PPO,constant_turn,1036,True,True,0.49375695391644836,0.010974537946338405,0.14940404560230586,0.218979150056839,0.21986457705497742,0.10439706186218264,0.485,0.5231316725978647,0.0,0.05874810544401972,0.0026431106962263584,0.5417180061340332,0.03122076392173767,0.0540536530315876,0.34900519251823425,0.3490052073787753
Direct PPO,constant_turn,1037,False,True,0.48764418699918005,0.012032444668796572,0.16351121818571154,0.2401362806558609,0.24110044538974762,0.11380646610039674,0.45,0.47686832740213525,0.0,0.06272015521242892,0.0025939035695046186,0.45891714096069336,0.03280593454837799,0.05936390906572342,0.38270920515060425,0.3827092204341406
Direct PPO,constant_turn,1038,True,True,0.4767844162087762,0.002099579017676956,0.1366780511029049,0.1997923105955124,0.2006043642759323,0.09583118800080195,0.5325,0.5765124555160143,0.0,0.05502703635699432,0.0027871406637132168,0.5511147379875183,0.029720576480031013,0.04920920729637146,0.31811848282814026,0.3181184973273484
Direct PPO,constant_turn,1039,False,True,0.22851225381225457,0.004464646975351127,0.15663607371458826,0.2297363430261612,0.23065927624702454,0.10924968997214314,0.535,0.498220640569395,0.0,0.06078289498352938,0.002475511748343706,0.44575685262680054,0.032035425305366516,0.05675419420003891,0.3661683201789856,0.3661683345946794
Direct PPO,constant_turn,1040,False,True,0.2840876267654826,0.009800403732147698,0.17653570362545148,0.2596760094165802,0.26071077585220337,0.12248129779121356,0.4825,0.4412811387900356,0.0,0.0662624986010191,0.0017821550136432052,0.3149908483028412,0.03419804945588112,0.06423892825841904,0.4134989380836487,0.41349895743669757
Direct PPO,constant_turn,1041,False,True,0.26016358653509447,0.007613737694746403,0.19862926532933736,0.2929075062274933,0.2940674424171448,0.13699115863111636,0.4575,0.398576512455516,0.0,0.07200245138715629,0.0013096218463033438,0.24033086001873016,0.036397259682416916,0.07247722148895264,0.46515655517578125,0.4651565709009805
Direct PPO,constant_turn,1042,False,True,0.4613461096929022,0.010303162727197609,0.15935959437874828,0.23389460146427155,0.23483547568321228,0.11104595977793745,0.4675,0.49110320284697506,0.0,0.06156213851458202,0.002736269496381283,0.463742196559906,0.03234609216451645,0.057799387723207474,0.3728010952472687,0.37280111011642886
Direct PPO,constant_turn,1043,True,True,0.556492797803633,0.004228275881823007,0.13721135137827295,0.2006217986345291,0.2014378160238266,0.09618701887039013,0.5125,0.5729537366548043,0.0,0.055190697429126606,0.002831237157806754,0.5265517830848694,0.029786668717861176,0.049419552087783813,0.31946444511413574,0.31946446104827575
Direct PPO,constant_turn,1044,True,True,0.5784527559096352,0.007649286822117257,0.09245152966810219,0.13375096023082733,0.1342727392911911,0.06570262976551322,0.8125,1.0,0.0,0.041459753163916944,0.003012959146872163,0.5890440344810486,0.024219082668423653,0.03232419118285179,0.20961801707744598,0.2096180270338285
Direct PPO,constant_turn,1045,False,True,0.2648548515101655,0.0042083744536585855,0.17756359414612893,0.2611665725708008,0.26220592856407166,0.12315115211128372,0.485,0.4412811387900356,0.0,0.06652713595010713,0.002113182097673416,0.36642932891845703,0.03430132940411568,0.06460915505886078,0.4158290922641754,0.4158291098306569
Direct PPO,constant_turn,1046,False,True,0.6330392837242318,0.029275268916906457,0.16922747279520708,0.24883326888084412,0.24983486533164978,0.11756913600898634,0.4075,0.4626334519572954,0.0,0.06431630518080873,0.0022589871659874916,0.4014210104942322,0.03343585506081581,0.061542924493551254,0.39649125933647156,0.39649127761320696
Direct PPO,constant_turn,1047,True,True,0.3318573188443731,0.0023588884529995666,0.12869177449916924,0.18785393238067627,0.1886223554611206,0.09044196528151709,0.59,0.6192170818505338,0.0,0.05266245427579952,0.003147182520478964,0.638089656829834,0.028760332614183426,0.04618338495492935,0.29876548051834106,0.29876549583194795
Direct PPO,constant_turn,1048,False,True,0.36836036075141054,0.009823636198245325,0.20608385551835806,0.30416178703308105,0.30536749958992004,0.14182195992190777,0.42,0.3879003558718861,0.0,0.07386286914134962,0.001137741724960506,0.22764509916305542,0.0370914489030838,0.07525381445884705,0.4824531674385071,0.48245318759767075
Direct PPO,constant_turn,1049,False,True,0.5481020098607057,0.028240930590012536,0.18485313539181747,0.27232038974761963,0.2734101712703705,0.12789369545553556,0.395,0.42704626334519574,0.0,0.06849445662145053,0.0017002784879878163,0.31354498863220215,0.03506327047944069,0.06738955527544022,0.43331217765808105,0.4333121937004751
Direct PPO,constant_turn,1050,False,True,0.46168732267468565,0.02706888210904029,0.21307759107776847,0.31484749913215637,0.3161023259162903,0.1463173543075113,0.375,0.37722419928825623,0.0,0.07559301886714725,0.0009128443780355155,0.1959177851676941,0.03772665932774544,0.07788822054862976,0.49881017208099365,0.4988101911632288
Direct PPO,constant_turn,1051,True,True,0.25212333967914957,0.004598784547636931,0.11225883557384018,0.16320525109767914,0.1638803333044052,0.07925618801850495,0.715,0.7580071174377224,0.0,0.04765657359806872,0.0030070797074586153,0.6061887145042419,0.02672453224658966,0.039902180433273315,0.2584548592567444,0.2584548740257982
Direct PPO,constant_turn,1052,True,True,0.4747661577627538,0.006452401348265179,0.1394340443662251,0.20399253070354462,0.20482167601585388,0.09769517295798706,0.515,0.5622775800711743,0.0,0.05585139650961419,0.002886151662096381,0.58651202917099,0.030053744092583656,0.050272468477487564,0.32490968704223633,0.32490970310813805
Direct PPO,constant_turn,1053,False,True,0.2795297393213289,0.0061030733103677555,0.19148806810339716,0.28213924169540405,0.28325799107551575,0.13231418930918815,0.46,0.4128113879003559,0.0,0.07018233772691748,0.0015952213434502482,0.2837497293949127,0.035709138959646225,0.06981538236141205,0.44851720333099365,0.44851721985713394
Direct PPO,constant_turn,1054,True,True,0.6353179483740433,0.017440585943982602,0.1474296530528057,0.21606501936912537,0.21694181859493256,0.10305457302960933,0.46,0.5302491103202847,0.0,0.058190781643710845,0.002771636238321662,0.5469380617141724,0.03099672682583332,0.0533219613134861,0.3443475067615509,0.34434752188396484
Direct PPO,constant_turn,1055,False,True,0.3064988027357099,0.003053632373372842,0.16038269427531368,0.23529662191867828,0.23623882234096527,0.11173810455507663,0.5125,0.48398576512455516,0.0,0.06182115491044469,0.0026386191602796316,0.4740158021450043,0.03244883194565773,0.05814795196056366,0.37500709295272827,0.3750071085041075
Direct PPO,constant_turn,1056,True,True,0.24941828791625745,0.0043893173320533685,0.14502002488355203,0.21223944425582886,0.21309638023376465,0.10145210461402676,0.5675,0.5409252669039146,0.0,0.057451609042646595,0.0027453352231532335,0.4664081037044525,0.03069915808737278,0.05235212296247482,0.33817118406295776,0.33817119904213533
Direct PPO,constant_turn,1057,True,True,0.40345474063988246,0.0035174558610542414,0.12838960304859742,0.1874198317527771,0.18818679451942444,0.09023780267192696,0.575,0.6227758007117438,0.0,0.052576294877466026,0.0028224149718880653,0.5523059368133545,0.028725644573569298,0.046073947101831436,0.2980625629425049,0.298062578428985
Direct PPO,constant_turn,1058,True,True,0.6286946998659256,0.012779394126638024,0.14669115202397182,0.21489539742469788,0.21576645970344543,0.10255120995637955,0.465,0.5338078291814946,0.0,0.057965803345179506,0.0028519071638584137,0.5282652974128723,0.03090643137693405,0.05302588641643524,0.34246277809143066,0.34246279412141517
Direct PPO,constant_turn,1059,True,True,0.39658328956449873,0.0031744462064654416,0.141513939991371,0.20706921815872192,0.2079087644815445,0.09909826929303274,0.53,0.5551601423487544,0.0,0.05645036877093717,0.0029423877131193876,0.5959351062774658,0.030295196920633316,0.05104896426200867,0.3298633396625519,0.32986335560704655
Direct PPO,constant_turn,1060,False,True,0.2893599876954194,0.0027393465744823433,0.2040123283259533,0.3009542226791382,0.3021445572376251,0.1404910869532255,0.4425,0.3914590747330961,0.0,0.0733358078622836,0.0010997485369443893,0.2157813012599945,0.036896396428346634,0.07446086406707764,0.4775193929672241,0.4775194102226718
Direct PPO,constant_turn,1061,True,True,0.3010389692338982,0.00299571701686921,0.12479162764891268,0.182021364569664,0.18276779353618622,0.08779935890763273,0.615,0.6441281138790036,0.0,0.05149276249608223,0.002782607451081276,0.5322882533073425,0.028284676373004913,0.04470187425613403,0.28927016258239746,0.2892701772481651
Direct PPO,constant_turn,1062,False,True,0.3650878934504034,0.006843142937846721,0.1832633027015363,0.2697674334049225,0.27084067463874817,0.12689582773032682,0.4475,0.42704626334519574,0.0,0.06804417823182131,0.0019278760300949216,0.34616386890411377,0.034889403730630875,0.0667484775185585,0.4292861223220825,0.42928614168263995
Direct PPO,constant_turn,1063,True,True,0.20727658421503828,0.005883944570325736,0.12488019902077756,0.18219107389450073,0.18293896317481995,0.08786311444440253,0.6375,0.6441281138790036,0.0,0.0515277917886872,0.002391516463831067,0.4093274176120758,0.028299110010266304,0.04474509134888649,0.2895512878894806,0.2895513026833479
Direct PPO,constant_turn,1064,True,True,0.44988844337490397,0.0028650835792061007,0.1058549522702857,0.1537083387374878,0.1543366014957428,0.07489104653064153,0.7325,0.8576512455516014,0.0,0.04568278549804803,0.0031717976089566946,0.5950151681900024,0.025923356413841248,0.03746713697910309,0.24278511106967926,0.2427851210150321
Direct PPO,constant_turn,1065,False,True,0.24846372965293936,0.003123198707364283,0.19376295859804735,0.2855203151702881,0.28665056824684143,0.13380624502119437,0.475,0.40569395017793597,0.0,0.07075754972619523,0.0013948088744655252,0.25754883885383606,0.03592752292752266,0.07065044343471527,0.453745573759079,0.45374559315408663
Direct PPO,constant_turn,1066,True,True,0.36490444878231515,0.0027416290689795952,0.09184902519255674,0.13281625509262085,0.1333334594964981,0.06527326557204192,0.8525,1.0,0.0,0.04125916563801804,0.003100678091868758,0.6935980916023254,0.024139029905200005,0.03208218514919281,0.20805609226226807,0.20805610115344086
Direct PPO,constant_turn,1067,True,True,0.24483988938431472,0.00696826828492343,0.08916963458662255,0.12890154123306274,0.12939724326133728,0.0634301755953637,0.8625,1.0,0.0,0.040419110913844904,0.002398079028353095,0.43427279591560364,0.023802727460861206,0.031069999560713768,0.20151829719543457,0.20151830717628977
Direct PPO,constant_turn,1068,True,True,0.2306036460537136,0.0035320221811650245,0.1089539566845211,0.15836361050605774,0.15901613235473633,0.07700998752964552,0.7475,0.800711743772242,0.0,0.04665401574387505,0.0027363309636712074,0.5778514742851257,0.02631707303225994,0.038662139326334,0.25048118829727173,0.2504812028763436
Direct PPO,constant_turn,1069,True,True,0.22827668994844924,0.007558722223695823,0.10771878301705896,0.15656660497188568,0.15720897912979126,0.07617214885368821,0.7425,0.8220640569395018,0.0,0.04628042473090877,0.002040190389379859,0.33307594060897827,0.026165345683693886,0.03820161893963814,0.24751581251621246,0.24751582075061412
Direct PPO,constant_turn,1070,True,True,0.5011367595196646,0.007031193562688358,0.10032456292804216,0.1455181986093521,0.14610198140144348,0.0711095894066054,0.83,1.0,0.0,0.043961718922599355,0.0031229425221681595,0.6858643889427185,0.025226540863513947,0.03536083549261093,0.22921264171600342,0.22921264972593203
Direct PPO,constant_turn,1071,True,True,0.4919234187315179,0.006604711392962819,0.11677437781533594,0.1700744926929474,0.17077714204788208,0.08235345962767715,0.6225,0.708185053380783,0.0,0.0490691966299763,0.002917918376624584,0.5387889742851257,0.027298806235194206,0.041659023612737656,0.26974478363990784,0.26974479827880027
Direct PPO,constant_turn,1072,False,True,0.4328197658284349,0.02067989473968355,0.19894762584468473,0.29351669549942017,0.29468515515327454,0.13716411041462515,0.4025,0.398576512455516,0.0,0.07210728212790796,0.0011537527898326516,0.24316014349460602,0.03643772006034851,0.07263282686471939,0.4661308228969574,0.4661308414199593
Direct PPO,constant_turn,1073,False,True,0.5104456807605124,0.015831285300160543,0.16234119015990112,0.23843087255954742,0.23938937485218048,0.11303855134033608,0.4525,0.4804270462633452,0.0,0.06240587619711394,0.002445915713906288,0.45179641246795654,0.032681092619895935,0.058937955647706985,0.3800120949745178,0.3800121094959034
Direct PPO,constant_turn,1074,False,True,0.24448281233486294,0.007445954399417769,0.2121088510371338,0.31322523951530457,0.3144645094871521,0.14576156870889104,0.4525,0.37722419928825623,0.0,0.07532778101732492,0.000987980398349464,0.19830627739429474,0.037629805505275726,0.07748045027256012,0.4962819218635559,0.496281940967125
Direct PPO,constant_turn,1075,True,True,0.29138435430975795,0.007719778746926598,0.1043260467844629,0.1515062004327774,0.1521214246749878,0.07385100269005293,0.7925,0.900355871886121,0.0,0.045222162069114766,0.002710541943088174,0.5635643601417542,0.025736650452017784,0.036901842802762985,0.23914383351802826,0.23914384185645396
Direct PPO,constant_turn,1076,False,True,0.5089184725862583,0.02426938256653393,0.1932326141411574,0.284900426864624,0.2860364317893982,0.13339616149668282,0.3925,0.4092526690391459,0.0,0.07065681017429876,0.001481981249526143,0.27851247787475586,0.03588911145925522,0.07050465047359467,0.45283621549606323,0.4528362331723341
Direct PPO,constant_turn,1077,True,True,0.2533821295950153,0.008544161516113246,0.11675418601551223,0.169886514544487,0.17058636248111725,0.08231075973014931,0.6675,0.708185053380783,0.0,0.049029025316698296,0.0028637086506932974,0.5508671998977661,0.027282703667879105,0.04160844162106514,0.2694230377674103,0.2694230526485845
Direct PPO,constant_turn,1078,True,True,0.21833091220422862,0.006797490794393187,0.10259634629814955,0.1487646996974945,0.1493670493364334,0.07263572224355276,0.8975,1.0,0.0,0.04464575497890121,0.0029364151414483786,0.5779286026954651,0.025503039360046387,0.03619592264294624,0.23459486663341522,0.23459487626712472
Direct PPO,constant_turn,1079,False,True,0.3125069500956702,0.015204642505142458,0.20917421776261033,0.3088676929473877,0.31009140610694885,0.14387312042312972,0.425,0.38434163701067614,0.0,0.07462742781914636,0.0007348745712079108,0.17918331921100616,0.037373099476099014,0.07641100138425827,0.4896434247493744,0.4896434426794276
Direct PPO,constant_turn,1080,False,True,0.25860473627128067,0.009464567075498783,0.1571809796627948,0.23059915006160736,0.2315257042646408,0.1096229948809867,0.5225,0.49466192170818507,0.0,0.06094513963777455,0.002012655371800065,0.3554557263851166,0.032100044190883636,0.05697193741798401,0.367546945810318,0.3675469617782575
Direct PPO,constant_turn,1081,True,True,0.4202823299601783,0.00809305827745291,0.1294307223726696,0.18902555108070374,0.189798966050148,0.09095038648474056,0.575,0.6156583629893239,0.0,0.052896831208723606,0.0028590925503522158,0.5500191450119019,0.028856026008725166,0.04648230969905853,0.3006768822669983,0.3006768971418603
Direct PPO,constant_turn,1082,True,True,0.2793268416502799,0.0018798487214502573,0.13406974045312464,0.1958872377872467,0.19668447971343994,0.0940804296611121,0.5825,0.5871886120996441,0.0,0.05425756360505203,0.003038539318367839,0.5723758339881897,0.029408177360892296,0.04822051525115967,0.3117980659008026,0.3117980800767494
Direct PPO,constant_turn,1083,True,True,0.3878830792160797,0.0038852877554412884,0.09519933581605541,0.13783739507198334,0.1383809745311737,0.06758216147700258,0.85,1.0,0.0,0.042332420324111414,0.003107174066826701,0.6765255928039551,0.024569956585764885,0.03337997943162918,0.21643398702144623,0.21643399578698344
Direct PPO,constant_turn,1084,False,True,0.31414627520972854,0.0032139442417220827,0.17390613239517871,0.2556092143058777,0.2566264569759369,0.12072227719457934,0.4875,0.4483985765124555,0.0,0.06553358851858504,0.0022507687099277973,0.3882583975791931,0.03391369804739952,0.06322366744279861,0.4071005880832672,0.4071006061866982
Direct PPO,constant_turn,1085,False,True,0.2544879172552857,0.0061711457386319,0.17672041384181925,0.2599181532859802,0.2609533965587616,0.12259785160570684,0.4875,0.4412811387900356,0.0,0.06630544785788622,0.0019169903825968504,0.3434196412563324,0.03421524912118912,0.06429915875196457,0.4138740301132202,0.4138740448344465
Direct PPO,constant_turn,1086,False,True,0.3037419749476204,0.00336994259085953,0.18734080077413318,0.2758626639842987,0.2769574522972107,0.1295862463187987,0.465,0.4199288256227758,0.0,0.06910344520384192,0.0017863120883703232,0.31488877534866333,0.035296421498060226,0.06825949996709824,0.4387705326080322,0.4387705503331545
Direct PPO,constant_turn,1087,True,True,0.41373690037782745,0.0029298857034730508,0.1405382384659317,0.20555005967617035,0.20638297498226166,0.09843406428832371,0.535,0.5587188612099644,0.0,0.05615430658009749,0.0027520828880369663,0.5633153319358826,0.030176213011145592,0.05066458135843277,0.3274095356464386,0.32740955052970927
Direct PPO,constant_turn,1088,False,True,0.4427559073045336,0.013072029045710917,0.19662692542919114,0.28992024064064026,0.29107120633125305,0.13564023743550166,0.4125,0.40213523131672596,0.0,0.07150348889698059,0.0014203201280906796,0.27051860094070435,0.03621015325188637,0.07174211740493774,0.4605681300163269,0.4605681483495784
Direct PPO,constant_turn,1089,False,True,0.6152198074519791,0.0234379552040896,0.16195227988474287,0.23788152635097504,0.23884102702140808,0.11274913207857754,0.425,0.4804270462633452,0.0,0.06230534132544531,0.0024392022751271725,0.45929399132728577,0.032641422003507614,0.05880267173051834,0.37915652990341187,0.37915654800762877
Direct PPO,constant_turn,1090,True,True,0.3049836927273008,0.00343205400954292,0.12925443485570803,0.18863962590694427,0.18940944969654083,0.09081767977914873,0.6,0.6156583629893239,0.0,0.05281897030173631,0.0030792898032814264,0.5585477352142334,0.02882392704486847,0.046381980180740356,0.30003631114959717,0.3000363274904604
Direct PPO,constant_turn,1091,True,True,0.6215077126290328,0.016752081469708028,0.15450487404880225,0.22663302719593048,0.2275482714176178,0.10777611604073463,0.445,0.505338078291815,0.0,0.060202141987305946,0.0026493037585169077,0.47765791416168213,0.03180316090583801,0.055979397147893906,0.36124923825263977,0.36124925346436165
Direct PPO,constant_turn,1092,True,True,0.6109722742597761,0.009309205600128465,0.13429464525568546,0.19632022082805634,0.19712170958518982,0.09421933143011754,0.5075,0.5871886120996441,0.0,0.05434490410135832,0.002874605357646942,0.5697594881057739,0.029443973675370216,0.04833194985985756,0.31251582503318787,0.3125158396549519
Direct PPO,constant_turn,1093,False,True,0.30358057731156957,0.008855122304509452,0.1835609480652746,0.2702426612377167,0.27131715416908264,0.12710691618532055,0.46,0.42704626334519574,0.0,0.06812714954862888,0.0016297920374199748,0.3192249536514282,0.03492140397429466,0.06686663627624512,0.43002596497535706,0.4300259836496293
Direct PPO,constant_turn,1094,True,True,0.260363370849421,0.00433262655114277,0.10939645905648149,0.15893228352069855,0.15958890318870544,0.07730205620952187,0.735,0.7935943060498221,0.0,0.046771943634737294,0.0030201810877770185,0.5768418908119202,0.02636510506272316,0.03880789503455162,0.2514164447784424,0.2514164586412372
Direct PPO,constant_turn,1095,True,True,0.37890334952385396,0.001522114271685338,0.126874181882554,0.18511979281902313,0.18587744235992432,0.08920831839143585,0.5875,0.6298932384341637,0.0,0.052115610475280814,0.002927951980382204,0.5470459461212158,0.028537960723042488,0.045488566160202026,0.2943161725997925,0.2943161875419083
Direct PPO,constant_turn,1096,True,True,0.23003579667471655,0.007436144635196946,0.11802970337265951,0.17196236550807953,0.17267267405986786,0.08320915289277978,0.6575,0.693950177935943,0.0,0.049454907771529236,0.002264435635879636,0.37312740087509155,0.02745596319437027,0.04214064031839371,0.27283963561058044,0.2728396502910702
Direct PPO,constant_turn,1097,True,True,0.3638407040496613,0.002660218355143361,0.118314617105805,0.17233359813690186,0.17304395139217377,0.08339540332551694,0.635,0.693950177935943,0.0,0.04953008872632436,0.0031369547359645367,0.6725095510482788,0.027486493811011314,0.04223409295082092,0.27344202995300293,0.27344204380689724
Direct PPO,constant_turn,1098,False,True,0.43367524307730965,0.020763578626454317,0.20244959609233804,0.2987837791442871,0.2999730110168457,0.13943792090660914,0.395,0.3914590747330961,0.0,0.07298223915195502,0.001234507653862238,0.23272117972373962,0.036765020340681076,0.07393268495798111,0.4742331802845001,0.4742331967686946
Direct PPO,constant_turn,1099,False,True,0.6226213819553407,0.022251462357904102,0.15806003536549051,0.2320227324962616,0.2329598069190979,0.11015018770519565,0.435,0.49466192170818507,0.0,0.061215459982426786,0.002640902530401945,0.4574924409389496,0.032207880169153214,0.05733396112918854,0.36984628438949585,0.3698463026235829
Residual PPO,constant_turn,1000,True,True,0.36163386821020704,0.044386359472808785,0.022530140065345955,0.03459755331277847,0.03475390002131462,0.019015483466297237,0.8125,1.0,0.0,0.013609249456442958,4.7538793296553195e-05,0.05571926385164261,0.03473283722996712,0.005739239044487476,0.34128254652023315,0.34128256214738656
Residual PPO,constant_turn,1001,True,True,0.37635786674130295,0.055671277066336324,0.01967205542884337,0.029105108231306076,0.0391385592520237,0.01536352548907361,0.81,1.0,0.0,0.011905281376396194,5.072016210760921e-05,0.05437629297375679,0.027523288503289223,0.004378441255539656,0.25630688667297363,0.2563069010112825
Residual PPO,constant_turn,1002,True,True,0.4629735179742701,0.06961152865852,0.029225892921802006,0.04169393330812454,0.04994824528694153,0.02397435121960783,0.7875,1.0,0.0,0.015370149375398419,5.3287843911675736e-05,0.05298702046275139,0.041588958352804184,0.0070090824738144875,0.4242836833000183,0.4242837011020211
Residual PPO,constant_turn,1003,True,True,0.5441511374719636,0.0765441840217237,0.026111304457864158,0.03955218940973282,0.055331408977508545,0.019595145128014208,0.7725,1.0,0.0,0.013854644888098866,5.084935401100665e-05,0.05634022131562233,0.03533371910452843,0.005843699909746647,0.34840381145477295,0.34840382693533134
Residual PPO,constant_turn,1004,True,True,0.6164603457984943,0.07900353503225135,0.02172380266304694,0.040842123329639435,0.05700613930821419,0.014137978856649306,0.7625,1.0,0.0,0.011693079344381253,5.083043288323097e-05,0.055192913860082626,0.026264885440468788,0.004130359273403883,0.24154320359230042,0.24154321262041817
Residual PPO,constant_turn,1005,True,True,0.6026220725816126,0.06817987586474795,0.021010218631431554,0.032063160091638565,0.04974111169576645,0.015360841624296663,0.7675,1.0,0.0,0.012551642114955627,4.898746919934638e-05,0.055166564881801605,0.030079374089837074,0.00485933106392622,0.28618520498275757,0.28618521991677376
Residual PPO,constant_turn,1006,True,True,0.43658551178104943,0.04992444886253115,0.02018688381010264,0.0302935391664505,0.03659188747406006,0.015701410847365274,0.795,1.0,0.0,0.012578253288144887,4.6039811422815546e-05,0.053231265395879745,0.030345287173986435,0.004912891890853643,0.28934937715530396,0.2893493916382136
Residual PPO,constant_turn,1007,True,True,0.6395632589732719,0.09292075572344277,0.02880154331308731,0.044626399874687195,0.067625030875206,0.021065025317721614,0.755,1.0,0.0,0.014810621579197542,5.1326922402950004e-05,0.05471135675907135,0.03902532160282135,0.006528777536004782,0.39287856221199036,0.39287857807408094
Residual PPO,constant_turn,1008,True,True,0.5337061274790992,0.0571382702578533,0.01924937877450905,0.028289776295423508,0.04200274497270584,0.014107799132618837,0.7775,1.0,0.0,0.012107991992190554,4.694606104749255e-05,0.05558688938617706,0.028289776295423508,0.004522267263382673,0.26522985100746155,0.26522986580017704
Residual PPO,constant_turn,1009,True,True,0.5580548925948517,0.06334918209188113,0.018632277457108364,0.03346525505185127,0.04641231149435043,0.011831495369128786,0.77,1.0,0.0,0.011139231289770185,4.713370799436234e-05,0.05725100636482239,0.02398020029067993,0.0036943010054528713,0.2149554342031479,0.21495544350138038
Residual PPO,constant_turn,1010,True,True,0.6561427271986064,0.12569059892775422,0.03650173359459802,0.06131494417786598,0.08973582834005356,0.025537827762665267,0.74,1.0,0.0,0.016565507841995425,5.539004268939607e-05,0.05450551584362984,0.04568709805607796,0.0077552092261612415,0.4753030240535736,0.4753030416409563
Residual PPO,constant_turn,1011,True,True,0.45372433229259546,0.05041865457251513,0.0190518462754021,0.02814614400267601,0.03715456649661064,0.014184708896231317,0.79,1.0,0.0,0.012068363405703237,4.5647480874322355e-05,0.05368965491652489,0.028164999559521675,0.0044990298338234425,0.26378002762794495,0.2637800417695293
Residual PPO,constant_turn,1012,True,True,0.4634855891180312,0.05002474256815747,0.018904945916153514,0.028789697214961052,0.03663282096385956,0.01458409106183493,0.7925,1.0,0.0,0.012212451826551106,4.641858322429471e-05,0.05304685980081558,0.028827404603362083,0.0046256715431809425,0.2715309262275696,0.27153094106381587
Residual PPO,constant_turn,1013,True,True,0.3165843656009821,0.050288062732189026,0.027243146888749344,0.03975030779838562,0.03983885049819946,0.023964274510037138,0.8175,1.0,0.0,0.014832516219043378,6.669096910627559e-05,0.06542210280895233,0.03975030779838562,0.0066742002964019775,0.401797890663147,0.4017979100570474
Residual PPO,constant_turn,1014,True,True,0.44998631254071514,0.0695937382787747,0.031186662309433906,0.04538530856370926,0.049769528210163116,0.026289438423312238,0.79,1.0,0.0,0.016258811909049178,5.495670484378934e-05,0.054989203810691833,0.04521194100379944,0.007679732516407967,0.4693894386291504,0.4693894566043065
Residual PPO,constant_turn,1015,True,True,0.4596554055605589,0.062146203885492246,0.026480018521264272,0.03901873156428337,0.04483964294195175,0.02174770176724522,0.79,1.0,0.0,0.01470412340247251,4.9952042900258675e-05,0.05576050654053688,0.038981419056653976,0.006527506280690432,0.39239153265953064,0.39239154933819237
Residual PPO,constant_turn,1016,True,True,0.4950830625482342,0.06142249691343735,0.022331659931879102,0.031771715730428696,0.0448380671441555,0.01677801767578091,0.7825,1.0,0.0,0.01295376260995804,4.710825305664912e-05,0.05453181639313698,0.03176809847354889,0.005178512539714575,0.3060871958732605,0.30608721080901347
Residual PPO,constant_turn,1017,True,True,0.25615336340702305,0.035597452799548415,0.030670106601787653,0.04715613275766373,0.04726797342300415,0.028589418354614312,0.8425,1.0,0.0,0.01653938250689476,5.8515161072136834e-05,0.050358716398477554,0.04697747156023979,0.008015534840524197,0.4917738139629364,0.4917738288123471
Residual PPO,constant_turn,1018,True,True,0.3593602178863127,0.053760855944593115,0.030151262551618072,0.044678494334220886,0.04478553682565689,0.026424088765471816,0.8125,1.0,0.0,0.016051590061625213,5.5022519518388435e-05,0.05410560593008995,0.044578563421964645,0.007565965410321951,0.4614541530609131,0.46145416994659644
Residual PPO,constant_turn,1019,True,True,0.5151350199176242,0.06850523111702696,0.02473743000570832,0.035239119082689285,0.04978138953447342,0.01881781047611643,0.7775,1.0,0.0,0.013665305213852121,4.8808193241711706e-05,0.05667103826999664,0.034634947776794434,0.005714248865842819,0.34006524085998535,0.34006525534211257
Residual PPO,constant_turn,1020,True,True,0.3193541820037216,0.03991913863601619,0.01639598867264835,0.024527989327907562,0.02894570864737034,0.012440608622580054,0.825,1.0,0.0,0.011220200833274255,4.331667150836438e-05,0.05772735923528671,0.024639995768666267,0.0038283911999315023,0.2227078378200531,0.222707846203542
Residual PPO,constant_turn,1021,True,True,0.536578833057496,0.09686855560914354,0.0357483125243206,0.04957062751054764,0.06910357624292374,0.028687945025849496,0.7675,1.0,0.0,0.016882726429133493,6.361497798934579e-05,0.05463282763957977,0.04742766544222832,0.008083042688667774,0.49743902683258057,0.49743904467708805
Residual PPO,constant_turn,1022,True,True,0.6859044522518758,0.09825580750235707,0.02833872778181499,0.046502597630023956,0.07109007239341736,0.020150447188571403,0.7475,1.0,0.0,0.01449557708245933,5.206533751334064e-05,0.05289324373006821,0.03771250322461128,0.006283488590270281,0.37694433331489563,0.37694435050050007
Residual PPO,constant_turn,1023,True,True,0.5426677257305632,0.08492370745303054,0.03161555208687254,0.045711737126111984,0.06069903075695038,0.026068371289481067,0.7725,1.0,0.0,0.016358933979340316,5.770253483206034e-05,0.05355868861079216,0.04549230635166168,0.007728996220976114,0.4728805720806122,0.4728805893550414
Residual PPO,constant_turn,1024,True,True,0.4613969633480886,0.06102272499005864,0.02276657999938377,0.032197706401348114,0.043990928679704666,0.01758250601640174,0.7925,1.0,0.0,0.013045862006486622,4.990669549442828e-05,0.056165050715208054,0.032192349433898926,0.005258395802229643,0.3110935389995575,0.3110935550714151
Residual PPO,constant_turn,1025,True,True,0.20802936666308575,0.0235462362804685,0.016158219409872644,0.026564715430140495,0.026862535625696182,0.013713216135557557,0.8575,1.0,0.0,0.011679989706698554,4.3662712414516136e-05,0.05492113158106804,0.026862535625696182,0.004258978646248579,0.24864348769187927,0.24864349761453947
Residual PPO,constant_turn,1026,True,True,0.5101316551441305,0.05585676494313754,0.019304435068635446,0.02885524183511734,0.04128177464008331,0.01374265492122306,0.78,1.0,0.0,0.011977952915403671,4.5691049308516085e-05,0.0565347783267498,0.02770322933793068,0.004409893415868282,0.2583710551261902,0.25837106933691645
Residual PPO,constant_turn,1027,True,True,0.6342774556467107,0.09131995963039709,0.02820027353461582,0.045957051217556,0.06672447919845581,0.019854634269862417,0.7525,1.0,0.0,0.014340792586084252,4.8874455387704074e-05,0.05602428689599037,0.03709837794303894,0.00616873987019062,0.36954861879348755,0.36954863732416793
Residual PPO,constant_turn,1028,True,True,0.2408579589637489,0.034779397669207526,0.02609016915878031,0.0398138090968132,0.03990316763520241,0.0234298127230761,0.8475,1.0,0.0,0.014817919694696789,5.5458171118516475e-05,0.05677872151136398,0.0398138090968132,0.006689082365483046,0.4025936424732208,0.4025936575490199
Residual PPO,constant_turn,1029,True,True,0.2374082360316449,0.027023463691584416,0.013993284951098445,0.023613985627889633,0.023952443152666092,0.011756970766453967,0.8575,1.0,0.0,0.011004541027127007,4.225812153890729e-05,0.05146240442991257,0.023952443152666092,0.003702000016346574,0.214758962392807,0.21475897241355574
Residual PPO,constant_turn,1030,True,True,0.5959901352189554,0.10226133275283365,0.033637742487145836,0.05238039419054985,0.07315084338188171,0.02574915746044034,0.7625,1.0,0.0,0.015851171193595495,6.091386603657156e-05,0.05486126244068146,0.043172549456357956,0.00729553634300828,0.4438457489013672,0.44384576697172945
Residual PPO,constant_turn,1031,True,True,0.36122681349239016,0.04729219686818588,0.025065159243763388,0.03949080407619476,0.03957499563694,0.0226627561864111,0.8225,1.0,0.0,0.014732345431186667,5.614829569822177e-05,0.05111182481050491,0.03949080407619476,0.006629773415625095,0.39864641427993774,0.3986464300838204
Residual PPO,constant_turn,1032,True,True,0.26151787817231054,0.04250802990861523,0.032438742121249704,0.047739170491695404,0.04785367101430893,0.02959366602198217,0.8325,1.0,0.0,0.01672695791829534,6.279494118643925e-05,0.05468523129820824,0.047541067004203796,0.008116016164422035,0.49894750118255615,0.49894752075095816
Residual PPO,constant_turn,1033,True,True,0.3023383223281716,0.041836864512015126,0.02970384345588853,0.04589036852121353,0.04599495977163315,0.027463371742621066,0.8325,1.0,0.0,0.01625637735977341,5.752361175836995e-05,0.05158557370305061,0.0457489937543869,0.007787872571498156,0.4761985242366791,0.47619854333612605
Residual PPO,constant_turn,1034,True,True,0.20520573699888595,0.03239702144003339,0.01587826987458388,0.024356812238693237,0.024685822427272797,0.012850034049479946,0.8525,1.0,0.0,0.011200882313137617,4.664306834456511e-05,0.05516786500811577,0.024685822427272797,0.003840346122160554,0.22327283024787903,0.22327283924041522
Residual PPO,constant_turn,1035,True,True,0.5010168685314835,0.07815608406664369,0.030508945285595376,0.04274976998567581,0.0562942773103714,0.02448624168664144,0.7775,1.0,0.0,0.015649668519289173,5.3675023082178086e-05,0.054543595761060715,0.04260430485010147,0.007195142097771168,0.436818927526474,0.4368189444552941
Residual PPO,constant_turn,1036,True,True,0.4966654480932009,0.06127700786914276,0.023680464443196905,0.035392917692661285,0.0443219393491745,0.01905771726938329,0.785,1.0,0.0,0.013811999664555152,4.890458512818441e-05,0.05180274695158005,0.035381756722927094,0.00585744297131896,0.34900519251823425,0.3490052073787753
Residual PPO,constant_turn,1037,True,True,0.4811730158560925,0.06901988265658605,0.027067803435380386,0.038242157548666,0.049676135182380676,0.02160116065916614,0.785,1.0,0.0,0.014529955888169068,5.162826710147783e-05,0.05553215369582176,0.038184624165296555,0.006376895122230053,0.38270920515060425,0.3827092204341406
Residual PPO,constant_turn,1038,True,True,0.48675983605821443,0.06866114796533228,0.023994016944655795,0.035750243812799454,0.04895468428730965,0.018526727978204816,0.79,1.0,0.0,0.013199829813175218,5.3437877795659006e-05,0.05634520575404167,0.03278670087456703,0.005369074642658234,0.31811848282814026,0.3181184973273484
Residual PPO,constant_turn,1039,True,True,0.20280407462836178,0.027592891240134282,0.02351267168193519,0.036725543439388275,0.036849040538072586,0.02115451812345937,0.86,1.0,0.0,0.014060252573015406,4.856122541241348e-05,0.05457356944680214,0.03680659830570221,0.006130927707999945,0.3661683201789856,0.3661683345946794
Residual PPO,constant_turn,1040,True,True,0.2640934125508486,0.03427379186469055,0.025945970215410428,0.04072042182087898,0.04081318899989128,0.023749900025863226,0.845,1.0,0.0,0.015012456433457074,5.2138893806841224e-05,0.0505857914686203,0.04070543125271797,0.006856135092675686,0.4134989380836487,0.41349895743669757
Residual PPO,constant_turn,1041,True,True,0.21574074316655154,0.0328904510647695,0.029821681587912804,0.04497336596250534,0.045086897909641266,0.02735382724580337,0.855,1.0,0.0,0.01605006154359822,5.666559445671737e-05,0.05626041814684868,0.044870950281620026,0.0076253702864050865,0.46515655517578125,0.4651565709009805
Residual PPO,constant_turn,1042,True,True,0.45428493274847803,0.06286874781212966,0.025951895603514893,0.0373966284096241,0.045302536338567734,0.020954424741125834,0.7925,1.0,0.0,0.014310097142760391,5.031541513744742e-05,0.05474351346492767,0.037363916635513306,0.006225488148629665,0.3728010952472687,0.37280111011642886
Residual PPO,constant_turn,1043,True,True,0.5644912611996287,0.07988656238848249,0.025226183172353686,0.04129039868712425,0.05729876086115837,0.018507045056816156,0.7725,1.0,0.0,0.013263372669260734,5.30889919900801e-05,0.05651281028985977,0.03290243819355965,0.005387600976973772,0.31946444511413574,0.31946446104827575
Residual PPO,constant_turn,1044,True,True,0.5993240602072969,0.05793468004086964,0.016994511145726726,0.02911635860800743,0.043056804686784744,0.010971364937768827,0.7675,1.0,0.0,0.011017589667974477,4.7034816816449165e-05,0.05522153526544571,0.023520488291978836,0.0036073806695640087,0.20961801707744598,0.2096180270338285
Residual PPO,constant_turn,1045,True,True,0.2414066127067494,0.03645477214092194,0.02709672354440907,0.04091670736670494,0.04100727289915085,0.02441339378384504,0.8475,1.0,0.0,0.015086450819045165,5.66859234822914e-05,0.05597039312124252,0.04089616611599922,0.006889039184898138,0.4158290922641754,0.4158291098306569
Residual PPO,constant_turn,1046,True,True,0.6315001743158412,0.09184856545145255,0.028860553055146603,0.04402463138103485,0.06683025509119034,0.02129791996687886,0.755,1.0,0.0,0.014878872479183316,5.157482883078046e-05,0.05283579230308533,0.03932284563779831,0.00658408785238862,0.39649125933647156,0.39649127761320696
Residual PPO,constant_turn,1047,True,True,0.3341034619604475,0.041504904153347184,0.02033730455033074,0.030925391241908073,0.031145300716161728,0.016714338264072908,0.82,1.0,0.0,0.012740351192657633,4.626822556019761e-05,0.05663987994194031,0.0311434306204319,0.005065999925136566,0.29876548051834106,0.29876549583194795
Residual PPO,constant_turn,1048,True,True,0.34838299793953825,0.05679104525309039,0.032203151446478825,0.04639238864183426,0.04650701582431793,0.028588250759408733,0.81,1.0,0.0,0.01645261949893382,6.240293441805989e-05,0.056852154433727264,0.046244245022535324,0.00787372700870037,0.4824531674385071,0.48245318759767075
Residual PPO,constant_turn,1049,True,True,0.5324119971399552,0.08190162869598619,0.030312048298244326,0.04246547073125839,0.05931377783417702,0.023863476799649033,0.77,1.0,0.0,0.015593584405226318,5.237213190412149e-05,0.054495058953762054,0.04232214391231537,0.007141862064599991,0.43331217765808105,0.4333121937004751
Residual PPO,constant_turn,1050,True,True,0.4358455790449159,0.07353272358016592,0.03366413303869974,0.04778412729501724,0.052244432270526886,0.028541802646731642,0.7925,1.0,0.0,0.016840770105485098,5.969663834548555e-05,0.05565796419978142,0.0475328154861927,0.008107523433864117,0.49881017208099365,0.4988101911632288
Residual PPO,constant_turn,1051,True,True,0.2646962110408678,0.03766922155731204,0.01814386421364551,0.02742030657827854,0.027704231441020966,0.014876884337239538,0.8425,1.0,0.0,0.011910436712958012,4.621878542820923e-05,0.05782900005578995,0.027704231441020966,0.004416507203131914,0.2584548592567444,0.2584548740257982
Residual PPO,constant_turn,1052,True,True,0.47309143077339316,0.059451082786031076,0.02301791823698942,0.03336396440863609,0.04330400750041008,0.017868641135773983,0.7875,1.0,0.0,0.013328202951905555,4.741172233480029e-05,0.05524266138672829,0.03335876762866974,0.005477630067616701,0.32490968704223633,0.32490970310813805
Residual PPO,constant_turn,1053,True,True,0.24945601026955566,0.03842744592157807,0.029123400125780245,0.04361133649945259,0.04371776431798935,0.026385364127583015,0.845,1.0,0.0,0.015741952836115576,5.951701677986421e-05,0.05578303709626198,0.04354144260287285,0.007377768866717815,0.44851720333099365,0.44851721985713394
Residual PPO,constant_turn,1054,True,True,0.6393548535710402,0.08370127971542973,0.02568568699296028,0.04074555262923241,0.06120256334543228,0.01834486283189072,0.755,1.0,0.0,0.013795626561484189,4.899694977211766e-05,0.054321855306625366,0.03499597683548927,0.005778923165053129,0.3443475067615509,0.34434752188396484
Residual PPO,constant_turn,1055,True,True,0.30688886235615165,0.048080796253279136,0.02554260457652899,0.037482548505067825,0.03759513422846794,0.02230777562764976,0.8225,1.0,0.0,0.014284877116453768,6.484967889264226e-05,0.0686565712094307,0.037542641162872314,0.006264366675168276,0.37500709295272827,0.3750071085041075
Residual PPO,constant_turn,1056,True,True,0.24906586222852603,0.039408616973889594,0.022883347701882065,0.03432662412524223,0.03448846563696861,0.0200559984103572,0.835,1.0,0.0,0.013512200653776079,5.481133484863676e-05,0.05485446751117706,0.03446955978870392,0.00569221330806613,0.33817118406295776,0.33817119904213533
Residual PPO,constant_turn,1057,True,True,0.4059418430040088,0.0486093610134414,0.02072252700497582,0.031006822362542152,0.03544019162654877,0.016415110843338396,0.8025,1.0,0.0,0.012750205177419647,4.665714732254855e-05,0.0564812608063221,0.031086266040802002,0.005052813328802586,0.2980625629425049,0.298062578428985
Residual PPO,constant_turn,1058,True,True,0.6315000392566572,0.09259420690959866,0.027696831938144224,0.047694407403469086,0.0669398158788681,0.01947563577694761,0.7575,1.0,0.0,0.013779006857883464,5.238744051894173e-05,0.05684269219636917,0.03483922407031059,0.005747165530920029,0.34246277809143066,0.34246279412141517
Residual PPO,constant_turn,1059,True,True,0.39764907865126475,0.05269605923321674,0.02295936504929878,0.033739734441041946,0.037902042269706726,0.018649811582085698,0.805,1.0,0.0,0.013403147397934157,4.9414593377150595e-05,0.054955821484327316,0.033774517476558685,0.00555768609046936,0.3298633396625519,0.32986335560704655
Residual PPO,constant_turn,1060,True,True,0.264038849338917,0.04437742184283049,0.031529812805307054,0.04599574953317642,0.04610230028629303,0.028766241491246115,0.825,1.0,0.0,0.016308414119753124,6.379593833116814e-05,0.052358414977788925,0.04585317522287369,0.007804527413100004,0.4775193929672241,0.4775194102226718
Residual PPO,constant_turn,1061,True,True,0.3017718835013009,0.03538696548836913,0.019217919850176922,0.030100682750344276,0.03033583238720894,0.016043871653313394,0.8275,1.0,0.0,0.012530451924137152,4.3327570892870426e-05,0.055966950953006744,0.030335700139403343,0.004915151745080948,0.28927016258239746,0.2892701772481651
Residual PPO,constant_turn,1062,True,True,0.3534962768246613,0.054443606555404,0.02887555572838426,0.042027272284030914,0.04212808236479759,0.025177823700225338,0.815,1.0,0.0,0.015407553845592456,5.744262307416648e-05,0.05415168032050133,0.04199184849858284,0.00708785792812705,0.4292861223220825,0.42928614168263995
Residual PPO,constant_turn,1063,True,True,0.20068317952922865,0.0251156878042484,0.018211501073932906,0.030120549723505974,0.030356090515851974,0.0163642988629378,0.87,1.0,0.0,0.012469954295753566,3.8297024730127305e-05,0.049730684608221054,0.03035600110888481,0.004924461245536804,0.2895512878894806,0.2895513026833479
Residual PPO,constant_turn,1064,True,True,0.4606303347406004,0.052070096288147766,0.018419975242663228,0.02758057788014412,0.03828214108943939,0.013152438718015656,0.79,1.0,0.0,0.01165576549315644,4.626807276508771e-05,0.055054496973752975,0.026366939768195152,0.004155800212174654,0.24278511106967926,0.2427851210150321
Residual PPO,constant_turn,1065,True,True,0.21528734861431703,0.034983921521429207,0.029575251279700045,0.04404711723327637,0.04414718225598335,0.027117895229525745,0.845,1.0,0.0,0.015823162712358077,5.759755367762409e-05,0.056316182017326355,0.04395902901887894,0.007456833962351084,0.453745573759079,0.45374559315408663
Residual PPO,constant_turn,1066,True,True,0.3828524455410416,0.037728509813947,0.015039226976373945,0.023282386362552643,0.028189891949295998,0.010967694189300431,0.8075,1.0,0.0,0.010935271480870685,4.323921530158259e-05,0.05479497089982033,0.023381996899843216,0.003585518803447485,0.20805609226226807,0.20805610115344086
Residual PPO,constant_turn,1067,True,True,0.2593321469550612,0.034326133285706245,0.013292433194094764,0.022535759955644608,0.023554589599370956,0.011397053694578158,0.84,1.0,0.0,0.010733533404308394,3.760082836379297e-05,0.04732120409607887,0.022813694551587105,0.0034833275713026524,0.20151829719543457,0.20151830717628977
Residual PPO,constant_turn,1068,True,True,0.23614840292005956,0.026595272604549136,0.016093017471569892,0.026724327355623245,0.027019374072551727,0.013818085867126073,0.855,1.0,0.0,0.011710149948508455,4.50238621851895e-05,0.05689382180571556,0.027019374072551727,0.004289902281016111,0.25048118829727173,0.2504812028763436
Residual PPO,constant_turn,1069,True,True,0.2336871062634136,0.03193871545419737,0.01572263886494899,0.026462895795702934,0.026762569323182106,0.013991120364022837,0.845,1.0,0.0,0.011620130712080349,3.645646938821301e-05,0.04623532295227051,0.026762569323182106,0.004243955947458744,0.24751581251621246,0.24751582075061412
Residual PPO,constant_turn,1070,True,True,0.526361730520241,0.05432924819843387,0.016766194312721375,0.025200018659234047,0.039410702884197235,0.012503616175716692,0.785,1.0,0.0,0.011364621451995635,4.9051534006139264e-05,0.05445069819688797,0.025200018659234047,0.003935116808861494,0.22921264171600342,0.22921264972593203
Residual PPO,constant_turn,1071,True,True,0.5083850787719748,0.054772178916716985,0.019004179395675683,0.02865731529891491,0.039937179535627365,0.014507361431863255,0.785,1.0,0.0,0.012183165497221607,4.769184306496754e-05,0.05516229197382927,0.028673483058810234,0.004597022198140621,0.26974478363990784,0.26974479827880027
Residual PPO,constant_turn,1072,True,True,0.410055771393311,0.06012299012115183,0.030220969626942193,0.045058250427246094,0.04517211765050888,0.026250784952481364,0.8,1.0,0.0,0.016158235581700445,5.477936065290123e-05,0.05442333593964577,0.04495258256793022,0.007634087465703487,0.4661308228969574,0.4661308414199593
Residual PPO,constant_turn,1073,True,True,0.514060190416811,0.06663828152554867,0.02531335834217777,0.03799447789788246,0.04760719835758209,0.02095392585220532,0.785,1.0,0.0,0.014442244011386983,5.221484389039688e-05,0.05418814718723297,0.03796051815152168,0.006338395643979311,0.3800120949745178,0.3800121094959034
Residual PPO,constant_turn,1074,True,True,0.18627405114832332,0.029830300728843025,0.03179747584708988,0.047525182366371155,0.047634925693273544,0.029484508290062817,0.8625,1.0,0.0,0.01663650082466605,5.8681944210547954e-05,0.054845720529556274,0.047330718487501144,0.008079792372882366,0.4962819218635559,0.496281940967125
Residual PPO,constant_turn,1075,True,True,0.30841279451251474,0.038386044391542674,0.015515897399181227,0.025773275643587112,0.026463471353054047,0.013467115955083488,0.835,1.0,0.0,0.011478674156638469,4.599133535521105e-05,0.04984830319881439,0.026046382263302803,0.004104850813746452,0.23914383351802826,0.23914384185645396
Residual PPO,constant_turn,1076,True,True,0.49518957452399154,0.08052572801551929,0.03182442692639791,0.04407205805182457,0.05758659541606903,0.025858282997541192,0.7825,1.0,0.0,0.01596822406738754,5.7346267567481846e-05,0.05530257523059845,0.04389197379350662,0.007433353457599878,0.45283621549606323,0.4528362331723341
Residual PPO,constant_turn,1077,True,True,0.2664456058403999,0.04291700816570183,0.019234714808148312,0.028444495052099228,0.029954934492707253,0.015963748639595356,0.8275,1.0,0.0,0.012132243799837484,5.316237002261914e-05,0.061846207827329636,0.02864307165145874,0.004594211932271719,0.2694230377674103,0.2694230526485845
Residual PPO,constant_turn,1078,True,True,0.2318175945463082,0.03518501239110237,0.016698546871446375,0.025343062356114388,0.02565860003232956,0.013556955607613145,0.845,1.0,0.0,0.011429535852866214,5.162084198673256e-05,0.0681757777929306,0.02565860003232956,0.00402633473277092,0.23459486663341522,0.23459487626712472
Residual PPO,constant_turn,1079,True,True,0.28385800969912894,0.04049333064917162,0.030409166653868853,0.046979062259197235,0.04709379002451897,0.028477738405758544,0.83,1.0,0.0,0.0164885473659751,5.963722651358694e-05,0.048200059682130814,0.046809397637844086,0.007985598407685757,0.4896434247493744,0.4896434426794276
Residual PPO,constant_turn,1080,True,True,0.24706739121661922,0.031832469040940024,0.02296946519865037,0.03684317693114281,0.03696441650390625,0.021080352186687034,0.85,1.0,0.0,0.014060103914920423,4.64343793282751e-05,0.05107704922556877,0.036920323967933655,0.0061547900550067425,0.367546945810318,0.3675469617782575
Residual PPO,constant_turn,1081,True,True,0.4356213915576046,0.05017198233193931,0.01987634556303953,0.031230168417096138,0.035734955221414566,0.016576366891355287,0.805,1.0,0.0,0.012774270187372106,4.896337486570701e-05,0.05115561932325363,0.03130592033267021,0.005097461398690939,0.3006768822669983,0.3006768971418603
Residual PPO,constant_turn,1082,True,True,0.27902064393106163,0.037251529014295945,0.020920499920679153,0.03205231949687004,0.03225278854370117,0.0177817235395426,0.835,1.0,0.0,0.01298853082641321,4.700259887613356e-05,0.05695311352610588,0.03224732354283333,0.005274883937090635,0.3117980659008026,0.3117980800767494
Residual PPO,constant_turn,1083,True,True,0.4102239433821722,0.040662074321649117,0.015312865267548097,0.024007214233279228,0.029954560101032257,0.011527820957664086,0.805,1.0,0.0,0.011093950915541481,4.480754796531983e-05,0.05405750125646591,0.0241013765335083,0.0037249403540045023,0.21643398702144623,0.21643399578698344
Residual PPO,constant_turn,1084,True,True,0.3102678793730497,0.05024605843415365,0.027602263058129163,0.040184859186410904,0.04028166085481644,0.02440908646667116,0.8175,1.0,0.0,0.014936825300818822,6.436745024984702e-05,0.055608294904232025,0.040184859186410904,0.006754626519978046,0.4071005880832672,0.4071006061866982
Residual PPO,constant_turn,1085,True,True,0.22214783143839362,0.03157345768623002,0.026551719053911974,0.04075194150209427,0.040843818336725235,0.024082148634525388,0.8525,1.0,0.0,0.01503328887243666,5.316326132742688e-05,0.05637222155928612,0.04073621332645416,0.006860494147986174,0.4138740301132202,0.4138740448344465
Residual PPO,constant_turn,1086,True,True,0.28764868975763935,0.04580905257031958,0.02909717514945331,0.042815130203962326,0.04291144385933876,0.02607655686079023,0.825,1.0,0.0,0.015562085314711767,6.378284888342023e-05,0.05526653304696083,0.04275655746459961,0.0072321463376283646,0.4387705326080322,0.4387705503331545
Residual PPO,constant_turn,1087,True,True,0.42530905682034403,0.062022988011591285,0.023890358760651858,0.03357979282736778,0.043846603482961655,0.01927621788276212,0.8025,1.0,0.0,0.013364347246636306,5.484787470777519e-05,0.05723519250750542,0.033568527549505234,0.00551764527335763,0.3274095356464386,0.32740955052970927
Residual PPO,constant_turn,1088,True,True,0.43349095583227065,0.07086279892426654,0.031876719376278846,0.04465647041797638,0.049656808376312256,0.02726197661880937,0.7925,1.0,0.0,0.01607088795915196,6.279265653574839e-05,0.05627141147851944,0.044508855789899826,0.007550003472715616,0.4605681300163269,0.4605681483495784
Residual PPO,constant_turn,1089,True,True,0.614854260321959,0.08544917029605364,0.027455481853674524,0.041114263236522675,0.06226968765258789,0.020378684403112204,0.76,1.0,0.0,0.014508417091147292,5.0389480747981e-05,0.05512060597538948,0.037893783301115036,0.006319314707070589,0.37915652990341187,0.37915654800762877
Residual PPO,constant_turn,1090,True,True,0.3154825667367544,0.04501287888449293,0.02097386065308263,0.03106873854994774,0.031828850507736206,0.01742768172720089,0.83,1.0,0.0,0.012764153475509837,4.882345092482865e-05,0.05768938735127449,0.031251586973667145,0.005086339544504881,0.30003631114959717,0.3000363274904604
Residual PPO,constant_turn,1091,True,True,0.6224137678239233,0.09382364816064052,0.028685306128671817,0.04826654866337776,0.06777263432741165,0.02053365691409607,0.76,1.0,0.0,0.014165332059024248,5.311506902216934e-05,0.05347930267453194,0.03640861064195633,0.0060401191003620625,0.36124923825263977,0.36124925346436165
Residual PPO,constant_turn,1092,True,True,0.6119774502542624,0.08067616839236183,0.024775737531520035,0.04171701893210411,0.0589996799826622,0.017057127575646525,0.76,1.0,0.0,0.013143918420511788,4.777028880198486e-05,0.056606680154800415,0.03231776878237724,0.0052757710218429565,0.31251582503318787,0.3125158396549519
Residual PPO,constant_turn,1093,True,True,0.2742496514255971,0.03818357919873979,0.027534833739080403,0.04208750277757645,0.04218794032931328,0.024772894887137124,0.835,1.0,0.0,0.01537560141447777,5.348066770238802e-05,0.05455237254500389,0.04205012694001198,0.007102453149855137,0.43002596497535706,0.4300259836496293
Residual PPO,constant_turn,1094,True,True,0.2740783686411406,0.037974648754523575,0.0177686625698517,0.026845786720514297,0.027102576568722725,0.014383460032937787,0.8425,1.0,0.0,0.011773387419364833,4.39995747001376e-05,0.05702207610011101,0.027102576568722725,0.00430124718695879,0.2514164447784424,0.2514164586412372
Residual PPO,constant_turn,1095,True,True,0.3868090181634885,0.049983887218711553,0.02089996992415513,0.0307211484760046,0.03603125363588333,0.016602351603414185,0.8075,1.0,0.0,0.012672844346594762,4.856748637394048e-05,0.05379455164074898,0.030768005177378654,0.0049927798099815845,0.2943161725997925,0.2943161875419083
Residual PPO,constant_turn,1096,True,True,0.23200998212109872,0.030497066941474655,0.01719573125249503,0.028667887672781944,0.028930405154824257,0.015421926927407617,0.85,1.0,0.0,0.012128656555572787,3.825296516879462e-05,0.046985700726509094,0.028930405154824257,0.004655678290873766,0.27283963561058044,0.2728396502910702
Residual PPO,constant_turn,1097,True,True,0.36975375334044613,0.042414745433150394,0.01890961723150295,0.028826173394918442,0.031063443049788475,0.01497053656782333,0.81,1.0,0.0,0.012236113161751489,4.538277426036075e-05,0.056673675775527954,0.02898837998509407,0.004657958634197712,0.27344202995300293,0.27344204380689724
Residual PPO,constant_turn,1098,True,True,0.40824916333696476,0.06454693021030636,0.031601375197226916,0.045735668390989304,0.04583711922168732,0.027089862917392536,0.8,1.0,0.0,0.01633585471960875,5.67345559829846e-05,0.05321934074163437,0.04559609666466713,0.007751540280878544,0.4742331802845001,0.4742331967686946
Residual PPO,constant_turn,1099,True,True,0.6165183461321022,0.08797347963994642,0.02788217117666847,0.044341787695884705,0.06431064009666443,0.01994972349831786,0.7575,1.0,0.0,0.014336110995514724,4.8867899749893695e-05,0.054744407534599304,0.03712303191423416,0.006174040492624044,0.36984628438949585,0.3698463026235829
