method,alpha,seed,initial_uav_x,initial_uav_y,ugv_vx,success,rmse,steady_rmse,max_tracking_error,final_error,final_relative_speed,stable_ratio,capture_time,forward_overshoot,ahead_ratio,command_smoothness,mean_abs_velocity_error,total_reward
PD+FF,0.0,1000,-1.2179213762283325,0.20768369734287262,0.34128254652023315,True,0.39136920259042873,0.0498858334477673,1.2963263988494873,0.00018216944590676576,8.522508869646117e-05,0.7275,5.45,0.0,0.0,9.25398445748731e-06,0.0,209.56780558362956
PD+FF,0.0,1001,-1.0811076164245605,-0.9685990810394287,0.25630688667297363,True,0.41132993506816545,0.05017564786796571,1.4634742736816406,0.0001892554573714733,8.807434642221779e-05,0.7275,5.45,0.0,0.0,1.2107150224124382e-05,0.0,206.36947584113219
PD+FF,0.0,1002,-1.428768277168274,-0.28562131524086,0.4242836833000183,True,0.48672124605415235,0.06424156060945477,1.551334261894226,0.0002367127890465781,0.00010997827484970912,0.7,6.0,0.0,0.0,9.875689166335954e-06,0.0,177.7050309013139
PD+FF,0.0,1003,-1.7183640003204346,-0.48658838868141174,0.34840381145477295,True,0.5702424958963775,0.0744303737563496,1.8404462337493896,0.00027939255232922733,0.0001302628224948421,0.6825,6.3500000000000005,0.0,0.0,1.3503862304742233e-05,0.0,153.63941661759443
PD+FF,0.0,1004,-1.998679280281067,-0.7396973967552185,0.24154320359230042,True,0.6472413327880703,0.08279843590836816,2.151087999343872,0.0003115232684649527,0.0001450748968636617,0.6725,6.550000000000001,0.0,0.0,1.9440163971275638e-05,0.0,134.33867960585636
PD+FF,0.0,1005,-1.8766711950302124,0.8611240983009338,0.28618520498275757,True,0.6315238411553381,0.08100856202219854,2.0906567573547363,0.0003047782520297915,0.00014202846796251833,0.675,6.5,0.0,0.0,1.8657720387757054e-05,0.0,138.41602429855567
PD+FF,0.0,1006,-1.4946178197860718,0.20171388983726501,0.28934937715530396,True,0.4673650982127279,0.059480900027275074,1.551203727722168,0.0002086157473968342,9.824447624851018e-05,0.7075,5.8500000000000005,0.0,0.0,1.2915740926173563e-05,0.0,185.93703485441674
PD+FF,0.0,1007,-1.8931626081466675,0.6319606900215149,0.39287856221199036,True,0.6590248995585948,0.08976596560348055,2.060878276824951,0.00032426786492578685,0.00015194929437711835,0.6625,6.75,0.0,0.0,1.2814587621347126e-05,0.0,125.43399349981637
PD+FF,0.0,1008,-1.749120831489563,0.6261014938354492,0.26522985100746155,True,0.5649934098469755,0.07190040612780797,1.883493185043335,0.00025792987435124815,0.00012115007848478854,0.6875,6.25,0.0,0.0,1.7375460266024382e-05,0.0,157.58279855588057
PD+FF,0.0,1009,-1.9152493476867676,-0.3461688160896301,0.2149554342031479,True,0.5897301692318037,0.07501934410414626,1.967049241065979,0.0002777756890282035,0.00012928456999361515,0.6825,6.3500000000000005,0.0,0.0,1.7958481423563324e-05,0.0,150.6234576126619
PD+FF,0.0,1010,-1.8575115203857422,0.07161146402359009,0.4753030240535736,True,0.669784710034737,0.09935972205801859,1.9878859519958496,0.0003825050953309983,0.00017739208124112338,0.6525,6.95,0.0,0.0,7.943539042908468e-06,0.0,116.23849959023353
PD+FF,0.0,1011,-1.57381272315979,0.12664707005023956,0.26378002762794495,True,0.4848319950331099,0.061548378692955985,1.6153590679168701,0.00022026598162483424,0.00010332273814128712,0.705,5.9,0.0,0.0,1.3891313738684283e-05,0.0,181.43280973573854
PD+FF,0.0,1012,-1.5405192375183105,0.561293363571167,0.2715309262275696,True,0.49596547974684563,0.06263517431593733,1.6672598123550415,0.00022886469378136098,0.00010705483873607591,0.7025,5.95,0.0,0.0,1.5104846800112263e-05,0.0,178.1128222637796
PD+FF,0.0,1013,-0.8082606196403503,-0.8420410752296448,0.401797890663147,True,0.34751963169154154,0.04315329184694817,1.196731448173523,0.0001675401726970449,7.779265433782712e-05,0.7425,5.15,0.0,0.0,8.645254979649222e-06,0.0,224.89020959510094
PD+FF,0.0,1014,-1.3467140197753906,0.1714046150445938,0.4693894386291504,True,0.47035271408178286,0.06307174246165206,1.4802628755569458,0.0002477251982782036,0.00011487104347907007,0.7025,5.95,0.0,0.0,8.174680028018952e-06,0.0,181.66084950656062
PD+FF,0.0,1015,-1.4601455926895142,0.21413566172122955,0.39239153265953064,True,0.4849007343402186,0.06344073687722696,1.5585525035858154,0.0002286761737195775,0.00010717355326050892,0.7,6.0,0.0,0.0,1.073734611556611e-05,0.0,178.41134883464682
PD+FF,0.0,1016,-1.6580126285552979,-0.11461202055215836,0.3060871958732605,True,0.523944202773205,0.0675407599876095,1.7124427556991577,0.0002592314558569342,0.0001204273576149717,0.695,6.1000000000000005,0.0,0.0,1.360631711225456e-05,0.0,168.85603592264818
PD+FF,0.0,1017,-0.62247234582901,0.6426637768745422,0.4917738139629364,True,0.28519752841121065,0.03620952195942351,0.9505263566970825,0.0001299832365475595,6.0997186665190384e-05,0.7625,4.75,0.0,0.0,5.959329205849602e-06,0.0,245.20208246603636
PD+FF,0.0,1018,-1.1090368032455444,-0.0900818482041359,0.4614541530609131,True,0.3848990472020418,0.05073090086192368,1.233281135559082,0.0001719491119729355,8.170118235284463e-05,0.725,5.5,0.0,0.0,8.032200563662445e-06,0.0,208.99996278713948
PD+FF,0.0,1019,-1.674609661102295,-0.20800989866256714,0.34006524085998535,True,0.5413253223837368,0.07049151182817882,1.7489399909973145,0.0002499657275620848,0.0001174947974504903,0.69,6.2,0.0,0.0,1.265153183546951e-05,0.0,162.8727594295895
PD+FF,0.0,1020,-1.1319496631622314,-0.4326494336128235,0.2227078378200531,True,0.3516785214818252,0.04321227714740972,1.2301274538040161,0.00016398723528254777,7.610748434672132e-05,0.7425,5.15,0.0,0.0,8.466949586751748e-06,0.0,224.5766106988085
PD+FF,0.0,1021,-1.4384177923202515,-0.8382971882820129,0.49743902683258057,True,0.5578307176501182,0.07572476704069166,1.7463529109954834,0.00027326575946062803,0.0001280457800021395,0.6825,6.3500000000000005,0.0,0.0,1.1136645266136855e-05,0.0,154.55182695910048
PD+FF,0.0,1022,-1.999210000038147,0.8368335366249084,0.37694433331489563,True,0.7060252962422066,0.09617323986508793,2.218491315841675,0.0003435486287344247,0.00016127314302138984,0.655,6.9,0.0,0.0,1.498887260074744e-05,0.0,112.45986705832763
PD+FF,0.0,1023,-1.4916963577270508,0.8117974996566772,0.4728805720806122,True,0.5634070232477367,0.07583523624737641,1.7742201089859009,0.000292059441562742,0.00013524768291972578,0.6825,6.3500000000000005,0.0,0.0,1.1616323793629867e-05,0.0,153.70968861175658
PD+FF,0.0,1024,-1.51630699634552,-0.48329436779022217,0.3110935389995575,True,0.49306007007397995,0.06292482772691702,1.6324161291122437,0.00024198778555728495,0.00011246983922319487,0.7025,5.95,0.0,0.0,1.4109899326264365e-05,0.0,178.40502616773733
PD+FF,0.0,1025,-0.7683239579200745,0.258014976978302,0.24864348769187927,True,0.23797246387193213,0.02911241108497144,0.8376368880271912,0.00010410708637209609,4.877444007433951e-05,0.785,4.3,0.0,0.0,4.064035080864784e-06,0.0,264.9997051965846
PD+FF,0.0,1026,-1.7438942193984985,0.19023452699184418,0.2583710551261902,True,0.5404785615829938,0.0690372528292732,1.7884080410003662,0.0002507434692233801,0.00011735523003153503,0.6925,6.15,0.0,0.0,1.552339216011925e-05,0.0,164.72179415164862
PD+FF,0.0,1027,-1.9580382108688354,0.12429128587245941,0.36954861879348755,True,0.6535987210320188,0.0890684715518036,2.03737473487854,0.0003293035551905632,0.00015373490168713033,0.665,6.7,0.0,0.0,1.1462567783988404e-05,0.0,127.84140597004732
PD+FF,0.0,1028,-0.7757433652877808,-0.22796711325645447,0.4025936424732208,True,0.26742359154788914,0.034082101368172434,0.8906009197235107,0.00012557105219457299,5.8620447816792876e-05,0.7675,4.65,0.0,0.0,4.667063794835122e-06,0.0,251.12912839659126
PD+FF,0.0,1029,-0.7448340058326721,0.6458722352981567,0.214758962392807,True,0.2721712676243171,0.03273220324584068,0.9937382340431213,0.00011888256267411634,5.567484186030924e-05,0.7725,4.55,0.0,0.0,5.773247135078103e-06,0.0,253.19520634983067
PD+FF,0.0,1030,-1.6447029113769531,-0.9496257901191711,0.4438457489013672,True,0.6191851169446929,0.0832429401977821,1.960343360900879,0.00030121952295303345,0.00014150234346743673,0.6725,6.550000000000001,0.0,0.0,1.3882284214448685e-05,0.0,138.04121946862142
PD+FF,0.0,1031,-0.9611496329307556,0.9009804725646973,0.39864641427993774,True,0.3954124093163905,0.04941524147664555,1.3496158123016357,0.0001802272308850661,8.437269571004435e-05,0.7275,5.45,0.0,0.0,1.0768075885063582e-05,0.0,208.87348133013168
PD+FF,0.0,1032,-0.6833899617195129,-0.5306191444396973,0.49894750118255615,True,0.28817547323558085,0.03711699195043459,0.9458133578300476,0.0001285581529373303,6.0355283494573087e-05,0.76,4.800000000000001,0.0,0.0,5.805811670872404e-06,0.0,243.35169947703108
PD+FF,0.0,1033,-0.7577928304672241,0.7459949851036072,0.4761985242366791,True,0.33336796669060864,0.04225906390134669,1.1132664680480957,0.0001713000820018351,7.865240331739187e-05,0.745,5.1000000000000005,0.0,0.0,7.841153269127082e-06,0.0,228.2632655544906
PD+FF,0.0,1034,-0.5296080112457275,-0.6777904629707336,0.22327283024787903,True,0.233052768793083,0.027834761672033338,0.8656488060951233,0.00010485007805982605,4.883089422946796e-05,0.79,4.2,0.0,0.0,4.443074114778816e-06,0.0,268.2715840878475
PD+FF,0.0,1035,-1.5201642513275146,-0.23973245918750763,0.436818927526474,True,0.522029832838565,0.06999964600449743,1.6421329975128174,0.00026359205367043614,0.0001227246248163283,0.69,6.2,0.0,0.0,9.358631562317044e-06,0.0,165.86221680659492
PD+FF,0.0,1036,-1.558912754058838,0.6018440127372742,0.34900519251823425,True,0.5252459813660698,0.06770697695427373,1.7185168266296387,0.00025260401889681816,0.00011793676094384864,0.695,6.1000000000000005,0.0,0.0,1.411447634651158e-05,0.0,168.3347089782678
PD+FF,0.0,1037,-1.5164998769760132,-0.3818822205066681,0.38270920515060425,True,0.5074259929647925,0.06622773723220916,1.6350525617599487,0.00024446434690617025,0.00011430310405557975,0.695,6.1000000000000005,0.0,0.0,1.1634342197240236e-05,0.0,171.72799991545614
PD+FF,0.0,1038,-1.5098652839660645,-0.8029577136039734,0.31811848282814026,True,0.5201565030695375,0.06598910941080904,1.740796446800232,0.00024105171905830503,0.00011273635027464479,0.6975,6.050000000000001,0.0,0.0,1.622354673019421e-05,0.0,170.8411876222686
PD+FF,0.0,1039,-0.6960156559944153,-0.0387578122317791,0.3661683201789856,True,0.2286804916212986,0.0288774417562381,0.771571695804596,0.00011737993190763518,5.412814425653778e-05,0.785,4.3,0.0,0.0,3.481779823674584e-06,0.0,266.38124727850453
PD+FF,0.0,1040,-0.7547146081924438,0.5635512471199036,0.4134989380836487,True,0.29430136815607477,0.03702843531484202,0.992383599281311,0.0001421621855115518,6.683987157884985e-05,0.76,4.800000000000001,0.0,0.0,6.050549089923511e-06,0.0,242.652353575101
PD+FF,0.0,1041,-0.6478168964385986,-0.19675222039222717,0.46515655517578125,True,0.2401630307198978,0.031131953457462964,0.7900527119636536,0.00012586548109538853,5.8172099670628086e-05,0.7775,4.45,0.0,0.0,3.854061320786131e-06,0.0,260.4210738066779
PD+FF,0.0,1042,-1.463887333869934,-0.25558269023895264,0.3728010952472687,True,0.4817689746075415,0.06264185084483485,1.558529019355774,0.00023061392130330205,0.00010768110951175913,0.7025,5.95,0.0,0.0,1.1459576212207017e-05,0.0,180.24703068702806
PD+FF,0.0,1043,-1.7490100860595703,-0.7958716750144958,0.31946444511413574,True,0.5941879942691555,0.07644546823681421,1.9554578065872192,0.00027608638629317284,0.00012926045747008175,0.68,6.4,0.0,0.0,1.6782942080392385e-05,0.0,148.04312219937543
PD+FF,0.0,1044,-1.981444239616394,0.7169352173805237,0.20961801707744598,True,0.6310648636748264,0.08005426287919631,2.1214563846588135,0.0002942763385362923,0.00013759471767116338,0.675,6.5,0.0,0.0,2.0554392555955966e-05,0.0,139.02618410806164
PD+FF,0.0,1045,-0.7272861003875732,-0.39523494243621826,0.4158290922641754,True,0.2683267128464415,0.03403334282099006,0.8971077799797058,0.000123366029583849,5.847505235578865e-05,0.7675,4.65,0.0,0.0,4.8970610912984695e-06,0.0,250.9376198523152
PD+FF,0.0,1046,-1.868130087852478,0.6265861392021179,0.39649125933647156,True,0.6510306012780208,0.0885667163365407,2.0368404388427734,0.0003236715856473893,0.00015148089732974768,0.665,6.7,0.0,0.0,1.2682013936810778e-05,0.0,128.158682270898
PD+FF,0.0,1047,-1.1699552536010742,-0.14992530643939972,0.29876548051834106,True,0.36413203434462094,0.045816312393056335,1.2264246940612793,0.00017340652993880212,8.07183314464055e-05,0.735,5.300000000000001,0.0,0.0,8.292352664864042e-06,0.0,218.54532049703562
PD+FF,0.0,1048,-0.9076822996139526,-0.7630760073661804,0.4824531674385071,True,0.3781713977154175,0.048478165915555496,1.245028018951416,0.00016570357547607273,7.830094546079636e-05,0.73,5.4,0.0,0.0,9.578473469675925e-06,0.0,212.71755603889625
PD+FF,0.0,1049,-1.6127384901046753,0.09402617067098618,0.43331217765808105,True,0.5516440731617415,0.07478052172464522,1.7213773727416992,0.0002739012415986508,0.00012818216055165976,0.6825,6.3500000000000005,0.0,0.0,9.226736348883326e-06,0.0,156.37856674990027
PD+FF,0.0,1050,-1.2507070302963257,-0.40418457984924316,0.49881017208099365,True,0.4567083709151338,0.06132746486646338,1.4359177350997925,0.00022570573491975665,0.00010558211943134665,0.705,5.9,0.0,0.0,8.130743537796437e-06,0.0,185.31775496397182
PD+FF,0.0,1051,-0.8433747291564941,-0.6024307608604431,0.2584548592567444,True,0.2959114506693642,0.03602906875401683,1.0523221492767334,0.00013327223132364452,6.231918086996302e-05,0.7625,4.75,0.0,0.0,6.459366753202079e-06,0.0,244.1049321331608
PD+FF,0.0,1052,-1.577463150024414,-0.03658809885382652,0.32490968704223633,True,0.5016737617977888,0.06477614581838223,1.635766863822937,0.00023368510301224887,0.00010956959158647805,0.6975,6.050000000000001,0.0,0.0,1.279240389255637e-05,0.0,174.43145855078188
PD+FF,0.0,1053,-0.7320424914360046,-0.38764455914497375,0.44851720333099365,True,0.27604522983904123,0.035383180656643545,0.9124233722686768,0.00012128568050684407,5.699795292457566e-05,0.765,4.7,0.0,0.0,5.115535453326252e-06,0.0,248.10982733894187
PD+FF,0.0,1054,-1.9604523181915283,0.6108824014663696,0.3443475067615509,True,0.6611873594487506,0.0881199775140268,2.102992057800293,0.0003149077820125967,0.00014781007484998554,0.665,6.7,0.0,0.0,1.4456090495616624e-05,0.0,126.86169874781054
PD+FF,0.0,1055,-0.8035520911216736,-0.8197364807128906,0.37500709295272827,True,0.33794053805134483,0.04173753570441042,1.1733890771865845,0.0001475450408179313,6.924118497408926e-05,0.745,5.1000000000000005,0.0,0.0,8.249693840823184e-06,0.0,228.02320240595128
PD+FF,0.0,1056,-0.6173267960548401,-0.7547652125358582,0.33817118406295776,True,0.27792016940608405,0.033799548217262235,0.9912192821502686,0.00012761447578668594,5.948036050540395e-05,0.77,4.6000000000000005,0.0,0.0,5.943630555751971e-06,0.0,250.69315323423945
PD+FF,0.0,1057,-1.4013786315917969,-0.020997419953346252,0.2980625629425049,True,0.43635668159840524,0.055471427140475135,1.449831247329712,0.00020171543292235583,9.43007689784281e-05,0.715,5.7,0.0,0.0,1.1329721096711156e-05,0.0,195.41396552827644
PD+FF,0.0,1058,-1.9344123601913452,-0.6835842132568359,0.34246277809143066,True,0.6558837657307224,0.08690710178965226,2.0973598957061768,0.0003242169041186571,0.00015129866369534284,0.6675,6.65,0.0,0.0,1.5057858980858753e-05,0.0,129.15129819111618
PD+FF,0.0,1059,-1.3239208459854126,-0.34795770049095154,0.3298633396625519,True,0.4285553702296696,0.054593743898422024,1.420486569404602,0.0002090749330818653,9.724652773002163e-05,0.7175,5.65,0.0,0.0,1.1081615841249845e-05,0.0,197.84563085635313
PD+FF,0.0,1060,-0.5232435464859009,-0.8263487219810486,0.4775193929672241,True,0.29117305794848203,0.03610130396993186,1.0051456689834595,0.0001407265808666125,6.524972559418529e-05,0.7625,4.75,0.0,0.0,6.566031158895603e-06,0.0,244.39268140014315
PD+FF,0.0,1061,-1.0766786336898804,0.09924349933862686,0.28927016258239746,True,0.33157500580675653,0.041484366967720766,1.1256896257400513,0.00014822487719357014,6.950894749024883e-05,0.7475,5.050000000000001,0.0,0.0,7.03803726807403e-06,0.0,230.39493626458997
PD+FF,0.0,1062,-1.020176649093628,-0.6513675451278687,0.4292861223220825,True,0.38402391574630024,0.04907643158657891,1.2684944868087769,0.0001836131705204025,8.545170567231253e-05,0.7275,5.45,0.0,0.0,9.545206290561589e-06,0.0,210.71462993495527
PD+FF,0.0,1063,-0.5567145943641663,0.6067063212394714,0.2895512878894806,True,0.23207503953830522,0.028053754609652877,0.8368862271308899,0.00010898220352828503,5.0532697059679776e-05,0.79,4.2,0.0,0.0,4.247417124415981e-06,0.0,268.25105984529796
PD+FF,0.0,1064,-1.6129041910171509,-0.13716638088226318,0.24278511106967926,True,0.49230937005134534,0.062271634328678376,1.648824691772461,0.00023318857711274177,0.0001086960473912768,0.7025,5.95,0.0,0.0,1.4441817490858208e-05,0.0,178.99733925380283
PD+FF,0.0,1065,-0.5033138990402222,-0.5932050347328186,0.453745573759079,True,0.24051411265283354,0.030054522170355424,0.8190358877182007,0.00010430141992401332,4.934263415634632e-05,0.7825,4.3500000000000005,0.0,0.0,4.452405725395423e-06,0.0,262.7858285900554
PD+FF,0.0,1066,-1.3762075901031494,0.32575497031211853,0.20805609226226807,True,0.41529727657905946,0.05147672317479929,1.433012843132019,0.00019222057017032057,9.019601566251367e-05,0.7225,5.550000000000001,0.0,0.0,1.1175674804939795e-05,0.0,203.3578581793585
PD+FF,0.0,1067,-0.6176835894584656,0.9055254459381104,0.20151829719543457,True,0.2944870702960977,0.03511269494487122,1.0992552042007446,0.00012674846220761538,5.9195386711508036e-05,0.765,4.7,0.0,0.0,6.961502700185333e-06,0.0,245.77546525405708
PD+FF,0.0,1068,-0.7787961959838867,0.5352519750595093,0.25048118829727173,True,0.26916741512965925,0.03269658493423027,0.9608893394470215,0.0001233189832419157,5.733281432185322e-05,0.7725,4.55,0.0,0.0,5.41837377026944e-06,0.0,253.6412348640951
PD+FF,0.0,1069,-0.5076419115066528,0.8446078896522522,0.24751581251621246,True,0.26616592563922037,0.03177677299083787,0.9901279211044312,0.00011855122284032404,5.5316580983344465e-05,0.775,4.5,0.0,0.0,5.739279674457418e-06,0.0,255.4952482818436
PD+FF,0.0,1070,-1.6644020080566406,0.9533751606941223,0.22921264171600342,True,0.5619850781556242,0.07016897942949629,1.9316902160644531,0.0002622129686642438,0.00012211395369376987,0.69,6.2,0.0,0.0,2.0166143673078737e-05,0.0,159.76650574339436
PD+FF,0.0,1071,-1.6379417181015015,0.7469041347503662,0.26974478363990784,True,0.5414778381814165,0.06842930504065645,1.823213815689087,0.0002566158364061266,0.00011975569213973358,0.6925,6.15,0.0,0.0,1.752047011832155e-05,0.0,164.6217690781327
PD+FF,0.0,1072,-1.22187077999115,0.3675197660923004,0.4661308228969574,True,0.4337090125174954,0.05726818192526989,1.383142352104187,0.00021931495575699955,0.00010147508874069899,0.7125,5.75,0.0,0.0,8.856299905950437e-06,0.0,193.64779614402656
PD+FF,0.0,1073,-1.5133368968963623,0.8512749075889587,0.3800120949745178,True,0.5426552452070172,0.06990370141640181,1.7805835008621216,0.00025470092077739537,0.00011921399709535763,0.69,6.2,0.0,0.0,1.502850839731671e-05,0.0,162.59632342734847
PD+FF,0.0,1074,-0.5001789927482605,-0.2884053587913513,0.4962819218635559,True,0.20873705853490493,0.027106408813303718,0.6876004338264465,8.266921940958127e-05,3.983652641181834e-05,0.7925,4.15,0.0,0.0,3.1749230696891947e-06,0.0,272.84099111824105
PD+FF,0.0,1075,-0.8189709782600403,0.9466501474380493,0.23914383351802826,True,0.3452018375813247,0.04156418694638572,1.2590471506118774,0.00015272514428943396,7.1341433795169e-05,0.7475,5.050000000000001,0.0,0.0,9.090456721904265e-06,0.0,228.21058796513677
PD+FF,0.0,1076,-1.445397138595581,-0.562984049320221,0.45283621549606323,True,0.5178411119837181,0.06897054080375897,1.6387313604354858,0.00026212248485535383,0.00012157461605966091,0.6925,6.15,0.0,0.0,1.0391698536053774e-05,0.0,167.74723089360933
PD+FF,0.0,1077,-0.6151338219642639,-0.8893533945083618,0.2694230377674103,True,0.29659127906666893,0.035600934028666494,1.088533878326416,0.0001307942293351516,6.108212255639955e-05,0.7625,4.75,0.0,0.0,6.922121292414847e-06,0.0,244.17418436724682
PD+FF,0.0,1078,-0.6580581068992615,-0.6858707666397095,0.23459486663341522,True,0.2617715590295298,0.03144376144930438,0.9584092497825623,0.00011515850201249123,5.3772448154632e-05,0.7775,4.45,0.0,0.0,5.4144819897155796e-06,0.0,257.3175641459355
PD+FF,0.0,1079,-0.5874135494232178,0.8651593327522278,0.4896434247493744,True,0.3147888021250831,0.039261701025407644,1.0771021842956543,0.0001343217008979991,6.362538260873407e-05,0.7525,4.95,0.0,0.0,7.494308093677914e-06,0.0,235.38458627103114
PD+FF,0.0,1080,-0.6397119164466858,0.7102972865104675,0.367546945810318,True,0.2789978724583042,0.03422284236319899,0.9787552952766418,0.00012424630403984338,5.8178178733214736e-05,0.7675,4.65,0.0,0.0,5.875095155251031e-06,0.0,249.29062094973509
PD+FF,0.0,1081,-1.3320256471633911,0.8601993322372437,0.3006768822669983,True,0.4704139246372572,0.05877021008677835,1.6089626550674438,0.00021218891197349876,9.953153494279832e-05,0.71,5.800000000000001,0.0,0.0,1.4474427830974961e-05,0.0,186.5666611225403
PD+FF,0.0,1082,-0.9581221342086792,-0.30673766136169434,0.3117980659008026,True,0.30847404815201857,0.03852140141585889,1.0504741668701172,0.00013312364171724766,6.27639310550876e-05,0.755,4.9,0.0,0.0,6.280665637665331e-06,0.0,238.10590539570407
PD+FF,0.0,1083,-1.3940625190734863,0.6289385557174683,0.21643398702144623,True,0.4444563352723838,0.05496184519514041,1.543381690979004,0.00020306059741415083,9.446385956835002e-05,0.7175,5.65,0.0,0.0,1.3103777313656917e-05,0.0,195.32070893248877
PD+FF,0.0,1084,-0.7371216416358948,-0.8951173424720764,0.4071005880832672,True,0.34089704829736744,0.042099911901161,1.1846938133239746,0.00016214975039474666,7.533330790465698e-05,0.745,5.1000000000000005,0.0,0.0,8.508725673287815e-06,0.0,227.3548333517364
PD+FF,0.0,1085,-0.7224554419517517,-0.08529454469680786,0.4138740301132202,True,0.2477313414636037,0.03173756692025175,0.8228110671043396,0.0001205312364618294,5.611169399344362e-05,0.775,4.5,0.0,0.0,3.9918220929375e-06,0.0,258.1488700279376
PD+FF,0.0,1086,-0.7490203976631165,-0.7008727788925171,0.4387705326080322,True,0.3167134303382215,0.039809093011990974,1.069380760192871,0.00013926900282967836,6.539145397255197e-05,0.7525,4.95,0.0,0.0,7.126707576144286e-06,0.0,234.96162807917415
PD+FF,0.0,1087,-1.2718281745910645,-0.8616007566452026,0.3274095356464386,True,0.45935909293436633,0.05755477252889526,1.5633959770202637,0.0002050886396318674,9.61863697739318e-05,0.7125,5.75,0.0,0.0,1.3800277830623775e-05,0.0,189.7335281453241
PD+FF,0.0,1088,-1.148199200630188,-0.9221230149269104,0.4605681300163269,True,0.46359176976269306,0.05956573884552068,1.5246732234954834,0.00021822054986841977,0.00010216540977125987,0.7075,5.8500000000000005,0.0,0.0,1.2867847849680456e-05,0.0,185.9260281732686
PD+FF,0.0,1089,-1.8535881042480469,0.5890284776687622,0.37915652990341187,True,0.6356735443513293,0.08534636690595399,2.0066301822662354,0.0003050636441912502,0.00014305097283795476,0.67,6.6000000000000005,0.0,0.0,1.3038927832963168e-05,0.0,133.90549195382346
PD+FF,0.0,1090,-0.9845758080482483,-0.6573527455329895,0.30003631114959717,True,0.3475218932859414,0.042881854070768846,1.2072817087173462,0.00015634199371561408,7.318266580114141e-05,0.7425,5.15,0.0,0.0,8.43202349082739e-06,0.0,225.206230036993
PD+FF,0.0,1091,-1.8845704793930054,-0.6914018392562866,0.36124923825263977,True,0.6462498491951978,0.08598386923610905,2.0584018230438232,0.0003230402653571218,0.00015058780263643712,0.6675,6.65,0.0,0.0,1.4379873275553045e-05,0.0,130.98683655283244
PD+FF,0.0,1092,-1.9696727991104126,-0.2278679758310318,0.31251582503318787,True,0.6357013756162819,0.08385484766636553,2.034053325653076,0.00031666667200624943,0.00014748392277397215,0.67,6.6000000000000005,0.0,0.0,1.3772720011624473e-05,0.0,134.78742860484348
PD+FF,0.0,1093,-0.8791002631187439,0.07968070358037949,0.43002596497535706,True,0.3011182395007566,0.03894939748199817,0.9865993857383728,0.00014332127466332167,6.590200064238161e-05,0.7525,4.95,0.0,0.0,5.609120585417874e-06,0.0,237.8872502166036
PD+FF,0.0,1094,-0.9031349420547485,-0.5643354058265686,0.2514164447784424,True,0.30558619605355525,0.037292958763349454,1.0819679498672485,0.00013920907804276794,6.490687519544736e-05,0.7575,4.8500000000000005,0.0,0.0,6.771006471070622e-06,0.0,240.09744035666228
PD+FF,0.0,1095,-1.3096781969070435,-0.4019305408000946,0.2943161725997925,True,0.4184468491745897,0.0527177372619928,1.407849907875061,0.0001884035737020895,8.844371768645942e-05,0.72,5.6000000000000005,0.0,0.0,1.0918432427569973e-05,0.0,201.22721503969953
PD+FF,0.0,1096,-0.5565752387046814,0.7886120080947876,0.27283963561058044,True,0.2649927457418263,0.03180014625331647,0.972832441329956,0.00011330512643326074,5.322689321474172e-05,0.775,4.5,0.0,0.0,5.6049872290579445e-06,0.0,255.63153990629726
PD+FF,0.0,1097,-1.3080552816390991,0.037033263593912125,0.27344202995300293,True,0.40036292639467114,0.050373587666133486,1.3485392332077026,0.000175523673533462,8.263412019005045e-05,0.725,5.5,0.0,0.0,9.877560015631897e-06,0.0,207.11751423621894
PD+FF,0.0,1098,-1.2224541902542114,-0.25077617168426514,0.4742331802845001,True,0.43104093236949886,0.0572503904033802,1.3684465885162354,0.00019462080672383308,9.196031896863133e-05,0.7125,5.75,0.0,0.0,8.197649482535907e-06,0.0,194.09595960487343
PD+FF,0.0,1099,-1.9130916595458984,0.09447009861469269,0.36984628438949585,True,0.636383621222861,0.08618996653210163,1.9913185834884644,0.0003134555008728057,0.00014679772721137851,0.6675,6.65,0.0,0.0,1.1412693031831308e-05,0.0,132.69112580076907
Residual PPO,0.0,1000,-1.2179213762283325,0.20768369734287262,0.34128254652023315,True,0.3612095665501576,0.013683193356569064,1.2965424060821533,0.005001693498343229,1.3944091733719688e-05,0.8125,3.75,0.005000114440917969,0.505,3.379302830571665e-05,0.0,259.9993637975407
Residual PPO,0.0,1001,-1.0811076164245605,-0.9685990810394287,0.25630688667297363,True,0.3760833371911697,0.016620411467153002,1.4634742736816406,0.0019275072263553739,1.6550966392969713e-05,0.81,3.8000000000000003,0.0018596649169921875,0.4125,4.318963358177512e-05,0.0,256.1891897431613
Residual PPO,0.0,1002,-1.428768277168274,-0.28562131524086,0.4242836833000183,True,0.4624569899563298,0.02143478039041708,1.5500004291534424,0.007963348180055618,2.4469538402627222e-05,0.7875,4.25,0.007960319519042969,0.5075,3.21958141391968e-05,0.0,227.91166899013504
Residual PPO,0.0,1003,-1.7183640003204346,-0.48658838868141174,0.34840381145477295,True,0.5438386014875692,0.023328004221357272,1.8390741348266602,0.005236085969954729,2.6381725547253154e-05,0.7725,4.55,0.005235195159912109,0.4625,3.670249845655411e-05,0.0,207.31395074910705
Residual PPO,0.0,1004,-1.998679280281067,-0.7396973967552185,0.24154320359230042,True,0.6163114995931639,0.024074100971503774,2.150963544845581,0.0014178375713527203,2.4515633413102478e-05,0.7625,4.75,0.0012950897216796875,0.3375,4.4138096057378147e-05,0.0,191.08349627897863
Residual PPO,0.0,1005,-1.8766711950302124,0.8611240983009338,0.28618520498275757,True,0.602458150752614,0.020859227249441774,2.090625047683716,0.0029817847535014153,2.1567355361185037e-05,0.7675,4.65,0.0029582977294921875,0.43,3.913275566684782e-05,0.0,196.20108799596605
Residual PPO,0.0,1006,-1.4946178197860718,0.20171388983726501,0.28934937715530396,True,0.43632839985692107,0.015342537030091408,1.5514538288116455,0.0031171035952866077,1.1388018720026594e-05,0.795,4.1000000000000005,0.0030965805053710938,0.4525,3.615180466948677e-05,0.0,239.52566942113586
Residual PPO,0.0,1007,-1.8931626081466675,0.6319606900215149,0.39287856221199036,True,0.639272329207733,0.028452311478134054,2.0610768795013428,0.00684319855645299,2.6273884941474535e-05,0.755,4.9,0.006842613220214844,0.47,3.290406170896699e-05,0.0,179.26265936777395
Residual PPO,0.0,1008,-1.749120831489563,0.6261014938354492,0.26522985100746155,True,0.5335387922239125,0.017587458260093943,1.8834666013717651,0.002247939119115472,1.3434510037768632e-05,0.7775,4.45,0.0021986961364746094,0.415,3.8538380318687577e-05,0.0,214.28936454503875
Residual PPO,0.0,1009,-1.9152493476867676,-0.3461688160896301,0.2149554342031479,True,0.5579289327199792,0.019593172796348646,1.9666138887405396,0.0007689861813560128,1.8362397895543836e-05,0.77,4.6000000000000005,0.0003190040588378906,0.2275,4.177825498661061e-05,0.0,206.28245329694454
Residual PPO,0.0,1010,-1.8575115203857422,0.07161146402359009,0.4753030240535736,True,0.6557147704746803,0.03814190542191486,1.9881092309951782,0.00969989225268364,4.745781552628614e-05,0.74,5.2,0.009691238403320312,0.4725,2.869144137685064e-05,0.0,164.7495236318369
Residual PPO,0.0,1011,-1.57381272315979,0.12664707005023956,0.26378002762794495,True,0.45351419651851005,0.015551381617374729,1.6155236959457397,0.0021974556148052216,1.2921393135911785e-05,0.79,4.2,0.0021457672119140625,0.4175,3.744530796841603e-05,0.0,234.55191526294527
Residual PPO,0.0,1012,-1.5405192375183105,0.561293363571167,0.2715309262275696,True,0.463281165026422,0.015351935720208347,1.6671758890151978,0.0024710961151868105,1.3396152098721359e-05,0.7925,4.15,0.0024318695068359375,0.4375,3.762917657094962e-05,0.0,233.94531953723305
Residual PPO,0.0,1013,-0.8082606196403503,-0.8420410752296448,0.401797890663147,True,0.3158614603824914,0.015486035028494724,1.1964707374572754,0.0071718767285346985,2.0352317733340897e-05,0.8175,3.6500000000000004,0.007170677185058594,0.5375,4.797574726555492e-05,0.0,268.49429491738664
Residual PPO,0.0,1014,-1.3467140197753906,0.1714046150445938,0.4693894386291504,True,0.44937043517983744,0.021657643846899416,1.4806573390960693,0.009526695124804974,3.117717642453499e-05,0.79,4.2,0.009518623352050781,0.5225,2.8957786616225076e-05,0.0,230.5157233365461
Residual PPO,0.0,1015,-1.4601455926895142,0.21413566172122955,0.39239153265953064,True,0.4592255012025719,0.01915055645009371,1.5589067935943604,0.006839871406555176,1.858260111475829e-05,0.79,4.2,0.006839275360107422,0.5025,3.176390257426672e-05,0.0,230.80010414715863
Residual PPO,0.0,1016,-1.6580126285552979,-0.11461202055215836,0.3060871958732605,True,0.49482224578775713,0.018821691029434946,1.7121773958206177,0.0036991529632359743,2.37389267567778e-05,0.7825,4.3500000000000005,0.003688335418701172,0.45,3.61181014158881e-05,0.0,222.42609751015348
Residual PPO,0.0,1017,-0.62247234582901,0.6426637768745422,0.4917738139629364,True,0.25498970475691984,0.01284474221072207,0.9478725790977478,0.010344062931835651,7.2557045314169955e-06,0.8425,3.1500000000000004,0.010333061218261719,0.6025,2.99068269153022e-05,0.0,289.29779459431927
Residual PPO,0.0,1018,-1.1090368032455444,-0.0900818482041359,0.4614541530609131,True,0.3585906440022958,0.017075959334439558,1.2328956127166748,0.009289258159697056,1.357173914584564e-05,0.8125,3.75,0.009282112121582031,0.54,3.0020571858631074e-05,0.0,257.86163563289193
Residual PPO,0.0,1019,-1.674609661102295,-0.20800989866256714,0.34006524085998535,True,0.5148280684656397,0.02096084951867998,1.748307704925537,0.004948955029249191,1.822301965148654e-05,0.7775,4.45,0.004947185516357422,0.465,3.525796714085987e-05,0.0,215.53915945659907
Residual PPO,0.0,1020,-1.1319496631622314,-0.4326494336128235,0.2227078378200531,True,0.319119361798938,0.01222703075551813,1.2291920185089111,0.000903709908016026,1.3788575415674131e-05,0.825,3.5,0.0006151199340820312,0.33,3.7560317634568556e-05,0.0,273.64321795349304
Residual PPO,0.0,1021,-1.4384177923202515,-0.8382971882820129,0.49743902683258057,True,0.5359554323992696,0.02965970171279438,1.7444440126419067,0.010492485947906971,3.0480723580694757e-05,0.7675,4.65,0.010480880737304688,0.505,3.482867424302613e-05,0.0,202.50735871727744
Residual PPO,0.0,1022,-1.999210000038147,0.8368335366249084,0.37694433331489563,True,0.6856614998964229,0.029940199147362852,2.218454360961914,0.006273310631513596,2.497606328688562e-05,0.7475,5.050000000000001,0.0062732696533203125,0.46,3.501401607418453e-05,0.0,167.18609746618944
Residual PPO,0.0,1023,-1.4916963577270508,0.8117974996566772,0.4728805720806122,True,0.5421852511930904,0.02607387677191626,1.7737066745758057,0.00964532233774662,3.221473525627516e-05,0.7725,4.55,0.009636878967285156,0.5125,3.101288991504753e-05,0.0,204.84807693641926
Residual PPO,0.0,1024,-1.51630699634552,-0.48329436779022217,0.3110935389995575,True,0.4610966797741957,0.018551961620146364,1.631180763244629,0.003881096839904785,2.3821952709113248e-05,0.7925,4.15,0.003872394561767578,0.4575,3.8642499517637953e-05,0.0,232.7596933817429
Residual PPO,0.0,1025,-0.7683239579200745,0.258014976978302,0.24864348769187927,True,0.20762118218142367,0.007234308348121746,0.8374007940292358,0.001686630304902792,5.382567451306386e-06,0.8575,2.85,0.0015974044799804688,0.4675,3.6361616692333016e-05,0.0,307.6098173454345
Residual PPO,0.0,1026,-1.7438942193984985,0.19023452699184418,0.2583710551261902,True,0.509953556653324,0.01727477500172671,1.788628101348877,0.0020020385272800922,1.5804791473783553e-05,0.78,4.4,0.0019388198852539062,0.4,3.7808728070422176e-05,0.0,219.63868166285107
Residual PPO,0.0,1027,-1.9580382108688354,0.12429128587245941,0.36954861879348755,True,0.6339989595425122,0.028007719825647155,2.037653923034668,0.005995755549520254,2.9756920412182808e-05,0.7525,4.95,0.005995750427246094,0.4575,3.27447717083837e-05,0.0,179.67170893802458
Residual PPO,0.0,1028,-0.7757433652877808,-0.22796711325645447,0.4025936424732208,True,0.23994916693895374,0.011350352446504218,0.8892406821250916,0.007213898003101349,1.2916766536363866e-05,0.8475,3.0500000000000003,0.007212638854980469,0.5575,3.6491334304203955e-05,0.0,294.9285432877692
Residual PPO,0.0,1029,-0.7448340058326721,0.6458722352981567,0.214758962392807,True,0.23715332595249355,0.008169655058761046,0.9937342405319214,0.0007768401992507279,3.2304915293934755e-06,0.8575,2.85,0.00034046173095703125,0.3525,3.674378597434332e-05,0.0,302.4008520692159
Residual PPO,0.0,1030,-1.6447029113769531,-0.9496257901191711,0.4438457489013672,True,0.5955281522002314,0.031078558350822964,1.9598075151443481,0.008641497232019901,3.102056143688969e-05,0.7625,4.75,0.008636474609375,0.485,3.807864858859114e-05,0.0,189.93411208663127
Residual PPO,0.0,1031,-0.9611496329307556,0.9009804725646973,0.39864641427993774,True,0.36069608613804366,0.014625694541133258,1.349510669708252,0.0070791481994092464,1.0611074685584754e-05,0.8225,3.5500000000000003,0.0070781707763671875,0.5575,3.718185160182717e-05,0.0,263.5714123039674
Residual PPO,0.0,1032,-0.6833899617195129,-0.5306191444396973,0.49894750118255615,True,0.26024492422186873,0.01449673767591098,0.9415234923362732,0.010577704757452011,1.2755440366163384e-05,0.8325,3.35,0.010565757751464844,0.575,3.376680796471618e-05,0.0,283.3675646528552
Residual PPO,0.0,1033,-0.7577928304672241,0.7459949851036072,0.4761985242366791,True,0.30142455224302767,0.01404701410006488,1.111611008644104,0.009787026792764664,1.764213084243238e-05,0.8325,3.35,0.009778022766113281,0.5875,3.062750376871184e-05,0.0,277.1402848393554
Residual PPO,0.0,1034,-0.5296080112457275,-0.6777904629707336,0.22327283024787903,True,0.20482997411697815,0.009737574264769667,0.8656488060951233,0.0009202964720316231,1.0575606211205013e-05,0.8525,2.95,0.0006427764892578125,0.3625,4.088414020888503e-05,0.0,304.0723398128063
Residual PPO,0.0,1035,-1.5201642513275146,-0.23973245918750763,0.436818927526474,True,0.5005165022576762,0.02403917001419142,1.6411229372024536,0.008398514240980148,2.8070231564925052e-05,0.7775,4.45,0.008394241333007812,0.5,3.129054166415558e-05,0.0,215.63828291877954
Residual PPO,0.0,1036,-1.558912754058838,0.6018440127372742,0.34900519251823425,True,0.49636031526192276,0.01874446498900065,1.7183763980865479,0.005269885063171387,2.006366958084982e-05,0.785,4.3,0.005269050598144531,0.4875,3.439545554681501e-05,0.0,222.8572546139213
Residual PPO,0.0,1037,-1.5164998769760132,-0.3818822205066681,0.38270920515060425,True,0.48075794834040486,0.021110840268792567,1.6335798501968384,0.006482794415205717,2.308582406840287e-05,0.785,4.3,0.006482601165771484,0.49,3.450655534941406e-05,0.0,224.30279398381023
Residual PPO,0.0,1038,-1.5098652839660645,-0.8029577136039734,0.31811848282814026,True,0.4864528418480248,0.02071700329344498,1.7404906749725342,0.004146654158830643,1.9305562091176398e-05,0.79,4.2,0.004140377044677734,0.4575,4.174105140315877e-05,0.0,226.6839415655979
Residual PPO,0.0,1039,-0.6960156559944153,-0.0387578122317791,0.3661683201789856,True,0.20191070644222361,0.00906906304770791,0.7714503407478333,0.005900407675653696,1.5028687812446151e-05,0.86,2.8000000000000003,0.005900382995605469,0.56,3.2832484349579534e-05,0.0,307.5968201233497
Residual PPO,0.0,1040,-0.7547146081924438,0.5635512471199036,0.4134989380836487,True,0.2632780248036639,0.011347396112603342,0.990514874458313,0.007605741731822491,1.2641932698898017e-05,0.845,3.1,0.007603645324707031,0.5775,3.1894463538741946e-05,0.0,290.15992505833293
Residual PPO,0.0,1041,-0.6478168964385986,-0.19675222039222717,0.46515655517578125,True,0.21441344266458162,0.011732561049900943,0.7885604500770569,0.009408990852534771,1.696733852440957e-05,0.855,2.9000000000000004,0.009401321411132812,0.5825,3.1340534637126076e-05,0.0,301.5357090355993
Residual PPO,0.0,1042,-1.463887333869934,-0.25558269023895264,0.3728010952472687,True,0.4538705144520529,0.019265359463827302,1.5576238632202148,0.00613022455945611,2.076398959616199e-05,0.7925,4.15,0.006130218505859375,0.4925,3.403717664505661e-05,0.0,232.99787833732668
Residual PPO,0.0,1043,-1.7490100860595703,-0.7958716750144958,0.31946444511413574,True,0.5642242312306405,0.02418181575516368,1.9551773071289062,0.004192560911178589,2.1603709683404304e-05,0.7725,4.55,0.0041866302490234375,0.4425,4.1297096564714376e-05,0.0,204.0790812916677
Residual PPO,0.0,1044,-1.981444239616394,0.7169352173805237,0.20961801707744598,True,0.5992311773346443,0.018117617869650497,2.121452808380127,0.0007362143369391561,1.5542596884188242e-05,0.7675,4.65,0.00012683868408203125,0.1625,4.17519984236536e-05,0.0,198.1501490596846
Residual PPO,0.0,1045,-0.7272861003875732,-0.39523494243621826,0.4158290922641754,True,0.24043115399796006,0.011921353391011077,0.8941770792007446,0.00768606411293149,1.370856352878036e-05,0.8475,3.0500000000000003,0.007683753967285156,0.5625,3.649918588009959e-05,0.0,294.3983458600705
Residual PPO,0.0,1046,-1.868130087852478,0.6265861392021179,0.39649125933647156,True,0.6311998971918823,0.028130668007809233,2.037029266357422,0.006969756912440062,2.7617479645414278e-05,0.755,4.9,0.006968975067138672,0.4725,3.281732084238274e-05,0.0,180.88837790351874
Residual PPO,0.0,1047,-1.1699552536010742,-0.14992530643939972,0.29876548051834106,True,0.3337308119945226,0.012694326551904628,1.2259840965270996,0.0034499196335673332,1.4883230505802203e-05,0.82,3.6,0.0034356117248535156,0.4775,3.5811656117711357e-05,0.0,268.4623702919447
Residual PPO,0.0,1048,-0.9076822996139526,-0.7630760073661804,0.4824531674385071,True,0.34747291233635924,0.017993744415479185,1.2431679964065552,0.010012884624302387,1.3787170246359892e-05,0.81,3.8000000000000003,0.010003089904785156,0.55,3.5336851168993315e-05,0.0,258.42966622110947
Residual PPO,0.0,1049,-1.6127384901046753,0.09402617067098618,0.43331217765808105,True,0.5319633190981956,0.025200750546482683,1.7216302156448364,0.008279870264232159,2.606411544547882e-05,0.77,4.6000000000000005,0.008275985717773438,0.495,3.0216945008146517e-05,0.0,206.28255975975802
Residual PPO,0.0,1050,-1.2507070302963257,-0.40418457984924316,0.49881017208099365,True,0.4350987949909772,0.022915423569298713,1.4333502054214478,0.010547056794166565,2.5346645998070017e-05,0.7925,4.15,0.010535240173339844,0.5275,3.057906698571861e-05,0.0,233.27467195761022
Residual PPO,0.0,1051,-0.8433747291564941,-0.6024307608604431,0.2584548592567444,True,0.26431789598665983,0.011323736010086446,1.0516074895858765,0.0020110695622861385,1.1554316188266966e-05,0.8425,3.1500000000000004,0.0019488334655761719,0.445,3.847891277523341e-05,0.0,289.8834395844236
Residual PPO,0.0,1052,-1.577463150024414,-0.03658809885382652,0.32490968704223633,True,0.47278937412101474,0.01822258956072124,1.6356801986694336,0.004399011377245188,1.7068179658963345e-05,0.7875,4.25,0.00439453125,0.4675,3.500355629865137e-05,0.0,228.4833905197184
Residual PPO,0.0,1053,-0.7320424914360046,-0.38764455914497375,0.44851720333099365,True,0.24837136511232671,0.012827897806415344,0.9092598557472229,0.00884433463215828,1.0709512025641743e-05,0.845,3.1,0.008838653564453125,0.5675,3.602297896169558e-05,0.0,291.4608720369109
Residual PPO,0.0,1054,-1.9604523181915283,0.6108824014663696,0.3443475067615509,True,0.6391269523722567,0.025665367410665187,2.1031830310821533,0.005099654197692871,2.1521114831557497e-05,0.755,4.9,0.0050983428955078125,0.4525,3.4842045009373584e-05,0.0,181.11391696265878
Residual PPO,0.0,1055,-0.8035520911216736,-0.8197364807128906,0.37500709295272827,True,0.30623254200904976,0.014682528492291753,1.1733254194259644,0.006228003650903702,1.1947429811698385e-05,0.8225,3.5500000000000003,0.006227970123291016,0.53,4.8552763752444716e-05,0.0,272.62878947101234
Residual PPO,0.0,1056,-0.6173267960548401,-0.7547652125358582,0.33817118406295776,True,0.24839963371075557,0.011969814042201227,0.9910121560096741,0.004886659327894449,1.3843806300428696e-05,0.835,3.3000000000000003,0.0048847198486328125,0.5275,4.155719531887033e-05,0.0,288.43504476795994
Residual PPO,0.0,1057,-1.4013786315917969,-0.020997419953346252,0.2980625629425049,True,0.4056414251949154,0.014901214510826044,1.4497898817062378,0.003426517592743039,1.451965727028437e-05,0.8025,3.95,0.0034117698669433594,0.4625,3.6218528421756396e-05,0.0,248.06685990886766
Residual PPO,0.0,1058,-1.9344123601913452,-0.6835842132568359,0.34246277809143066,True,0.6312327945422812,0.028171992083940094,2.0965728759765625,0.0050116428174078465,3.0444767617154866e-05,0.7575,4.8500000000000005,0.005010128021240234,0.4425,3.878830176314311e-05,0.0,183.26370178394848
Residual PPO,0.0,1059,-1.3239208459854126,-0.34795770049095154,0.3298633396625519,True,0.3972665547553616,0.01607345279703411,1.4192335605621338,0.0045724413357675076,2.0310902982600965e-05,0.805,3.9000000000000004,0.004569053649902344,0.485,3.670670631421528e-05,0.0,249.80505215838778
Residual PPO,0.0,1060,-0.5232435464859009,-0.8263487219810486,0.4775193929672241,True,0.26284900479481216,0.01466824881713187,1.0047281980514526,0.009829203598201275,2.043063796008937e-05,0.825,3.5,0.009819984436035156,0.5775,3.732412776730269e-05,0.0,279.9767464171008
Residual PPO,0.0,1061,-1.0766786336898804,0.09924349933862686,0.28927016258239746,True,0.3013930974848205,0.010866858555503244,1.1258193254470825,0.0031151194125413895,9.97618099063402e-06,0.8275,3.45,0.0030946731567382812,0.4825,3.347654478184428e-05,0.0,277.92627567313133
Residual PPO,0.0,1062,-1.020176649093628,-0.6513675451278687,0.4292861223220825,True,0.35277911145896823,0.016931326091073576,1.2664623260498047,0.00814889743924141,2.018787563429214e-05,0.815,3.7,0.008145332336425781,0.535,3.5991819854898124e-05,0.0,260.37348492757474
Residual PPO,0.0,1063,-0.5567145943641663,0.6067063212394714,0.2895512878894806,True,0.20013959660225067,0.007652668965820275,0.8364686965942383,0.003128601238131523,7.544506388512673e-06,0.87,2.6,0.003108501434326172,0.5575,2.8332744215739333e-05,0.0,312.8787578922906
Residual PPO,0.0,1064,-1.6129041910171509,-0.13716638088226318,0.24278511106967926,True,0.46044632617698633,0.0160682424018262,1.6486083269119263,0.0014716737205162644,1.713128949631937e-05,0.79,4.2,0.0013566017150878906,0.3725,3.937202904948977e-05,0.0,233.23643526106466
Residual PPO,0.0,1065,-0.5033138990402222,-0.5932050347328186,0.453745573759079,True,0.21397964609101167,0.012054306622598569,0.8157080411911011,0.009028063155710697,1.0082629160024226e-05,0.845,3.1,0.009021759033203125,0.5825,3.3628060835625936e-05,0.0,297.2607645409345
Residual PPO,0.0,1066,-1.3762075901031494,0.32575497031211853,0.20805609226226807,True,0.3826971067691743,0.011865431729007126,1.4330849647521973,0.000734869041480124,1.1166843250975944e-05,0.8075,3.85,7.677078247070312e-05,0.1475,3.8107779772249015e-05,0.0,255.95219584745618
Residual PPO,0.0,1067,-0.6176835894584656,0.9055254459381104,0.20151829719543457,True,0.2591376777732632,0.010138627777414809,1.0992552042007446,0.0007733528036624193,1.1462875590950716e-06,0.84,3.2,0.0,0.0,3.2689480385506126e-05,0.0,290.51496525529353
Residual PPO,0.0,1068,-0.7787961959838867,0.5352519750595093,0.25048118829727173,True,0.23579704700982537,0.008046532473021792,0.9600626230239868,0.0017451985040679574,7.235290468088351e-06,0.855,2.9000000000000004,0.0016617774963378906,0.4775,3.756290731543538e-05,0.0,301.52998027733287
Residual PPO,0.0,1069,-0.5076419115066528,0.8446078896522522,0.24751581251621246,True,0.23335675295129105,0.009373721224410306,0.9901279211044312,0.0016481367638334632,4.902690307062585e-06,0.845,3.1,0.0015549659729003906,0.5275,2.910429226948647e-05,0.0,296.686411649147
Residual PPO,0.0,1070,-1.6644020080566406,0.9533751606941223,0.22921264171600342,True,0.5262418514637517,0.016609590425489342,1.9316902160644531,0.001065391581505537,1.434242949471809e-05,0.785,4.3,0.0008563995361328125,0.35,4.268900306333236e-05,0.0,219.79367022787642
Residual PPO,0.0,1071,-1.6379417181015015,0.7469041347503662,0.26974478363990784,True,0.5082069159465077,0.01675522460377925,1.8231765031814575,0.0024014052469283342,1.6636220607324503e-05,0.785,4.3,0.0023593902587890625,0.43,3.89685460777351e-05,0.0,222.41797325047972
Residual PPO,0.0,1072,-1.22187077999115,0.3675197660923004,0.4661308228969574,True,0.40939697882487186,0.0188894508659387,1.3832852840423584,0.009428090415894985,2.451166983519215e-05,0.8,4.0,0.009420394897460938,0.535,2.9084720417995155e-05,0.0,243.0454833035499
Residual PPO,0.0,1073,-1.5133368968963623,0.8512749075889587,0.3800120949745178,True,0.5137246299077144,0.02030070553813928,1.7803895473480225,0.006397361401468515,1.7574249795870855e-05,0.785,4.3,0.006397247314453125,0.5025,3.4934509936211815e-05,0.0,219.01726307080023
Residual PPO,0.0,1074,-0.5001789927482605,-0.2884053587913513,0.4962819218635559,True,0.1845224327364672,0.01162498675628628,0.6843822598457336,0.01050298847258091,5.358542694011703e-06,0.8625,2.75,0.010491371154785156,0.6,2.9898829235820588e-05,0.0,309.2044301296687
Residual PPO,0.0,1075,-0.8189709782600403,0.9466501474380493,0.23914383351802826,True,0.30818531524242876,0.011324567891484068,1.2590471506118774,0.001376754604279995,4.068169346282957e-06,0.835,3.3000000000000003,0.0012459754943847656,0.465,3.909217450142252e-05,0.0,280.08683935292413
Residual PPO,0.0,1076,-1.445397138595581,-0.562984049320221,0.45283621549606323,True,0.4946329771632078,0.024718053262355745,1.6364034414291382,0.008953460492193699,3.052285319427028e-05,0.7825,4.3500000000000005,0.008947372436523438,0.505,3.3410741806122036e-05,0.0,218.4600182368013
Residual PPO,0.0,1077,-0.6151338219642639,-0.8893533945083618,0.2694230377674103,True,0.26602856595788826,0.012759940987258243,1.088533878326416,0.0023983505088835955,1.127683117374545e-05,0.8275,3.45,0.0023565292358398438,0.46,4.479828535139595e-05,0.0,282.67122404353415
Residual PPO,0.0,1078,-0.6580581068992615,-0.6858707666397095,0.23459486663341522,True,0.23145256818143542,0.010550663121833871,0.9584092497825623,0.0012264832621440291,9.470153599977493e-06,0.845,3.1,0.0010662078857421875,0.4,4.526311173066411e-05,0.0,296.5255630784778
Residual PPO,0.0,1079,-0.5874135494232178,0.8651593327522278,0.4896434247493744,True,0.28283951879752917,0.014003831543328385,1.076871633529663,0.01028369553387165,2.725627382460516e-06,0.83,3.4000000000000004,0.010272979736328125,0.61,3.1174247568128626e-05,0.0,279.16622849161814
Residual PPO,0.0,1080,-0.6397119164466858,0.7102972865104675,0.367546945810318,True,0.24638023380063617,0.010183931893659081,0.9783483743667603,0.005969057325273752,6.328351446427405e-06,0.85,3.0,0.005969047546386719,0.585,3.0383576828883826e-05,0.0,295.72843267253137
Residual PPO,0.0,1081,-1.3320256471633911,0.8601993322372437,0.3006768822669983,True,0.43536777907451796,0.015148978886971292,1.6089626550674438,0.003529487643390894,1.018291095533641e-05,0.805,3.9000000000000004,0.0035161972045898438,0.4825,3.811847610986586e-05,0.0,244.12963818702926
Residual PPO,0.0,1082,-0.9581221342086792,-0.30673766136169434,0.3117980659008026,True,0.2785293839427279,0.011386706070132719,1.0490784645080566,0.003936902619898319,8.711430382390972e-06,0.835,3.3000000000000003,0.003928661346435547,0.5025,3.5648655503220377e-05,0.0,284.21273095709546
Residual PPO,0.0,1083,-1.3940625190734863,0.6289385557174683,0.21643398702144623,True,0.4100757296212966,0.012609317356937452,1.543319821357727,0.000793584855273366,1.0664884030120447e-05,0.805,3.9000000000000004,0.0003886222839355469,0.295,3.9200649923262924e-05,0.0,249.9665178433002
Residual PPO,0.0,1084,-0.7371216416358948,-0.8951173424720764,0.4071005880832672,True,0.3095086411696729,0.01549598114949029,1.1846938133239746,0.007363000884652138,1.9573710233089514e-05,0.8175,3.6500000000000004,0.007361412048339844,0.5425,4.517087680510526e-05,0.0,269.5004549043191
Residual PPO,0.0,1085,-0.7224554419517517,-0.08529454469680786,0.4138740301132202,True,0.22112040504356356,0.010674087333313716,0.8224303722381592,0.007619136944413185,1.2533023436844815e-05,0.8525,2.95,0.007616996765136719,0.57,3.308123923076411e-05,0.0,300.34682537814047
Residual PPO,0.0,1086,-0.7490203976631165,-0.7008727788925171,0.4387705326080322,True,0.28672479468240464,0.014609170942935875,1.0677448511123657,0.008498967625200748,1.2496888302848674e-05,0.825,3.5,0.008494377136230469,0.5575,4.1397878912850245e-05,0.0,276.3758483497981
Residual PPO,0.0,1087,-1.2718281745910645,-0.8616007566452026,0.3274095356464386,True,0.42493704430554297,0.018652247674637173,1.5632307529449463,0.004493757151067257,1.5187599274213426e-05,0.8025,3.95,0.004489898681640625,0.4775,4.246378542188567e-05,0.0,243.3451223678544
Residual PPO,0.0,1088,-1.148199200630188,-0.9221230149269104,0.4605681300163269,True,0.43281158815292475,0.021765235430448764,1.5241628885269165,0.009238620288670063,2.279863110743463e-05,0.7925,4.15,0.0092315673828125,0.525,3.818985577626299e-05,0.0,235.44550146261275
Residual PPO,0.0,1089,-1.8535881042480469,0.5890284776687622,0.37915652990341187,True,0.6145689079131534,0.026189427839675785,2.0068397521972656,0.0063577559776604176,2.2602975150221027e-05,0.76,4.800000000000001,0.006357669830322266,0.47,3.324971844169496e-05,0.0,187.1213236672172
Residual PPO,0.0,1090,-0.9845758080482483,-0.6573527455329895,0.30003631114959717,True,0.31506368838905574,0.01355310322599208,1.2067850828170776,0.0035006410907953978,1.2649662494368386e-05,0.83,3.4000000000000004,0.003487110137939453,0.4825,3.838658869140726e-05,0.0,275.23971463916416
Residual PPO,0.0,1091,-1.8845704793930054,-0.6914018392562866,0.36124923825263977,True,0.6221154834026604,0.028546929104281443,2.057251453399658,0.005690254736691713,3.2085401471704245e-05,0.76,4.800000000000001,0.005690097808837891,0.4525,3.796698779398286e-05,0.0,185.59516112520785
Residual PPO,0.0,1092,-1.9696727991104126,-0.2278679758310318,0.31251582503318787,True,0.611755430678597,0.02473466354453025,2.033517599105835,0.003925046883523464,2.8546592147904448e-05,0.76,4.800000000000001,0.003916740417480469,0.43,3.6343297629925216e-05,0.0,189.18321742105775
Residual PPO,0.0,1093,-0.8791002631187439,0.07968070358037949,0.43002596497535706,True,0.2733713639627044,0.012566205694530234,0.9867653250694275,0.008186180144548416,1.3415681678452529e-05,0.835,3.3000000000000003,0.008182525634765625,0.56,3.1737454106314425e-05,0.0,283.7557453796651
Residual PPO,0.0,1094,-0.9031349420547485,-0.5643354058265686,0.2514164447784424,True,0.27373230040646773,0.011451329402071796,1.0811164379119873,0.001767573761753738,1.1913247362826951e-05,0.8425,3.1500000000000004,0.0016865730285644531,0.43,3.667226943481451e-05,0.0,288.356199820798
Residual PPO,0.0,1095,-1.3096781969070435,-0.4019305408000946,0.2943161725997925,True,0.38648790216027623,0.015200190236059041,1.4065625667572021,0.0032928581349551678,1.3300422324391548e-05,0.8075,3.85,0.0032758712768554688,0.46,3.8473502931561776e-05,0.0,253.34770178693518
Residual PPO,0.0,1096,-0.5565752387046814,0.7886120080947876,0.27283963561058044,True,0.23160293550562783,0.00905175082924043,0.972832441329956,0.0025395737029612064,1.7456519572078832e-06,0.85,3.0,0.002502918243408203,0.55,2.9352715205156583e-05,0.0,299.1062111893932
Residual PPO,0.0,1097,-1.3080552816390991,0.037033263593912125,0.27344202995300293,True,0.3694741957288935,0.013029132003169552,1.3485984802246094,0.0025473684072494507,9.136680091614835e-06,0.81,3.8000000000000003,0.0025110244750976562,0.4475,3.6589826803305946e-05,0.0,258.3786296049201
Residual PPO,0.0,1098,-1.2224541902542114,-0.25077617168426514,0.4742331802845001,True,0.4075301196709038,0.02020401777274874,1.3670852184295654,0.009726636111736298,1.5817760868230835e-05,0.8,4.0,0.009717941284179688,0.53,3.0371806321341328e-05,0.0,242.68270274601048
Residual PPO,0.0,1099,-1.9130916595458984,0.09447009861469269,0.36984628438949585,True,0.6162301872407062,0.026998098715139876,1.9915422201156616,0.006012442987412214,2.6932717446470633e-05,0.7575,4.8500000000000005,0.006012439727783203,0.46,3.272396384759655e-05,0.0,185.5021501376445
PD+FF,0.25,1000,-1.2179213762283325,0.20768369734287262,0.34128254652023315,True,0.36751407631840555,0.019040382717971968,1.2960880994796753,4.780737071996555e-06,2.633407120811171e-06,0.7875,4.25,0.0,0.0,1.4102362106380584e-05,0.01705003507435322,247.28519913774048
PD+FF,0.25,1001,-1.0811076164245605,-0.9685990810394287,0.25630688667297363,True,0.3806691352416873,0.01799082661238403,1.4634742736816406,1.1096350135630928e-05,6.01579449721612e-06,0.7925,4.15,0.0,0.0,1.7235436333239173e-05,0.01454621434211731,248.18045129463974
PD+FF,0.25,1002,-1.428768277168274,-0.28562131524086,0.4242836833000183,True,0.46611839881996797,0.027146122640929804,1.550730586051941,2.8997903882554965e-06,1.6423518900410272e-06,0.7625,4.75,0.0,0.0,1.271388846321125e-05,0.020677920654416083,216.93780170468008
PD+FF,0.25,1003,-1.7183640003204346,-0.48658838868141174,0.34840381145477295,True,0.5462998412612048,0.03149667500345098,1.8397666215896606,9.570665497449227e-06,5.393390438257484e-06,0.75,5.0,0.0,0.0,1.745815429631877e-05,0.023381526470184325,197.13261183832662
PD+FF,0.25,1004,-1.998679280281067,-0.7396973967552185,0.24154320359230042,True,0.6165692233371806,0.033840645435867886,2.1510043144226074,1.2460261132218875e-05,6.834894975327188e-06,0.745,5.1000000000000005,0.0,0.0,2.5175796826076135e-05,0.025895942598581315,183.14506725799845
PD+FF,0.25,1005,-1.8766711950302124,0.8611240983009338,0.28618520498275757,True,0.6013305824957497,0.03323556961564005,2.0905823707580566,1.1538749276951421e-05,6.459189535235055e-06,0.7475,5.050000000000001,0.0,0.0,2.4229983807313912e-05,0.02474132224917412,186.71463771481567
PD+FF,0.25,1006,-1.4946178197860718,0.20171388983726501,0.28934937715530396,True,0.44012638787632746,0.022895641091075093,1.55106520652771,2.8804236080759438e-06,1.4491118918158463e-06,0.775,4.5,2.86102294921875e-06,0.06,1.831486533131346e-05,0.019995138123631476,228.9853856841002
PD+FF,0.25,1007,-1.8931626081466675,0.6319606900215149,0.39287856221199036,True,0.6393702568896886,0.04263636900774613,2.0596446990966797,1.1555064247659175e-06,1.7399993339495268e-06,0.73,5.4,0.0,0.0,1.667500270640922e-05,0.02607965551316738,168.17975721169364
PD+FF,0.25,1008,-1.749120831489563,0.6261014938354492,0.26522985100746155,True,0.5338143818220812,0.028196649433533668,1.883102536201477,1.4126487712928792e-06,7.521780389652122e-07,0.76,4.800000000000001,9.5367431640625e-07,0.035,2.2296693882708542e-05,0.022968873418867587,205.3037188890347
PD+FF,0.25,1009,-1.9152493476867676,-0.3461688160896301,0.2149554342031479,True,0.558979584629264,0.029643574761691507,1.9669716358184814,8.602158231951762e-06,4.591865490510827e-06,0.755,4.9,0.0,0.0,2.3015656210592655e-05,0.024668213911354542,198.77272500799407
PD+FF,0.25,1010,-1.8575115203857422,0.07161146402359009,0.4753030240535736,True,0.658031329432887,0.05424800606488883,1.9878501892089844,2.7656809834297746e-05,1.4752377865079325e-05,0.71,5.800000000000001,0.0,0.0,1.0274250028397817e-05,0.026751289293169975,152.0078048795698
PD+FF,0.25,1011,-1.57381272315979,0.12664707005023956,0.26378002762794495,True,0.4568057874222779,0.023689690143573177,1.6153228282928467,2.0954628610070358e-07,1.879498654488998e-07,0.7725,4.55,0.0,0.0,1.926234359766999e-05,0.020765808559954167,225.03439587281906
PD+FF,0.25,1012,-1.5405192375183105,0.561293363571167,0.2715309262275696,True,0.46573062400752546,0.02388366677375646,1.666833758354187,4.391210495668929e-06,2.469920218572952e-06,0.7725,4.55,0.0,0.0,2.1080603623758025e-05,0.020412489250302316,223.4029830518853
PD+FF,0.25,1013,-0.8082606196403503,-0.8420410752296448,0.401797890663147,True,0.3215029481145763,0.01567492182685956,1.1965051889419556,1.3428699276119005e-05,7.398912202916108e-06,0.8025,3.95,0.0,0.0,1.4111828367109776e-05,0.012627206370234489,262.1910908506885
PD+FF,0.25,1014,-1.3467140197753906,0.1714046150445938,0.4693894386291504,True,0.4527829771024475,0.027572892676678135,1.4799885749816895,2.7658008548314683e-05,1.4723660569870844e-05,0.76,4.800000000000001,0.0,0.0,1.0536211118272348e-05,0.020281513631343843,217.64372199778256
PD+FF,0.25,1015,-1.4601455926895142,0.21413566172122955,0.39239153265953064,True,0.46242634842402563,0.026095741612997467,1.55828058719635,1.473734528190107e-06,9.55982045525161e-07,0.765,4.7,0.0,0.0,1.392942227731281e-05,0.020661024004220964,219.28026169570487
PD+FF,0.25,1016,-1.6580126285552979,-0.11461202055215836,0.3060871958732605,True,0.4975496407786519,0.027031689891827027,1.7124022245407104,1.3829577255819459e-05,7.481538432330126e-06,0.7625,4.75,0.0,0.0,1.7355003751248534e-05,0.022194867320358753,212.62836702613168
PD+FF,0.25,1017,-0.62247234582901,0.6426637768745422,0.4917738139629364,True,0.26399260662132623,0.013372698339013743,0.9481059908866882,7.704268682573456e-06,4.208629434288014e-06,0.815,3.7,0.0,0.0,1.1677234748361187e-05,0.01156458467245102,277.02620941377427
PD+FF,0.25,1018,-1.1090368032455444,-0.0900818482041359,0.4614541530609131,True,0.363704220764499,0.020122289783293418,1.2331901788711548,5.7239867601310834e-06,2.9224559057183797e-06,0.785,4.3,5.7220458984375e-06,0.08,1.3539670224116471e-05,0.01719632387161255,245.85752570471885
PD+FF,0.25,1019,-1.674609661102295,-0.20800989866256714,0.34006524085998535,True,0.5177042216707026,0.02931628801324974,1.7487627267837524,1.93815117199847e-06,7.540217552559625e-07,0.755,4.9,1.9073486328125e-06,0.04,1.617554975265422e-05,0.022745533138513564,205.00386927894772
PD+FF,0.25,1020,-1.1319496631622314,-0.4326494336128235,0.2227078378200531,True,0.3267624340003019,0.01569503347155973,1.229933738708496,7.662903954042122e-06,4.1129833334707655e-06,0.8025,3.95,0.0,0.0,1.211944478937111e-05,0.014930324368178845,261.79563711906314
PD+FF,0.25,1021,-1.4384177923202515,-0.8382971882820129,0.49743902683258057,True,0.5374259573110718,0.03503549064402006,1.7444658279418945,6.827436209277948e-06,3.7689194414269878e-06,0.7425,5.15,0.0,0.0,1.459749588111993e-05,0.0218524694442749,192.8886678589596
PD+FF,0.25,1022,-1.999210000038147,0.8368335366249084,0.37694433331489563,True,0.6844619593822923,0.04600090776688846,2.2178151607513428,3.1978361221263185e-06,1.0262700698149274e-06,0.7225,5.550000000000001,2.86102294921875e-06,0.015,1.959172775488793e-05,0.027215829342603682,156.2564418868195
PD+FF,0.25,1023,-1.4916963577270508,0.8117974996566772,0.4728805720806122,True,0.542324078765051,0.034504332896143554,1.7726458311080933,2.6738571250461973e-05,1.4247929357225075e-05,0.745,5.1000000000000005,0.0,0.0,1.5214607492167326e-05,0.02214375674724579,193.49097719903799
PD+FF,0.25,1024,-1.51630699634552,-0.48329436779022217,0.3110935389995575,True,0.4642402651496037,0.02433345468746347,1.6318936347961426,1.4327447388495784e-05,7.679243026359472e-06,0.77,4.6000000000000005,0.0,0.0,1.954254540251603e-05,0.020470556505024433,222.25776276813082
PD+FF,0.25,1025,-0.7683239579200745,0.258014976978302,0.24864348769187927,True,0.2200232296216754,0.010403316648986659,0.8374536037445068,2.892697466450045e-06,1.5777418411744293e-06,0.8325,3.35,0.0,0.0,6.491859335593916e-06,0.010574119687080384,293.22461290563103
PD+FF,0.25,1026,-1.7438942193984985,0.19023452699184418,0.2583710551261902,True,0.5116593226234415,0.02715645196273077,1.7883341312408447,2.8782849312847247e-06,1.683141931607679e-06,0.7625,4.75,0.0,0.0,1.983028918885024e-05,0.02284770354628563,210.5033272585384
PD+FF,0.25,1027,-1.9580382108688354,0.12429128587245941,0.36954861879348755,True,0.6360608454017119,0.042314381748190064,2.037304639816284,6.202293207024923e-06,4.591772722051246e-06,0.73,5.4,0.0,0.0,1.478817389222002e-05,0.02661376938223839,169.20717119685506
PD+FF,0.25,1028,-0.7757433652877808,-0.22796711325645447,0.4025936424732208,True,0.24951227313905625,0.01276678234601071,0.8900615572929382,5.7344641390955076e-06,3.140155740766204e-06,0.8175,3.6500000000000004,0.0,0.0,8.781479412190428e-06,0.012230869308114052,280.90840665941204
PD+FF,0.25,1029,-0.7448340058326721,0.6458722352981567,0.214758962392807,True,0.24954763365943378,0.011370784375013857,0.9937342405319214,1.7907170786202187e-06,1.0979177886838443e-06,0.825,3.5,0.0,0.0,8.567145342711946e-06,0.010036704726517201,285.22591596779034
PD+FF,0.25,1030,-1.6447029113769531,-0.9496257901191711,0.4438457489013672,True,0.5964189570789653,0.03823256649510468,1.9597967863082886,1.905066596918914e-06,1.8082631640936597e-06,0.7375,5.25,0.0,0.0,1.8188758003975657e-05,0.023639217764139176,180.04019794700392
PD+FF,0.25,1031,-0.9611496329307556,0.9009804725646973,0.39864641427993774,True,0.3671417795925477,0.01819460211947711,1.349510669708252,4.118763627047883e-06,2.347774852751172e-06,0.7925,4.15,0.0,0.0,1.6868526518375606e-05,0.014498080909252167,249.6679910640536
PD+FF,0.25,1032,-0.6833899617195129,-0.5306191444396973,0.49894750118255615,True,0.2679414944245775,0.013956525318042916,0.9430583715438843,3.914422904927051e-06,2.1731807464675512e-06,0.81,3.8000000000000003,0.0,0.0,1.1558575525634615e-05,0.012438015267252921,274.00647107787813
PD+FF,0.25,1033,-0.7577928304672241,0.7459949851036072,0.4761985242366791,True,0.30921272272433453,0.015675263452639518,1.1115587949752808,1.9114922906737775e-05,1.0259347618557513e-05,0.8025,3.95,0.0,0.0,1.3971577743648533e-05,0.01301783338189125,263.76550270287237
PD+FF,0.25,1034,-0.5296080112457275,-0.6777904629707336,0.22327283024787903,True,0.21266038290448364,0.009525880412103668,0.8656488060951233,6.771302651031874e-06,3.661668642962468e-06,0.84,3.2,0.0,0.0,6.844767110661644e-06,0.00740520678460598,297.95611167476574
PD+FF,0.25,1035,-1.5201642513275146,-0.23973245918750763,0.436818927526474,True,0.5039274733012175,0.031185901674410273,1.6417313814163208,1.7170719729620032e-05,9.153446626442019e-06,0.7525,4.95,0.0,0.0,1.2090201439469293e-05,0.021985558047890662,204.71808142955922
PD+FF,0.25,1036,-1.558912754058838,0.6018440127372742,0.34900519251823425,True,0.49779477185697046,0.027130636603823505,1.7174593210220337,8.641094609629363e-06,4.789011654793285e-06,0.7625,4.75,0.0,0.0,1.8075324317206207e-05,0.021394738405942918,212.21307494449536
PD+FF,0.25,1037,-1.5164998769760132,-0.3818822205066681,0.38270920515060425,True,0.48406222640727065,0.02735240667063405,1.634413719177246,6.231002316781087e-06,3.514292302497779e-06,0.7625,4.75,0.0,0.0,1.4970882724456428e-05,0.021250893473625184,214.15086192200206
PD+FF,0.25,1038,-1.5098652839660645,-0.8029577136039734,0.31811848282814026,True,0.4883612982570999,0.025311865579622624,1.7405405044555664,3.6059129797649803e-06,2.1024272882641526e-06,0.7675,4.65,0.0,0.0,2.2380681568493846e-05,0.02045545890927315,216.8990022003101
PD+FF,0.25,1039,-0.6960156559944153,-0.0387578122317791,0.3661683201789856,True,0.21294362359801064,0.010686691109515265,0.7715537548065186,1.430525844625663e-05,7.629523679497652e-06,0.83,3.4000000000000004,0.0,0.0,6.794391481162519e-06,0.010798808783292771,292.8791200582247
PD+FF,0.25,1040,-0.7547146081924438,0.5635512471199036,0.4134989380836487,True,0.2729276843746219,0.013628687828732321,0.9907193183898926,3.927415036741877e-06,4.2517649490037e-06,0.8125,3.75,0.0,0.0,1.078894312999563e-05,0.012111565321683884,274.74726254751914
PD+FF,0.25,1041,-0.6478168964385986,-0.19675222039222717,0.46515655517578125,True,0.22428619467060612,0.011796794058825779,0.7893752455711365,9.542297448206227e-06,5.190515366848558e-06,0.8225,3.5500000000000003,0.0,0.0,8.46958676578611e-06,0.011484087705612182,287.1445360825542
PD+FF,0.25,1042,-1.463887333869934,-0.25558269023895264,0.3728010952472687,True,0.4574976902348581,0.025225470238256727,1.5582116842269897,5.262227659841301e-06,2.9353118407016154e-06,0.7675,4.65,0.0,0.0,1.5404007139870486e-05,0.020475473403930664,221.61811369018844
PD+FF,0.25,1043,-1.7490100860595703,-0.7958716750144958,0.31946444511413574,True,0.565369723404496,0.0312927269743027,1.9552130699157715,1.6535772147108219e-06,1.254516632798186e-06,0.7525,4.95,0.0,0.0,2.1669156525150296e-05,0.023457536175847053,195.33228236694913
PD+FF,0.25,1044,-1.981444239616394,0.7169352173805237,0.20961801707744598,True,0.5977915483528273,0.031710114304425,2.121433973312378,5.381770279200282e-06,3.1956574275682215e-06,0.75,5.0,0.0,0.0,2.6389245727441837e-05,0.025459026247262956,189.45279718998916
PD+FF,0.25,1045,-0.7272861003875732,-0.39523494243621826,0.4158290922641754,True,0.2495216455319378,0.012638501910914325,0.8958573341369629,2.016338612520485e-06,7.489369409086066e-07,0.8175,3.6500000000000004,1.9073486328125e-06,0.015,9.261803605343913e-06,0.01179902471601963,280.9163033600208
PD+FF,0.25,1046,-1.868130087852478,0.6265861392021179,0.39649125933647156,True,0.6313776835487716,0.041909081716223096,2.0355865955352783,3.954717612941749e-06,3.2407847356807906e-06,0.73,5.4,0.0,0.0,1.6545468845741566e-05,0.02580968342721462,169.81412642927307
PD+FF,0.25,1047,-1.1699552536010742,-0.14992530643939972,0.29876548051834106,True,0.34102685259995436,0.017211043478872125,1.2263280153274536,9.063301149581093e-06,4.89060676045483e-06,0.795,4.1000000000000005,0.0,0.0,1.2438519597732638e-05,0.016025527082383632,255.57184517401166
PD+FF,0.25,1048,-0.9076822996139526,-0.7630760073661804,0.4824531674385071,True,0.3523238605005633,0.01832193987523569,1.2434015274047852,4.026666829304304e-06,2.1064727206976386e-06,0.79,4.2,3.814697265625e-06,0.0925,1.6342068154289897e-05,0.014984441995620728,250.49270134046242
PD+FF,0.25,1049,-1.6127384901046753,0.09402617067098618,0.43331217765808105,True,0.534869999577141,0.03440876936307897,1.7213184833526611,1.2398742001096252e-05,6.6765915107680485e-06,0.745,5.1000000000000005,0.0,0.0,1.1900181719130142e-05,0.023096250966191292,195.17927126338338
PD+FF,0.25,1050,-1.2507070302963257,-0.40418457984924316,0.49881017208099365,True,0.43872836830236117,0.026777110692486096,1.4343445301055908,1.051171147992136e-05,5.681399215973215e-06,0.7625,4.75,0.0,0.0,1.0959219670517046e-05,0.019527674242854117,221.0604770026277
PD+FF,0.25,1051,-0.8433747291564941,-0.6024307608604431,0.2584548592567444,True,0.27277138635247045,0.01278041639546776,1.0519108772277832,6.750310603820253e-06,3.7015138332208153e-06,0.8175,3.6500000000000004,0.0,0.0,9.793836424029362e-06,0.01159221351146698,277.73026211846866
PD+FF,0.25,1052,-1.577463150024414,-0.03658809885382652,0.32490968704223633,True,0.4758749663798,0.025816083027178655,1.635761022567749,1.4317918157757958e-06,8.950546543928795e-07,0.765,4.7,0.0,0.0,1.6638159889326485e-05,0.0213700570166111,217.66239937035394
PD+FF,0.25,1053,-0.7320424914360046,-0.38764455914497375,0.44851720333099365,True,0.2571898931304715,0.013287573033885298,0.9109001755714417,1.1492911653476767e-06,7.436964892804099e-07,0.815,3.7,0.0,0.0,9.952021844477125e-06,0.01229758620262146,278.2430815805517
PD+FF,0.25,1054,-1.9604523181915283,0.6108824014663696,0.3443475067615509,True,0.6391230991379513,0.04007705344904355,2.102090835571289,2.5913252557074884e-06,7.13998929313675e-07,0.7325,5.3500000000000005,2.384185791015625e-06,0.02,1.875868934840793e-05,0.026363962888717653,170.72740305723613
PD+FF,0.25,1055,-0.8035520911216736,-0.8197364807128906,0.37500709295272827,True,0.3122875522188722,0.015059008455762798,1.1733254194259644,1.4752959032193758e-06,9.844927717495011e-07,0.805,3.9000000000000004,4.76837158203125e-07,0.095,1.3286003060159247e-05,0.012247363030910492,265.0598872067557
PD+FF,0.25,1056,-0.6173267960548401,-0.7547652125358582,0.33817118406295776,True,0.2552369682400613,0.011889629690695017,0.9910339117050171,9.149042853096034e-06,4.966781943949172e-06,0.8225,3.5500000000000003,0.0,0.0,9.833755366581539e-06,0.009509899467229844,282.82095385826864
PD+FF,0.25,1057,-1.4013786315917969,-0.020997419953346252,0.2980625629425049,True,0.4106045510882707,0.02126427134784976,1.4498296976089478,3.3380408694938524e-06,1.8479011032468406e-06,0.78,4.4,0.0,0.0,1.6343934467813187e-05,0.018911301530897616,236.51113642917412
PD+FF,0.25,1058,-1.9344123601913452,-0.6835842132568359,0.34246277809143066,True,0.632672470400877,0.038983349144505734,2.0967226028442383,9.131843398790807e-06,5.688225428457372e-06,0.735,5.300000000000001,0.0,0.0,1.9555827468010407e-05,0.026018957197666167,173.31782471882346
PD+FF,0.25,1059,-1.3239208459854126,-0.34795770049095154,0.3298633396625519,True,0.40261223359814224,0.020892847173764672,1.4200363159179688,1.1458564586064313e-05,6.181985099829035e-06,0.78,4.4,0.0,0.0,1.637626960359207e-05,0.018253887221217156,237.7817308685283
PD+FF,0.25,1060,-0.5232435464859009,-0.8263487219810486,0.4775193929672241,True,0.2680633052416831,0.01296302094043843,1.0048149824142456,2.1979694793117233e-05,1.172327665699413e-05,0.8175,3.6500000000000004,0.0,0.0,1.2289791397592662e-05,0.010105473026633262,277.83489493807616
PD+FF,0.25,1061,-1.0766786336898804,0.09924349933862686,0.28927016258239746,True,0.30981860858880705,0.01542538079519811,1.1256434917449951,2.8657314032898284e-06,1.6133486724356771e-06,0.8025,3.95,0.0,0.0,1.0722299671404036e-05,0.014770170710980891,264.4522180016932
PD+FF,0.25,1062,-1.020176649093628,-0.6513675451278687,0.4292861223220825,True,0.3585309189717498,0.018578203273773526,1.2669926881790161,6.763624242012156e-06,3.71318174074986e-06,0.79,4.2,0.0,0.0,1.5587651572897648e-05,0.015636697188019754,249.559513166358
PD+FF,0.25,1063,-0.5567145943641663,0.6067063212394714,0.2895512878894806,True,0.21258344558498113,0.009770341312794174,0.8366606831550598,1.2438679732440505e-05,6.682578259642469e-06,0.8375,3.25,0.0,0.0,7.105359191795119e-06,0.00827357929199934,296.67932651894694
PD+FF,0.25,1064,-1.6129041910171509,-0.13716638088226318,0.24278511106967926,True,0.46372282597278625,0.023900069829894902,1.6487983465194702,8.109407644951716e-06,4.4135504140285775e-06,0.77,4.6000000000000005,0.0,0.0,1.986847782203002e-05,0.021083989292383195,222.89268733492653
PD+FF,0.25,1065,-0.5033138990402222,-0.5932050347328186,0.453745573759079,True,0.22160015171922695,0.010864265646689407,0.8171359896659851,9.8493342193251e-07,6.888183747832954e-07,0.83,3.4000000000000004,0.0,0.0,9.155985063885489e-06,0.009514162614941597,291.1828250046016
PD+FF,0.25,1066,-1.3762075901031494,0.32575497031211853,0.20805609226226807,True,0.38822894055119417,0.019095087606040357,1.432918667793274,2.444349775032606e-06,2.9740087938989745e-06,0.7875,4.25,0.0,0.0,1.548953560141991e-05,0.017883151434361935,244.38941305576628
PD+FF,0.25,1067,-0.6176835894584656,0.9055254459381104,0.20151829719543457,True,0.26935958552329947,0.0120465433175263,1.0992552042007446,1.8301830095879268e-06,1.2222773193570902e-06,0.8225,3.5500000000000003,1.1920928955078125e-06,0.0925,1.005367654071447e-05,0.00835627481341362,280.89912956243626
PD+FF,0.25,1068,-0.7787961959838867,0.5352519750595093,0.25048118829727173,True,0.2478546365934678,0.011546275440009232,0.9605105519294739,8.6286481746356e-06,4.6895570449123625e-06,0.825,3.5,0.0,0.0,8.33884106495629e-06,0.010720230415463447,285.2872631341744
PD+FF,0.25,1069,-0.5076419115066528,0.8446078896522522,0.24751581251621246,True,0.24323788373077634,0.01089713912880143,0.9901279211044312,7.296719559235498e-06,3.958215529564768e-06,0.83,3.4000000000000004,0.0,0.0,8.743982280352192e-06,0.007306730151176452,288.48982227417827
PD+FF,0.25,1070,-1.6644020080566406,0.9533751606941223,0.22921264171600342,True,0.5263608543900319,0.02643115007472466,1.9316902160644531,1.1563398402358871e-05,6.216560905158985e-06,0.765,4.7,0.0,0.0,2.7293722076075095e-05,0.021630724295973777,209.69118767709483
PD+FF,0.25,1071,-1.6379417181015015,0.7469041347503662,0.26974478363990784,True,0.5087967904614907,0.026221512631691462,1.8231141567230225,9.619566299079452e-06,5.258651071926579e-06,0.765,4.7,0.0,0.0,2.3514162977301223e-05,0.021616133190691472,212.35146346624913
PD+FF,0.25,1072,-1.22187077999115,0.3675197660923004,0.4661308228969574,True,0.412890702126172,0.023590459257180292,1.382021188735962,2.003639019676484e-05,1.070734015229391e-05,0.7725,4.55,0.0,0.0,1.32907148321565e-05,0.01867384009063244,231.07356145876025
PD+FF,0.25,1073,-1.5133368968963623,0.8512749075889587,0.3800120949745178,True,0.5143153587184658,0.028225040625026312,1.7801191806793213,3.210162958566798e-06,1.9760977920668665e-06,0.76,4.800000000000001,0.0,0.0,1.942704916918569e-05,0.02117910750210285,207.86173184096424
PD+FF,0.25,1074,-0.5001789927482605,-0.2884053587913513,0.4962819218635559,True,0.19417995964501994,0.010201730888453294,0.685926616191864,4.7921889745339286e-06,2.466091245878488e-06,0.835,3.3000000000000003,4.76837158203125e-06,0.1325,7.986628150975782e-06,0.010106642320752144,297.5783329057863
PD+FF,0.25,1075,-0.8189709782600403,0.9466501474380493,0.23914383351802826,True,0.3173544306858954,0.014525396773844124,1.2590471506118774,5.043536930315895e-06,2.818481789290672e-06,0.8075,3.85,0.0,0.0,1.3145849268181623e-05,0.011131149455904961,266.02471384574454
PD+FF,0.25,1076,-1.445397138595581,-0.562984049320221,0.45283621549606323,True,0.49750539539063643,0.030226528776388647,1.6369638442993164,1.8143826309824362e-05,9.737083928484935e-06,0.755,4.9,0.0,0.0,1.3498273495222595e-05,0.02127681367099285,207.0412804958052
PD+FF,0.25,1077,-0.6151338219642639,-0.8893533945083618,0.2694230377674103,True,0.2717914907682813,0.012329554229744548,1.088533878326416,5.007926120015327e-06,2.801565869958722e-06,0.82,3.6,0.0,0.0,1.0500986249605227e-05,0.00882816094905138,279.2432133123717
PD+FF,0.25,1078,-0.6580581068992615,-0.6858707666397095,0.23459486663341522,True,0.23960993913563464,0.01087694582407191,0.9584092497825623,4.9046225285565015e-06,2.698021944524953e-06,0.83,3.4000000000000004,0.0,0.0,8.233332158001132e-06,0.009088444449007511,289.01651715086155
PD+FF,0.25,1079,-0.5874135494232178,0.8651593327522278,0.4896434247493744,True,0.29039455862111474,0.014224581268256247,1.076871633529663,4.092778453923529e-06,2.19315347749216e-06,0.81,3.8000000000000003,3.814697265625e-06,0.1175,1.3693200268695947e-05,0.011093475073575974,270.6014982035752
PD+FF,0.25,1080,-0.6397119164466858,0.7102972865104675,0.367546945810318,True,0.256779806852899,0.012175341864043586,0.9784608483314514,4.454138434084598e-06,2.495383569112164e-06,0.82,3.6,0.0,0.0,1.0047061015827398e-05,0.010110861286520959,281.30748541727246
PD+FF,0.25,1081,-1.3320256471633911,0.8601993322372437,0.3006768822669983,True,0.43899797535122803,0.021915486451350167,1.6089626550674438,1.7548927644384094e-06,1.1827115713458625e-06,0.7775,4.45,0.0,0.0,2.065716437493206e-05,0.01806916419416666,230.6399084897337
PD+FF,0.25,1082,-0.9581221342086792,-0.30673766136169434,0.3117980659008026,True,0.28734483414671874,0.014209891092711402,1.0500010251998901,1.5178729881881736e-06,7.180138368312328e-07,0.81,3.8000000000000003,1.430511474609375e-06,0.09,9.961556356773485e-06,0.013499502874910831,271.51359730664626
PD+FF,0.25,1083,-1.3940625190734863,0.6289385557174683,0.21643398702144623,True,0.41457978745810337,0.020293186955782964,1.5433037281036377,4.417448508320376e-06,2.4211408344854135e-06,0.7825,4.3500000000000005,0.0,0.0,1.813265777606961e-05,0.018163484036922455,237.57189071294036
PD+FF,0.25,1084,-0.7371216416358948,-0.8951173424720764,0.4071005880832672,True,0.31476929453813,0.01516197313678905,1.1846938133239746,1.2493250324041583e-05,6.8785116127401125e-06,0.805,3.9000000000000004,0.0,0.0,1.399415070116717e-05,0.01180750347673893,264.5649921575863
PD+FF,0.25,1085,-0.7224554419517517,-0.08529454469680786,0.4138740301132202,True,0.2313344807927876,0.011931607019703298,0.8227095603942871,7.630699656147044e-06,4.1138846427202225e-06,0.8225,3.5500000000000003,0.0,0.0,8.011411858061998e-06,0.011713018491864204,286.18085894498495
PD+FF,0.25,1086,-0.7490203976631165,-0.7008727788925171,0.4387705326080322,True,0.2933235602167241,0.014620809913610236,1.0681613683700562,2.240347384940833e-06,1.2544500123112812e-06,0.8075,3.85,1.9073486328125e-06,0.1025,1.2542911501542643e-05,0.01237121194601059,268.97139102342135
PD+FF,0.25,1087,-1.2718281745910645,-0.8616007566452026,0.3274095356464386,True,0.428594033934798,0.021495381700250477,1.5632307529449463,1.757201061991509e-06,1.0943198276436306e-06,0.78,4.4,9.5367431640625e-07,0.065,2.0039688582336582e-05,0.01757640831172466,233.41207122889702
PD+FF,0.25,1088,-1.148199200630188,-0.9221230149269104,0.4605681300163269,True,0.43484386346290044,0.02309717953676997,1.5242040157318115,1.0610924618958961e-05,5.769401923316764e-06,0.775,4.5,0.0,0.0,1.962644114828519e-05,0.01767302118241787,228.9815709741979
PD+FF,0.25,1089,-1.8535881042480469,0.5890284776687622,0.37915652990341187,True,0.6149860827429889,0.03923054861935122,2.0054218769073486,2.5768979412532644e-06,7.406397912745888e-07,0.735,5.300000000000001,2.384185791015625e-06,0.0225,1.6923673809756208e-05,0.025421907529234886,175.88931011318138
PD+FF,0.25,1090,-0.9845758080482483,-0.6573527455329895,0.30003631114959717,True,0.3220860147511171,0.015556921058227613,1.206992506980896,4.429648924997309e-06,2.5027077299455414e-06,0.8025,3.95,0.0,0.0,1.275219718970717e-05,0.013719862140715123,262.40742676537553
PD+FF,0.25,1091,-1.8845704793930054,-0.6914018392562866,0.36124923825263977,True,0.623675962044212,0.038843992475758114,2.0573971271514893,1.0554123946349137e-05,6.428039796446683e-06,0.735,5.300000000000001,0.0,0.0,1.8744311366216632e-05,0.025596938878297806,174.74369325089984
PD+FF,0.25,1092,-1.9696727991104126,-0.2278679758310318,0.31251582503318787,True,0.6138725015131936,0.03709129285764233,2.0339183807373047,1.1926889783353545e-05,7.038205694698263e-06,0.74,5.2,0.0,0.0,1.7785909196157547e-05,0.026150794960558416,179.62440827791886
PD+FF,0.25,1093,-0.8791002631187439,0.07968070358037949,0.43002596497535706,True,0.28230251380009136,0.014890276901651778,0.9865254759788513,2.864058842533268e-06,1.4036894526725519e-06,0.805,3.9000000000000004,2.86102294921875e-06,0.0975,1.0338740808516654e-05,0.013882393762469292,269.5738983896295
PD+FF,0.25,1094,-0.9031349420547485,-0.5643354058265686,0.2514164447784424,True,0.2822044824250241,0.013301299157569032,1.0816045999526978,7.21347760190838e-06,3.928237674699631e-06,0.815,3.7,0.0,0.0,1.0141947194469827e-05,0.012282051742076874,274.98401121879573
PD+FF,0.25,1095,-1.3096781969070435,-0.4019305408000946,0.2943161725997925,True,0.39212073299507577,0.01990313020060613,1.4074310064315796,8.183080240087293e-07,5.835744900650752e-07,0.785,4.3,0.0,0.0,1.584725363958669e-05,0.017730148620903493,242.0756243004107
PD+FF,0.25,1096,-0.5565752387046814,0.7886120080947876,0.27283963561058044,True,0.24241009217618137,0.01097652873474214,0.972832441329956,1.4195728681443143e-06,9.834398042585235e-07,0.8275,3.45,0.0,0.0,8.778601536689759e-06,0.008124020397663117,287.5008193514279
PD+FF,0.25,1097,-1.3080552816390991,0.037033263593912125,0.27344202995300293,True,0.3755755366691619,0.019013316384691052,1.3485355377197266,2.861679149646079e-06,1.4311423228718922e-06,0.7875,4.25,2.86102294921875e-06,0.0725,1.4264807155566188e-05,0.017522231973707676,246.28904212695048
PD+FF,0.25,1098,-1.2224541902542114,-0.25077617168426514,0.4742331802845001,True,0.4117036919776778,0.023936565806301824,1.3678113222122192,5.737070296163438e-06,2.9644261303474195e-06,0.77,4.6000000000000005,5.7220458984375e-06,0.0775,1.221946337686453e-05,0.018797708377242088,230.06944263828404
PD+FF,0.25,1099,-1.9130916595458984,0.09447009861469269,0.36984628438949585,True,0.6184366251046121,0.040337299790720996,1.9912770986557007,2.389303972449852e-06,2.4164203296095366e-06,0.7325,5.3500000000000005,0.0,0.0,1.4764168534922181e-05,0.02605526179075241,174.03584991115653
Residual PPO,0.25,1000,-1.2179213762283325,0.20768369734287262,0.34128254652023315,True,0.34913277002331516,0.006708842546099305,1.2963253259658813,0.0050211441703140736,3.3509929835418006e-06,0.8375,3.25,0.005019664764404297,0.6,5.857939371881895e-05,0.01711283691227436,276.60416802206873
Residual PPO,0.25,1001,-1.0811076164245605,-0.9685990810394287,0.25630688667297363,True,0.3561749172635812,0.006119445602028934,1.4634742736816406,0.001946236938238144,6.559197572642006e-06,0.835,3.3000000000000003,0.0018796920776367188,0.5275,6.48328398913369e-05,0.01456988051533699,275.7947152294425
Residual PPO,0.25,1002,-1.428768277168274,-0.28562131524086,0.4242836833000183,True,0.45563338763838923,0.011581887174584582,1.5492768287658691,0.008006393909454346,2.745767460510251e-06,0.8075,3.85,0.00800323486328125,0.59,5.574627962169411e-05,0.020778065770864485,241.31610194406798
Residual PPO,0.25,1003,-1.7183640003204346,-0.48658838868141174,0.34840381145477295,True,0.5342994649066056,0.011297474763005796,1.8383033275604248,0.005275567062199116,5.880161097593373e-06,0.7975,4.05,0.005274772644042969,0.5575,5.9939530652425e-05,0.02344762846827507,224.38059753504237
Residual PPO,0.25,1004,-1.998679280281067,-0.7396973967552185,0.24154320359230042,True,0.6020857806621847,0.010227250888896436,2.150963544845581,0.0014476554933935404,7.372652817139169e-06,0.7925,4.15,0.0013294219970703125,0.4625,6.838408788237187e-05,0.02591277752071619,212.6821061592894
Residual PPO,0.25,1005,-1.8766711950302124,0.8611240983009338,0.28618520498275757,True,0.5881142449601399,0.009210494467971534,2.0905823707580566,0.0030095067340880632,6.988599125179462e-06,0.7975,4.05,0.002986907958984375,0.53,6.655425847614835e-05,0.024778835847973822,217.24875016678243
Residual PPO,0.25,1006,-1.4946178197860718,0.20171388983726501,0.28934937715530396,True,0.4237315511480098,0.006967056793536816,1.5513352155685425,0.003137485822662711,6.461826842496521e-07,0.8225,3.5500000000000003,0.0031175613403320312,0.555,6.020374424089089e-05,0.020034115687012674,258.09624625711007
Residual PPO,0.25,1007,-1.8931626081466675,0.6319606900215149,0.39287856221199036,True,0.6312453394440077,0.015227005927689129,2.059809684753418,0.006890504155308008,1.5387744269901305e-06,0.775,4.5,0.006889820098876953,0.555,5.8952787952851534e-05,0.02616582654416561,193.55110674379583
Residual PPO,0.25,1008,-1.749120831489563,0.6261014938354492,0.26522985100746155,True,0.519250680471961,0.007722695914415038,1.883079171180725,0.002269839635118842,6.458431585087965e-07,0.81,3.8000000000000003,0.0022220611572265625,0.5225,6.453099840603362e-05,0.022996683828532694,236.06826693267817
Residual PPO,0.25,1009,-1.9152493476867676,-0.3461688160896301,0.2149554342031479,True,0.544397244237005,0.008576381901909218,1.9665178060531616,0.000778562156483531,2.7201674583920976e-06,0.8025,3.95,0.0003490447998046875,0.37,6.510255061559319e-05,0.024672627486288547,228.42468569530482
Residual PPO,0.25,1010,-1.8575115203857422,0.07161146402359009,0.4753030240535736,True,0.6525728031758493,0.022973485348572544,1.9880971908569336,0.009763160720467567,1.6278681869152933e-05,0.755,4.9,0.009754180908203125,0.55,5.3204573648801584e-05,0.02687350958585739,175.0661939867596
Residual PPO,0.25,1011,-1.57381272315979,0.12664707005023956,0.26378002762794495,True,0.44035968077192933,0.006941695250726531,1.6154985427856445,0.0022180485539138317,8.671285627315228e-07,0.82,3.6,0.0021677017211914062,0.5275,6.106074170853656e-05,0.020792941264808178,254.52742104218052
Residual PPO,0.25,1012,-1.5405192375183105,0.561293363571167,0.2715309262275696,True,0.4479195195089624,0.006535318129039918,1.6667472124099731,0.0024891530629247427,3.172609467583243e-06,0.8225,3.5500000000000003,0.0024509429931640625,0.5425,6.368637053153642e-05,0.020443239584565162,254.5392430880614
Residual PPO,0.25,1013,-0.8082606196403503,-0.8420410752296448,0.401797890663147,True,0.298960021778998,0.007737793120573281,1.1964707374572754,0.007196719758212566,8.231866559071932e-06,0.84,3.2,0.007195472717285156,0.625,7.336706251438874e-05,0.012717338800430298,285.19792095448037
Residual PPO,0.25,1014,-1.3467140197753906,0.1714046150445938,0.4693894386291504,True,0.44439031341202945,0.012654310606909634,1.480425238609314,0.009558363817632198,1.6692101780790836e-05,0.805,3.9000000000000004,0.009550094604492188,0.6,5.3824986967094e-05,0.020401273965835572,240.95953572822157
Residual PPO,0.25,1015,-1.4601455926895142,0.21413566172122955,0.39239153265953064,True,0.4516698154063428,0.01010277131186739,1.558668613433838,0.006871887482702732,1.847023327172792e-06,0.81,3.8000000000000003,0.006871223449707031,0.59,5.6445694091343895e-05,0.020746975764632226,244.54379493303344
Residual PPO,0.25,1016,-1.6580126285552979,-0.11461202055215836,0.3060871958732605,True,0.4846872515792934,0.008838300211821665,1.7121177911758423,0.00373020488768816,8.119367521430831e-06,0.81,3.8000000000000003,0.003719806671142578,0.55,5.93469533720141e-05,0.022241531349718572,240.69236323386008
Residual PPO,0.25,1017,-0.62247234582901,0.6426637768745422,0.4917738139629364,True,0.24199722056025932,0.009304389633618978,0.9460756182670593,0.010347068309783936,5.454908205138054e-06,0.8625,2.75,0.010335922241210938,0.6775,6.411190613113487e-05,0.011693895906209945,303.1315430970964
Residual PPO,0.25,1018,-1.1090368032455444,-0.0900818482041359,0.4614541530609131,True,0.3522272047266093,0.0102589391626571,1.2327684164047241,0.00931707676500082,1.7990682863455731e-06,0.8275,3.45,0.009309768676757812,0.62,5.390078796241803e-05,0.017312583699822425,268.4497753092861
Residual PPO,0.25,1019,-1.674609661102295,-0.20800989866256714,0.34006524085998535,True,0.5061781090224249,0.010285714245814422,1.7480803728103638,0.004983142949640751,6.086190182941209e-07,0.8025,3.95,0.004981517791748047,0.56,5.832118896021112e-05,0.022807760760188103,232.27346968837065
Residual PPO,0.25,1020,-1.1319496631622314,-0.4326494336128235,0.2227078378200531,True,0.3042826160257588,0.0050832576783591665,1.2289583683013916,0.0009164877119474113,3.371362481630058e-06,0.85,3.0,0.0006361007690429688,0.46,5.890556930518019e-05,0.014938356466591357,290.9335590039657
Residual PPO,0.25,1021,-1.4384177923202515,-0.8382971882820129,0.49743902683258057,True,0.5268693551615744,0.016525844834626588,1.7433860301971436,0.010540411807596684,5.257300927041797e-06,0.7875,4.25,0.010528564453125,0.585,6.005667474638877e-05,0.021984106749296187,216.1490795408108
Residual PPO,0.25,1022,-1.999210000038147,0.8368335366249084,0.37694433331489563,True,0.675831088519702,0.015618637654149259,2.2178006172180176,0.006320550572127104,9.197223675982968e-07,0.77,4.6000000000000005,0.006320476531982422,0.5475,6.195014852910189e-05,0.02729484185576439,183.21334120972753
Residual PPO,0.25,1023,-1.4916963577270508,0.8117974996566772,0.4728805720806122,True,0.5330700949291539,0.014516586037398117,1.7722655534744263,0.009679914452135563,1.6128586139529943e-05,0.79,4.2,0.009671211242675781,0.5875,5.888666234989007e-05,0.02226504758000374,217.51242564728395
Residual PPO,0.25,1024,-1.51630699634552,-0.48329436779022217,0.3110935389995575,True,0.44824435844466853,0.008277393093922548,1.6305867433547974,0.003911769017577171,8.564172276237514e-06,0.8175,3.6500000000000004,0.0039033889770507812,0.56,6.142010218695453e-05,0.020519562624394895,250.60636810733195
Residual PPO,0.25,1025,-0.7683239579200745,0.258014976978302,0.24864348769187927,True,0.19820635683178459,0.003099524804989897,0.837211549282074,0.0016910048434510827,2.2660433387500234e-06,0.875,2.5,0.0016026496887207031,0.57,6.426306441621374e-05,0.010594231225550175,319.0915706460861
Residual PPO,0.25,1026,-1.7438942193984985,0.19023452699184418,0.2583710551261902,True,0.49785941027084946,0.007872455375199358,1.7885690927505493,0.002025484573096037,2.327668198631727e-06,0.81,3.8000000000000003,0.001964092254638672,0.51,6.175078320766192e-05,0.022872346639633178,239.73730396340028
Residual PPO,0.25,1027,-1.9580382108688354,0.12429128587245941,0.36954861879348755,True,0.6280937156376099,0.014973510476530779,2.037609577178955,0.006044864654541016,4.4892508412885945e-06,0.775,4.5,0.006044864654541016,0.5475,5.680515752131506e-05,0.026689492091536524,194.7522376541236
Residual PPO,0.25,1028,-0.7757433652877808,-0.22796711325645447,0.4025936424732208,True,0.23008610115107822,0.007063452179280804,0.8885769248008728,0.00723302224650979,3.911198291461915e-06,0.8625,2.75,0.007231712341308594,0.6425,6.38019487713707e-05,0.012321284040808678,305.6836362919452
Residual PPO,0.25,1029,-0.7448340058326721,0.6458722352981567,0.214758962392807,True,0.22353799273826816,0.0025512819129937182,0.9937342405319214,0.0007771006785333157,9.853951041804976e-07,0.8725,2.5500000000000003,0.00034499168395996094,0.4775,6.856968641674381e-05,0.01004106380045414,314.80025823917174
Residual PPO,0.25,1030,-1.6447029113769531,-0.9496257901191711,0.4438457489013672,True,0.5848605432621425,0.016178199199816178,1.9596617221832275,0.008696033619344234,2.5100557650148403e-06,0.7825,4.3500000000000005,0.008690834045410156,0.57,6.351827163905806e-05,0.023747964203357695,204.71182541731318
Residual PPO,0.25,1031,-0.9611496329307556,0.9009804725646973,0.39864641427993774,True,0.3433143070994458,0.007057278192628967,1.349510669708252,0.007093994878232479,2.8093743367207935e-06,0.845,3.1,0.007092952728271484,0.645,7.580459889668571e-05,0.014586782306432724,280.9728907925708
Residual PPO,0.25,1032,-0.6833899617195129,-0.5306191444396973,0.49894750118255615,True,0.2485770400186787,0.009860739383694724,0.9386234283447266,0.010595000348985195,3.3445717235736083e-06,0.8525,2.95,0.010582923889160156,0.6525,6.28811508977829e-05,0.012570355460047722,296.7261463761551
Residual PPO,0.25,1033,-0.7577928304672241,0.7459949851036072,0.4761985242366791,True,0.28720354167661727,0.009008013921074691,1.110724925994873,0.009803377091884613,1.1057119991164654e-05,0.8525,2.95,0.009794235229492188,0.665,6.687007886054197e-05,0.013140602633357049,291.80248550516814
Residual PPO,0.25,1034,-0.5296080112457275,-0.6777904629707336,0.22327283024787903,True,0.1910760272953752,0.0038678475947365146,0.8656488060951233,0.0009276866330765188,4.710405846708454e-06,0.8625,2.75,0.0006546974182128906,0.4825,5.999315584409845e-05,0.007413503639400005,314.0461572479375
Residual PPO,0.25,1035,-1.5201642513275146,-0.23973245918750763,0.436818927526474,True,0.4948266030871336,0.01324970523331308,1.640630841255188,0.008434921503067017,1.0121595551026985e-05,0.7975,4.05,0.00843048095703125,0.5825,5.514853557572556e-05,0.022091188803315162,228.74499061282532
Residual PPO,0.25,1036,-1.558912754058838,0.6018440127372742,0.34900519251823425,True,0.48494352165087184,0.008965431331111667,1.717353343963623,0.0052984026260674,5.328659881342901e-06,0.81,3.8000000000000003,0.005297660827636719,0.5775,6.086189177408317e-05,0.021461093500256538,240.09317878702328
Residual PPO,0.25,1037,-1.5164998769760132,-0.3818822205066681,0.38270920515060425,True,0.47214571104058173,0.010688898989121063,1.6328235864639282,0.006519549060612917,4.2785272853507195e-06,0.8075,3.85,0.006519317626953125,0.58,5.7621534288282266e-05,0.021332506909966468,239.58823284486522
Residual PPO,0.25,1038,-1.5098652839660645,-0.8029577136039734,0.31811848282814026,True,0.47099895283959137,0.008810367136799677,1.7404528856277466,0.004178816918283701,2.5224323962902417e-06,0.8175,3.6500000000000004,0.004172801971435547,0.56,6.523256794578064e-05,0.020507670268416406,246.54954586179883
Residual PPO,0.25,1039,-0.6960156559944153,-0.0387578122317791,0.3661683201789856,True,0.19378659585894603,0.005733633115283309,0.7714201807975769,0.005915183573961258,8.31627767183818e-06,0.8725,2.5500000000000003,0.005915164947509766,0.645,6.0395656937276205e-05,0.010872942358255387,316.52011572006245
Residual PPO,0.25,1040,-0.7547146081924438,0.5635512471199036,0.4134989380836487,True,0.2506625373511451,0.0070776005979814975,0.9887796640396118,0.0076229749247431755,3.87824638892198e-06,0.8625,2.75,0.007620811462402344,0.6575,6.54586795348305e-05,0.012206930965185166,302.98698210890393
Residual PPO,0.25,1041,-0.6478168964385986,-0.19675222039222717,0.46515655517578125,True,0.20581727904542207,0.008627490343742376,0.787733793258667,0.009430070407688618,6.73659178573871e-06,0.8675,2.6500000000000004,0.00942230224609375,0.66,6.007617879325013e-05,0.01160204067826271,310.63357725757356
Residual PPO,0.25,1042,-1.463887333869934,-0.25558269023895264,0.3728010952472687,True,0.4451707193813054,0.009721739837875158,1.5572528839111328,0.0061636115424335,3.5899256545235403e-06,0.815,3.7,0.006163597106933594,0.5825,5.7115931967313304e-05,0.020552632734179496,248.24253113669113
Residual PPO,0.25,1043,-1.7490100860595703,-0.7958716750144958,0.31946444511413574,True,0.5510194725173138,0.010737700860862686,1.9551254510879517,0.004229933489114046,1.5113968174773618e-06,0.8,4.0,0.004224300384521484,0.545,6.539554960005283e-05,0.02351036116480827,223.62033376279166
Residual PPO,0.25,1044,-1.981444239616394,0.7169352173805237,0.20961801707744598,True,0.583303132858154,0.007955552021142715,2.121433973312378,0.000736196234356612,3.194413693563547e-06,0.8,4.0,0.0001499652862548828,0.3125,6.814752348182238e-05,0.025461010858416556,221.08236298340498
Residual PPO,0.25,1045,-0.7272861003875732,-0.39523494243621826,0.4158290922641754,True,0.2294723635562805,0.007428253123543373,0.8926817178726196,0.007711872924119234,4.0381658550359134e-07,0.8625,2.75,0.007709503173828125,0.645,6.31893775413852e-05,0.011895399913191796,305.4716472822658
Residual PPO,0.25,1046,-1.868130087852478,0.6265861392021179,0.39649125933647156,True,0.6232216620524047,0.015087577896654733,2.035743236541748,0.007017073221504688,3.039621560674277e-06,0.7775,4.45,0.007016181945800781,0.5575,5.8847362857676564e-05,0.025897431001067162,196.1094891401372
Residual PPO,0.25,1047,-1.1699552536010742,-0.14992530643939972,0.29876548051834106,True,0.32049443802821076,0.00579091383072122,1.2258546352386475,0.003468641545623541,5.430037163023371e-06,0.845,3.1,0.0034546852111816406,0.58,5.9672610067099506e-05,0.01606888238340616,285.23981575889076
Residual PPO,0.25,1048,-0.9076822996139526,-0.7630760073661804,0.4824531674385071,True,0.33438735600036623,0.01034028313207086,1.242110252380371,0.010039733722805977,8.982002555057989e-07,0.835,3.3000000000000003,0.010029792785644531,0.63,7.011333466012586e-05,0.015109722688794135,274.97834575428624
Residual PPO,0.25,1049,-1.6127384901046753,0.09402617067098618,0.43331217765808105,True,0.5269685306297885,0.014064916874000655,1.7215962409973145,0.008317246101796627,7.0100782068038825e-06,0.79,4.2,0.008313179016113281,0.5775,5.466391237520186e-05,0.023200325816869736,219.2811955260894
Residual PPO,0.25,1050,-1.2507070302963257,-0.40418457984924316,0.49881017208099365,True,0.42928108715451785,0.013491532637500773,1.4315338134765625,0.010582559742033482,7.653867214685306e-06,0.805,3.9000000000000004,0.010570526123046875,0.6025,5.4364922644339005e-05,0.019659953489899636,242.74632486984515
Residual PPO,0.25,1051,-0.8433747291564941,-0.6024307608604431,0.2584548592567444,True,0.2499436901972353,0.0046067200329638035,1.051550030708313,0.002024916233494878,4.264852123014862e-06,0.86,2.8000000000000003,0.0019636154174804688,0.5525,5.937327801057156e-05,0.011616849005222321,303.4856215464348
Residual PPO,0.25,1052,-1.577463150024414,-0.03658809885382652,0.32490968704223633,True,0.4631255781426301,0.008759126257350874,1.6356678009033203,0.004427866078913212,1.7358502191200387e-06,0.8125,3.75,0.004423618316650391,0.565,5.833509109150979e-05,0.021425375565886497,245.36599176878357
Residual PPO,0.25,1053,-0.7320424914360046,-0.38764455914497375,0.44851720333099365,True,0.2374074755484649,0.008387985553922086,0.9074500203132629,0.008858737535774708,2.5710089630592847e-06,0.86,2.8000000000000003,0.008852958679199219,0.6475,6.372551712396271e-05,0.012408285290002824,302.56698483614514
Residual PPO,0.25,1054,-1.9604523181915283,0.6108824014663696,0.3443475067615509,True,0.6299080828103308,0.013044889920595102,2.102294921875,0.005139549262821674,8.847940193845716e-07,0.78,4.4,0.005138397216796875,0.545,6.0541381592947536e-05,0.02642820417881012,198.21706868984757
Residual PPO,0.25,1055,-0.8035520911216736,-0.8197364807128906,0.37500709295272827,True,0.28961596555355984,0.007020093332511352,1.1733254194259644,0.00624851742759347,7.225344234029762e-07,0.8425,3.1500000000000004,0.00624847412109375,0.6175,7.309019160697332e-05,0.012325451746582984,288.19854645117914
Residual PPO,0.25,1056,-0.6173267960548401,-0.7547652125358582,0.33817118406295776,True,0.23338231603848825,0.00557193078357918,0.9910121560096741,0.004903760738670826,5.606358627119334e-06,0.8525,2.95,0.004901885986328125,0.6175,6.390017469527301e-05,0.009571303352713586,302.0300825776458
Residual PPO,0.25,1057,-1.4013786315917969,-0.020997419953346252,0.2980625629425049,True,0.3929622050729935,0.006805185173278338,1.449785590171814,0.003448017407208681,2.701679022720782e-06,0.83,3.4000000000000004,0.003433704376220703,0.565,5.9314667182565415e-05,0.018954287506639956,266.4083773930448
Residual PPO,0.25,1058,-1.9344123601913452,-0.6835842132568359,0.34246277809143066,True,0.6212248443718227,0.013671167735710777,2.096104145050049,0.005060131195932627,5.598185452981852e-06,0.7825,4.3500000000000005,0.005058765411376953,0.54,6.263933570881689e-05,0.02608232595026493,200.80892278885256
Residual PPO,0.25,1059,-1.3239208459854126,-0.34795770049095154,0.3298633396625519,True,0.38457341747963736,0.00744729294629889,1.4186917543411255,0.004598510917276144,7.131724942155415e-06,0.83,3.4000000000000004,0.004595279693603516,0.5825,5.9057952819556714e-05,0.018311489149928094,267.0289499391291
Residual PPO,0.25,1060,-0.5232435464859009,-0.8263487219810486,0.4775193929672241,True,0.24728374460088057,0.009153069913363553,1.0047281980514526,0.009847410023212433,1.1862563042086549e-05,0.845,3.1,0.009838104248046875,0.655,6.312564636873289e-05,0.01022865153849125,294.6968065562914
Residual PPO,0.25,1061,-1.0766786336898804,0.09924349933862686,0.28927016258239746,True,0.2893434913941912,0.004999829386086697,1.1257842779159546,0.003129479708150029,2.33168634622416e-06,0.85,3.0,0.003109455108642578,0.5825,5.8500298239334615e-05,0.014809064157307148,292.98793428425245
Residual PPO,0.25,1062,-1.020176649093628,-0.6513675451278687,0.4292861223220825,True,0.3396493059252344,0.009052522178212398,1.2651628255844116,0.00817855540663004,5.2025461627636105e-06,0.8375,3.25,0.008174896240234375,0.62,6.528427229306137e-05,0.015739014372229576,276.1000493982658
Residual PPO,0.25,1063,-0.5567145943641663,0.6067063212394714,0.2895512878894806,True,0.1880717934278749,0.003184556989480067,0.8364167213439941,0.0031307898461818695,7.24203073332319e-06,0.88,2.4000000000000004,0.0031108856201171875,0.6475,5.935755082430664e-05,0.008312688581645489,322.42656729120523
Residual PPO,0.25,1064,-1.6129041910171509,-0.13716638088226318,0.24278511106967926,True,0.44640405015261747,0.0070248541571251094,1.6485702991485596,0.0014914681669324636,5.239680376689648e-06,0.82,3.6,0.0013794898986816406,0.4925,6.219863581010399e-05,0.021101357005536555,253.6395439968095
Residual PPO,0.25,1065,-0.5033138990402222,-0.5932050347328186,0.453745573759079,True,0.2016632587322783,0.008241356206269979,0.8144803643226624,0.009043403901159763,1.4582677749785944e-06,0.86,2.8000000000000003,0.009037017822265625,0.66,5.964981551464029e-05,0.009627195373177529,308.4883926041453
Residual PPO,0.25,1066,-1.3762075901031494,0.32575497031211853,0.20805609226226807,True,0.36669702033484836,0.005142769344001129,1.4329949617385864,0.0007342126918956637,1.5571963558613788e-06,0.8375,3.25,9.489059448242188e-05,0.3075,6.341929538604491e-05,0.017884374149143695,276.06487666365325
Residual PPO,0.25,1067,-0.6176835894584656,0.9055254459381104,0.20151829719543457,True,0.24276297278464357,0.0022736313710432616,1.0992552042007446,0.0007717086700722575,1.6557132198613544e-07,0.86,2.8000000000000003,0.0,0.0,6.463150857698152e-05,0.008354501239955426,306.37277596906864
Residual PPO,0.25,1068,-0.7787961959838867,0.5352519750595093,0.25048118829727173,True,0.22342938464969306,0.002952847685979938,0.9597629308700562,0.001748252660036087,5.2454834076343104e-06,0.8725,2.5500000000000003,0.0016655921936035156,0.5825,6.869379946163294e-05,0.01074121192097664,314.32209924233456
Residual PPO,0.25,1069,-0.5076419115066528,0.8446078896522522,0.24751581251621246,True,0.21795613754947715,0.002265981468859948,0.9901279211044312,0.0016485576052218676,4.902512955595739e-06,0.8625,2.75,0.0015559196472167969,0.6275,5.927160749650279e-05,0.007326383031904697,310.91956741337754
Residual PPO,0.25,1070,-1.6644020080566406,0.9533751606941223,0.22921264171600342,True,0.506074737575276,0.006123999080447658,1.9316902160644531,0.0010780378943309188,5.068551217846107e-06,0.8175,3.6500000000000004,0.0008749961853027344,0.4725,7.169885140190533e-05,0.02164181213825941,243.69016201058577
Residual PPO,0.25,1071,-1.6379417181015015,0.7469041347503662,0.26974478363990784,True,0.4920423127163794,0.006958068589965432,1.823076844215393,0.002420288510620594,6.057945483917138e-06,0.815,3.7,0.0023794174194335938,0.535,6.613369131717759e-05,0.021646061353385447,243.6154945699612
Residual PPO,0.25,1072,-1.22187077999115,0.3675197660923004,0.4661308228969574,True,0.40273844728487324,0.01110056975777641,1.382190465927124,0.009453064762055874,1.2608578799699899e-05,0.8175,3.6500000000000004,0.0094451904296875,0.6125,5.503837399847999e-05,0.018792206048965455,254.80542011179588
Residual PPO,0.25,1073,-1.5133368968963623,0.8512749075889587,0.3800120949745178,True,0.5009227597900227,0.009656569026177737,1.7800352573394775,0.0064255306497216225,2.5577537599019706e-06,0.8075,3.85,0.006425380706787109,0.59,6.325384037450826e-05,0.021259434074163436,235.61568891393892
Residual PPO,0.25,1074,-0.5001789927482605,-0.2884053587913513,0.4962819218635559,True,0.1762214832367829,0.009389714923166106,0.6823973059654236,0.010512642562389374,1.1683508773785434e-06,0.875,2.5,0.010500907897949219,0.6725,5.822730634775182e-05,0.010237835571169853,317.9179410675811
Residual PPO,0.25,1075,-0.8189709782600403,0.9466501474380493,0.23914383351802826,True,0.2905162490568993,0.002830029910419004,1.2590471506118774,0.001376692671328783,3.6509927667793818e-06,0.8575,2.85,0.0012469291687011719,0.575,7.377263221109628e-05,0.011146902926266194,297.6989876658536
Residual PPO,0.25,1076,-1.445397138595581,-0.562984049320221,0.45283621549606323,True,0.4869283504448999,0.01345689932485522,1.6345847845077515,0.008991779759526253,1.2285039701964706e-05,0.7975,4.05,0.008985519409179688,0.5875,5.731947272933007e-05,0.021389418542385102,229.9874309568773
Residual PPO,0.25,1077,-0.6151338219642639,-0.8893533945083618,0.2694230377674103,True,0.2492952901291371,0.004899196853602957,1.088533878326416,0.0024134651757776737,3.431969162193127e-06,0.845,3.1,0.002372264862060547,0.5625,6.482125381642126e-05,0.008857857026159764,297.1646444431298
Residual PPO,0.25,1078,-0.6580581068992615,-0.6858707666397095,0.23459486663341522,True,0.21700743344819748,0.0041682285315117465,0.9584092497825623,0.0012360881082713604,3.4443489766999846e-06,0.86,2.8000000000000003,0.0010781288146972656,0.515,6.498867631554921e-05,0.009102016761898995,308.938596055035
Residual PPO,0.25,1079,-0.5874135494232178,0.8651593327522278,0.4896434247493744,True,0.26693773993527925,0.00925783108934863,1.076871633529663,0.01028481125831604,3.0163934638949286e-07,0.855,2.9000000000000004,0.010273933410644531,0.685,6.651639626124086e-05,0.011221830770373344,296.4336050977646
Residual PPO,0.25,1080,-0.6397119164466858,0.7102972865104675,0.367546945810318,True,0.23252099247337016,0.005543082546121283,0.9782975912094116,0.005974775645881891,2.9520815587602556e-06,0.8675,2.6500000000000004,0.005974769592285156,0.6675,6.378210588701791e-05,0.010185653865337372,309.10930672786634
Residual PPO,0.25,1081,-1.3320256471633911,0.8601993322372437,0.3006768822669983,True,0.4168247470480105,0.005789411056740104,1.6089626550674438,0.0035452861338853836,1.481382355450478e-06,0.8325,3.35,0.00353240966796875,0.585,6.740553744335067e-05,0.018113363422453403,264.556019525405
Residual PPO,0.25,1082,-0.9581221342086792,-0.30673766136169434,0.3117980659008026,True,0.26646620876743077,0.005395096313048546,1.0486446619033813,0.00395290507003665,2.3091104139894014e-07,0.8575,2.85,0.003944873809814453,0.5975,5.927211304472085e-05,0.013548801653087139,299.08475873957417
Residual PPO,0.25,1083,-1.3940625190734863,0.6289385557174683,0.21643398702144623,True,0.3916111768773681,0.004953949885002011,1.5432531833648682,0.0008003670373000205,6.96857966886455e-07,0.835,3.3000000000000003,0.0004076957702636719,0.43,6.689333466387427e-05,0.018168607018887995,271.1130436136318
Residual PPO,0.25,1084,-0.7371216416358948,-0.8951173424720764,0.4071005880832672,True,0.2923119552331775,0.007780287340899305,1.1846938133239746,0.0073878467082977295,7.249443569889991e-06,0.84,3.2,0.007386207580566406,0.6275,7.005160382889067e-05,0.011900013014674186,286.2796239650029
Residual PPO,0.25,1085,-0.7224554419517517,-0.08529454469680786,0.4138740301132202,True,0.21250789765094003,0.007195864277359201,0.8222906589508057,0.0076325503177940845,5.249883997748839e-06,0.8675,2.6500000000000004,0.007630348205566406,0.65,6.136423733603019e-05,0.011808510646224022,310.54548552941543
Residual PPO,0.25,1086,-0.7490203976631165,-0.7008727788925171,0.4387705326080322,True,0.2718671510881762,0.008400378542905233,1.0669790506362915,0.008519081398844719,1.5727472373328055e-06,0.8475,3.0500000000000003,0.008514881134033203,0.6375,6.781411670288031e-05,0.012477681636810303,292.04458670871924
Residual PPO,0.25,1087,-1.2718281745910645,-0.8616007566452026,0.3274095356464386,True,0.40683944969034097,0.0077266741307334815,1.5632307529449463,0.004521247465163469,6.064079798306921e-07,0.83,3.4000000000000004,0.004517555236816406,0.5775,6.499854080641072e-05,0.017632898613810538,263.5746618247222
Residual PPO,0.25,1088,-1.148199200630188,-0.9221230149269104,0.4605681300163269,True,0.4192238666935127,0.011238345478132048,1.5241628885269165,0.009270234033465385,7.165279839682626e-06,0.8175,3.6500000000000004,0.009263038635253906,0.61,6.137745032343008e-05,0.017788911759853362,252.7685715829239
Residual PPO,0.25,1089,-1.8535881042480469,0.5890284776687622,0.37915652990341187,True,0.6062506989736814,0.013719878484885994,2.0056490898132324,0.006399757228791714,8.226767249652767e-07,0.7825,4.3500000000000005,0.006399631500244141,0.5575,5.914088638677775e-05,0.025501907989382743,202.58666457962696
Residual PPO,0.25,1090,-0.9845758080482483,-0.6573527455329895,0.30003631114959717,True,0.2991705294942515,0.005708735830199653,1.2066529989242554,0.0035189413465559483,3.1382119232148398e-06,0.85,3.0,0.003505706787109375,0.58,6.051180143242577e-05,0.013763758279383182,290.71131232412034
Residual PPO,0.25,1091,-1.8845704793930054,-0.6914018392562866,0.36124923825263977,True,0.6124599584604221,0.014105526795064504,2.0565032958984375,0.005740281194448471,6.664260581601411e-06,0.7825,4.3500000000000005,0.005740165710449219,0.5475,6.195383937818756e-05,0.025668853521347047,201.84021777798785
Residual PPO,0.25,1092,-1.9696727991104126,-0.2278679758310318,0.31251582503318787,True,0.6035221969123479,0.01213311396875192,2.033344030380249,0.003966097719967365,7.245787855936214e-06,0.785,4.3,0.003958225250244141,0.53,5.961111716153859e-05,0.026200455985963343,206.40790902327566
Residual PPO,0.25,1093,-0.8791002631187439,0.07968070358037949,0.43002596497535706,True,0.26389592834237846,0.008001533782205035,0.9867115616798401,0.00821583904325962,9.964503533410607e-07,0.8525,2.95,0.008212089538574219,0.6425,6.556140926680127e-05,0.013984952792525292,295.6824509802379
Residual PPO,0.25,1094,-0.9031349420547485,-0.5643354058265686,0.2514164447784424,True,0.2593629064462896,0.004666849298959484,1.0808401107788086,0.001781088882125914,4.711396286438685e-06,0.86,2.8000000000000003,0.00170135498046875,0.54,5.721066185785204e-05,0.012303427383303643,302.04405404382254
Residual PPO,0.25,1095,-1.3096781969070435,-0.4019305408000946,0.2943161725997925,True,0.3715814470556176,0.0065868705337742564,1.4060605764389038,0.0033143407199531794,1.3514431884686928e-06,0.835,3.3000000000000003,0.0032978057861328125,0.565,6.0797778410412924e-05,0.01777139861136675,272.20236434051316
Residual PPO,0.25,1096,-0.5565752387046814,0.7886120080947876,0.27283963561058044,True,0.21691762091851255,0.002805765771948441,0.972832441329956,0.0025397336576133966,9.847609589996864e-07,0.8675,2.6500000000000004,0.0025033950805664062,0.6425,6.105033857556206e-05,0.00815536931157112,312.98121843355966
Residual PPO,0.25,1097,-1.3080552816390991,0.037033263593912125,0.27344202995300293,True,0.3554214467754379,0.005770611498659571,1.3485989570617676,0.002564201597124338,6.885564971526037e-07,0.8375,3.25,0.002528667449951172,0.555,6.042664665665447e-05,0.017553820945322512,276.7777573137939
Residual PPO,0.25,1098,-1.2224541902542114,-0.25077617168426514,0.4742331802845001,True,0.4017173566366857,0.011827817815778878,1.3663215637207031,0.009758301079273224,1.4911661310179625e-06,0.815,3.7,0.009749412536621094,0.61,5.404777460437428e-05,0.018919517993927003,253.25555474497995
Residual PPO,0.25,1099,-1.9130916595458984,0.09447009861469269,0.36984628438949585,True,0.610213073070731,0.01435136057947569,1.9915214776992798,0.0060596466064453125,2.2668650672130752e-06,0.78,4.4,0.0060596466064453125,0.55,5.666681716229144e-05,0.02613100439310074,200.5716079889008
PD+FF,0.5,1000,-1.2179213762283325,0.20768369734287262,0.34128254652023315,True,0.3488816041789279,0.0026868967957082955,1.2958208322525024,2.573005142281204e-10,1.1920968745471328e-07,0.815,3.7,0.009697794914245605,0.23,3.318429714601567e-05,0.034589101113379005,270.20283092963746
PD+FF,0.5,1001,-1.0811076164245605,-0.9685990810394287,0.25630688667297363,True,0.35367609510396075,0.0026336060021072984,1.4634742736816406,2.8610231765924254e-06,2.026558377110632e-06,0.825,3.5,0.008767843246459961,0.6,4.364626671158994e-05,0.029534757025539874,275.52045159020076
PD+FF,0.5,1002,-1.428768277168274,-0.28562131524086,0.4242836833000183,True,0.4558332344499201,0.002751588740579946,1.550033688545227,3.814697265625e-06,2.7418136596679688e-06,0.7825,4.3500000000000005,0.008897781372070312,0.565,2.466302847014867e-05,0.04180511210113764,234.84001150359086
PD+FF,0.5,1003,-1.7183640003204346,-0.48658838868141174,0.34840381145477295,True,0.5338351662838724,0.00316500379674808,1.839016318321228,3.337860107421875e-06,2.6226043701171875e-06,0.775,4.5,0.010077953338623047,0.2275,2.7848995119717973e-05,0.04727100808173418,218.5780509767867
PD+FF,0.5,1004,-1.998679280281067,-0.7396973967552185,0.24154320359230042,True,0.5997600950649916,0.00373625122292799,2.150963544845581,4.768381245412456e-07,4.172340482000436e-07,0.7775,4.45,0.011711478233337402,0.545,4.067780017784461e-05,0.052382346093654636,209.97972767803176
PD+FF,0.5,1005,-1.8766711950302124,0.8611240983009338,0.28618520498275757,True,0.5841306364157755,0.003607052491617023,2.0905823707580566,1.4305119293567259e-06,9.536752259009518e-07,0.7775,4.45,0.011028885841369629,0.5475,4.043181398393744e-05,0.050038728937506674,212.1958543222505
PD+FF,0.5,1006,-1.4946178197860718,0.20171388983726501,0.28934937715530396,True,0.4228946208925348,0.003132654955927285,1.5509122610092163,3.337860107421875e-06,2.384185791015625e-06,0.8025,3.95,0.010757923126220703,0.5375,3.3653860733364795e-05,0.0405333512276411,252.57689892076772
PD+FF,0.5,1007,-1.8931626081466675,0.6319606900215149,0.39287856221199036,True,0.628666424202218,0.005208027480467679,2.0583317279815674,3.3378603347955504e-06,2.354383696001605e-06,0.75,5.0,0.009410619735717773,0.5275,2.73683918315973e-05,0.05263421956449747,186.96220198273502
PD+FF,0.5,1008,-1.749120831489563,0.6261014938354492,0.26522985100746155,True,0.5163553249810888,0.0035370642765148765,1.8827195167541504,9.536746574667632e-07,8.642678608339338e-07,0.79,4.2,0.011295318603515625,0.2275,3.85533753457549e-05,0.04650757852941752,230.6881831479246
PD+FF,0.5,1009,-1.9152493476867676,-0.3461688160896301,0.2149554342031479,True,0.543026792452847,0.003691121010772615,1.9668906927108765,9.536744300930877e-07,8.344651973857253e-07,0.7875,4.25,0.012076973915100098,0.5625,3.481683788516683e-05,0.04994569169357419,225.3846553113631
PD+FF,0.5,1010,-1.8575115203857422,0.07161146402359009,0.4753030240535736,True,0.6525692340242844,0.014407377463003733,1.9878085851669312,8.872007295490647e-11,1.490116545710407e-07,0.7275,5.45,0.008141517639160156,0.33,1.454321846294686e-05,0.05391307566314936,167.84823821630604
PD+FF,0.5,1011,-1.57381272315979,0.12664707005023956,0.26378002762794495,True,0.4394243125664947,0.0032431258559788836,1.615283489227295,9.5367431640625e-07,8.642674060865829e-07,0.8025,3.95,0.011158585548400879,0.23,3.407789600391602e-05,0.0420944494381547,249.97923638906562
PD+FF,0.5,1012,-1.5405192375183105,0.561293363571167,0.2715309262275696,True,0.4455230688316013,0.0032880222122221433,1.6663800477981567,9.536745437799254e-07,5.960470161880949e-07,0.8025,3.95,0.01102912425994873,0.5575,4.020952849009296e-05,0.04138131402432919,249.0202092369452
PD+FF,0.5,1013,-0.8082606196403503,-0.8420410752296448,0.401797890663147,True,0.2980707246233439,0.002252461096720004,1.1964707374572754,6.67572021484375e-06,5.125999450683594e-06,0.8275,3.45,0.007161855697631836,0.2275,3.861050326535957e-05,0.025615688152611255,284.26736546575995
PD+FF,0.5,1014,-1.3467140197753906,0.1714046150445938,0.4693894386291504,True,0.4442901404361034,0.0025949835816571317,1.4796680212020874,9.5367431640625e-07,5.960465045973251e-07,0.7775,4.45,0.00821232795715332,0.23,2.183589100255909e-05,0.04097671322524547,233.65972091649513
PD+FF,0.5,1015,-1.4601455926895142,0.21413566172122955,0.39239153265953064,True,0.4513005191125431,0.002879061882302016,1.5579710006713867,2.384185791015625e-06,1.6391277313232422e-06,0.785,4.3,0.009379863739013672,0.5625,2.6132003652380898e-05,0.04179581839591265,237.68142886020422
PD+FF,0.5,1016,-1.6580126285552979,-0.11461202055215836,0.3060871958732605,True,0.4844242039018531,0.0032534691224157656,1.712357521057129,4.291534423828125e-06,3.337860107421875e-06,0.7875,4.25,0.010682106018066406,0.2275,2.8836770318649518e-05,0.044928361177444455,234.4699368684985
PD+FF,0.5,1017,-0.62247234582901,0.6426637768745422,0.4917738139629364,True,0.24454129848148462,0.0018854444032661887,0.9459689855575562,1.9073488601861754e-06,1.2815002037314116e-06,0.8325,3.35,0.00610041618347168,0.605,3.3628330261285425e-05,0.023437306247651578,293.8709232701557
PD+FF,0.5,1018,-1.1090368032455444,-0.0900818482041359,0.4614541530609131,True,0.3526568254937062,0.0024984057267630503,1.233083963394165,3.814697265625e-06,2.7418136596679688e-06,0.8,4.0,0.008244514465332031,0.3575,2.7064232889692456e-05,0.03480851903557777,261.1208439625868
PD+FF,0.5,1019,-1.674609661102295,-0.20800989866256714,0.34006524085998535,True,0.5061475503293414,0.00312587212731389,1.7485640048980713,4.76837158203125e-06,3.4570693969726562e-06,0.78,4.4,0.010196924209594727,0.56,2.594429465452706e-05,0.0460059979185462,226.2571787868787
PD+FF,0.5,1020,-1.1319496631622314,-0.4326494336128235,0.2227078378200531,True,0.30512829800393065,0.0023006636840897984,1.229731559753418,1.4305115882962127e-06,1.013279188555316e-06,0.8275,3.45,0.009067296981811523,0.5875,3.101457794886697e-05,0.030318116061389445,283.78780753570925
PD+FF,0.5,1021,-1.4384177923202515,-0.8382971882820129,0.49743902683258057,True,0.5248882173932404,0.004116354430308533,1.743274211883545,2.8610231765924254e-06,2.026558377110632e-06,0.76,4.800000000000001,0.00778508186340332,0.53,2.98416791061631e-05,0.0440980176627636,209.64046515946524
PD+FF,0.5,1022,-1.999210000038147,0.8368335366249084,0.37694433331489563,True,0.6720767837757963,0.006126786080502899,2.217628240585327,5.245208740234375e-06,3.78489517061098e-06,0.7475,5.050000000000001,0.009656906127929688,0.5375,3.354964277309995e-05,0.05491960667073727,177.69863072835773
PD+FF,0.5,1023,-1.4916963577270508,0.8117974996566772,0.4728805720806122,True,0.5296344402224767,0.0036902160144259887,1.7713509798049927,1.069652255658582e-09,1.490168841655759e-07,0.7625,4.75,0.008170366287231445,0.3725,2.9710191852839068e-05,0.04469941664487123,210.5856120513652
PD+FF,0.5,1024,-1.51630699634552,-0.48329436779022217,0.3110935389995575,True,0.44741206729912136,0.0032092016109989087,1.6313267946243286,4.76837158203125e-06,3.7252905258355895e-06,0.7975,4.05,0.010520696640014648,0.23,3.5647259635891846e-05,0.04147153161466122,245.71191283420555
PD+FF,0.5,1025,-0.7683239579200745,0.258014976978302,0.24864348769187927,True,0.20364952559102295,0.0015218986165660296,0.837258517742157,1.9073486328125e-06,1.370906943520822e-06,0.8475,3.0500000000000003,0.006403684616088867,0.605,1.894228620397761e-05,0.02147136617451906,307.7871321249365
PD+FF,0.5,1026,-1.7438942193984985,0.19023452699184418,0.2583710551261902,True,0.49671311479432867,0.003444234779279525,1.7882540225982666,2.384185791015625e-06,1.6689300537109375e-06,0.7925,4.15,0.011383295059204102,0.5625,3.235499079540525e-05,0.04626971136778593,235.25306129552064
PD+FF,0.5,1027,-1.9580382108688354,0.12429128587245941,0.36954861879348755,True,0.6278056795955981,0.004821998716137372,2.0372250080108643,9.5367431640625e-07,8.344650836988876e-07,0.7525,4.95,0.00977325439453125,0.2275,2.109413510018315e-05,0.053720450066030025,188.84785856748047
PD+FF,0.5,1028,-0.7757433652877808,-0.22796711325645447,0.4025936424732208,True,0.2335218445718794,0.0018238317548799332,0.8894470930099487,9.5367431640625e-07,8.642674060865829e-07,0.8325,3.35,0.006913900375366211,0.23,2.5458425148192865e-05,0.02481028500944376,295.9293081337826
PD+FF,0.5,1029,-0.7448340058326721,0.6458722352981567,0.214758962392807,True,0.2285681693393981,0.0016598218294027875,0.9937342405319214,9.536746574667632e-07,7.748609505142667e-07,0.845,3.1,0.006151556968688965,0.6,2.4240991747306953e-05,0.020383982434868813,303.4474624175639
PD+FF,0.5,1030,-1.6447029113769531,-0.9496257901191711,0.4438457489013672,True,0.5824886517614396,0.004378908215237752,1.9596617221832275,9.536752259009518e-07,8.344663910975214e-07,0.7575,4.8500000000000005,0.008624553680419922,0.2275,3.256209128419668e-05,0.047713542990386486,198.92904197451543
PD+FF,0.5,1031,-0.9611496329307556,0.9009804725646973,0.39864641427993774,True,0.3421461592958365,0.002601887712003279,1.349510669708252,4.768386929754342e-07,2.384227855145582e-07,0.82,3.6,0.008293867111206055,0.585,4.445446496084738e-05,0.029414544813334942,273.99584816445343
PD+FF,0.5,1032,-0.6833899617195129,-0.5306191444396973,0.49894750118255615,True,0.24962298995592896,0.0019512531963882353,0.9399124979972839,3.814697265625e-06,2.9802324661432067e-06,0.8275,3.45,0.0066030025482177734,0.6175,3.312010247071546e-05,0.02520989142358303,290.70249707324115
PD+FF,0.5,1033,-0.7577928304672241,0.7459949851036072,0.4761985242366791,True,0.28741133910619265,0.002210100953872097,1.1106500625610352,9.536747711536009e-07,5.662452622345882e-07,0.825,3.5,0.007071971893310547,0.23,3.880266618962352e-05,0.026392001621425153,284.07186438029015
PD+FF,0.5,1034,-0.5296080112457275,-0.6777904629707336,0.22327283024787903,True,0.1935637628001044,0.0013850445217228028,0.8656488060951233,1.9073488601861754e-06,1.4901164604452788e-06,0.855,2.9000000000000004,0.004462838172912598,0.23,2.0152571689745683e-05,0.01503557901829481,312.9631130785395
PD+FF,0.5,1035,-1.5201642513275146,-0.23973245918750763,0.436818927526474,True,0.49510617372658855,0.002906005020564147,1.6412676572799683,3.814697265625e-06,3.0100345611572266e-06,0.77,4.6000000000000005,0.008717060089111328,0.2275,2.0825433517630124e-05,0.04441043961793184,221.3162671084152
PD+FF,0.5,1036,-1.558912754058838,0.6018440127372742,0.34900519251823425,True,0.4826462573285121,0.003178496773935713,1.7167249917984009,2.8610231765924254e-06,2.2947790512262145e-06,0.7875,4.25,0.010027170181274414,0.23,3.4140013295737167e-05,0.043294887393713,234.0858514218322
PD+FF,0.5,1037,-1.5164998769760132,-0.3818822205066681,0.38270920515060425,True,0.4720675503245169,0.0029593756908041224,1.6336970329284668,1.4305115882962127e-06,1.1920930091946502e-06,0.785,4.3,0.009530305862426758,0.23,2.7765366557628136e-05,0.042982396967709065,233.9134945450489
PD+FF,0.5,1038,-1.5098652839660645,-0.8029577136039734,0.31811848282814026,True,0.4686021376155566,0.003337084322763703,1.7404528856277466,9.536748848404386e-07,5.662454896082636e-07,0.7975,4.05,0.010424256324768066,0.5625,4.2624111214895593e-05,0.04143684595823288,242.25691076504444
PD+FF,0.5,1039,-0.6960156559944153,-0.0387578122317791,0.3661683201789856,True,0.19873759736012964,0.0015418105818534376,0.7715332508087158,7.152557373046875e-06,5.4836273193359375e-06,0.8425,3.1500000000000004,0.00617218017578125,0.2275,2.053518083147997e-05,0.021908976323902606,305.78428652712995
PD+FF,0.5,1040,-0.7547146081924438,0.5635512471199036,0.4134989380836487,True,0.25353067019995085,0.0019455859023610458,0.9888805150985718,1.9073486328125e-06,2.920627821367816e-06,0.8325,3.35,0.006794452667236328,0.23,3.09229436879059e-05,0.02456588711589575,292.8774217755364
PD+FF,0.5,1041,-0.6478168964385986,-0.19675222039222717,0.46515655517578125,True,0.209902590009052,0.0016641981078474191,0.7885831594467163,1.9073486328125e-06,1.3113021850585938e-06,0.835,3.3000000000000003,0.006176948547363281,0.605,2.517306653140686e-05,0.023280115947127342,300.2433034265507
PD+FF,0.5,1042,-1.463887333869934,-0.25558269023895264,0.3728010952472687,True,0.4452344784515225,0.002966110645897189,1.5578750371932983,4.768372718899627e-07,5.06639594277658e-07,0.79,4.2,0.009659290313720703,0.2275,2.7982134392117932e-05,0.04143811792135239,241.432066452303
PD+FF,0.5,1043,-1.7490100860595703,-0.7958716750144958,0.31946444511413574,True,0.548959871887841,0.00341916322608791,1.9551254510879517,2.8610231765924254e-06,2.0265581497369567e-06,0.78,4.4,0.010516762733459473,0.54,3.747748969478265e-05,0.04744551382958889,219.1202958223248
PD+FF,0.5,1044,-1.981444239616394,0.7169352173805237,0.20961801707744598,True,0.5794407237020982,0.003850516202649909,2.121433973312378,4.768380108544079e-07,4.321350672853441e-07,0.785,4.3,0.01217639446258545,0.5375,4.265256122368226e-05,0.05153211632743478,217.8910791432384
PD+FF,0.5,1045,-0.7272861003875732,-0.39523494243621826,0.4158290922641754,True,0.23256515657505494,0.0018035075744113813,0.8944559693336487,1.9073486328125e-06,3.278260862771276e-07,0.835,3.3000000000000003,0.006591796875,0.26,2.700189832300936e-05,0.023930291645228863,297.0746718858202
PD+FF,0.5,1046,-1.868130087852478,0.6265861392021179,0.39649125933647156,True,0.6206848216254907,0.005011456251218905,2.034224033355713,4.768377834807325e-07,2.0861837413121975e-07,0.7525,4.95,0.009360551834106445,0.515,2.7084247104054704e-05,0.05209160204976797,189.5348789299113
PD+FF,0.5,1047,-1.1699552536010742,-0.14992530643939972,0.29876548051834106,True,0.32128839898994443,0.002481301958192772,1.2262210845947266,1.9073486328125e-06,1.5497207641601562e-06,0.8225,3.5500000000000003,0.009505271911621094,0.23,3.1737191006737124e-05,0.0325302179902792,278.4242308194157
PD+FF,0.5,1048,-0.9076822996139526,-0.7630760073661804,0.4824531674385071,True,0.332078739857674,0.0025071479010001733,1.2421300411224365,1.9073488601861754e-06,1.3113027534927824e-06,0.815,3.7,0.007744550704956055,0.3925,4.0062950666619425e-05,0.03035944387316704,271.89586025062414
PD+FF,0.5,1049,-1.6127384901046753,0.09402617067098618,0.43331217765808105,True,0.5269565355468876,0.0033804056455411196,1.7212505340576172,1.1648973452516032e-10,1.1920937481590954e-07,0.7625,4.75,0.008781671524047852,0.23,1.747033857679425e-05,0.04663546096533537,211.74521596558625
PD+FF,0.5,1050,-1.2507070302963257,-0.40418457984924316,0.49881017208099365,True,0.4292925283540903,0.00253515244320936,1.4325045347213745,9.536744300930877e-07,5.960467319710006e-07,0.7775,4.45,0.007758617401123047,0.2275,2.4646201413856938e-05,0.03944660380482674,235.8713019667368
PD+FF,0.5,1051,-0.8433747291564941,-0.6024307608604431,0.2584548592567444,True,0.25168805833330693,0.0018647953765690746,1.0516417026519775,4.768377266373136e-07,4.768380108544079e-07,0.84,3.2,0.007004141807556152,0.2275,2.7346515980133368e-05,0.023537403158843517,297.4175910029802
PD+FF,0.5,1052,-1.577463150024414,-0.03658809885382652,0.32490968704223633,True,0.46295485709083684,0.0031515286908521184,1.6357544660568237,2.384185791015625e-06,1.6689300537109375e-06,0.79,4.2,0.010375142097473145,0.5675,2.841195486571681e-05,0.04326398834586143,239.17670896650714
PD+FF,0.5,1053,-0.7320424914360046,-0.38764455914497375,0.44851720333099365,True,0.24025220010173207,0.0018792512130002383,0.9091631770133972,4.76837158203125e-06,3.4570693969726562e-06,0.83,3.4000000000000004,0.006756782531738281,0.6175,2.8761244286189575e-05,0.02493675846606493,293.53075347023656
PD+FF,0.5,1054,-1.9604523181915283,0.6108824014663696,0.3443475067615509,True,0.6273581640217621,0.003969344547355426,2.10119891166687,5.245208740234375e-06,3.78489517061098e-06,0.7575,4.8500000000000005,0.010161161422729492,0.5425,3.0087997217623627e-05,0.05324117161333561,192.32313375705334
PD+FF,0.5,1055,-0.8035520911216736,-0.8197364807128906,0.37500709295272827,True,0.2890882985237241,0.0021732056146438992,1.1733254194259644,3.3378603347955504e-06,2.384186245762976e-06,0.83,3.4000000000000004,0.0070323944091796875,0.6025,3.655571119345098e-05,0.024849906004965304,286.9328817850032
PD+FF,0.5,1056,-0.6173267960548401,-0.7547652125358582,0.33817118406295776,True,0.23424294495381848,0.0017246008552588492,0.9910121560096741,3.814697265625e-06,2.9802324661432067e-06,0.8425,3.1500000000000004,0.005463361740112305,0.2275,2.8390529252411442e-05,0.019295209273695945,301.0754044991043
PD+FF,0.5,1057,-1.4013786315917969,-0.020997419953346252,0.2980625629425049,True,0.39260239152179277,0.00297064323763588,1.4498279094696045,9.5367431640625e-07,5.960464477539062e-07,0.8075,3.85,0.010516643524169922,0.57,3.341510215891857e-05,0.03835319824516773,259.9912680588151
PD+FF,0.5,1058,-1.9344123601913452,-0.6835842132568359,0.34246277809143066,True,0.6200050997353354,0.003773798369564432,2.0961883068084717,2.8610231765924254e-06,2.264976728838519e-06,0.76,4.800000000000001,0.01018977165222168,0.2275,3.193167446971219e-05,0.052551593147218224,195.12214464085125
PD+FF,0.5,1059,-1.3239208459854126,-0.34795770049095154,0.3298633396625519,True,0.38424375381355075,0.0029008550155480684,1.419539213180542,3.814697265625e-06,3.0100345611572266e-06,0.8075,3.85,0.010050535202026367,0.23,3.457652106992638e-05,0.03701466515660286,261.0484621652098
PD+FF,0.5,1060,-0.5232435464859009,-0.8263487219810486,0.4775193929672241,True,0.2468038401565635,0.0018538740627025026,1.0047281980514526,6.67572021484375e-06,5.125999450683594e-06,0.8375,3.25,0.005251646041870117,0.2275,3.4963029211297014e-05,0.02047568865120411,296.2600449300169
PD+FF,0.5,1061,-1.0766786336898804,0.09924349933862686,0.28927016258239746,True,0.29104213580013444,0.002238422585430985,1.1255923509597778,2.384185791015625e-06,1.6689300537109375e-06,0.8275,3.45,0.008809804916381836,0.5925,2.8118399018590143e-05,0.029984935000538827,285.4684743717791
PD+FF,0.5,1062,-1.020176649093628,-0.6513675451278687,0.4292861223220825,True,0.3382034836280769,0.0025770469476754736,1.265399694442749,9.536746574667632e-07,8.344655952896574e-07,0.815,3.7,0.008474588394165039,0.2275,3.836871223019989e-05,0.03170060705393553,271.3033318841443
PD+FF,0.5,1063,-0.5567145943641663,0.6067063212394714,0.2895512878894806,True,0.19437565290249353,0.0014177538194752172,0.8365215063095093,1.4305117019830504e-06,9.238724487659056e-07,0.8525,2.95,0.004834294319152832,0.61,2.1408276970274568e-05,0.016790670342743397,311.4102262795216
PD+FF,0.5,1064,-1.6129041910171509,-0.13716638088226318,0.24278511106967926,True,0.4454335515743826,0.003302062271499641,1.6487703323364258,1.430511474609375e-06,1.1473894119262695e-06,0.8025,3.95,0.0114593505859375,0.2275,3.542428229668369e-05,0.04274576647207141,249.25908470602545
PD+FF,0.5,1065,-0.5033138990402222,-0.5932050347328186,0.453745573759079,True,0.20397193005888592,0.001548391134587014,0.8155401349067688,7.397331636127547e-10,1.490142551574536e-07,0.8425,3.1500000000000004,0.00498652458190918,0.23,2.7437204569372762e-05,0.019280204363167287,304.79387260681773
PD+FF,0.5,1066,-1.3762075901031494,0.32575497031211853,0.20805609226226807,True,0.36551108147005135,0.0027839676892772607,1.432820200920105,2.86102294921875e-06,2.205371856689453e-06,0.82,3.6,0.01075601577758789,0.2275,3.690814311555044e-05,0.03630860771983862,270.9024752066373
PD+FF,0.5,1067,-0.6176835894584656,0.9055254459381104,0.20151829719543457,True,0.24627961542945165,0.0017642317585815602,1.0992552042007446,2.3841860183893004e-06,1.8626457176651456e-06,0.845,3.1,0.005124688148498535,0.6225,2.7382000884157324e-05,0.016971495002508163,301.14147152932827
PD+FF,0.5,1068,-0.7787961959838867,0.5352519750595093,0.25048118829727173,True,0.22823398933051922,0.001685361335892504,0.9601148962974548,1.4305115882962127e-06,1.192093122881488e-06,0.8425,3.1500000000000004,0.006489396095275879,0.23,2.3849328692681263e-05,0.02176769133657217,302.12835828934925
PD+FF,0.5,1069,-0.5076419115066528,0.8446078896522522,0.24751581251621246,True,0.22207905462769859,0.0015912226378046628,0.9901279211044312,1.4305119293567259e-06,1.1473902077341336e-06,0.85,3.0,0.004338622093200684,0.2275,2.4721694322595054e-05,0.014832083713263272,306.6784667131594
PD+FF,0.5,1070,-1.6644020080566406,0.9533751606941223,0.22921264171600342,True,0.501659321679061,0.0036754830097042966,1.9316902160644531,1.4305120430435636e-06,1.1324892739139614e-06,0.8,4.0,0.01168215274810791,0.57,5.1853799262021306e-05,0.04385063901543617,239.44313562900675
PD+FF,0.5,1071,-1.6379417181015015,0.7469041347503662,0.26974478363990784,True,0.48869308238595155,0.0034940009602378126,1.823076605796814,2.3841860183893004e-06,1.9371511825738708e-06,0.7975,4.05,0.011155128479003906,0.23,4.326669304279683e-05,0.0437945606932044,239.27868144427987
PD+FF,0.5,1072,-1.22187077999115,0.3675197660923004,0.4661308228969574,True,0.40201909825812426,0.002566779501834855,1.3807262182235718,3.814697265625e-06,2.7120113372802734e-06,0.79,4.2,0.008231163024902344,0.57,2.7139321389176027e-05,0.03776295978575945,247.45593349019407
PD+FF,0.5,1073,-1.5133368968963623,0.8512749075889587,0.3800120949745178,True,0.49748213942374286,0.003187043205519469,1.7799524068832397,1.4305119293567259e-06,9.536752259009518e-07,0.785,4.3,0.0095672607421875,0.5525,3.863374548980671e-05,0.04284107845276594,230.00828806209609
PD+FF,0.5,1074,-0.5001789927482605,-0.2884053587913513,0.4962819218635559,True,0.18082135003353314,0.0014331426495498795,0.6839660406112671,3.814697265625e-06,2.7418136596679688e-06,0.8425,3.1500000000000004,0.0051538944244384766,0.4175,2.4263560997784364e-05,0.020473458766937257,307.7374773785681
PD+FF,0.5,1075,-0.8189709782600403,0.9466501474380493,0.23914383351802826,True,0.2922519003355744,0.0021328460372601627,1.2590471506118774,4.768389203491097e-07,2.831260417224257e-07,0.835,3.3000000000000003,0.006773829460144043,0.5875,3.4824315172554935e-05,0.022603921610862016,289.7169811603606
PD+FF,0.5,1076,-1.445397138595581,-0.562984049320221,0.45283621549606323,True,0.4863227669374762,0.0028709679571730772,1.6349506378173828,3.814697265625e-06,2.741813887041644e-06,0.7725,4.55,0.008472442626953125,0.55,2.674400190848947e-05,0.042981074936687944,223.9000851693369
PD+FF,0.5,1077,-0.6151338219642639,-0.8893533945083618,0.2694230377674103,True,0.24903208251839945,0.0018027884252458733,1.088533878326416,1.201997168465141e-09,5.962094462574896e-08,0.8425,3.1500000000000004,0.005251884460449219,0.335,2.915737097700109e-05,0.017921156994998456,299.40098459852834
PD+FF,0.5,1078,-0.6580581068992615,-0.6858707666397095,0.23459486663341522,True,0.21905923502459587,0.001585243163814605,0.9584092497825623,4.76837954010989e-07,2.831239669376373e-07,0.8475,3.0500000000000003,0.005510449409484863,0.5975,2.367888988033466e-05,0.018454852607101203,305.9253768855752
PD+FF,0.5,1079,-0.5874135494232178,0.8651593327522278,0.4896434247493744,True,0.2682241942610136,0.0020272741111329088,1.076871633529663,1.9073488601861754e-06,1.2815005447919248e-06,0.8325,3.35,0.005812883377075195,0.4025,3.8245783280855484e-05,0.02247999671846628,290.67360180238364
PD+FF,0.5,1080,-0.6397119164466858,0.7102972865104675,0.367546945810318,True,0.23623098851246618,0.0017592536352491887,0.9782975912094116,9.081195240234763e-10,1.4901550571266853e-07,0.84,3.2,0.005735874176025391,0.2275,2.9134164981427977e-05,0.020511140897870064,299.43247031632296
PD+FF,0.5,1081,-1.3320256471633911,0.8601993322372437,0.3006768822669983,True,0.41375542227887413,0.0031201535445955653,1.6089626550674438,1.4305119293567259e-06,9.536752259009518e-07,0.8125,3.75,0.0103302001953125,0.5425,4.752619429426601e-05,0.03665925152599812,259.29273505889347
PD+FF,0.5,1082,-0.9581221342086792,-0.30673766136169434,0.3117980659008026,True,0.2687295637051666,0.0020593203808236525,1.0495189428329468,2.86102294921875e-06,1.996755599975586e-06,0.83,3.4000000000000004,0.00799703598022461,0.57,2.7235631805788496e-05,0.02740267336368561,289.9595473946833
PD+FF,0.5,1083,-1.3940625190734863,0.6289385557174683,0.21643398702144623,True,0.3891914949222328,0.0029484289914319013,1.5432370901107788,2.384185791015625e-06,1.8626453766046325e-06,0.8175,3.6500000000000004,0.010885477066040039,0.5975,4.362886189960045e-05,0.03687634849920869,266.1138742150925
PD+FF,0.5,1084,-0.7371216416358948,-0.8951173424720764,0.4071005880832672,True,0.2911746417232958,0.0021865460307135235,1.1846938133239746,5.7220458984375e-06,4.738569259643555e-06,0.83,3.4000000000000004,0.0066339969635009766,0.23,3.8399732382534904e-05,0.023949869237840177,286.57936843382316
PD+FF,0.5,1085,-0.7224554419517517,-0.08529454469680786,0.4138740301132202,True,0.21664717421108778,0.001701798643381806,0.8225924372673035,2.86102294921875e-06,2.2649765014648438e-06,0.835,3.3000000000000003,0.006546497344970703,0.23,2.3687410343382885e-05,0.02375592652708292,299.5607863381645
PD+FF,0.5,1086,-0.7490203976631165,-0.7008727788925171,0.4387705326080322,True,0.2721661408050802,0.002080373173230376,1.0671292543411255,3.814697265625e-06,2.9802324661432067e-06,0.83,3.4000000000000004,0.0068454742431640625,0.615,3.5320463598046976e-05,0.025088518150150774,288.86556318899557
PD+FF,0.5,1087,-1.2718281745910645,-0.8616007566452026,0.3274095356464386,True,0.40391882238811505,0.003046230011619882,1.5632307529449463,3.814697265625e-06,2.712011564653949e-06,0.8125,3.75,0.009951949119567871,0.5775,4.652039945329316e-05,0.03565515346825123,260.67244783682975
PD+FF,0.5,1088,-1.148199200630188,-0.9221230149269104,0.4605681300163269,True,0.41630151097792734,0.0028850943880798503,1.5241628885269165,1.2610295030413e-09,1.1921815712412354e-07,0.7975,4.05,0.008285999298095703,0.23,4.187877993875871e-05,0.03576390437781811,249.6362319425816
PD+FF,0.5,1089,-1.8535881042480469,0.5890284776687622,0.37915652990341187,True,0.6039008907464046,0.0040338364928835975,2.0044116973876953,4.76837158203125e-06,3.4570696243463317e-06,0.7575,4.8500000000000005,0.00962209701538086,0.5425,2.728054621368061e-05,0.05132991928607225,195.86961467158915
PD+FF,0.5,1090,-0.9845758080482483,-0.6573527455329895,0.30003631114959717,True,0.29938747904412844,0.0022576582154906284,1.206738829612732,9.536746574667632e-07,5.960472435617703e-07,0.83,3.4000000000000004,0.008165121078491211,0.5825,3.4271285765114864e-05,0.02785166695713997,285.41528548999696
PD+FF,0.5,1091,-1.8845704793930054,-0.6914018392562866,0.36124923825263977,True,0.6112571932388947,0.00383363697630596,2.0565662384033203,4.291534423828125e-06,3.3676626571832458e-06,0.76,4.800000000000001,0.009903430938720703,0.23,3.094301696837465e-05,0.05169377893209457,196.25252608319767
PD+FF,0.5,1092,-1.9696727991104126,-0.2278679758310318,0.31251582503318787,True,0.6033677833556933,0.0034546336030110633,2.0337696075439453,4.76837158203125e-06,3.725290298461914e-06,0.765,4.7,0.010649561882019043,0.23,2.5867967744852568e-05,0.0528388936072588,201.2978530811526
PD+FF,0.5,1093,-0.8791002631187439,0.07968070358037949,0.43002596497535706,True,0.2658155171211014,0.0020988062768396275,0.9864403009414673,5.7220458984375e-06,4.1425228118896484e-06,0.825,3.5,0.007800102233886719,0.6125,2.887072870762075e-05,0.028159146793186665,287.41583447475375
PD+FF,0.5,1094,-0.9031349420547485,-0.5643354058265686,0.2514164447784424,True,0.2610579701469607,0.0019429420125204034,1.0812253952026367,9.536745437799254e-07,8.344654247594008e-07,0.8375,3.25,0.007441282272338867,0.2275,2.789798126420901e-05,0.024939141161739828,294.8906008964479
PD+FF,0.5,1095,-1.3096781969070435,-0.4019305408000946,0.2943161725997925,True,0.3708708451861094,0.002841233160983904,1.406976342201233,9.536744300930877e-07,5.960467319710006e-07,0.815,3.7,0.010301828384399414,0.535,3.731700872203473e-05,0.0359798214584589,267.1020659782207
PD+FF,0.5,1096,-0.5565752387046814,0.7886120080947876,0.27283963561058044,True,0.22148547243922517,0.0015991164484230852,0.972832441329956,4.768382382280834e-07,5.066409016762918e-07,0.8475,3.0500000000000003,0.004793763160705566,0.2275,2.5227822310824296e-05,0.016489927358925342,305.5649387587136
PD+FF,0.5,1097,-1.3080552816390991,0.037033263593912125,0.27344202995300293,True,0.3549759337196453,0.0027365712535462185,1.3485316038131714,9.5367431640625e-07,5.960464477539062e-07,0.8175,3.6500000000000004,0.010388374328613281,0.495,3.4546576503695704e-05,0.035568547397851945,271.04828874164343
PD+FF,0.5,1098,-1.2224541902542114,-0.25077617168426514,0.4742331802845001,True,0.4020204426646397,0.0025037686512795363,1.3670687675476074,2.86102294921875e-06,1.996755599975586e-06,0.7875,4.25,0.00811624526977539,0.3825,2.5138674646915602e-05,0.03800490606576204,246.118597922261
PD+FF,0.5,1099,-1.9130916595458984,0.09447009861469269,0.36984628438949585,True,0.6100014314912554,0.004245092033714661,1.9912300109863281,1.9073486328125e-06,1.3113021850585938e-06,0.755,4.9,0.009772539138793945,0.5275,2.1047828754145287e-05,0.052603822685778144,193.66782475548487
Residual PPO,0.5,1000,-1.2179213762283325,0.20768369734287262,0.34128254652023315,True,0.3460676661846598,0.005311152502854808,1.2960821390151978,0.0050225695595145226,3.0398550734389573e-06,0.845,3.1,0.005021095275878906,0.66,7.873351664643589e-05,0.03422593522816896,281.5403106522983
Residual PPO,0.5,1001,-1.0811076164245605,-0.9685990810394287,0.25630688667297363,True,0.34277152667492583,0.0028649098263357174,1.4634742736816406,0.0019575704354792833,3.049558472412173e-08,0.855,2.9000000000000004,0.0018916130065917969,0.63,0.00010739074913655956,0.029139605425298212,289.58408082026557
Residual PPO,0.5,1002,-1.428768277168274,-0.28562131524086,0.4242836833000183,True,0.4537027172164612,0.00893250074663287,1.5484788417816162,0.00801213551312685,5.962941145298828e-07,0.8125,3.75,0.008008956909179688,0.65,7.225487326957097e-05,0.041556337885558604,244.98399056509484
Residual PPO,0.5,1003,-1.7183640003204346,-0.48658838868141174,0.34840381145477295,True,0.5310106997740955,0.007810223735406144,1.8374541997909546,0.00527746370062232,5.6624876378919e-06,0.805,3.9000000000000004,0.005276679992675781,0.625,7.95661149409783e-05,0.04689563062041998,229.66099344294625
Residual PPO,0.5,1004,-1.998679280281067,-0.7396973967552185,0.24154320359230042,True,0.5963015333263793,0.006234968928637143,2.150963544845581,0.0014578370610252023,1.2369532669254113e-06,0.805,3.9000000000000004,0.0013408660888671875,0.55,9.39593396360271e-05,0.05182550560683012,221.23941056957364
Residual PPO,0.5,1005,-1.8766711950302124,0.8611240983009338,0.28618520498275757,True,0.58162803220399,0.007078957549129342,2.0905823707580566,0.003012307221069932,6.377707450155867e-06,0.805,3.9000000000000004,0.0029897689819335938,0.5925,9.135390716256846e-05,0.04955805160105228,222.85011330469067
Residual PPO,0.5,1006,-1.4946178197860718,0.20171388983726501,0.28934937715530396,True,0.420669224293059,0.004829828431488128,1.5512042045593262,0.00313791586086154,9.539015763948555e-07,0.8325,3.35,0.0031180381774902344,0.6225,7.621972709862966e-05,0.04006858482956886,264.3455560670233
Residual PPO,0.5,1007,-1.8931626081466675,0.6319606900215149,0.39287856221199036,True,0.6275476731751719,0.011906140041893281,2.0584678649902344,0.006891473196446896,6.86110581682442e-07,0.78,4.4,0.006890773773193359,0.61,7.728761332984277e-05,0.052331921346485614,197.27952309598442
Residual PPO,0.5,1008,-1.749120831489563,0.6261014938354492,0.26522985100746155,True,0.5139781158936113,0.005662291671355251,1.8826957941055298,0.002270219847559929,2.0939948797149555e-07,0.82,3.6,0.0022225379943847656,0.5875,8.58137726823051e-05,0.045993610210716726,242.61040889813313
Residual PPO,0.5,1009,-1.9152493476867676,-0.3461688160896301,0.2149554342031479,True,0.5403932248705209,0.005392440018705862,1.966417670249939,0.0007804175256751478,2.5374910705977527e-07,0.815,3.7,0.0003542900085449219,0.4775,8.34198260065969e-05,0.0493454116769135,236.69443820845953
Residual PPO,0.5,1010,-1.8575115203857422,0.07161146402359009,0.4753030240535736,True,0.6519066401717123,0.017400830073580065,1.988083004951477,0.009784198366105556,5.543392489926191e-06,0.755,4.9,0.009775161743164062,0.605,6.935332060352458e-05,0.05374731708317995,176.33079086951227
Residual PPO,0.5,1011,-1.57381272315979,0.12664707005023956,0.26378002762794495,True,0.43723695076633096,0.004589102597097551,1.615471363067627,0.002218896523118019,2.693936096420657e-07,0.83,3.4000000000000004,0.0021686553955078125,0.6,7.669857072844235e-05,0.04158607054501772,261.00161263377686
Residual PPO,0.5,1012,-1.5405192375183105,0.561293363571167,0.2715309262275696,True,0.44255575744406445,0.004702188217294772,1.6662911176681519,0.0024905249010771513,2.8014374038320966e-06,0.8325,3.35,0.002452373504638672,0.6075,8.490334138552321e-05,0.040886752232909204,261.05448041082883
Residual PPO,0.5,1013,-0.8082606196403503,-0.8420410752296448,0.401797890663147,True,0.2878261670467985,0.006669701852872878,1.1964707374572754,0.007200536783784628,7.45058150641853e-06,0.8575,2.85,0.007199287414550781,0.7025,0.00011362185060015615,0.02543495338410139,296.4872913586711
Residual PPO,0.5,1014,-1.3467140197753906,0.1714046150445938,0.4693894386291504,True,0.4431947998594384,0.010264049212342068,1.4801535606384277,0.009584144689142704,3.010136879311176e-06,0.8075,3.85,0.009575843811035156,0.655,6.98960575020539e-05,0.0408022452890873,243.204718531325
Residual PPO,0.5,1015,-1.4601455926895142,0.21413566172122955,0.39239153265953064,True,0.44983587814726295,0.007975924352236872,1.5583971738815308,0.006872848141938448,1.400794758410484e-06,0.8175,3.6500000000000004,0.0068721771240234375,0.645,7.083135475388789e-05,0.04149430740624666,249.10866315903203
Residual PPO,0.5,1016,-1.6580126285552979,-0.11461202055215836,0.3060871958732605,True,0.48240005033123806,0.006056304719172096,1.7120522260665894,0.003733038203790784,7.748616553726606e-06,0.8175,3.6500000000000004,0.003722667694091797,0.6175,7.423479796959301e-05,0.04448347210884094,245.93658874452404
Residual PPO,0.5,1017,-0.62247234582901,0.6426637768745422,0.4917738139629364,True,0.23461775895234308,0.009541180680749686,0.9443933963775635,0.010354707017540932,1.5199210565697285e-06,0.87,2.6,0.010343551635742188,0.725,0.00011162434600832534,0.023387974016368388,308.5484624274693
Residual PPO,0.5,1018,-1.1090368032455444,-0.0900818482041359,0.4614541530609131,True,0.3508153829517058,0.008944669283264024,1.2326215505599976,0.009317103773355484,2.0315637812018394e-06,0.83,3.4000000000000004,0.009309768676757812,0.6775,8.094111974674508e-05,0.03462557949125767,270.8517189363935
Residual PPO,0.5,1019,-1.674609661102295,-0.20800989866256714,0.34006524085998535,True,0.5041079937211601,0.0072586916310198426,1.747826099395752,0.004983603022992611,4.772619490722718e-07,0.81,3.8000000000000003,0.00498199462890625,0.625,7.408525969071687e-05,0.045615876503288744,237.33981450509694
Residual PPO,0.5,1020,-1.1319496631622314,-0.4326494336128235,0.2227078378200531,True,0.29532429953654993,0.0024742617400547863,1.2287145853042603,0.0009198811603710055,5.364503863347636e-07,0.8625,2.75,0.0006413459777832031,0.5625,9.147511966620984e-05,0.029876777827739717,299.97128186757277
Residual PPO,0.5,1021,-1.4384177923202515,-0.8382971882820129,0.49743902683258057,True,0.5215121496946395,0.012048179876281984,1.7429018020629883,0.010543306358158588,4.261805770511273e-06,0.79,4.2,0.010531425476074219,0.645,9.102104914231407e-05,0.04396887987852097,219.24853367797542
Residual PPO,0.5,1022,-1.999210000038147,0.8368335366249084,0.37694433331489563,True,0.6706607491347253,0.012391060083918992,2.217628240585327,0.006321033462882042,9.838217920332681e-07,0.775,4.5,0.006320953369140625,0.6,8.37788459950933e-05,0.0545900871604681,187.189763197736
Residual PPO,0.5,1023,-1.4916963577270508,0.8117974996566772,0.4728805720806122,True,0.5277534409043146,0.011702327901725089,1.7711448669433594,0.009705700911581516,2.324727120139869e-06,0.79,4.2,0.00969696044921875,0.6375,8.350949061184838e-05,0.04452994491904974,219.06765632432095
Residual PPO,0.5,1024,-1.51630699634552,-0.48329436779022217,0.3110935389995575,True,0.4438605141886362,0.005377652235233098,1.6299431324005127,0.003914609085768461,8.255250577349216e-06,0.8275,3.45,0.00390625,0.6325,8.08384400584215e-05,0.041039485037326816,257.32822836556227
Residual PPO,0.5,1025,-0.7683239579200745,0.258014976978302,0.24864348769187927,True,0.19202207822224882,0.0020768260911981883,0.8370103240013123,0.0016945496900007129,1.7885739111989096e-07,0.8875,2.25,0.0016064643859863281,0.6425,9.728641928598151e-05,0.02118850588798523,326.3745907137309
Residual PPO,0.5,1026,-1.7438942193984985,0.19023452699184418,0.2583710551261902,True,0.49491172484675855,0.005346346701739977,1.7885050773620605,0.0020263316109776497,2.086196445816313e-06,0.82,3.6,0.001965045928955078,0.585,7.728232355994018e-05,0.04574494529515505,246.22634209208377
Residual PPO,0.5,1027,-1.9580382108688354,0.12429128587245941,0.36954861879348755,True,0.6267900569480718,0.01121876675722016,2.0375587940216064,0.006046772003173828,3.755216539502726e-06,0.7825,4.3500000000000005,0.006046772003173828,0.605,7.077023081580492e-05,0.05337927307933569,199.47846969875982
Residual PPO,0.5,1028,-0.7757433652877808,-0.22796711325645447,0.4025936424732208,True,0.22497294805663842,0.0066519152508434775,0.8878220915794373,0.007234932389110327,3.397465434318292e-06,0.87,2.6,0.007233619689941406,0.705,9.270094213333579e-05,0.02464290093630552,310.9928345844518
Residual PPO,0.5,1029,-0.7448340058326721,0.6458722352981567,0.214758962392807,True,0.21357720885539283,0.0016631283537291758,0.9937342405319214,0.0007772736134938896,8.493978498336219e-07,0.885,2.3000000000000003,0.00034546852111816406,0.56,0.00011533792766361975,0.02008224532008171,323.31670185669924
Residual PPO,0.5,1030,-1.6447029113769531,-0.9496257901191711,0.4438457489013672,True,0.5788782741749047,0.011460831221401938,1.9596617221832275,0.008697984740138054,1.354216465188074e-06,0.7875,4.25,0.008692741394042969,0.63,9.45643778292855e-05,0.047496176324784756,209.1133667992545
Residual PPO,0.5,1031,-0.9611496329307556,0.9009804725646973,0.39864641427993774,True,0.33416766271806675,0.006629822292395793,1.349510669708252,0.007095427718013525,2.3841912479838356e-06,0.8575,2.85,0.007094383239746094,0.6875,0.00012157926687853186,0.029173923693597316,289.0636776960068
Residual PPO,0.5,1032,-0.6833899617195129,-0.5306191444396973,0.49894750118255615,True,0.24249169189137273,0.009752371868161485,0.9358870983123779,0.010601691901683807,4.768770622831653e-07,0.86,2.8000000000000003,0.010590076446533203,0.7175,9.714667077192026e-05,0.02514100357890129,302.1085897169885
Residual PPO,0.5,1033,-0.7577928304672241,0.7459949851036072,0.4761985242366791,True,0.27959621338315216,0.009012558603122285,1.1103570461273193,0.009818648919463158,3.188850314472802e-06,0.86,2.8000000000000003,0.009809494018554688,0.71,0.00011294188913427178,0.02628101598471403,297.1762607473311
Residual PPO,0.5,1034,-0.5296080112457275,-0.6777904629707336,0.22327283024787903,True,0.17986559408155917,0.001447167972138427,0.8656488060951233,0.0009302669786848128,3.0696419344167225e-06,0.875,2.5,0.0006585121154785156,0.6025,9.494772800062891e-05,0.014827164635062218,323.31141559191644
Residual PPO,0.5,1035,-1.5201642513275146,-0.23973245918750763,0.436818927526474,True,0.49334207568438354,0.010098021838777794,1.6400655508041382,0.008444477804005146,5.751915978180477e-06,0.8,4.0,0.008440017700195312,0.64,7.150721864478283e-05,0.04418270859867334,231.27333884188815
Residual PPO,0.5,1036,-1.558912754058838,0.6018440127372742,0.34900519251823425,True,0.48043192225914766,0.007029733736966726,1.7166422605514526,0.00530030345544219,5.036637048760895e-06,0.8175,3.6500000000000004,0.005299568176269531,0.6325,8.044193554512508e-05,0.042922493070364,245.05690639432416
Residual PPO,0.5,1037,-1.5164998769760132,-0.3818822205066681,0.38270920515060425,True,0.46944664530539354,0.007843154415718177,1.6319763660430908,0.0065214610658586025,3.6955211726308335e-06,0.815,3.7,0.0065212249755859375,0.6425,7.512519424049197e-05,0.04266534563153982,244.57982664263267
Residual PPO,0.5,1038,-1.5098652839660645,-0.8029577136039734,0.31811848282814026,True,0.46403370251587295,0.005539390660539438,1.7404528856277466,0.0041797468438744545,2.294808609804022e-06,0.8275,3.45,0.004173755645751953,0.635,9.198433599754847e-05,0.04101571246981621,253.94499978737258
Residual PPO,0.5,1039,-0.6960156559944153,-0.0387578122317791,0.3661683201789856,True,0.18865049346764579,0.005442824807398097,0.7713860273361206,0.005918044596910477,7.987022399902344e-06,0.8825,2.35,0.005918025970458984,0.7075,9.154989426900236e-05,0.021746204532682896,322.6944607004974
Residual PPO,0.5,1040,-0.7547146081924438,0.5635512471199036,0.4134989380836487,True,0.24304304954880349,0.006999187615918553,0.9875062704086304,0.007624880876392126,3.337943780934438e-06,0.8725,2.5500000000000003,0.007622718811035156,0.7075,0.00010730075774563485,0.024414189271628858,309.5586412060438
Residual PPO,0.5,1041,-0.6478168964385986,-0.19675222039222717,0.46515655517578125,True,0.20177532368281365,0.008682313388748576,0.786771833896637,0.009440573863685131,1.1622909141806304e-06,0.8725,2.5500000000000003,0.009432792663574219,0.7225,9.065290234814092e-05,0.023204135596752166,314.53164912923313
Residual PPO,0.5,1042,-1.463887333869934,-0.25558269023895264,0.3728010952472687,True,0.44290285594214046,0.007196470082518833,1.5568376779556274,0.006165043450891972,3.2485154406458605e-06,0.82,3.6,0.006165027618408203,0.645,7.29249311714759e-05,0.041105511412024495,252.18870270649015
Residual PPO,0.5,1043,-1.7490100860595703,-0.7958716750144958,0.31946444511413574,True,0.5451604460128575,0.0068961544714529885,1.9551254510879517,0.004230852238833904,9.53955691329611e-07,0.81,3.8000000000000003,0.004225254058837891,0.6175,9.176954395409202e-05,0.047020955979824065,230.68042212059447
Residual PPO,0.5,1044,-1.981444239616394,0.7169352173805237,0.20961801707744598,True,0.5771226240507372,0.0059750138028402434,2.121433973312378,0.0007364377379417419,1.5200453162833583e-06,0.8125,3.75,0.0001533031463623047,0.4175,9.217493367322978e-05,0.0509221681393683,229.16511901010594
Residual PPO,0.5,1045,-0.7272861003875732,-0.39523494243621826,0.4158290922641754,True,0.2228310821475111,0.007074028172281893,0.8910033702850342,0.0077128298580646515,4.5407620063997456e-07,0.87,2.6,0.007710456848144531,0.71,9.486947843429064e-05,0.02379112582653761,311.1279490772663
Residual PPO,0.5,1046,-1.868130087852478,0.6265861392021179,0.39649125933647156,True,0.619555631579274,0.011802206399071653,2.034392833709717,0.007018520962446928,2.2353685835696524e-06,0.78,4.4,0.007017612457275391,0.6125,7.732296822630325e-05,0.051795126684010026,198.81260189275338
Residual PPO,0.5,1047,-1.1699552536010742,-0.14992530643939972,0.29876548051834106,True,0.3159958291808074,0.003915469617779744,1.2257119417190552,0.0034705298021435738,5.126000814925646e-06,0.855,2.9000000000000004,0.003456592559814453,0.65,8.138241980851574e-05,0.03213802807033062,291.89166063844266
Residual PPO,0.5,1048,-0.9076822996139526,-0.7630760073661804,0.4824531674385071,True,0.32691260258733257,0.00930960504046514,1.241584300994873,0.010039757937192917,8.643537512398325e-07,0.8425,3.1500000000000004,0.010029792785644531,0.6975,0.00010712096176108993,0.03021980620920658,280.83530767034154
Residual PPO,0.5,1049,-1.6127384901046753,0.09402617067098618,0.43331217765808105,True,0.5259113306557621,0.010827433706179657,1.7215569019317627,0.008324899710714817,3.159231710014865e-06,0.7925,4.15,0.008321285247802734,0.6325,6.892494977835672e-05,0.04640094134956598,221.67556559743258
Residual PPO,0.5,1050,-1.2507070302963257,-0.40418457984924316,0.49881017208099365,True,0.42691935476173165,0.01077218340035166,1.4294180870056152,0.010589259676635265,4.649196398531785e-06,0.8075,3.85,0.010577201843261719,0.6625,7.556130400223349e-05,0.03932016350328922,245.2963449649175
Residual PPO,0.5,1051,-0.8433747291564941,-0.6024307608604431,0.2584548592567444,True,0.23954102031794108,0.0023671132871190994,1.051550030708313,0.0020290175452828407,2.2351819097821135e-06,0.8725,2.5500000000000003,0.001967906951904297,0.645,9.444521566473666e-05,0.023233837969601153,312.62149229057337
Residual PPO,0.5,1052,-1.577463150024414,-0.03658809885382652,0.32490968704223633,True,0.4610431382758307,0.0062040394340516156,1.635654330253601,0.004428800195455551,1.3710272241951316e-06,0.82,3.6,0.004424571990966797,0.63,7.290014608430634e-05,0.04285108730196953,250.43939118362405
Residual PPO,0.5,1053,-0.7320424914360046,-0.38764455914497375,0.44851720333099365,True,0.23211398094199012,0.008139900238257692,0.9053893089294434,0.008864471688866615,6.556728635587206e-07,0.865,2.7,0.008858680725097656,0.7125,9.362549373759521e-05,0.024816876240074635,306.83951633341593
Residual PPO,0.5,1054,-1.9604523181915283,0.6108824014663696,0.3443475067615509,True,0.6260826754221899,0.010017134402965262,2.1013553142547607,0.005140006076544523,8.647400591144105e-07,0.7875,4.25,0.005138874053955078,0.6025,7.906163419291823e-05,0.052856728881597516,203.20732873997466
Residual PPO,0.5,1055,-0.8035520911216736,-0.8197364807128906,0.37500709295272827,True,0.2779086093162089,0.005801212851061937,1.1733254194259644,0.0062494720332324505,1.19327410175174e-07,0.86,2.8000000000000003,0.006249427795410156,0.7,0.00011470270553158068,0.024651234708726405,299.6964841663423
Residual PPO,0.5,1056,-0.6173267960548401,-0.7547652125358582,0.33817118406295776,True,0.22158581649788472,0.004537472297726527,0.9910121560096741,0.004905665758997202,5.424022674560547e-06,0.8675,2.6500000000000004,0.0049037933349609375,0.705,0.00010402906322352249,0.01914291799068451,312.3976560135448
Residual PPO,0.5,1057,-1.4013786315917969,-0.020997419953346252,0.2980625629425049,True,0.39005474765938913,0.004630652982176225,1.449780821800232,0.0034489466343075037,2.5630145046307007e-06,0.8375,3.25,0.0034346580505371094,0.6325,7.639359486659236e-05,0.03790889725089073,271.71159956526645
Residual PPO,0.5,1058,-1.9344123601913452,-0.6835842132568359,0.34246277809143066,True,0.6170805823833049,0.009340419940515167,2.0958235263824463,0.00506201945245266,5.3049061534693465e-06,0.79,4.2,0.005060672760009766,0.6075,8.65256526110687e-05,0.05216501150280237,206.27550677063275
Residual PPO,0.5,1059,-1.3239208459854126,-0.34795770049095154,0.3298633396625519,True,0.38078195681568616,0.005204462609575084,1.4180941581726074,0.004601361695677042,6.526713605126133e-06,0.8375,3.25,0.004598140716552734,0.65,7.914264679083839e-05,0.03662333533167839,272.4851335770808
Residual PPO,0.5,1060,-0.5232435464859009,-0.8263487219810486,0.4775193929672241,True,0.2352369277414991,0.009124052813077092,1.0047281980514526,0.009857905097305775,7.2121624725696165e-06,0.8625,2.75,0.009848594665527344,0.73,0.00010753230865716905,0.020457606837153433,305.93180539609676
Residual PPO,0.5,1061,-1.0766786336898804,0.09924349933862686,0.28927016258239746,True,0.2837521766860607,0.0034909337137235706,1.1257458925247192,0.0031308848410844803,1.7881403664432582e-06,0.8625,2.75,0.0031108856201171875,0.6525,8.449815999771582e-05,0.029618468806147574,300.72359298568887
Residual PPO,0.5,1062,-1.020176649093628,-0.6513675451278687,0.4292861223220825,True,0.333309188419457,0.0077104428332423775,1.2640507221221924,0.008182380348443985,3.6360693229653407e-06,0.845,3.1,0.0081787109375,0.6875,9.631771053942323e-05,0.031478331871330735,281.77477262871577
Residual PPO,0.5,1063,-0.5567145943641663,0.6067063212394714,0.2895512878894806,True,0.17884199697944433,0.0029292710430551465,0.8364167213439941,0.0031392849050462246,3.010034788530902e-06,0.89,2.2,0.0031194686889648438,0.7075,0.00011052397547432573,0.01662519883364439,329.80451497242007
Residual PPO,0.5,1064,-1.6129041910171509,-0.13716638088226318,0.24278511106967926,True,0.44286953864060785,0.004323578080311755,1.6485298871994019,0.0014957330422475934,3.0249536848714342e-06,0.83,3.4000000000000004,0.0013842582702636719,0.575,7.81574764845115e-05,0.042202910501509906,260.4888561539209
Residual PPO,0.5,1065,-0.5033138990402222,-0.5932050347328186,0.453745573759079,True,0.19183889853121103,0.008365948427665916,0.8134443759918213,0.00904436782002449,1.0063423587780562e-06,0.8725,2.5500000000000003,0.009037971496582031,0.7325,9.894031044909968e-05,0.019254632480442523,316.81268525760817
Residual PPO,0.5,1066,-1.3762075901031494,0.32575497031211853,0.20805609226226807,True,0.3600714864792404,0.003321299480894352,1.4329009056091309,0.0007341955788433552,1.1928681260542362e-06,0.85,3.0,9.584426879882812e-05,0.425,8.914558593171832e-05,0.03576897397637367,284.28942279307455
Residual PPO,0.5,1067,-0.6176835894584656,0.9055254459381104,0.20151829719543457,True,0.23053952430555003,0.0012824173447881844,1.0992552042007446,0.000771661929320544,2.8312223321336205e-07,0.875,2.5,0.0,0.0,0.00012516489911793102,0.016709217205643653,317.4988998243504
Residual PPO,0.5,1068,-0.7787961959838867,0.5352519750595093,0.25048118829727173,True,0.2145966283068929,0.002111409446465049,0.9596384167671204,0.0017527490854263306,3.06964057017467e-06,0.885,2.3000000000000003,0.0016703605651855469,0.645,0.00011083305197684079,0.02148251224309206,322.3017788273106
Residual PPO,0.5,1069,-0.5076419115066528,0.8446078896522522,0.24751581251621246,True,0.20621891661534458,0.001627622854847953,0.9901279211044312,0.0016534528695046902,2.3692850845691282e-06,0.8775,2.45,0.0015611648559570312,0.695,0.00012070531774927069,0.01465274764224887,321.75492177958927
Residual PPO,0.5,1070,-1.6644020080566406,0.9533751606941223,0.22921264171600342,True,0.49726171941483416,0.004663669864536818,1.9316902160644531,0.0010854584397748113,2.385510526892176e-07,0.83,3.4000000000000004,0.0008845329284667969,0.5425,0.00010309165533427008,0.043283609971404076,252.10123681891332
Residual PPO,0.5,1071,-1.6379417181015015,0.7469041347503662,0.26974478363990784,True,0.4854923358789326,0.005180483356578531,1.823076605796814,0.0024226009845733643,5.632648026221432e-06,0.825,3.5,0.0023818016052246094,0.5975,9.059217595809773e-05,0.043292349688708785,250.30340734471287
Residual PPO,0.5,1072,-1.22187077999115,0.3675197660923004,0.4661308228969574,True,0.4004863093400189,0.009516844982501702,1.3809274435043335,0.009476939216256142,5.664035143126966e-07,0.82,3.6,0.009469032287597656,0.665,7.916770024072204e-05,0.03758422452956438,257.05537149351323
Residual PPO,0.5,1073,-1.5133368968963623,0.8512749075889587,0.3800120949745178,True,0.4945312963269619,0.007914937742108129,1.7799524068832397,0.006426964420825243,2.0266729734430555e-06,0.815,3.7,0.006426811218261719,0.6375,8.780468752671705e-05,0.04251921746879816,240.67146385121353
Residual PPO,0.5,1074,-0.5001789927482605,-0.2884053587913513,0.4962819218635559,True,0.17083853318691294,0.009746226094969637,0.6802284717559814,0.010512657463550568,1.3709313861909322e-06,0.8775,2.45,0.010500907897949219,0.7375,9.372820652655997e-05,0.020476026758551598,321.0346292107629
Residual PPO,0.5,1075,-0.8189709782600403,0.9466501474380493,0.23914383351802826,True,0.2776827816033247,0.00181957040180121,1.2590471506118774,0.0013805051567032933,1.4752150718777557e-06,0.8725,2.5500000000000003,0.0012514591217041016,0.635,0.00013248850995033963,0.022293808180838825,308.85891443864017
Residual PPO,0.5,1076,-1.445397138595581,-0.562984049320221,0.45283621549606323,True,0.48345357910127557,0.010160316825320946,1.6325582265853882,0.009013748727738857,2.9857329764126916e-07,0.8025,3.95,0.009007453918457031,0.6475,7.950893227347608e-05,0.04277873296290636,233.84111621190172
Residual PPO,0.5,1077,-0.6151338219642639,-0.8893533945083618,0.2694230377674103,True,0.23614074650944858,0.002492261343796541,1.088533878326416,0.00241531478241086,2.7716173462977167e-06,0.865,2.7,0.002374410629272461,0.67,0.00010709750861594394,0.017716031037271023,310.3961302109735
Residual PPO,0.5,1078,-0.6580581068992615,-0.6858707666397095,0.23459486663341522,True,0.20571605293720585,0.001731353043139084,0.9584092497825623,0.0012397094396874309,1.2666037036979105e-06,0.8725,2.5500000000000003,0.0010824203491210938,0.625,0.0001006363919712295,0.018204198088496923,318.32835473044474
Residual PPO,0.5,1079,-0.5874135494232178,0.8651593327522278,0.4896434247493744,True,0.25642034670074637,0.009496128878959191,1.076871633529663,0.010285776108503342,9.238984830517438e-07,0.87,2.6,0.010274887084960938,0.7325,0.0001263199480129371,0.022443999908864497,306.2381426054088
Residual PPO,0.5,1080,-0.6397119164466858,0.7102972865104675,0.367546945810318,True,0.2221149436964568,0.005502273517473644,0.9782975912094116,0.005976206157356501,2.5928031845978694e-06,0.88,2.4000000000000004,0.005976200103759766,0.7175,0.00011774809237854279,0.020371519029140472,317.81664256053546
Residual PPO,0.5,1081,-1.3320256471633911,0.8601993322372437,0.3006768822669983,True,0.40843025136331007,0.004564122484690495,1.6089626550674438,0.003546217456459999,1.0729754649219103e-06,0.8425,3.1500000000000004,0.0035333633422851562,0.635,0.00010083804266144692,0.03622698962688446,271.5441400124327
Residual PPO,0.5,1082,-0.9581221342086792,-0.30673766136169434,0.3117980659008026,True,0.2595603396733864,0.003898691877163954,1.048206090927124,0.003953365609049797,3.278780411619664e-07,0.8675,2.6500000000000004,0.003945350646972656,0.6725,8.864195626373552e-05,0.027097935080528258,306.19204352003925
Residual PPO,0.5,1083,-1.3940625190734863,0.6289385557174683,0.21643398702144623,True,0.3832171079438864,0.0034436512113538973,1.543211579322815,0.0008013250189833343,7.897616001173446e-07,0.85,3.0,0.0004100799560546875,0.515,9.755918658244062e-05,0.03633745333179832,280.49953418440896
Residual PPO,0.5,1084,-0.7371216416358948,-0.8951173424720764,0.4071005880832672,True,0.28005526229925165,0.006831662176891633,1.1846938133239746,0.0073897563852369785,7.301571258722106e-06,0.8575,2.85,0.007388114929199219,0.7075,0.00011363298000194365,0.02380042988806963,297.9606326000437
Residual PPO,0.5,1085,-0.7224554419517517,-0.08529454469680786,0.4138740301132202,True,0.2079934384412703,0.007008669328993334,0.8221300840377808,0.0076354132033884525,4.291594450478442e-06,0.875,2.5,0.007633209228515625,0.71,9.148642712465247e-05,0.023617324791848658,315.6241822560599
Residual PPO,0.5,1086,-0.7490203976631165,-0.7008727788925171,0.4387705326080322,True,0.2627123981052047,0.007839915313034998,1.0665459632873535,0.008522908203303814,6.556786047440255e-07,0.86,2.8000000000000003,0.008518218994140625,0.71,0.00010430022563287347,0.024955770038068294,300.4639398697509
Residual PPO,0.5,1087,-1.2718281745910645,-0.8616007566452026,0.3274095356464386,True,0.3981548356987275,0.004990923275202698,1.5632307529449463,0.004522183444350958,1.4943123005650705e-07,0.8425,3.1500000000000004,0.0045185089111328125,0.655,9.67043843130869e-05,0.0352660745382309,272.4673533615183
Residual PPO,0.5,1088,-1.148199200630188,-0.9221230149269104,0.4605681300163269,True,0.41134549608348125,0.009041037792229496,1.5241628885269165,0.009278836660087109,2.801463779178448e-06,0.8275,3.45,0.009272098541259766,0.6775,9.987415505379935e-05,0.0355782238394022,259.81597032918387
Residual PPO,0.5,1089,-1.8535881042480469,0.5890284776687622,0.37915652990341187,True,0.6026973926497367,0.010649973452252508,2.004608154296875,0.006400240119546652,6.263836098696629e-07,0.7875,4.25,0.006400108337402344,0.6125,7.74426648178759e-05,0.05100420396775007,206.3594469893599
Residual PPO,0.5,1090,-0.9845758080482483,-0.6573527455329895,0.30003631114959717,True,0.2888302047460154,0.0036005697993674577,1.2066437005996704,0.0035203529987484217,2.8014194413117366e-06,0.8625,2.75,0.0035071372985839844,0.665,9.619492342478157e-05,0.027527811974287032,299.93191213223866
Residual PPO,0.5,1091,-1.8845704793930054,-0.6914018392562866,0.36124923825263977,True,0.6083338944202527,0.009761484429918135,2.05623197555542,0.005742660723626614,6.228760412341217e-06,0.79,4.2,0.005742549896240234,0.6125,8.584268766035223e-05,0.051338113471865655,207.1951586043019
Residual PPO,0.5,1092,-1.9696727991104126,-0.2278679758310318,0.31251582503318787,True,0.6015363792201007,0.008440040500265752,2.0331528186798096,0.003968439530581236,6.943982043594588e-06,0.795,4.1000000000000005,0.003960609436035156,0.5975,7.573632173372525e-05,0.05240121856331825,212.6346640171585
Residual PPO,0.5,1093,-0.8791002631187439,0.07968070358037949,0.43002596497535706,True,0.26155220980955185,0.007590880232016562,0.9866499304771423,0.008216802030801773,1.7586531839697273e-06,0.8575,2.85,0.008213043212890625,0.6975,9.110486582469437e-05,0.0279704225435853,299.1991657230356
Residual PPO,0.5,1094,-0.9031349420547485,-0.5643354058265686,0.2514164447784424,True,0.24933198931638448,0.0023138129082110426,1.080662727355957,0.0017855672631412745,2.4437974843749544e-06,0.87,2.6,0.0017061233520507812,0.635,9.13829757774363e-05,0.024606966637074946,310.11973118932775
Residual PPO,0.5,1095,-1.3096781969070435,-0.4019305408000946,0.2943161725997925,True,0.36657717904673914,0.0041456588444656155,1.4055161476135254,0.0033152601681649685,9.239794849236205e-07,0.845,3.1,0.0032987594604492188,0.64,8.351455723474275e-05,0.035543137192726136,279.10827877284686
Residual PPO,0.5,1096,-0.5565752387046814,0.7886120080947876,0.27283963561058044,True,0.20572381774695925,0.0023921091632494048,0.972832441329956,0.002540198853239417,8.642695092930808e-07,0.8825,2.35,0.0025038719177246094,0.7025,0.00012006975369901773,0.016310935355722905,323.4323468180697
Residual PPO,0.5,1097,-1.3080552816390991,0.037033263593912125,0.27344202995300293,True,0.3515214803304805,0.003721886807740766,1.3485994338989258,0.0025646176654845476,1.0730103667810909e-06,0.8475,3.0500000000000003,0.002529144287109375,0.6275,8.073614561963123e-05,0.03510807029902935,283.33588365714115
Residual PPO,0.5,1098,-1.2224541902542114,-0.25077617168426514,0.4742331802845001,True,0.40002799846727016,0.009753020185687165,1.365433931350708,0.009758335538208485,1.5799166703800438e-06,0.8175,3.6500000000000004,0.009749412536621094,0.6675,7.41173427252051e-05,0.037839382477104666,255.72749516990297
Residual PPO,0.5,1099,-1.9130916595458984,0.09447009861469269,0.36984628438949585,True,0.6089212430779141,0.010679986689240752,1.9914977550506592,0.006060600280761719,1.7585729210622958e-06,0.785,4.3,0.006060600280761719,0.6075,7.053914036925983e-05,0.05226228330284357,204.30763142581856
PD+FF,0.75,1000,-1.2179213762283325,0.20768369734287262,0.34128254652023315,True,0.34729868280279946,0.01333807321991745,1.2955212593078613,2.19050389205222e-06,1.3982738892082125e-05,0.74,5.4,0.16732656955718994,0.43,6.487033226805753e-05,0.06638734918087721,235.4752466287124
PD+FF,0.75,1001,-1.0811076164245605,-0.9685990810394287,0.25630688667297363,True,0.34373141254884115,0.013286197314005451,1.4634742736816406,4.5582146412925795e-06,1.4262936019804329e-05,0.7425,5.15,0.18243640661239624,0.4325,0.0001240607392368638,0.060252717211842534,237.38299714928502
PD+FF,0.75,1002,-1.428768277168274,-0.28562131524086,0.4242836833000183,True,0.45488206407111875,0.026994877738076416,1.5492424964904785,2.1033070879639126e-05,1.9110830180579796e-05,0.7675,4.3500000000000005,0.14721596240997314,0.4375,5.1580992726038103e-05,0.07544089663773774,224.4232646267991
PD+FF,0.75,1003,-1.7183640003204346,-0.48658838868141174,0.34840381145477295,True,0.5321818303022884,0.03146668173807827,1.8381885290145874,1.9239732864662074e-05,2.1119856683071703e-05,0.7025,6.15,0.1665360927581787,0.4275,6.184140907355821e-05,0.0853090076893568,184.27833312204018
PD+FF,0.75,1004,-1.998679280281067,-0.7396973967552185,0.24154320359230042,True,0.5970745988944536,0.032737244840491106,2.150963544845581,2.2251186237554066e-05,2.723799661907833e-05,0.6875,6.25,0.1938779354095459,0.43,8.63422607073028e-05,0.0953423909470439,167.2345349559263
PD+FF,0.75,1005,-1.8766711950302124,0.8611240983009338,0.28618520498275757,True,0.5810004705208046,0.03242601266840124,2.0905823707580566,2.0464236513362266e-05,2.4183496861951426e-05,0.69,6.2,0.1824561357498169,0.43,9.30525593774556e-05,0.09083791747689247,170.3767903158749
PD+FF,0.75,1006,-1.4946178197860718,0.20171388983726501,0.28934937715530396,True,0.42166819855351795,0.017842804925472633,1.550795316696167,4.881797849520808e-06,1.487619101681048e-05,0.715,5.7,0.18115878105163574,0.435,6.403638531116916e-05,0.07648429255932569,212.38178201277964
PD+FF,0.75,1007,-1.8931626081466675,0.6319606900215149,0.39287856221199036,True,0.6267459630018873,0.04159096831008107,2.057427406311035,2.2646654542768374e-05,5.982483799016336e-06,0.7,5.5,0.15522432327270508,0.435,5.9454555626699825e-05,0.09237465862184763,162.0716642800819
PD+FF,0.75,1008,-1.749120831489563,0.6261014938354492,0.26522985100746155,True,0.5137641006387574,0.02519217632768281,1.8824279308319092,1.0975795703416225e-05,1.7688742445898242e-05,0.7025,5.95,0.18767142295837402,0.435,8.297023223798394e-05,0.08599786862730979,189.26448019772272
PD+FF,0.75,1009,-1.9152493476867676,-0.3461688160896301,0.2149554342031479,True,0.5416565726398297,0.026510808177278543,1.9668062925338745,1.725977926980704e-05,2.4401875634794123e-05,0.6975,6.050000000000001,0.20048415660858154,0.435,6.764872096073592e-05,0.09226329036056996,183.35788006919853
PD+FF,0.75,1010,-1.8575115203857422,0.07161146402359009,0.4753030240535736,True,0.6522642810033654,0.040216759429420865,1.9877599477767944,2.95662375719985e-05,2.834418182828813e-06,0.725,5.5,0.1341540813446045,0.4225,2.5040139732022367e-05,0.09246987100690603,163.08736750003177
PD+FF,0.75,1011,-1.57381272315979,0.12664707005023956,0.26378002762794495,True,0.4383230747786554,0.018503964623515917,1.6152409315109253,6.233589829207631e-06,1.645260454097297e-05,0.7125,5.75,0.18766212463378906,0.4375,6.366774559803156e-05,0.07938820332288742,208.73226290847492
PD+FF,0.75,1012,-1.5405192375183105,0.561293363571167,0.2715309262275696,True,0.4427789221216448,0.01870778798552245,1.6658978462219238,8.165029612428043e-06,1.8805903891916387e-05,0.715,5.7,0.18574965000152588,0.4325,8.32293276040295e-05,0.07815327145159244,207.78106962428888
PD+FF,0.75,1013,-0.8082606196403503,-0.8420410752296448,0.401797890663147,True,0.28873870287692505,0.011397679335764329,1.1964707374572754,5.032105946156662e-06,1.2540476745925844e-05,0.75,5.0,0.14781653881072998,0.43,0.00010602514891390923,0.05134143535047769,248.82458729549649
PD+FF,0.75,1014,-1.3467140197753906,0.1714046150445938,0.4693894386291504,True,0.4436889653228734,0.027994348813255094,1.4792935848236084,2.385842708463315e-05,2.5095623641391285e-05,0.7775,4.45,0.13570356369018555,0.4275,4.6236769375125325e-05,0.07320117838680744,229.75299445120766
PD+FF,0.75,1015,-1.4601455926895142,0.21413566172122955,0.39239153265953064,True,0.45047202776858836,0.025094607672072354,1.5576187372207642,1.1497859304654412e-05,1.618766509636771e-05,0.7375,4.75,0.1552523374557495,0.4325,5.190657027749859e-05,0.07612256575375795,214.1432932804773
PD+FF,0.75,1016,-1.6580126285552979,-0.11461202055215836,0.3060871958732605,True,0.48363948303772997,0.024719012848518938,1.7123081684112549,1.622335912543349e-05,2.434945054119453e-05,0.705,5.95,0.17720377445220947,0.43,5.48795355453374e-05,0.08272176224738359,196.47180247556798
PD+FF,0.75,1017,-0.62247234582901,0.6426637768745422,0.4917738139629364,True,0.2360740121520793,0.009464845089601121,0.9441598057746887,4.3729123717639595e-06,3.76054595108144e-06,0.7925,3.5500000000000003,0.1257706880569458,0.46,8.821435692992577e-05,0.04614819418638945,274.3133117004064
PD+FF,0.75,1018,-1.1090368032455444,-0.0900818482041359,0.4614541530609131,True,0.3519765959102084,0.01780989907736244,1.2329598665237427,2.8989225029363297e-06,3.997098701802315e-06,0.8,4.0,0.13753366470336914,0.445,5.3072693091395924e-05,0.06411324925720692,257.2549246051733
PD+FF,0.75,1019,-1.674609661102295,-0.20800989866256714,0.34006524085998535,True,0.5053342251327991,0.028619292469390278,1.7483413219451904,1.2444620551832486e-05,1.5621310012647882e-05,0.705,6.1000000000000005,0.16863000392913818,0.4375,5.1844815535486745e-05,0.08359399318695068,191.3756732144867
PD+FF,0.75,1020,-1.1319496631622314,-0.4326494336128235,0.2227078378200531,True,0.2972404068461949,0.011026036671181268,1.229520559310913,2.661190819708281e-06,1.2796160262951162e-05,0.7475,5.050000000000001,0.1898309588432312,0.435,8.71452329754681e-05,0.0620796612277627,247.71195789043824
PD+FF,0.75,1021,-1.4384177923202515,-0.8382971882820129,0.49743902683258057,True,0.5218583215865494,0.03436958325071833,1.74289071559906,2.0447763745323755e-05,6.444557129725581e-06,0.755,4.9,0.12852144241333008,0.435,7.937323935952901e-05,0.07726102270185947,202.949022155195
PD+FF,0.75,1022,-1.999210000038147,0.8368335366249084,0.37694433331489563,True,0.669581864441584,0.04402699193347844,2.217628240585327,2.3256157874129713e-05,3.876288701576414e-06,0.68,6.75,0.15936279296875,0.4375,7.643091985869223e-05,0.09616045396775007,145.39039795248578
PD+FF,0.75,1023,-1.4916963577270508,0.8117974996566772,0.4728805720806122,True,0.5266981209752007,0.03444034721970169,1.7707891464233398,2.7948552087764256e-05,2.097738797601778e-05,0.7575,4.8500000000000005,0.13483762741088867,0.425,7.814905650634496e-05,0.07870913941413164,203.69789883851152
PD+FF,0.75,1024,-1.51630699634552,-0.48329436779022217,0.3110935389995575,True,0.4452971450709393,0.020481792280837345,1.6307122707366943,1.3584713997261133e-05,2.3948499801917933e-05,0.715,5.75,0.17582476139068604,0.4325,7.336286843187992e-05,0.07742167692631483,206.95510001908144
PD+FF,0.75,1025,-0.7683239579200745,0.258014976978302,0.24864348769187927,True,0.19613278904777112,0.007793166074091984,0.8370508551597595,4.952600193064427e-06,3.048850658160518e-06,0.8475,2.85,0.13989031314849854,0.4625,5.583351329761171e-05,0.04446187876164913,305.426662578887
PD+FF,0.75,1026,-1.7438942193984985,0.19023452699184418,0.2583710551261902,True,0.49571543872665663,0.023804956949492147,1.788167119026184,1.1961692507611588e-05,2.0238934666849673e-05,0.7025,5.95,0.18934190273284912,0.4325,6.051576880679385e-05,0.08578642353415489,193.8212405788739
PD+FF,0.75,1027,-1.9580382108688354,0.12429128587245941,0.36954861879348755,True,0.6273127000670108,0.0418261453129185,2.0371341705322266,2.6233965400024317e-05,1.1237903891014867e-05,0.685,6.6000000000000005,0.16118383407592773,0.43,3.665713160426071e-05,0.09451892133802176,157.3102335123432
PD+FF,0.75,1028,-0.7757433652877808,-0.22796711325645447,0.4025936424732208,True,0.2270077517636654,0.008390771046667626,0.88874751329422,1.1823902923424612e-06,7.730684956186451e-06,0.8225,3.1500000000000004,0.14627957344055176,0.435,6.756808150971852e-05,0.05001354802399874,289.2495364269017
PD+FF,0.75,1029,-0.7448340058326721,0.6458722352981567,0.214758962392807,True,0.218504630592736,0.009305105293443637,0.9937342405319214,5.427067662822083e-06,3.70961902262934e-06,0.775,4.6000000000000005,0.1345255970954895,0.455,7.400402541498775e-05,0.04236082173883915,272.53092152359994
PD+FF,0.75,1030,-1.6447029113769531,-0.9496257901191711,0.4438457489013672,True,0.579293491109606,0.03763694511709837,1.9596617221832275,1.682085348875262e-05,5.456572125694947e-06,0.755,4.9,0.14219284057617188,0.4325,8.704808608670048e-05,0.08386547058820724,192.58465843995097
PD+FF,0.75,1031,-0.9611496329307556,0.9009804725646973,0.39864641427993774,True,0.3354415656479874,0.013073496907245411,1.349510669708252,4.338848611951107e-06,1.0404345630377065e-05,0.74,5.2,0.15174055099487305,0.4325,0.00010838301969669,0.057313307262957094,236.14062914372207
PD+FF,0.75,1032,-0.6833899617195129,-0.5306191444396973,0.49894750118255615,True,0.2436846681157424,0.009597333902887433,0.9369611740112305,5.505602985067526e-06,3.284332706243731e-06,0.83,3.4000000000000004,0.12589502334594727,0.46,7.897348474788896e-05,0.04878041371703148,287.8773448482481
PD+FF,0.75,1033,-0.7577928304672241,0.7459949851036072,0.4761985242366791,True,0.28066249967326273,0.011225776275537103,1.1103570461273193,6.850800673419144e-06,1.818077544157859e-05,0.7625,4.95,0.13193786144256592,0.4275,9.451691493564023e-05,0.051068281419575215,254.2559459082122
PD+FF,0.75,1034,-0.5296080112457275,-0.6777904629707336,0.22327283024787903,True,0.18389178710892415,0.008145556345417937,0.8656488060951233,3.7536890431510983e-06,4.750263542518951e-06,0.825,3.1500000000000004,0.09799492359161377,0.4475,6.119085225457933e-05,0.03113902226090431,298.6027141532643
PD+FF,0.75,1035,-1.5201642513275146,-0.23973245918750763,0.436818927526474,True,0.49437794913293576,0.03177804322184702,1.6407326459884644,2.0065723219886422e-05,1.7052881958079524e-05,0.77,4.6000000000000005,0.14401698112487793,0.4325,4.569823277392624e-05,0.07906963754445315,217.116308041397
PD+FF,0.75,1036,-1.558912754058838,0.6018440127372742,0.34900519251823425,True,0.4801812387088056,0.025426049699358296,1.7159850597381592,1.4639454093412496e-05,2.092508839268703e-05,0.715,5.9,0.16633403301239014,0.43,7.516196068347416e-05,0.07932988710701466,199.33815074263802
PD+FF,0.75,1037,-1.5164998769760132,-0.3818822205066681,0.38270920515060425,True,0.4707322871781511,0.026577863990528923,1.632893443107605,1.4441588064073585e-05,1.8729617295321077e-05,0.725,5.95,0.15782511234283447,0.4325,5.826617430101806e-05,0.07812454838305712,204.99481041868367
PD+FF,0.75,1038,-1.5098652839660645,-0.8029577136039734,0.31811848282814026,True,0.4649616493894775,0.021618550967442234,1.7404528856277466,9.902021702146158e-06,1.8483095118426718e-05,0.7125,5.75,0.17404627799987793,0.4325,9.602025654676179e-05,0.07721687462180853,201.5191279508068
PD+FF,0.75,1039,-0.6960156559944153,-0.0387578122317791,0.3661683201789856,True,0.1922225076484559,0.007252719775540335,0.7715099453926086,9.746308933245018e-07,1.0609876881062519e-05,0.85,3.0,0.1348954439163208,0.4275,5.690686319504285e-05,0.04468004275113344,306.7773393392017
PD+FF,0.75,1040,-0.7547146081924438,0.5635512471199036,0.4134989380836487,True,0.24500861486011538,0.0095550362393632,0.9874649047851562,5.591460649156943e-06,9.715608939586673e-06,0.77,4.800000000000001,0.14366841316223145,0.44,8.491751777612551e-05,0.04941709738224745,264.4146306294105
PD+FF,0.75,1041,-0.6478168964385986,-0.19675222039222717,0.46515655517578125,True,0.20371797033089262,0.007612345508221802,0.7876572012901306,4.876347702520434e-06,1.4071556506678462e-05,0.8425,3.1500000000000004,0.13103997707366943,0.435,6.455311310385216e-05,0.04638618752360344,300.9508618145616
PD+FF,0.75,1042,-1.463887333869934,-0.25558269023895264,0.3728010952472687,True,0.44423463039285677,0.02343476330911698,1.5574976205825806,1.1994407941529062e-05,1.8334721971768886e-05,0.725,5.8500000000000005,0.1602267026901245,0.4325,5.572673150036087e-05,0.07601807322353124,210.67199682472048
PD+FF,0.75,1043,-1.7490100860595703,-0.7958716750144958,0.31946444511413574,True,0.545944134963819,0.03044313481249159,1.9551254510879517,1.48452672874555e-05,1.7708616724121384e-05,0.695,6.15,0.17386794090270996,0.4375,8.744429399672037e-05,0.0862066287174821,178.69876816802346
PD+FF,0.75,1044,-1.981444239616394,0.7169352173805237,0.20961801707744598,True,0.5766715167532872,0.029101565168832427,2.121433973312378,1.4762045793759171e-05,2.3780698029440828e-05,0.6925,6.15,0.2019018530845642,0.4325,9.064962942262802e-05,0.09476324593648315,173.88212924801644
PD+FF,0.75,1045,-0.7272861003875732,-0.39523494243621826,0.4158290922641754,True,0.22498875641128407,0.008628719439775872,0.8928825855255127,7.899997399363201e-06,5.829180281580193e-06,0.805,3.5500000000000003,0.14182209968566895,0.45,7.389296774670114e-05,0.0483115154504776,282.1836480073024
PD+FF,0.75,1046,-1.868130087852478,0.6265861392021179,0.39649125933647156,True,0.6187677042331007,0.041058461046119835,2.0331599712371826,2.4059685529209673e-05,8.912915291148238e-06,0.705,5.45,0.15430808067321777,0.4325,5.948259641768779e-05,0.09148165423423052,165.66282204770135
PD+FF,0.75,1047,-1.1699552536010742,-0.14992530643939972,0.29876548051834106,True,0.3178028956857515,0.011106742974871776,1.2261031866073608,2.0597722141246777e-06,1.5380579498014413e-05,0.7425,5.25,0.17662477493286133,0.4325,6.890721263370534e-05,0.0641604508087039,242.22517106295822
PD+FF,0.75,1048,-0.9076822996139526,-0.7630760073661804,0.4824531674385071,True,0.32754575438489014,0.01446453748602047,1.2415555715560913,7.700748938077595e-06,2.7178050459042424e-06,0.7875,3.95,0.13175058364868164,0.46,9.205933658526947e-05,0.05695054411888122,255.2862231599409
PD+FF,0.75,1049,-1.6127384901046753,0.09402617067098618,0.43331217765808105,True,0.5264976145378699,0.03483341965290636,1.7211719751358032,2.098650293191895e-05,1.314401288254885e-05,0.765,4.7,0.14488530158996582,0.43,3.912388085886353e-05,0.0824822661280632,208.67015273987604
PD+FF,0.75,1050,-1.2507070302963257,-0.40418457984924316,0.49881017208099365,True,0.4279439607622657,0.027192052697234802,1.430353045463562,1.540212360851001e-05,1.3135009794496e-05,0.775,4.5,0.12810087203979492,0.435,5.522271956804335e-05,0.07024836868047714,230.80519574022048
PD+FF,0.75,1051,-0.8433747291564941,-0.6024307608604431,0.2584548592567444,True,0.2420227107690545,0.009841555498065662,1.051550030708313,4.924107543047285e-06,5.5527029871882405e-06,0.7625,4.75,0.15245550870895386,0.4525,8.204222779722929e-05,0.04865944560617209,263.08098697823596
PD+FF,0.75,1052,-1.577463150024414,-0.03658809885382652,0.32490968704223633,True,0.4622262146393448,0.02332894831651377,1.6357471942901611,1.0492133696970996e-05,1.7702712284517474e-05,0.71,5.9,0.17246663570404053,0.435,5.405708363923013e-05,0.07981613069772721,202.38394763401882
PD+FF,0.75,1053,-0.7320424914360046,-0.38764455914497375,0.44851720333099365,True,0.23390012794964224,0.008788326663536126,0.9071827530860901,5.174920715944609e-06,1.8758188389256247e-06,0.83,3.25,0.13697552680969238,0.465,7.224985360039049e-05,0.04936808608472347,290.37543962469596
PD+FF,0.75,1054,-1.9604523181915283,0.6108824014663696,0.3443475067615509,True,0.625446553566706,0.04053191586792828,2.1005895137786865,2.1216643290244974e-05,1.0531306543271057e-05,0.6825,6.550000000000001,0.16760039329528809,0.435,6.312929916306434e-05,0.09435524452477694,157.00303055611872
PD+FF,0.75,1055,-0.8035520911216736,-0.8197364807128906,0.37500709295272827,True,0.2790636816627333,0.01119151838486888,1.1733254194259644,6.261614998948062e-06,4.533638275461271e-06,0.7525,4.95,0.15138030052185059,0.4625,0.00010525585702694039,0.05052805546671152,251.8424193039139
PD+FF,0.75,1056,-0.6173267960548401,-0.7547652125358582,0.33817118406295776,True,0.22421194065619457,0.009448922497220265,0.9910121560096741,3.8338607737387065e-06,8.230048479163088e-06,0.7725,4.65,0.11972153186798096,0.435,8.332885885613734e-05,0.039432120658457276,269.9745613241736
PD+FF,0.75,1057,-1.4013786315917969,-0.020997419953346252,0.2980625629425049,True,0.39147333590147976,0.015618374119374882,1.4498260021209717,4.769614861288574e-06,1.6212510672630742e-05,0.725,5.550000000000001,0.17865431308746338,0.435,6.237677456458702e-05,0.07300490166991949,222.1472371308971
PD+FF,0.75,1058,-1.9344123601913452,-0.6835842132568359,0.34246277809143066,True,0.6177867976424783,0.03955090869382182,2.0958123207092285,2.5040799300768413e-05,1.776631506800186e-05,0.6825,6.5,0.16807568073272705,0.435,6.891656356137435e-05,0.09336196504533291,158.5988982157434
PD+FF,0.75,1059,-1.3239208459854126,-0.34795770049095154,0.3298633396625519,True,0.38241951108853134,0.015638644416957358,1.4189908504486084,7.83994619268924e-06,1.9918690668419003e-05,0.73,5.5,0.17063045501708984,0.4325,6.866778331588213e-05,0.07029927309602499,224.81895921738854
PD+FF,0.75,1060,-0.5232435464859009,-0.8263487219810486,0.4775193929672241,True,0.23692605639677414,0.009898188366884208,1.0047281980514526,4.985181021766039e-06,8.82765743881464e-06,0.765,4.75,0.11516153812408447,0.425,9.738968119923932e-05,0.04080204330384731,263.7845702450793
PD+FF,0.75,1061,-1.0766786336898804,0.09924349933862686,0.28927016258239746,True,0.2855881229723289,0.010006009787933689,1.1255362033843994,2.43911927100271e-06,9.121418770519085e-06,0.75,5.050000000000001,0.1765902042388916,0.4475,7.029324615717681e-05,0.06039192225784063,250.9789499545056
PD+FF,0.75,1062,-1.020176649093628,-0.6513675451278687,0.4292861223220825,True,0.33430946020424673,0.01402042859232248,1.2640495300292969,3.480764235064271e-06,1.2739635167235974e-05,0.7625,5.2,0.14512324333190918,0.4325,8.525979675791955e-05,0.060126334950327875,244.79320086441706
PD+FF,0.75,1063,-0.5567145943641663,0.6067063212394714,0.2895512878894806,True,0.18501529878708778,0.007956570665503796,0.8364167213439941,3.170357558701653e-06,8.96226629265584e-06,0.8475,2.75,0.10616356134414673,0.43,6.338685148669518e-05,0.03448847234249115,306.97520250664036
PD+FF,0.75,1064,-1.6129041910171509,-0.13716638088226318,0.24278511106967926,True,0.4442608013058269,0.018332516811097325,1.648740530014038,1.0514513633097522e-05,2.2263826394919306e-05,0.7125,5.75,0.19300836324691772,0.43,6.545176122285143e-05,0.08082719948142766,207.86187746781687
PD+FF,0.75,1065,-0.5033138990402222,-0.5932050347328186,0.453745573759079,True,0.19503938853544595,0.008102176824185257,0.8140102624893188,8.223125405493192e-06,4.3595105125859845e-06,0.85,3.0,0.10945534706115723,0.4825,7.561636420000406e-05,0.03850859750062227,305.06195300612615
PD+FF,0.75,1066,-1.3762075901031494,0.32575497031211853,0.20805609226226807,True,0.3612637276237818,0.012495924970040055,1.4327175617218018,2.548071734054247e-06,1.4347986507345922e-05,0.7325,5.3500000000000005,0.19937390089035034,0.435,8.122168366798748e-05,0.07180595584213734,230.79840356831315
PD+FF,0.75,1067,-0.6176835894584656,0.9055254459381104,0.20151829719543457,True,0.23580569242615418,0.010203423662047692,1.0992552042007446,5.4855063353898e-06,3.0004061954969075e-06,0.7675,4.65,0.11244648694992065,0.4725,8.337705383066199e-05,0.03530953267589212,267.1141666802661
PD+FF,0.75,1068,-0.7787961959838867,0.5352519750595093,0.25048118829727173,True,0.2190041374647379,0.009002954960517647,0.9598432183265686,3.659301683001104e-06,5.633964519802248e-06,0.78,4.6000000000000005,0.14166444540023804,0.45,7.153465047546815e-05,0.045060941800475124,274.1943673463859
PD+FF,0.75,1069,-0.5076419115066528,0.8446078896522522,0.24751581251621246,True,0.21216808136500565,0.009260022413412044,0.9901279211044312,4.388683009892702e-06,4.617968443199061e-06,0.7775,4.55,0.09524601697921753,0.4525,7.421736649360013e-05,0.03059413708746433,274.91058390866556
PD+FF,0.75,1070,-1.6644020080566406,0.9533751606941223,0.22921264171600342,True,0.4973752349209434,0.02084450506821128,1.9316902160644531,1.4087485396885313e-05,2.505096017557662e-05,0.7125,5.75,0.19656062126159668,0.435,0.0001157941925657962,0.08279243875294924,196.64885636840188
PD+FF,0.75,1071,-1.6379417181015015,0.7469041347503662,0.26974478363990784,True,0.48535295424456176,0.02205196079359821,1.823076605796814,1.2958590559719596e-05,2.281183515151497e-05,0.7075,5.8500000000000005,0.1863483190536499,0.43,9.434569937138293e-05,0.08181703213602304,196.43191858036695
PD+FF,0.75,1072,-1.22187077999115,0.3675197660923004,0.4661308228969574,True,0.4006806784123324,0.02285108011078708,1.3792310953140259,1.727164999465458e-05,2.3256072381627746e-05,0.7875,4.25,0.13645029067993164,0.43,5.7701694657955394e-05,0.06844750631600618,242.11607096384986
PD+FF,0.75,1073,-1.5133368968963623,0.8512749075889587,0.3800120949745178,True,0.49401595320397534,0.027103045367759274,1.7799524068832397,1.3081318684271537e-05,1.6840576790855266e-05,0.7175,5.95,0.1584235429763794,0.4325,9.167030730702643e-05,0.07796388182789088,196.71193207501585
PD+FF,0.75,1074,-0.5001789927482605,-0.2884053587913513,0.4962819218635559,True,0.17415604673157106,0.006809639158680427,0.6818972826004028,5.914339908485999e-06,4.000603894382948e-06,0.8475,3.0500000000000003,0.11310398578643799,0.495,6.288959908860297e-05,0.04061926357448101,307.69389064326367
PD+FF,0.75,1075,-0.8189709782600403,0.9466501474380493,0.23914383351802826,True,0.2815174962826219,0.011652707903836547,1.2590471506118774,6.199671588547062e-06,5.168736606719904e-06,0.755,4.9,0.14765971899032593,0.4575,0.00010475897533570706,0.04684050073847175,253.8820090032629
PD+FF,0.75,1076,-1.445397138595581,-0.562984049320221,0.45283621549606323,True,0.4842820736093463,0.0307180908118634,1.6326581239700317,2.4966549972305074e-05,2.2853811969980597e-05,0.77,4.6000000000000005,0.13985252380371094,0.43,6.349965666641735e-05,0.07656710762530565,218.24784961527973
PD+FF,0.75,1077,-0.6151338219642639,-0.8893533945083618,0.2694230377674103,True,0.23868037858065522,0.010179648312486552,1.088533878326416,4.70435543320491e-06,6.397872766683577e-06,0.765,4.7,0.11515504121780396,0.4425,8.727182273740499e-05,0.03697198711335659,265.239002188304
PD+FF,0.75,1078,-0.6580581068992615,-0.6858707666397095,0.23459486663341522,True,0.20893383497969945,0.009015941669691944,0.9584092497825623,4.841045210923767e-06,3.9937131077749655e-06,0.785,4.5,0.12080085277557373,0.4525,7.198504261915421e-05,0.038266233038157224,278.178455976453
PD+FF,0.75,1079,-0.5874135494232178,0.8651593327522278,0.4896434247493744,True,0.25839213903228986,0.010607589550598283,1.076871633529663,7.110008937161183e-06,4.184488261671504e-06,0.7575,4.8500000000000005,0.12456238269805908,0.49,0.00010513934760473288,0.044622555263340476,256.78520693256974
PD+FF,0.75,1080,-0.6397119164466858,0.7102972865104675,0.367546945810318,True,0.22635876349712944,0.00940414536426846,0.9782975912094116,4.920244919048855e-06,5.039058578404365e-06,0.7725,4.65,0.12561142444610596,0.45,8.46326790620844e-05,0.04177215415984392,269.2606345750141
PD+FF,0.75,1081,-1.3320256471633911,0.8601993322372437,0.3006768822669983,True,0.4090090112242515,0.01609142604772993,1.6089626550674438,4.616280875779921e-06,1.4027827091922518e-05,0.725,5.5,0.17770981788635254,0.435,0.00010718805689244745,0.07039005517959594,217.38512484564285
PD+FF,0.75,1082,-0.9581221342086792,-0.30673766136169434,0.3117980659008026,True,0.26166227957386634,0.009631379164462876,1.0491341352462769,5.481178959598765e-06,4.596059170580702e-06,0.755,4.95,0.1683410406112671,0.4575,7.476056244748362e-05,0.05582918424159288,256.62729788373724
PD+FF,0.75,1083,-1.3940625190734863,0.6289385557174683,0.21643398702144623,True,0.38398368439112346,0.013789650517788707,1.543211579322815,4.323571829445427e-06,1.5490710211452097e-05,0.73,5.4,0.1977747082710266,0.4325,9.878709124486511e-05,0.07250267853960395,225.0217096918115
PD+FF,0.75,1084,-0.7371216416358948,-0.8951173424720764,0.4071005880832672,True,0.2810366603675084,0.011357812305298347,1.1846938133239746,4.721812274510739e-06,1.1083591743954457e-05,0.7525,4.95,0.1433701515197754,0.43,0.00010971252725815792,0.04847862105816603,251.45305571379225
PD+FF,0.75,1085,-0.7224554419517517,-0.08529454469680786,0.4138740301132202,True,0.21024181103512113,0.007814119836684329,0.8224573135375977,1.9579815671022516e-06,7.0053802119218744e-06,0.845,3.1,0.14163005352020264,0.4525,6.376007989352104e-05,0.04803709678351879,301.3247124681597
PD+FF,0.75,1086,-0.7490203976631165,-0.7008727788925171,0.4387705326080322,True,0.2636477595303581,0.01037569292710616,1.0665546655654907,5.958504516456742e-06,2.457082246110076e-06,0.76,4.9,0.13929212093353271,0.4675,9.370877657231615e-05,0.04979932844638824,256.8071367441123
PD+FF,0.75,1087,-1.2718281745910645,-0.8616007566452026,0.3274095356464386,True,0.39915444625175206,0.01593394370199748,1.5632307529449463,4.235383585182717e-06,1.2158652680227533e-05,0.7275,5.45,0.1709808111190796,0.4325,0.0001056339084250875,0.06830000758171081,219.89626661636711
PD+FF,0.75,1088,-1.148199200630188,-0.9221230149269104,0.4605681300163269,True,0.4119449490974969,0.02094686192497298,1.5241628885269165,7.996419299161062e-06,1.467306174163241e-05,0.775,4.3500000000000005,0.1377120018005371,0.435,9.938420117524286e-05,0.06556067854166031,234.38354295391576
PD+FF,0.75,1089,-1.8535881042480469,0.5890284776687622,0.37915652990341187,True,0.6020636675767819,0.03944955602717427,2.003446340560913,2.072918323392514e-05,8.77773800311843e-06,0.6975,6.5,0.15870130062103271,0.4375,6.0332982152898335e-05,0.09071924421936274,166.85050305395822
PD+FF,0.75,1090,-0.9845758080482483,-0.6573527455329895,0.30003631114959717,True,0.29027662719909025,0.011169459122714201,1.2066437005996704,4.424789949553087e-06,8.048776180658024e-06,0.75,5.0,0.17135632038116455,0.4475,9.722573538217245e-05,0.05676495648920536,249.17796121093448
PD+FF,0.75,1091,-1.8845704793930054,-0.6914018392562866,0.36124923825263977,True,0.6090123569911352,0.039304372692950125,2.0562210083007812,2.5517836547805928e-05,1.7116379240178503e-05,0.69,6.5,0.1633305549621582,0.43,6.876352130896817e-05,0.09166412603110075,162.86327511649353
PD+FF,0.75,1092,-1.9696727991104126,-0.2278679758310318,0.31251582503318787,True,0.6026196954631761,0.037789917030203936,2.0336055755615234,2.5299988919869065e-05,2.1908892449573614e-05,0.6825,6.45,0.17582619190216064,0.43,4.6007123048063934e-05,0.0944633613154292,163.24196676963794
PD+FF,0.75,1093,-0.8791002631187439,0.07968070358037949,0.43002596497535706,True,0.2630678205757786,0.009655531740203432,0.9863419532775879,6.688500434393063e-06,1.3113876775605604e-05,0.83,3.4000000000000004,0.14373290538787842,0.435,6.128737214369433e-05,0.05473766662180424,286.0471519654057
PD+FF,0.75,1094,-0.9031349420547485,-0.5643354058265686,0.2514164447784424,True,0.25167102743882525,0.01006425608247445,1.0808298587799072,4.090949460078264e-06,6.9386114773806185e-06,0.76,4.800000000000001,0.1614919900894165,0.4475,8.345165541005702e-05,0.051552789583802223,260.4146972845329
PD+FF,0.75,1095,-1.3096781969070435,-0.4019305408000946,0.2943161725997925,True,0.36831979666567505,0.013777269554783958,1.40648353099823,2.1385192212619586e-06,1.2628997865249403e-05,0.7275,5.45,0.17908167839050293,0.435,7.591930126079687e-05,0.06949898079037667,226.64109121514178
PD+FF,0.75,1096,-0.5565752387046814,0.7886120080947876,0.27283963561058044,True,0.2114439820722691,0.009164459272069202,0.972832441329956,6.185199708852451e-06,2.5592332804080797e-06,0.78,4.55,0.10520267486572266,0.4625,7.54612328400213e-05,0.033952457383275035,275.767599515078
PD+FF,0.75,1097,-1.3080552816390991,0.037033263593912125,0.27344202995300293,True,0.3530522546750298,0.012538200805126628,1.348527193069458,9.728253189678071e-07,1.1325096238579135e-05,0.73,5.4,0.18393754959106445,0.44,6.784677834519534e-05,0.06931740917265415,231.31788617302914
PD+FF,0.75,1098,-1.2224541902542114,-0.25077617168426514,0.4742331802845001,True,0.4011473422731676,0.023525780816040183,1.3662012815475464,4.0303498280991334e-06,4.939921836921712e-06,0.7875,4.25,0.13441181182861328,0.445,5.177659002228446e-05,0.06863318406045436,242.09200308020286
PD+FF,0.75,1099,-1.9130916595458984,0.09447009861469269,0.36984628438949585,True,0.6095242748378484,0.04041646421353311,1.9911763668060303,2.2893427740200423e-05,1.0313132406736258e-05,0.69,6.550000000000001,0.16114521026611328,0.4325,3.6485311949917145e-05,0.09284110147505999,163.14018098524204
Residual PPO,0.75,1000,-1.2179213762283325,0.20768369734287262,0.34128254652023315,True,0.3447846853249759,0.006338777830933274,1.2958096265792847,0.005030178464949131,3.535867108439561e-06,0.84,3.2,0.023950695991516113,0.8475,9.98069366944193e-05,0.05276885081082582,280.0015550977134
Residual PPO,0.75,1001,-1.0811076164245605,-0.9685990810394287,0.25630688667297363,True,0.3398851009862349,0.01241398499089686,1.4634742736816406,0.0019524380331858993,8.285664080176502e-06,0.775,4.5,0.05841726064682007,0.875,0.00018449668413127816,0.04803239494562149,252.75979805951076
Residual PPO,0.75,1002,-1.428768277168274,-0.28562131524086,0.4242836833000183,True,0.4528935345041165,0.008182033547652968,1.547722578048706,0.008014019578695297,2.467215381329879e-06,0.8075,3.85,0.008149147033691406,0.795,9.043993928229004e-05,0.0623519990965724,244.36098028629897
Residual PPO,0.75,1003,-1.7183640003204346,-0.48658838868141174,0.34840381145477295,True,0.5297368700975038,0.0062618669568758525,1.8365387916564941,0.005286992061883211,7.971434570208658e-07,0.8025,3.95,0.024082183837890625,0.8075,0.00010926311640756172,0.07175168626010418,229.79648652602674
Residual PPO,0.75,1004,-1.998679280281067,-0.7396973967552185,0.24154320359230042,True,0.5945337988561107,0.00765974765641572,2.150963544845581,0.0014593015657737851,2.1463565644808114e-06,0.8025,3.95,0.06315600872039795,0.8175,0.00014777012592662623,0.08237540755420923,219.70469075930157
Residual PPO,0.75,1005,-1.8766711950302124,0.8611240983009338,0.28618520498275757,True,0.5788816050029564,0.012843829275127042,2.0905823707580566,0.0030197694431990385,9.181319910567254e-06,0.7775,4.45,0.0462416410446167,0.815,0.00014352831323070862,0.0775997368618846,210.26421725263862
Residual PPO,0.75,1006,-1.4946178197860718,0.20171388983726501,0.28934937715530396,True,0.41931926041962986,0.00564686464613826,1.5510598421096802,0.0031425892375409603,5.683856215910055e-06,0.8275,3.45,0.042571067810058594,0.84,9.544818602273577e-05,0.06306752111762762,262.7549627823206
Residual PPO,0.75,1007,-1.8931626081466675,0.6319606900215149,0.39287856221199036,True,0.6254116158588703,0.013000608957054382,2.0575244426727295,0.006899520754814148,8.1462831076351e-06,0.7725,4.55,0.01039266586303711,0.775,0.00010283251882792475,0.07878584038466215,194.53214457333988
Residual PPO,0.75,1008,-1.749120831489563,0.6261014938354492,0.26522985100746155,True,0.5114779410902831,0.009254637681928383,1.8824231624603271,0.0022759907878935337,7.5594193731376436e-06,0.7925,4.15,0.05206167697906494,0.83,0.00012194147847112816,0.072741659283638,230.57349278604002
Residual PPO,0.75,1009,-1.9152493476867676,-0.3461688160896301,0.2149554342031479,True,0.5389685589777975,0.005775131689141972,1.966313123703003,0.0007796577992849052,1.1666351156236487e-06,0.8125,3.75,0.07015371322631836,0.83,0.00010922341502250258,0.07925441162660718,235.95044998958983
Residual PPO,0.75,1010,-1.8575115203857422,0.07161146402359009,0.4753030240535736,True,0.6515890913177484,0.011386118531493338,1.9880660772323608,0.00979266595095396,3.85806015401613e-06,0.75,5.0,0.009816646575927734,0.7025,7.355604377203736e-05,0.08064054910093546,175.01164902662245
Residual PPO,0.75,1011,-1.57381272315979,0.12664707005023956,0.26378002762794495,True,0.43589912845877304,0.00497423715177655,1.615441918373108,0.0022206550929695368,2.620023678900907e-06,0.8275,3.45,0.051034510135650635,0.84,9.340961022287168e-05,0.06604540947824716,260.5638306915829
Residual PPO,0.75,1012,-1.5405192375183105,0.561293363571167,0.2715309262275696,True,0.44015322506505905,0.007612730903830926,1.6658121347427368,0.0024985107593238354,6.027753443049733e-06,0.8025,3.95,0.04876351356506348,0.8425,0.00012077626977215237,0.06481660522520542,247.95797600365736
Residual PPO,0.75,1013,-0.8082606196403503,-0.8420410752296448,0.401797890663147,True,0.28493873283938276,0.011985531582360839,1.1964707374572754,0.00720346299931407,8.741838428250048e-06,0.785,4.3,0.01674330234527588,0.8625,0.00017994051723667657,0.03897931437939405,264.03736256146703
Residual PPO,0.75,1014,-1.3467140197753906,0.1714046150445938,0.4693894386291504,True,0.44262095543284,0.011276735764768264,1.4798353910446167,0.009584018029272556,5.3716221373179e-06,0.7975,4.05,0.009687662124633789,0.7525,7.943607380948423e-05,0.0612355263531208,239.66868460422273
Residual PPO,0.75,1015,-1.4601455926895142,0.21413566172122955,0.39239153265953064,True,0.448936328505471,0.009080454392009732,1.5580880641937256,0.006879987195134163,5.696624612028245e-06,0.81,3.8000000000000003,0.009459853172302246,0.81,8.170318817943163e-05,0.062462570182979106,246.78416690345583
Residual PPO,0.75,1016,-1.6580126285552979,-0.11461202055215836,0.3060871958732605,True,0.4814299694171033,0.005631495748500014,1.7119801044464111,0.003739669919013977,4.578127118293196e-06,0.815,3.7,0.037317872047424316,0.825,8.680452237027492e-05,0.06924446258693934,246.05919569339875
Residual PPO,0.75,1017,-0.62247234582901,0.6426637768745422,0.4917738139629364,True,0.2331657352192372,0.012403277055757321,0.9438154101371765,0.010363258421421051,7.383096544799628e-06,0.805,3.9000000000000004,0.010951042175292969,0.78,0.0001661891787918644,0.03516470294445753,279.0008003595528
Residual PPO,0.75,1018,-1.1090368032455444,-0.0900818482041359,0.4614541530609131,True,0.35015186145126076,0.009504428186895045,1.2324525117874146,0.00931421760469675,2.028200469794683e-06,0.8275,3.45,0.009325981140136719,0.7875,9.90733390037499e-05,0.05194827407598496,270.97357899765467
Residual PPO,0.75,1019,-1.674609661102295,-0.20800989866256714,0.34006524085998535,True,0.5032551153967094,0.006297040698578519,1.7475420236587524,0.004985516890883446,2.6173411242780276e-06,0.8075,3.85,0.026121020317077637,0.815,8.797789204656746e-05,0.07001032039523125,237.63906011582995
Residual PPO,0.75,1020,-1.1319496631622314,-0.4326494336128235,0.2227078378200531,True,0.29236650128628305,0.006064232735693454,1.2284600734710693,0.0009194771409966052,3.824983650702052e-06,0.8625,2.75,0.06339895725250244,0.8775,0.00012834171915686201,0.04953207939863205,298.60181573645997
Residual PPO,0.75,1021,-1.4384177923202515,-0.8382971882820129,0.49743902683258057,True,0.5201397036372891,0.011338431250662374,1.74289071559906,0.01054807286709547,5.184897418075707e-06,0.7825,4.3500000000000005,0.010600566864013672,0.73,0.00014839349453379762,0.06596937879920006,215.61762446005872
Residual PPO,0.75,1022,-1.999210000038147,0.8368335366249084,0.37694433331489563,True,0.6680528680271771,0.014846030554118624,2.217628240585327,0.006326730363070965,9.163491085928399e-06,0.7675,4.65,0.015075445175170898,0.775,0.00012161070130109572,0.08257030803710222,184.00473209698194
Residual PPO,0.75,1023,-1.4916963577270508,0.8117974996566772,0.4728805720806122,True,0.5253699563937518,0.015788734994354812,1.7707891464233398,0.00970353651791811,8.638987310405355e-06,0.7725,4.55,0.010300159454345703,0.7375,0.00011677474081266572,0.06688398789614439,211.1323448114292
Residual PPO,0.75,1024,-1.51630699634552,-0.48329436779022217,0.3110935389995575,True,0.4420674920005958,0.0059364103556233195,1.6292532682418823,0.003924002405256033,2.761661789918435e-06,0.8225,3.5500000000000003,0.03826451301574707,0.835,0.00011642652557018739,0.06413523059338332,255.65156946718224
Residual PPO,0.75,1025,-0.7683239579200745,0.258014976978302,0.24864348769187927,True,0.18850214618492397,0.002503976491224395,0.8367967009544373,0.0016974741593003273,2.706263103391393e-06,0.885,2.3000000000000003,0.03415381908416748,0.895,0.00014369213121729244,0.03423038601875305,325.7146786409295
Residual PPO,0.75,1026,-1.7438942193984985,0.19023452699184418,0.2583710551261902,True,0.49360033088811367,0.006156415027126842,1.7884358167648315,0.002034064382314682,5.123343271407066e-06,0.8175,3.6500000000000004,0.05375838279724121,0.83,9.283256557572844e-05,0.07250438202172518,245.60135744798362
Residual PPO,0.75,1027,-1.9580382108688354,0.12429128587245941,0.36954861879348755,True,0.6261227710127343,0.009379960137490964,2.0375006198883057,0.006054401863366365,3.323284090583911e-06,0.7775,4.45,0.015910744667053223,0.78,7.708709788420015e-05,0.08081850562244654,198.53974068112683
Residual PPO,0.75,1028,-0.7757433652877808,-0.22796711325645447,0.4025936424732208,True,0.2231375045446917,0.00779581117484681,0.8869645595550537,0.007240691222250462,2.845744120349991e-06,0.8675,2.6500000000000004,0.009995579719543457,0.8625,0.0001167448301328573,0.037196063883602616,310.588865391973
Residual PPO,0.75,1029,-0.7448340058326721,0.6458722352981567,0.214758962392807,True,0.20960434430358996,0.005114100018137653,0.9937342405319214,0.0007786467322148383,4.107463610125706e-06,0.845,2.2,0.0386083722114563,0.9,0.00019460741393066819,0.03307271722704172,304.7385988552452
Residual PPO,0.75,1030,-1.6447029113769531,-0.9496257901191711,0.4438457489013672,True,0.5775064289979615,0.010213704846877732,1.9596617221832275,0.008698963560163975,4.715428985946346e-06,0.7825,4.3500000000000005,0.008868932723999023,0.765,0.00016101191606274066,0.0712648317962885,206.66175566235893
Residual PPO,0.75,1031,-0.9611496329307556,0.9009804725646973,0.39864641427993774,True,0.33249968312381645,0.012311471997910129,1.349510669708252,0.007102068513631821,7.946009645820595e-06,0.79,4.2,0.00847768783569336,0.8475,0.00019477212269795912,0.044240870662033555,257.65005321603024
Residual PPO,0.75,1032,-0.6833899617195129,-0.5306191444396973,0.49894750118255615,True,0.23961828826217274,0.011319846860942239,0.9334769248962402,0.010605606250464916,4.580339009407908e-06,0.8575,2.85,0.010698795318603516,0.825,0.00013774351506639656,0.03776850141584873,300.4691791288065
Residual PPO,0.75,1033,-0.7577928304672241,0.7459949851036072,0.4761985242366791,True,0.2781579651627163,0.012960022658982892,1.1103570461273193,0.00981663353741169,8.975990567705594e-06,0.7975,4.05,0.010560989379882812,0.77,0.0001734123302458157,0.039518291540443895,268.29319867683523
Residual PPO,0.75,1034,-0.5296080112457275,-0.6777904629707336,0.22327283024787903,True,0.17593716499276382,0.007385946138895021,0.8656488060951233,0.0009313555201515555,5.647331363434205e-06,0.81,4.0,0.013628959655761719,0.855,0.00015999152692298605,0.023311051800847055,294.6102958892437
Residual PPO,0.75,1035,-1.5201642513275146,-0.23973245918750763,0.436818927526474,True,0.4927802408467004,0.008856142554814777,1.639417290687561,0.008449188433587551,3.3932772112166276e-06,0.795,4.1000000000000005,0.00856637954711914,0.7725,8.519833627626196e-05,0.06629238914698363,230.36779588635355
Residual PPO,0.75,1036,-1.558912754058838,0.6018440127372742,0.34900519251823425,True,0.47823476732836506,0.010486365399764531,1.7159303426742554,0.005308434367179871,6.6544021137815434e-06,0.7925,4.15,0.02255237102508545,0.82,0.00011036437946446171,0.06569857634603977,234.38066306802364
Residual PPO,0.75,1037,-1.5164998769760132,-0.3818822205066681,0.38270920515060425,True,0.46831687514675485,0.006855214167226957,1.6310282945632935,0.006529570557177067,1.9985668586741667e-06,0.81,3.8000000000000003,0.013699173927307129,0.81,9.827744572757324e-05,0.0645359044149518,244.05592232269325
Residual PPO,0.75,1038,-1.5098652839660645,-0.8029577136039734,0.31811848282814026,True,0.46183909859826994,0.008543162744869031,1.7404528856277466,0.004182924050837755,3.6958090277039446e-06,0.815,3.7,0.039589643478393555,0.835,0.00015058990207719066,0.06418959505856037,247.55950987483854
Residual PPO,0.75,1039,-0.6960156559944153,-0.0387578122317791,0.3661683201789856,True,0.186486076790031,0.006228848913415773,0.7713472843170166,0.005926624406129122,2.9699731385335326e-06,0.8775,2.45,0.011742830276489258,0.88,0.00011833693256656065,0.033065089769661424,322.0108083028165
Residual PPO,0.75,1040,-0.7547146081924438,0.5635512471199036,0.4134989380836487,True,0.24114172401163336,0.00944151382031838,0.9864250421524048,0.007624879013746977,5.591457011178136e-06,0.815,3.7,0.008487462997436523,0.8525,0.00015484680046794617,0.036749964468181136,284.06710243772795
Residual PPO,0.75,1041,-0.6478168964385986,-0.19675222039222717,0.46515655517578125,True,0.2002247817931511,0.009624475431781842,0.7857509255409241,0.009441567584872246,1.0644303074514028e-06,0.8675,2.6500000000000004,0.009483814239501953,0.8325,0.00011531709779895125,0.03483366511762142,313.18719635063786
Residual PPO,0.75,1042,-1.463887333869934,-0.25558269023895264,0.3728010952472687,True,0.4419163580457765,0.006674801144854327,1.5563733577728271,0.0061683813109993935,1.6095796127046924e-06,0.8175,3.6500000000000004,0.016432642936706543,0.82,9.248334893774638e-05,0.06242880258709192,252.68310353956048
Residual PPO,0.75,1043,-1.7490100860595703,-0.7958716750144958,0.31946444511413574,True,0.543347602619274,0.007417547225424773,1.9551254510879517,0.004235985688865185,4.065965640620561e-06,0.8025,3.95,0.036766648292541504,0.815,0.00014775948835257547,0.07297389823943376,227.47807521230848
Residual PPO,0.75,1044,-1.981444239616394,0.7169352173805237,0.20961801707744598,True,0.5743238839399325,0.010448250333569024,2.121433973312378,0.000738446949981153,7.3694914135558065e-06,0.785,4.3,0.07223248481750488,0.825,0.00013595174864130838,0.08179798251017928,216.7805107391569
Residual PPO,0.75,1045,-0.7272861003875732,-0.39523494243621826,0.4158290922641754,True,0.2203280751162596,0.008807595791738067,0.8891211152076721,0.007710971869528294,2.6611567136569647e-06,0.87,2.6,0.010892987251281738,0.86,0.00012690370031701476,0.03597387433052063,310.7227780182811
Residual PPO,0.75,1046,-1.868130087852478,0.6265861392021179,0.39649125933647156,True,0.6174379448663485,0.012982228642083316,2.033252716064453,0.007026082370430231,6.821008355473168e-06,0.7725,4.55,0.009722471237182617,0.775,9.991063038166941e-05,0.07792415734380484,196.0533272223888
Residual PPO,0.75,1047,-1.1699552536010742,-0.14992530643939972,0.29876548051834106,True,0.3143429943116271,0.004780171593812099,1.2255547046661377,0.0034789119381457567,9.71103645497351e-07,0.8525,2.95,0.03902405500411987,0.8625,0.0001015506528936947,0.050874113999307156,291.67964035270023
Residual PPO,0.75,1048,-0.9076822996139526,-0.7630760073661804,0.4824531674385071,True,0.3240633274551745,0.011398180735230615,1.2415555715560913,0.010040825232863426,4.145361799601233e-06,0.83,3.4000000000000004,0.010170459747314453,0.8175,0.0001664882391238822,0.04543061338365078,274.665320432958
Residual PPO,0.75,1049,-1.6127384901046753,0.09402617067098618,0.43331217765808105,True,0.5253862213337281,0.010166071676340817,1.7215112447738647,0.008331491611897945,3.057804860873148e-06,0.7875,4.25,0.008747577667236328,0.765,7.472263872136109e-05,0.06965113148093223,220.59433516555015
Residual PPO,0.75,1050,-1.2507070302963257,-0.40418457984924316,0.49881017208099365,True,0.4259860382400782,0.010406547033895328,1.4271425008773804,0.010593008249998093,2.6429859190102434e-06,0.8025,3.95,0.010596275329589844,0.75,0.00010882765093056308,0.05898390658199787,243.9212217554091
Residual PPO,0.75,1051,-0.8433747291564941,-0.6024307608604431,0.2584548592567444,True,0.23529188419631297,0.0075890818076865575,1.051550030708313,0.0020294804126024246,5.426858933788026e-06,0.835,2.45,0.043083250522613525,0.89,0.0001531320031807709,0.037987705022096634,295.3145029587016
Residual PPO,0.75,1052,-1.577463150024414,-0.03658809885382652,0.32490968704223633,True,0.46012098997092626,0.0060837471898259905,1.6356393098831177,0.004434025846421719,3.3333190003759228e-06,0.8175,3.6500000000000004,0.030851006507873535,0.825,8.501200594140676e-05,0.06626178380101919,250.57588853511757
Residual PPO,0.75,1053,-0.7320424914360046,-0.38764455914497375,0.44851720333099365,True,0.22981410002037422,0.009550664607939621,0.9031850695610046,0.008869311772286892,5.288024112815037e-06,0.865,2.7,0.009771108627319336,0.8425,0.0001265905145555024,0.03734685108065605,306.73853999941434
Residual PPO,0.75,1054,-1.9604523181915283,0.6108824014663696,0.3443475067615509,True,0.6239436279052859,0.012397611035976922,2.1006720066070557,0.005146752577275038,9.247802154277451e-06,0.78,4.4,0.024895787239074707,0.79,0.00010537161585141895,0.08078617576509714,200.30657833900742
Residual PPO,0.75,1055,-0.8035520911216736,-0.8197364807128906,0.37500709295272827,True,0.2749415704739425,0.011433407166910428,1.1733254194259644,0.006250439677387476,6.408528406609548e-06,0.7875,4.25,0.020009756088256836,0.87,0.00017862101542044613,0.03811476971954107,267.2018789658611
Residual PPO,0.75,1056,-0.6173267960548401,-0.7547652125358582,0.33817118406295776,True,0.21754202201064746,0.00999283142242488,0.9910121560096741,0.004908931441605091,7.135539817682002e-06,0.7925,4.15,0.017242789268493652,0.89,0.00017533389280275123,0.02974696185439825,279.35846996512794
Residual PPO,0.75,1057,-1.4013786315917969,-0.020997419953346252,0.2980625629425049,True,0.38881746007465595,0.004847931469448968,1.4497756958007812,0.003455480094999075,2.5014624043251388e-06,0.835,3.3000000000000003,0.03977048397064209,0.845,9.479751781908101e-05,0.059589875899255275,271.7137063172785
Residual PPO,0.75,1058,-1.9344123601913452,-0.6835842132568359,0.34246277809143066,True,0.6157932375986128,0.007005626165381364,2.0957717895507812,0.005066792014986277,3.1068773296283325e-06,0.7875,4.25,0.02561497688293457,0.795,0.00013214116565249975,0.07978917486965656,205.84875542955285
Residual PPO,0.75,1059,-1.3239208459854126,-0.34795770049095154,0.3298633396625519,True,0.3791588507105086,0.005902330233593037,1.417435646057129,0.004610345233231783,1.2112378726669704e-06,0.835,3.3000000000000003,0.03058469295501709,0.8425,0.00010506834675581215,0.05688383065164089,272.1164318677379
Residual PPO,0.75,1060,-0.5232435464859009,-0.8263487219810486,0.4775193929672241,True,0.23219670771633918,0.013444770292791185,1.0047281980514526,0.009860909543931484,8.680811333761085e-06,0.7875,4.25,0.013363122940063477,0.845,0.00017163486683701568,0.031093326956033708,272.5066102383532
Residual PPO,0.75,1061,-1.0766786336898804,0.09924349933862686,0.28927016258239746,True,0.282026288977682,0.004004078424163058,1.1257036924362183,0.0031359561253339052,2.077777708109352e-06,0.86,2.8000000000000003,0.03940010070800781,0.87,0.0001058161910009155,0.04715203132480383,300.4937472862535
Residual PPO,0.75,1062,-1.020176649093628,-0.6513675451278687,0.4292861223220825,True,0.33066964002520677,0.009587116083268689,1.2636038064956665,0.008186261169612408,3.244674871893949e-06,0.8375,3.25,0.011321663856506348,0.835,0.0001459982333559694,0.047511282935738565,278.10715528426454
Residual PPO,0.75,1063,-0.5567145943641663,0.6067063212394714,0.2895512878894806,True,0.1753199288654194,0.0057822044169438275,0.8364167213439941,0.0031430835369974375,3.9032211134326644e-06,0.8575,2.1,0.01727616786956787,0.9025,0.00018195005837928963,0.02632343575358391,314.0389624982693
Residual PPO,0.75,1064,-1.6129041910171509,-0.13716638088226318,0.24278511106967926,True,0.44149126694051083,0.004434701679142369,1.648486852645874,0.0014987741596996784,7.739534453321539e-07,0.83,3.4000000000000004,0.05963277816772461,0.8425,9.616608494053715e-05,0.0676728842779994,261.115564764788
Residual PPO,0.75,1065,-0.5033138990402222,-0.5932050347328186,0.453745573759079,True,0.1882857141470783,0.011051175777446739,0.8133116960525513,0.00904732197523117,4.391586116980761e-06,0.8475,2.4000000000000004,0.011926054954528809,0.855,0.00014740704455709118,0.02919987339526415,304.7913415359976
Residual PPO,0.75,1066,-1.3762075901031494,0.32575497031211853,0.20805609226226807,True,0.3578161129092462,0.0037444191881977067,1.4328029155731201,0.00073344970587641,2.8653516892518383e-06,0.8475,3.0500000000000003,0.06753367185592651,0.865,0.00011809425549008234,0.058712981902062894,282.9653681424278
Residual PPO,0.75,1067,-0.6176835894584656,0.9055254459381104,0.20151829719543457,True,0.22747676400879585,0.008214301211709461,1.0992552042007446,0.0007729491917416453,6.238102741917828e-06,0.795,4.1000000000000005,0.04185810685157776,0.21,0.00022076310115206845,0.02856549745425582,281.24024419599914
Residual PPO,0.75,1068,-0.7787961959838867,0.5352519750595093,0.25048118829727173,True,0.21059719394679596,0.004441849604973999,0.9595839381217957,0.0017580711282789707,3.2566467780270614e-06,0.85,3.45,0.03561389446258545,0.895,0.00017667158128309643,0.034788107015192506,306.567074335785
Residual PPO,0.75,1069,-0.5076419115066528,0.8446078896522522,0.24751581251621246,True,0.2033619692838014,0.007749112591668832,0.9901279211044312,0.0016596483765169978,5.919591330894036e-06,0.8,4.0,0.03002876043319702,0.8325,0.00021198053867202464,0.024557604193687438,286.63591173085064
Residual PPO,0.75,1070,-1.6644020080566406,0.9533751606941223,0.22921264171600342,True,0.4944484176927917,0.01095449416475708,1.9316902160644531,0.0010851395782083273,8.26208088255953e-06,0.7825,4.3500000000000005,0.06529968976974487,0.8425,0.00016993722075712514,0.06977703601121903,229.7680347504449
Residual PPO,0.75,1071,-1.6379417181015015,0.7469041347503662,0.26974478363990784,True,0.48278432039140395,0.00973026018535937,1.823076605796814,0.002430770779028535,7.014610218902817e-06,0.79,4.2,0.05099797248840332,0.835,0.0001370108878534634,0.06860053844749928,234.43821802338007
Residual PPO,0.75,1072,-1.22187077999115,0.3675197660923004,0.4661308228969574,True,0.3994570851811402,0.011858836643207847,1.3794703483581543,0.009473963640630245,5.37697269464843e-06,0.8,4.0,0.00983428955078125,0.7625,0.00010111168451664904,0.05643507201224565,248.8198190443429
Residual PPO,0.75,1073,-1.5133368968963623,0.8512749075889587,0.3800120949745178,True,0.49208589532854863,0.013518445955322528,1.7799524068832397,0.006433142349123955,8.758876901993062e-06,0.78,4.4,0.013086080551147461,0.8125,0.0001349492512383469,0.06434134487062693,224.9326396066108
Residual PPO,0.75,1074,-0.5001789927482605,-0.2884053587913513,0.4962819218635559,True,0.16880370298291938,0.010855630095365738,0.6780215501785278,0.010511764325201511,2.0072720872121863e-06,0.8775,2.45,0.010570049285888672,0.835,0.00012162707304893674,0.030753742679953577,320.9830297934576
Residual PPO,0.75,1075,-0.8189709782600403,0.9466501474380493,0.23914383351802826,True,0.2743252013476577,0.008755478636151766,1.2590471506118774,0.0013850905233994126,6.567731816176092e-06,0.7925,4.15,0.04908949136734009,0.895,0.00023225707409822613,0.037232907954603434,272.47575010009183
Residual PPO,0.75,1076,-1.445397138595581,-0.562984049320221,0.45283621549606323,True,0.48216079469135126,0.008942450485990131,1.6309542655944824,0.009015625342726707,1.8733053366304375e-06,0.7975,4.05,0.00904226303100586,0.77,0.00011587161970960136,0.06417798731476068,232.50249603505853
Residual PPO,0.75,1077,-0.6151338219642639,-0.8893533945083618,0.2694230377674103,True,0.2324738778371944,0.010521719377262335,1.088533878326416,0.0024166300427168608,7.432225629599998e-06,0.785,4.3,0.023467957973480225,0.9,0.00019381866689770422,0.02827911164611578,274.61804540841285
Residual PPO,0.75,1078,-0.6580581068992615,-0.6858707666397095,0.23459486663341522,True,0.20148254632490206,0.007858400446118255,0.9584092497825623,0.00124117371160537,5.9143790167581756e-06,0.805,4.05,0.027461349964141846,0.9,0.00016971890936702953,0.029370957408100366,288.5804356758136
Residual PPO,0.75,1079,-0.5874135494232178,0.8651593327522278,0.4896434247493744,True,0.2552200457589306,0.01382850009966294,1.076871633529663,0.010286619886755943,7.331249435083009e-06,0.7925,4.15,0.011057376861572266,0.77,0.0002022367061023018,0.03376643437892199,269.9994625118873
Residual PPO,0.75,1080,-0.6397119164466858,0.7102972865104675,0.367546945810318,True,0.21926674193573223,0.008734308361056688,0.9782975912094116,0.005983359180390835,5.5579539548489265e-06,0.8125,3.85,0.010394930839538574,0.885,0.0001909922229783572,0.03141462702304125,287.30437609505606
Residual PPO,0.75,1081,-1.3320256471633911,0.8601993322372437,0.3006768822669983,True,0.40593876108415206,0.010199511858964283,1.6089626550674438,0.003552984446287155,8.148193956003524e-06,0.79,4.2,0.03838968276977539,0.85,0.00016403480898435788,0.05698107149451971,247.29366537037978
Residual PPO,0.75,1082,-0.9581221342086792,-0.30673766136169434,0.3117980659008026,True,0.2572527713058203,0.005888309239989462,1.047730565071106,0.003957995679229498,4.986281055607833e-06,0.865,2.7,0.033559560775756836,0.875,0.00011748059723330984,0.04288305219262838,305.0536974343692
Residual PPO,0.75,1083,-1.3940625190734863,0.6289385557174683,0.21643398702144623,True,0.38026266453331903,0.006162764756194311,1.543211579322815,0.0008021789253689349,5.065171080786968e-06,0.805,3.9000000000000004,0.06551766395568848,0.8625,0.00014616697955967446,0.05940178541466594,260.54265739227753
Residual PPO,0.75,1084,-0.7371216416358948,-0.8951173424720764,0.4071005880832672,True,0.2772206214648246,0.012753003678308858,1.1846938133239746,0.00739365303888917,8.740126759221312e-06,0.7825,4.3500000000000005,0.016211986541748047,0.865,0.00018532485277327396,0.036490708999335764,264.0784203981572
Residual PPO,0.75,1085,-0.7224554419517517,-0.08529454469680786,0.4138740301132202,True,0.20654623547292528,0.007848633032820152,0.8219459652900696,0.007642121519893408,3.530435606080573e-07,0.87,2.6,0.008469104766845703,0.86,0.00011262837847372643,0.03550361469388008,314.73495173999964
Residual PPO,0.75,1086,-0.7490203976631165,-0.7008727788925171,0.4387705326080322,True,0.2595925263684835,0.011177133897486041,1.066512942314148,0.008523956872522831,5.139218501426512e-06,0.8275,2.7,0.012625813484191895,0.85,0.00015869075638924257,0.0378420639783144,285.2330125574361
Residual PPO,0.75,1087,-1.2718281745910645,-0.8616007566452026,0.3274095356464386,True,0.39567934407816613,0.010455129064244884,1.5632307529449463,0.004523937124758959,5.726483777834801e-06,0.785,4.3,0.03817951679229736,0.85,0.00016196204630516354,0.05547089882194996,246.5753827521725
Residual PPO,0.75,1088,-1.148199200630188,-0.9221230149269104,0.4605681300163269,True,0.40890177242563835,0.011076106346108089,1.5241628885269165,0.009281801991164684,3.998958618467441e-06,0.805,3.9000000000000004,0.009747743606567383,0.81,0.00017149264385219712,0.053507601022720334,249.684407170834
Residual PPO,0.75,1089,-1.8535881042480469,0.5890284776687622,0.37915652990341187,True,0.6006770440680693,0.012441365084087788,2.003598213195801,0.006407370790839195,8.922977940528654e-06,0.7775,4.45,0.013573408126831055,0.785,9.94862082803164e-05,0.0770685550943017,202.5818285037792
Residual PPO,0.75,1090,-0.9845758080482483,-0.6573527455329895,0.30003631114959717,True,0.2857204744233664,0.00872309861570637,1.2066437005996704,0.0035229732748121023,5.317780050972942e-06,0.8225,2.7,0.04079604148864746,0.875,0.00014713917422106841,0.04413903307169676,281.3088844899322
Residual PPO,0.75,1091,-1.8845704793930054,-0.6914018392562866,0.36124923825263977,True,0.6070663125570783,0.0072174650233179346,2.0561883449554443,0.005746954586356878,4.550937774183694e-06,0.785,4.3,0.019672155380249023,0.79,0.00013270011974124968,0.07805412750691175,205.74208995722944
Residual PPO,0.75,1092,-1.9696727991104126,-0.2278679758310318,0.31251582503318787,True,0.6007979108019845,0.006864080287088797,2.032942533493042,0.0039732735604047775,5.0476601245463826e-06,0.7925,4.15,0.035069942474365234,0.8,9.19887010888905e-05,0.08093498598784209,212.6760656646392
Residual PPO,0.75,1093,-0.8791002631187439,0.07968070358037949,0.43002596497535706,True,0.26063204251982586,0.008490163500174664,0.9865792989730835,0.008217777125537395,3.228709601899027e-06,0.8525,2.95,0.008605480194091797,0.8325,0.00011158773464400912,0.042002982422709466,298.0331633865425
Residual PPO,0.75,1094,-0.9031349420547485,-0.5643354058265686,0.2514164447784424,True,0.24524997849918442,0.007219504393908631,1.080662727355957,0.001785492873750627,5.382351901062066e-06,0.84,2.5,0.04771685600280762,0.8875,0.0001429919435469338,0.04040290147066116,296.0273150275208
Residual PPO,0.75,1095,-1.3096781969070435,-0.4019305408000946,0.2943161725997925,True,0.364593917269951,0.005884117871053754,1.4049261808395386,0.0033221382182091475,5.149555363459513e-06,0.8425,3.1500000000000004,0.04355895519256592,0.8525,0.00011500201169692543,0.05633651126176119,277.93586998456027
Residual PPO,0.75,1096,-0.5565752387046814,0.7886120080947876,0.27283963561058044,True,0.20258655684764326,0.0073307917424364,0.972832441329956,0.0025464112404733896,6.38995379631524e-06,0.81,3.9000000000000004,0.024776041507720947,0.845,0.00020620602160315382,0.02655706997960806,290.6219850616316
Residual PPO,0.75,1097,-1.3080552816390991,0.037033263593912125,0.27344202995300293,True,0.3500131174820635,0.004036029502534902,1.3486000299453735,0.002566318027675152,2.9045656901871553e-06,0.845,3.1,0.04727053642272949,0.8575,0.00010102799021689223,0.05601885374635458,283.1427663495224
Residual PPO,0.75,1098,-1.2224541902542114,-0.25077617168426514,0.4742331802845001,True,0.3992913142881766,0.009735769517590491,1.364404320716858,0.0097582982853055,2.2833476123196306e-06,0.8125,3.75,0.009757518768310547,0.77,9.665394786706355e-05,0.0567614021897316,254.84979756031515
Residual PPO,0.75,1099,-1.9130916595458984,0.09447009861469269,0.36984628438949585,True,0.6082840250243082,0.009162537812273703,1.9914706945419312,0.0060672760009765625,4.352768883109093e-06,0.78,4.4,0.016269564628601074,0.785,7.92719857653401e-05,0.07916997987776994,203.3660910913884
PD+FF,1.0,1000,-1.2179213762283325,0.20768369734287262,0.34128254652023315,False,0.3741054824026933,0.10973478806389023,1.2951856851577759,0.02540648728609085,0.02208654209971428,0.395,11.200000000000001,0.42275404930114746,0.47,0.00019265563591624866,0.18133483074605464,56.345367012359155
PD+FF,1.0,1001,-1.0811076164245605,-0.9685990810394287,0.25630688667297363,False,0.4214195377971621,0.1844442949498508,1.4634742736816406,0.015849558636546135,0.05234939977526665,0.29,13.0,0.47530752420425415,0.495,0.0005134873394719789,0.1861545266583562,-19.017054328322377
PD+FF,1.0,1002,-1.428768277168274,-0.28562131524086,0.4242836833000183,False,0.47287694193124535,0.11725807046774767,1.5485260486602783,0.02718626894056797,0.013613821938633919,0.3875,11.9,0.36995935440063477,0.44,0.0001678809189299963,0.18139462999999523,36.266885153111055
PD+FF,1.0,1003,-1.7183640003204346,-0.48658838868141174,0.34840381145477295,False,0.5566259331936058,0.14331547807176911,1.8372762203216553,0.03153642639517784,0.019725250080227852,0.3425,12.100000000000001,0.4185163974761963,0.43,0.00024491505117386095,0.20515282850712538,-5.120210873428737
PD+FF,1.0,1004,-1.998679280281067,-0.7396973967552185,0.24154320359230042,False,0.6334405530850986,0.17488854606313456,2.150963544845581,0.03857402130961418,0.025556392967700958,0.315,12.200000000000001,0.4873436689376831,0.4425,0.00038655328592931585,0.23363708736374975,-42.885848877579036
PD+FF,1.0,1005,-1.8766711950302124,0.8611240983009338,0.28618520498275757,False,0.6217941761503943,0.18142690170038925,2.0905823707580566,0.0360424742102623,0.0322924479842186,0.3075,12.350000000000001,0.45859503746032715,0.4375,0.00042329875547913646,0.22132806397974492,-46.924775272980405
PD+FF,1.0,1006,-1.4946178197860718,0.20171388983726501,0.28934937715530396,False,0.4471454592570745,0.11981530487389798,1.5506733655929565,0.031058652326464653,0.01698257401585579,0.375,11.4,0.4562605619430542,0.465,0.0002022789994044266,0.20191806361079215,33.074495822377564
PD+FF,1.0,1007,-1.8931626081466675,0.6319606900215149,0.39287856221199036,False,0.650869956243255,0.16470136302366334,2.056952476501465,0.020005052909255028,0.04010926932096481,0.32,12.5,0.38999271392822266,0.4025,0.0002791769843448707,0.2076354805752635,-35.75829772483555
PD+FF,1.0,1008,-1.749120831489563,0.6261014938354492,0.26522985100746155,False,0.5490627310231134,0.15465481939447115,1.8824126720428467,0.03726378455758095,0.01985258050262928,0.3325,11.950000000000001,0.47189486026763916,0.4525,0.00033754201349390524,0.2178685999661684,-16.52225719392302
PD+FF,1.0,1009,-1.9152493476867676,-0.3461688160896301,0.2149554342031479,False,0.5684844693085628,0.1439849953443525,1.966718316078186,0.037931568920612335,0.011322537437081337,0.3475,11.75,0.5041000843048096,0.45,0.0002512889250884331,0.23327738605439663,-6.812373642995991
PD+FF,1.0,1010,-1.8575115203857422,0.07161146402359009,0.4753030240535736,False,0.6609185902734175,0.12895941666721253,1.9877033233642578,0.008328990079462528,0.03904315084218979,0.4025,10.600000000000001,0.3369910717010498,0.3875,9.989698899331473e-05,0.1952239479869604,4.769364230753727
PD+FF,1.0,1011,-1.57381272315979,0.12664707005023956,0.26378002762794495,False,0.4634511897880308,0.12194757111995205,1.6151947975158691,0.03202075883746147,0.01672414503991604,0.3725,11.4,0.4726123809814453,0.4625,0.00020113217343886909,0.20937864262610673,29.73467063875868
PD+FF,1.0,1012,-1.5405192375183105,0.561293363571167,0.2715309262275696,False,0.47971826130694667,0.14316340491113322,1.6654789447784424,0.0337519533932209,0.023695454001426697,0.3425,11.75,0.4678962230682373,0.4675,0.0003160691211206793,0.20668800976127386,1.9379263516515408
PD+FF,1.0,1013,-0.8082606196403503,-0.8420410752296448,0.401797890663147,False,0.3534388487146327,0.152707634048247,1.1964707374572754,0.0189225897192955,0.04017907753586769,0.34,12.850000000000001,0.382625937461853,0.49,0.00041067170800710047,0.1533736163377762,20.215152332931748
PD+FF,1.0,1014,-1.3467140197753906,0.1714046150445938,0.4693894386291504,False,0.4576633953063455,0.10940318444639144,1.4788575172424316,0.022918635979294777,0.016515249386429787,0.45,9.65,0.340989351272583,0.4325,0.00013610052187478064,0.1719770721718669,67.76761872956993
PD+FF,1.0,1015,-1.4601455926895142,0.21413566172122955,0.39239153265953064,False,0.4687556294296526,0.11511780683725462,1.5572181940078735,0.029226131737232208,0.008120547980070114,0.38,11.8,0.3902195692062378,0.4425,0.00016393939147326024,0.18681043170392514,34.45371400741862
PD+FF,1.0,1016,-1.6580126285552979,-0.11461202055215836,0.3060871958732605,False,0.5039673180438606,0.12257309295815037,1.7122539281845093,0.03313661366701126,0.0037108424585312605,0.365,11.700000000000001,0.44555044174194336,0.445,0.0001772466073072307,0.207750663459301,20.556785842729777
PD+FF,1.0,1017,-0.62247234582901,0.6426637768745422,0.4917738139629364,False,0.28735198664054395,0.12177270109207346,0.9438154101371765,0.01841709204018116,0.03011920489370823,0.375,12.5,0.325217604637146,0.4925,0.0003038807487843304,0.13360828131437302,54.651259926333985
PD+FF,1.0,1018,-1.1090368032455444,-0.0900818482041359,0.4614541530609131,False,0.3687759245456333,0.09347517132237931,1.2328153848648071,0.025496402755379677,0.0046038078144192696,0.475,9.15,0.3459751605987549,0.455,0.0001405378130804463,0.16114941645413638,96.15080510899428
PD+FF,1.0,1019,-1.674609661102295,-0.20800989866256714,0.34006524085998535,False,0.5241725375891393,0.12616356658960853,1.7480919361114502,0.031370148062705994,0.010145016945898533,0.36,11.9,0.4237947463989258,0.4375,0.0001743720891361398,0.2040950584411621,14.220530809927812
PD+FF,1.0,1020,-1.1319496631622314,-0.4326494336128235,0.2227078378200531,False,0.34669756723178485,0.13747083382760195,1.2293007373809814,0.015203649178147316,0.03902623429894447,0.3875,10.75,0.4967026114463806,0.5025,0.0003013098922524956,0.19347680728882552,48.20424576848748
PD+FF,1.0,1021,-1.4384177923202515,-0.8382971882820129,0.49743902683258057,False,0.556239687572271,0.16432710628611322,1.74289071559906,0.01924934983253479,0.04043344780802727,0.3175,12.5,0.3229358196258545,0.41,0.00035337989100456274,0.17300863325595855,-21.321358431118938
PD+FF,1.0,1022,-1.999210000038147,0.8368335366249084,0.37694433331489563,False,0.700584588431178,0.18651580600402692,2.217628240585327,0.018912777304649353,0.04792095348238945,0.3025,12.65,0.40042638778686523,0.4075,0.0003678871887222801,0.21480872318148614,-58.365083187772086
PD+FF,1.0,1023,-1.4916963577270508,0.8117974996566772,0.4728805720806122,False,0.5602689834298349,0.1634443336135025,1.7707891464233398,0.021667083725333214,0.0383327454328537,0.32,12.450000000000001,0.3387587070465088,0.4175,0.00034642537115399125,0.1785016644001007,-20.66026225415975
PD+FF,1.0,1024,-1.51630699634552,-0.48329436779022217,0.3110935389995575,False,0.47627429244420577,0.13407366886190092,1.6300467252731323,0.03335786983370781,0.01752287894487381,0.355,11.700000000000001,0.44255614280700684,0.46,0.00026807401677753854,0.2000572417676449,12.021476071328005
PD+FF,1.0,1025,-0.7683239579200745,0.258014976978302,0.24864348769187927,False,0.24974689282389323,0.11913023328248042,0.836830198764801,0.0065286243334412575,0.03395666927099228,0.425,10.25,0.4696071147918701,0.515,0.0002462322845081021,0.1694677467830479,89.66478591347112
PD+FF,1.0,1026,-1.7438942193984985,0.19023452699184418,0.2583710551261902,False,0.519143968105641,0.12942854897105827,1.788073182106018,0.0350528247654438,0.008672462776303291,0.36,11.65,0.4762263298034668,0.45,0.00020438333422184265,0.21855856347829103,12.716210980620138
PD+FF,1.0,1027,-1.9580382108688354,0.12429128587245941,0.36954861879348755,False,0.6405082014739784,0.14284126169758404,2.0370311737060547,0.017234206199645996,0.034788865596055984,0.3375,12.450000000000001,0.4049661159515381,0.405,0.0001386274611616754,0.21383185271173716,-17.174799668020466
PD+FF,1.0,1028,-0.7757433652877808,-0.22796711325645447,0.4025936424732208,False,0.260765520208703,0.1000599872428999,0.8879518508911133,0.012507377192378044,0.02853904478251934,0.4425,10.65,0.38177359104156494,0.4925,0.00018830664315689114,0.15163204286247492,98.31765473634013
PD+FF,1.0,1029,-0.7448340058326721,0.6458722352981567,0.214758962392807,False,0.29458777592092794,0.14670137841077233,0.9937342405319214,0.01514451578259468,0.03794228658080101,0.3375,12.55,0.48134392499923706,0.515,0.0003867364946674912,0.17067452756687998,37.018534819409226
PD+FF,1.0,1030,-1.6447029113769531,-0.9496257901191711,0.4438457489013672,False,0.6192987089060087,0.18623539966231725,1.9596617221832275,0.018827499821782112,0.0479750894010067,0.3025,12.65,0.35720252990722656,0.41,0.000410364263419564,0.18929587118327618,-45.50267896018938
PD+FF,1.0,1031,-0.9611496329307556,0.9009804725646973,0.39864641427993774,False,0.39819493261258876,0.16121852875761966,1.349510669708252,0.0229804590344429,0.04099445790052414,0.3225,13.05,0.38550448417663574,0.48,0.0004323896993009009,0.16134556114673615,1.2447821252049083
PD+FF,1.0,1032,-0.6833899617195129,-0.5306191444396973,0.49894750118255615,False,0.28413511908274075,0.10946653483502289,0.9339278340339661,0.0196121446788311,0.025433039292693138,0.44,11.200000000000001,0.3212536573410034,0.4875,0.00025288526556469404,0.1358758144825697,85.00312934592371
PD+FF,1.0,1033,-0.7577928304672241,0.7459949851036072,0.4761985242366791,False,0.33409496412771694,0.13482856070546553,1.1103570461273193,0.022067558020353317,0.03193032741546631,0.3675,12.65,0.33574604988098145,0.4775,0.00034755410657676036,0.1420736024901271,38.481430894509074
PD+FF,1.0,1034,-0.5296080112457275,-0.6777904629707336,0.22327283024787903,False,0.25342532494157505,0.12781300965216927,0.8656488060951233,0.015703633427619934,0.0310748852789402,0.4125,12.350000000000001,0.35999810695648193,0.5125,0.00031423394537667297,0.12736830392852425,80.96499597579246
PD+FF,1.0,1035,-1.5201642513275146,-0.23973245918750763,0.436818927526474,False,0.5094719498683541,0.1215182579162783,1.6401164531707764,0.022997049614787102,0.021632196381688118,0.395,12.100000000000001,0.36191225051879883,0.425,0.00014990959939933254,0.18426992926746608,33.49981984184122
PD+FF,1.0,1036,-1.558912754058838,0.6018440127372742,0.34900519251823425,False,0.51205075297542,0.1441227700886562,1.7155417203903198,0.03376133367419243,0.018396668136119843,0.3425,12.0,0.4182248115539551,0.445,0.0002991782824608747,0.19721732135862113,-1.5967270623892165
PD+FF,1.0,1037,-1.5164998769760132,-0.3818822205066681,0.38270920515060425,False,0.492795127265265,0.12633744907736982,1.631993055343628,0.03035595640540123,0.013255148194730282,0.3625,11.9,0.39664649963378906,0.445,0.0002048960690255131,0.19085469905287028,18.54371811617165
PD+FF,1.0,1038,-1.5098652839660645,-0.8029577136039734,0.31811848282814026,False,0.5097297868490142,0.16159667013316448,1.7404528856277466,0.03451171889901161,0.028760690242052078,0.2975,14.25,0.43788444995880127,0.4575,0.0003995541059484868,0.19876280922442674,-28.58247952759274
PD+FF,1.0,1039,-0.6960156559944153,-0.0387578122317791,0.3661683201789856,False,0.22904529650411912,0.09924360317507071,0.7714834213256836,0.004269806668162346,0.030078323557972908,0.4475,10.4,0.4018747806549072,0.5075,0.00018201687637172615,0.1517051263898611,109.48638736691785
PD+FF,1.0,1040,-0.7547146081924438,0.5635512471199036,0.4134989380836487,False,0.29413814961935053,0.12248934798616765,0.9862335920333862,0.017017321661114693,0.03196246549487114,0.3925,10.8,0.3748745918273926,0.495,0.00028950209701346233,0.14927205193787813,61.12635102383798
PD+FF,1.0,1041,-0.6478168964385986,-0.19675222039222717,0.46515655517578125,True,0.2335571433330367,0.08928895102878587,0.7867162227630615,0.011961856856942177,0.02518908865749836,0.5125,8.3,0.3419182300567627,0.495,0.00016783452254181763,0.1378776515647769,134.3422791725024
PD+FF,1.0,1042,-1.463887333869934,-0.25558269023895264,0.3728010952472687,False,0.46466068670988786,0.11685078685552248,1.5570749044418335,0.03047623299062252,0.007618078961968422,0.375,11.700000000000001,0.40281128883361816,0.4475,0.0001788419612614292,0.1894458443298936,31.572619602735966
PD+FF,1.0,1043,-1.7490100860595703,-0.7958716750144958,0.31946444511413574,False,0.5841421822989586,0.16963815242745992,1.9551254510879517,0.03499018773436546,0.02830231748521328,0.3175,12.25,0.43696844577789307,0.4375,0.00038562959536574105,0.210467732809484,-32.296746464818675
PD+FF,1.0,1044,-1.981444239616394,0.7169352173805237,0.20961801707744598,False,0.6149147978483949,0.17203297251468994,2.121433973312378,0.04023522138595581,0.02333424799144268,0.315,12.100000000000001,0.5076215863227844,0.445,0.00039278521099887325,0.2373632482625544,-40.4742162909358
PD+FF,1.0,1045,-0.7272861003875732,-0.39523494243621826,0.4158290922641754,False,0.26556313124899655,0.10809973741737254,0.8911176919937134,0.013646882027387619,0.029752831906080246,0.4275,10.65,0.3731551170349121,0.5025,0.00022685222634628535,0.14760712139308452,86.5707462819294
PD+FF,1.0,1046,-1.868130087852478,0.6265861392021179,0.39649125933647156,False,0.64284557037807,0.16314782706725925,2.032632827758789,0.02031504549086094,0.039344366639852524,0.32,12.5,0.38762950897216797,0.4075,0.0002770470186782876,0.20596470020711422,-33.8133770615792
PD+FF,1.0,1047,-1.1699552536010742,-0.14992530643939972,0.29876548051834106,False,0.34907868703844835,0.11358515047067241,1.2259734869003296,0.020450880751013756,0.02951422706246376,0.4,10.950000000000001,0.4496883153915405,0.4875,0.00020346238280894742,0.18472645096480847,63.06105950679631
PD+FF,1.0,1048,-0.9076822996139526,-0.7630760073661804,0.4824531674385071,False,0.3752374580931284,0.1373926165076793,1.2415555715560913,0.026347210630774498,0.028194494545459747,0.385,12.3,0.3324153423309326,0.47,0.00034768971318240033,0.1487678124383092,37.15264407508068
PD+FF,1.0,1049,-1.6127384901046753,0.09402617067098618,0.43331217765808105,False,0.5390505218579978,0.12322711544755999,1.7210817337036133,0.019486630335450172,0.026102708652615547,0.4075,12.200000000000001,0.36403918266296387,0.415,0.00012765852026093194,0.1891229547187686,33.865967569372145
PD+FF,1.0,1050,-1.2507070302963257,-0.40418457984924316,0.49881017208099365,False,0.44699118364688767,0.11659007174891108,1.4281665086746216,0.022835897281765938,0.019863542169332504,0.43,12.05,0.3218977451324463,0.4225,0.00018411574500990107,0.163866972848773,57.85234469473364
PD+FF,1.0,1051,-0.8433747291564941,-0.6024307608604431,0.2584548592567444,False,0.30697024594942385,0.14295672155773775,1.051550030708313,0.013283993117511272,0.039013393223285675,0.3575,12.700000000000001,0.46851545572280884,0.515,0.00035833962404162463,0.17304403726011514,41.74602529052647
PD+FF,1.0,1052,-1.577463150024414,-0.03658809885382652,0.32490968704223633,False,0.4819037660087235,0.11746759037015568,1.6357388496398926,0.03207313269376755,0.002961184363812208,0.37,11.65,0.43379759788513184,0.455,0.00016822570764376383,0.2012780111655593,28.294913221313625
PD+FF,1.0,1053,-0.7320424914360046,-0.38764455914497375,0.44851720333099365,False,0.2701683418456505,0.10330921516632427,0.9050868153572083,0.016082746908068657,0.026971397921442986,0.4525,10.75,0.3530791997909546,0.495,0.000214001598104774,0.1440160144865513,96.5536613192409
PD+FF,1.0,1054,-1.9604523181915283,0.6108824014663696,0.3443475067615509,False,0.6507354247638547,0.16585841765570364,2.1002683639526367,0.026245614513754845,0.03511732444167137,0.32,12.4,0.4210900068283081,0.4125,0.00028748526837485134,0.21737942337989807,-35.075701388332526
PD+FF,1.0,1055,-0.8035520911216736,-0.8197364807128906,0.37500709295272827,False,0.3453439959079242,0.1525970832733413,1.1733254194259644,0.01742256060242653,0.04076756536960602,0.3325,12.8,0.39903903007507324,0.4975,0.0004097962356296468,0.15644052341580392,19.49907891377809
PD+FF,1.0,1056,-0.6173267960548401,-0.7547652125358582,0.33817118406295776,False,0.2977082491847374,0.14655406778160868,0.9910121560096741,0.014381995424628258,0.03863034397363663,0.3375,12.600000000000001,0.41253864765167236,0.515,0.00039469079602773993,0.14973068963736297,35.64668751973654
PD+FF,1.0,1057,-1.4013786315917969,-0.020997419953346252,0.2980625629425049,False,0.4162807370880332,0.1135991693679886,1.4498237371444702,0.028565989807248116,0.019464941695332527,0.385,11.3,0.45050787925720215,0.4675,0.00018654619215332602,0.19613819770514965,46.368140763696225
PD+FF,1.0,1058,-1.9344123601913452,-0.6835842132568359,0.34246277809143066,False,0.6462752442988128,0.17015835729155454,2.0957717895507812,0.027860363945364952,0.03515372797846794,0.315,12.4,0.4222862720489502,0.415,0.0003196007812813396,0.21639436461031436,-38.370949953189246
PD+FF,1.0,1059,-1.3239208459854126,-0.34795770049095154,0.3298633396625519,False,0.4114591935008576,0.11929380409765739,1.418386459350586,0.028776077553629875,0.02057623118162155,0.38,11.4,0.4303617477416992,0.47,0.00022355177328736375,0.18806314628571272,38.78620039317749
PD+FF,1.0,1060,-0.5232435464859009,-0.8263487219810486,0.4775193929672241,False,0.3042794176798308,0.14314897860325757,1.0047281980514526,0.015440951101481915,0.03785467520356178,0.3575,12.65,0.3322848081588745,0.5025,0.00038920971190868007,0.12998566891998053,40.84315768256774
PD+FF,1.0,1061,-1.0766786336898804,0.09924349933862686,0.28927016258239746,False,0.3200308328098884,0.11375293012799521,1.125474214553833,0.015348769724369049,0.03258765861392021,0.405,10.8,0.45485711097717285,0.49,0.00020466278928464072,0.18137815039604901,71.34113803524528
PD+FF,1.0,1062,-1.020176649093628,-0.6513675451278687,0.4292861223220825,False,0.37661434006901134,0.1306454213559123,1.2636038064956665,0.02696414478123188,0.025835927575826645,0.3725,12.0,0.36627519130706787,0.4675,0.00031244601951241547,0.16050468876957893,34.26325077228248
PD+FF,1.0,1063,-0.5567145943641663,0.6067063212394714,0.2895512878894806,False,0.25154042518563013,0.12637168056087683,0.8364167213439941,0.014305328018963337,0.031868789345026016,0.425,10.100000000000001,0.38945871591567993,0.5125,0.00031085185640995826,0.13872148890048266,85.48430906515576
PD+FF,1.0,1064,-1.6129041910171509,-0.13716638088226318,0.24278511106967926,False,0.47055187132974235,0.1250414374631838,1.6487089395523071,0.03237073868513107,0.018593804910779,0.3725,11.4,0.4862983226776123,0.465,0.00020988757750128084,0.21430044205859303,27.44103558622304
PD+FF,1.0,1065,-0.5033138990402222,-0.5932050347328186,0.453745573759079,False,0.25120881422197877,0.11953620727998485,0.8133116960525513,0.01348780281841755,0.031437333673238754,0.42,10.3,0.34521520137786865,0.515,0.00029586006071173637,0.13126787710934879,82.46629993487156
PD+FF,1.0,1066,-1.3762075901031494,0.32575497031211853,0.20805609226226807,False,0.40023680472462386,0.13416087066686633,1.4326107501983643,0.022854791954159737,0.03511080518364906,0.3775,11.05,0.5078537464141846,0.49,0.00026972647716678745,0.20783103376626968,36.42416869997978
PD+FF,1.0,1067,-0.6176835894584656,0.9055254459381104,0.20151829719543457,False,0.3217155293683916,0.1621024138939152,1.0992552042007446,0.01477875653654337,0.042624276131391525,0.3175,12.600000000000001,0.411521315574646,0.515,0.00044498923916159327,0.1451478349417448,22.62286531582935
PD+FF,1.0,1068,-0.7787961959838867,0.5352519750595093,0.25048118829727173,False,0.28383362670946305,0.13649575589017549,0.9596648812294006,0.012292874045670033,0.03692466765642166,0.395,12.600000000000001,0.46945029497146606,0.5175,0.0003325535011274795,0.16998095162212848,63.95467932391917
PD+FF,1.0,1069,-0.5076419115066528,0.8446078896522522,0.24751581251621246,False,0.28946690526155516,0.1454703712112765,0.9901279211044312,0.015222527086734772,0.03709910437464714,0.34,12.5,0.35006219148635864,0.5175,0.0003816597929370806,0.12424288135021926,41.41947445818221
PD+FF,1.0,1070,-1.6644020080566406,0.9533751606941223,0.22921264171600342,False,0.5543211166824643,0.18769502705156432,1.9316902160644531,0.03474537283182144,0.04170667380094528,0.2625,14.75,0.4951443672180176,0.47,0.0004998636611504862,0.2188417825475335,-60.10867857560516
PD+FF,1.0,1071,-1.6379417181015015,0.7469041347503662,0.26974478363990784,False,0.5281999989847409,0.16167416793922787,1.823076605796814,0.03622361272573471,0.027064912021160126,0.3025,14.200000000000001,0.4689626693725586,0.455,0.0003918557732409334,0.21171402733772993,-29.537257183715575
PD+FF,1.0,1072,-1.22187077999115,0.3675197660923004,0.4661308228969574,False,0.4212801449484713,0.11137321304947981,1.3775074481964111,0.026541095227003098,0.012271808460354805,0.42,11.8,0.3430612087249756,0.4425,0.0001839304480315158,0.16624457232654094,58.01995505420502
PD+FF,1.0,1073,-1.5133368968963623,0.8512749075889587,0.3800120949745178,False,0.5360489258899113,0.16630135531663914,1.7799524068832397,0.03239007666707039,0.03070078417658806,0.3175,12.350000000000001,0.39824020862579346,0.44,0.00039577386508429514,0.1910070376098156,-24.204602253064454
PD+FF,1.0,1074,-0.5001789927482605,-0.2884053587913513,0.4962819218635559,True,0.2081068435245412,0.0893232195752322,0.6797482967376709,0.009534858167171478,0.02538830228149891,0.5175,8.15,0.32064759731292725,0.5,0.00018146026173056283,0.12682629868388176,139.7028955314309
PD+FF,1.0,1075,-0.8189709782600403,0.9466501474380493,0.23914383351802826,False,0.36941589433865624,0.1802033553569152,1.2590471506118774,0.011005019769072533,0.05055228993296623,0.3,12.8,0.47786229848861694,0.5125,0.0005133556713798094,0.17387560790404677,0.3803602818399978
PD+FF,1.0,1076,-1.445397138595581,-0.562984049320221,0.45283621549606323,False,0.5091696041265047,0.13778371569204997,1.630782961845398,0.025497613474726677,0.025304043665528297,0.345,12.200000000000001,0.3513784408569336,0.4225,0.00024987462457202845,0.1786876367777586,6.237948485091329
PD+FF,1.0,1077,-0.6151338219642639,-0.8893533945083618,0.2694230377674103,False,0.32307240027057493,0.1621669859647178,1.088533878326416,0.014090469107031822,0.043142858892679214,0.32,12.600000000000001,0.42085838317871094,0.5125,0.00045153738446454273,0.1494564588367939,22.499600642267634
PD+FF,1.0,1078,-0.6580581068992615,-0.6858707666397095,0.23459486663341522,False,0.2843841154704491,0.14262171541636554,0.9584092497825623,0.015560811385512352,0.036211222410202026,0.345,12.5,0.4400598406791687,0.52,0.0003742520222467945,0.1557272993028164,43.47448820881551
PD+FF,1.0,1079,-0.5874135494232178,0.8651593327522278,0.4896434247493744,False,0.3253555920518504,0.1476247842165902,1.076871633529663,0.017086509615182877,0.038907721638679504,0.345,12.700000000000001,0.3262373208999634,0.495,0.00040105039733008487,0.13209736477583647,29.52519912049179
PD+FF,1.0,1080,-0.6397119164466858,0.7102972865104675,0.367546945810318,False,0.2935708061691556,0.14052375654565155,0.9782975912094116,0.014261944219470024,0.037373870611190796,0.3675,12.600000000000001,0.39898788928985596,0.5125,0.00036824362767023337,0.14828553348779677,48.63381923660649
PD+FF,1.0,1081,-1.3320256471633911,0.8601993322372437,0.3006768822669983,False,0.4641886337212842,0.1662432259985534,1.6089626550674438,0.02978947013616562,0.03808502480387688,0.305,13.9,0.4488414525985718,0.47,0.00043872078523976907,0.1923922995850444,-20.10155751667924
PD+FF,1.0,1082,-0.9581221342086792,-0.30673766136169434,0.3117980659008026,False,0.302227735488899,0.11737939968523638,1.0487174987792969,0.013561204075813293,0.03361322358250618,0.41,10.700000000000001,0.43977510929107666,0.4975,0.00023265422812471196,0.17237360503524543,72.2795758523046
PD+FF,1.0,1083,-1.3940625190734863,0.6289385557174683,0.21643398702144623,False,0.43371825512765727,0.15337821665780854,1.543211579322815,0.026768185198307037,0.03760748729109764,0.3275,13.450000000000001,0.5026295781135559,0.4875,0.0003752726737123454,0.20747091324999928,0.029180357977730442
PD+FF,1.0,1084,-0.7371216416358948,-0.8951173424720764,0.4071005880832672,False,0.3521018980076589,0.15924876856252623,1.1846938133239746,0.016168447211384773,0.043350573629140854,0.32,12.8,0.37852799892425537,0.495,0.0004341076297586231,0.14912442568689585,12.055905855819491
PD+FF,1.0,1085,-0.7224554419517517,-0.08529454469680786,0.4138740301132202,False,0.24137115926210573,0.09359983084180075,0.8223017454147339,0.010102834552526474,0.027642376720905304,0.4675,10.600000000000001,0.3741987943649292,0.4975,0.00016901352654263916,0.14757551044225692,115.94044761378316
PD+FF,1.0,1086,-0.7490203976631165,-0.7008727788925171,0.4387705326080322,False,0.3188012891841964,0.13362156133409173,1.066512942314148,0.019482431933283806,0.033655796200037,0.365,12.700000000000001,0.35918211936950684,0.49,0.00034000183790304647,0.14597723554819822,41.379382626712264
PD+FF,1.0,1087,-1.2718281745910645,-0.8616007566452026,0.3274095356464386,False,0.4540136824249905,0.16369068721572666,1.5632307529449463,0.029314493760466576,0.037259507924318314,0.3025,13.950000000000001,0.43189287185668945,0.4775,0.00043064630280009524,0.1858521842584014,-18.51654708273692
PD+FF,1.0,1088,-1.148199200630188,-0.9221230149269104,0.4605681300163269,False,0.46320428540661485,0.16344800099800375,1.5241628885269165,0.028277751058340073,0.03527909517288208,0.3125,12.55,0.34633708000183105,0.4475,0.00041365000009647567,0.16317365176975726,-14.665257165208489
PD+FF,1.0,1089,-1.8535881042480469,0.5890284776687622,0.37915652990341187,False,0.6260192433556908,0.15940079413151853,2.002612352371216,0.02388446219265461,0.03500848636031151,0.325,12.4,0.39872562885284424,0.41,0.0002693730263648351,0.20759510692209004,-26.9780992792686
PD+FF,1.0,1090,-0.9845758080482483,-0.6573527455329895,0.30003631114959717,False,0.34815873736913583,0.14498611840789494,1.2066437005996704,0.018202928826212883,0.03884389251470566,0.355,12.9,0.4473148584365845,0.495,0.00036331693345074544,0.17528778269886972,29.888076205179114
PD+FF,1.0,1091,-1.8845704793930054,-0.6914018392562866,0.36124923825263977,False,0.6374314544493559,0.16876408462246686,2.0561883449554443,0.02646380104124546,0.03599001094698906,0.3175,12.4,0.41030454635620117,0.4175,0.00031752759806877306,0.2114562902227044,-35.37104891762139
PD+FF,1.0,1092,-1.9696727991104126,-0.2278679758310318,0.31251582503318787,False,0.6199909225236578,0.1444143421732786,2.0334246158599854,0.028579644858837128,0.02410837635397911,0.34,12.200000000000001,0.4416985511779785,0.4275,0.00017671938604851064,0.22222691748291254,-13.816869280394279
PD+FF,1.0,1093,-0.8791002631187439,0.07968070358037949,0.43002596497535706,False,0.28747906319642147,0.09149711713408529,0.9862287640571594,0.018370896577835083,0.02226436138153076,0.475,10.9,0.3653753995895386,0.4775,0.00015814216094439215,0.15348126139491797,110.76364520117643
PD+FF,1.0,1094,-0.9031349420547485,-0.5643354058265686,0.2514164447784424,False,0.3128550014938265,0.14142446985353738,1.080662727355957,0.013074824586510658,0.039155859500169754,0.3825,12.75,0.47469377517700195,0.5075,0.00034491445449423715,0.1773873393982649,50.826173896901295
PD+FF,1.0,1095,-1.3096781969070435,-0.4019305408000946,0.2943161725997925,False,0.40285508521622254,0.1263692352738925,1.4059499502182007,0.026933837682008743,0.02730531617999077,0.375,11.3,0.45274078845977783,0.4725,0.0002549429267290341,0.19216247189790012,35.24456981979301
PD+FF,1.0,1096,-0.5565752387046814,0.7886120080947876,0.27283963561058044,False,0.28777372811210483,0.14443753395533945,0.972832441329956,0.015398215502500534,0.03678317368030548,0.34,12.5,0.3860257863998413,0.5175,0.00038398492069536557,0.1372098921239376,41.06083216425025
PD+FF,1.0,1097,-1.3080552816390991,0.037033263593912125,0.27344202995300293,False,0.3822966283970931,0.11599858227269913,1.348522424697876,0.02391079254448414,0.02773025445640087,0.39,11.05,0.4662576913833618,0.4825,0.00020069536019460247,0.19501529969274997,53.854288754425795
PD+FF,1.0,1098,-1.2224541902542114,-0.25077617168426514,0.4742331802845001,False,0.4179023503046135,0.10495734985269521,1.3651901483535767,0.025177909061312675,0.010662027634680271,0.4575,9.450000000000001,0.337890625,0.4425,0.00015286334429831457,0.16534020394086837,77.09186298260467
PD+FF,1.0,1099,-1.9130916595458984,0.09447009861469269,0.36984628438949585,False,0.6228792594519251,0.13984910537036016,1.9911153316497803,0.019361646845936775,0.03210221976041794,0.3475,12.350000000000001,0.40480029582977295,0.4125,0.0001374584037508262,0.21167243257164955,-9.122890144103518
Residual PPO,1.0,1000,-1.2179213762283325,0.20768369734287262,0.34128254652023315,True,0.34982242286943194,0.030696874777492524,1.2955046892166138,0.00793223362416029,0.00527742737904191,0.6975,6.050000000000001,0.19323933124542236,0.8275,0.0001615417539801268,0.08855629373341799,208.28208121949353
Residual PPO,1.0,1001,-1.0811076164245605,-0.9685990810394287,0.25630688667297363,False,0.3981224247319946,0.13889693473247813,1.4634742736816406,0.021907567977905273,0.023925526067614555,0.355,11.4,0.3060535788536072,0.49,0.0005884394589646622,0.09743367347866297,25.193348682930182
Residual PPO,1.0,1002,-1.428768277168274,-0.28562131524086,0.4242836833000183,True,0.4571653533273001,0.03237134214867058,1.546866774559021,0.009302953258156776,0.008311927318572998,0.695,5.800000000000001,0.1107720136642456,0.82,0.0001635171303914516,0.09483616083860397,186.31880812453784
Residual PPO,1.0,1003,-1.7183640003204346,-0.48658838868141174,0.34840381145477295,True,0.5396572670796016,0.05262473760967696,1.8356801271438599,0.011327418498694897,0.010161885991692543,0.5975,6.2,0.1706775426864624,0.745,0.00027496625658065854,0.11312341149896384,124.64718272005398
Residual PPO,1.0,1004,-1.998679280281067,-0.7396973967552185,0.24154320359230042,False,0.6159907807877617,0.086333108287037,2.150963544845581,0.017301931977272034,0.0032438819762319326,0.4925,8.9,0.28389668464660645,0.5225,0.0004262251809376457,0.13752580480650067,57.710382668057875
Residual PPO,1.0,1005,-1.8766711950302124,0.8611240983009338,0.28618520498275757,False,0.6046758435465881,0.11530594947835289,2.0905823707580566,0.022623373195528984,0.009339965879917145,0.3925,11.100000000000001,0.29028046131134033,0.5575,0.0004776251150785295,0.1322860188782215,10.323646070293597
Residual PPO,1.0,1006,-1.4946178197860718,0.20171388983726501,0.28934937715530396,True,0.4246350340769621,0.03103920835329422,1.5509462356567383,0.006918754428625107,0.004742792807519436,0.695,6.1000000000000005,0.25158238410949707,0.7025,0.00015767921449733277,0.10654788672924041,193.97696591752344
Residual PPO,1.0,1007,-1.8931626081466675,0.6319606900215149,0.39287856221199036,True,0.634919692517865,0.0796867468133833,2.0569589138031006,0.01820986717939377,0.0023217222187668085,0.505,8.8,0.15018951892852783,0.7025,0.00026728229223883625,0.12204547695815564,61.16109908776773
Residual PPO,1.0,1008,-1.749120831489563,0.6261014938354492,0.26522985100746155,False,0.5276643196502944,0.0783772512234565,1.8824126720428467,0.016863152384757996,0.0070539009757339954,0.4825,8.65,0.29934751987457275,0.575,0.00034591071426355276,0.12526862766593694,72.23350602520193
Residual PPO,1.0,1009,-1.9152493476867676,-0.3461688160896301,0.2149554342031479,True,0.5476240331893145,0.032621107724118734,1.966204285621643,0.005781563930213451,0.004537716507911682,0.695,6.1000000000000005,0.3205057382583618,0.49,0.00021739340316228968,0.1339105400070548,170.82770552993333
Residual PPO,1.0,1010,-1.8575115203857422,0.07161146402359009,0.4753030240535736,True,0.6519941198777964,0.030296767530323013,1.9880461692810059,0.010326146148145199,0.006444614380598068,0.735,5.300000000000001,0.07760119438171387,0.76,7.080128775545411e-05,0.11493343330919742,163.5139014609497
Residual PPO,1.0,1011,-1.57381272315979,0.12664707005023956,0.26378002762794495,True,0.4408813361302101,0.02402169165902138,1.6154100894927979,0.004919848404824734,0.0038929821457713842,0.71,5.800000000000001,0.2770427465438843,0.695,0.00014786165212707242,0.112441401258111,199.6287239186325
Residual PPO,1.0,1012,-1.5405192375183105,0.561293363571167,0.2715309262275696,True,0.4561365670539189,0.06796124632914648,1.665443778038025,0.014502601698040962,0.008688542991876602,0.52,8.5,0.2916123867034912,0.5975,0.00032003982810064143,0.11394700687378645,102.63830831802994
Residual PPO,1.0,1013,-0.8082606196403503,-0.8420410752296448,0.401797890663147,False,0.3291387286266908,0.10653170020344495,1.1964707374572754,0.022088471800088882,0.008456986397504807,0.4075,11.05,0.1495518684387207,0.6925,0.000496706319874025,0.07168405279517173,66.79761367387702
Residual PPO,1.0,1014,-1.3467140197753906,0.1714046150445938,0.4693894386291504,True,0.4441331987276141,0.032761163690849034,1.4794632196426392,0.011816433630883694,0.0029463714454323053,0.73,4.6000000000000005,0.0824134349822998,0.81,0.000105594121902735,0.0899725852161646,204.04937302125634
Residual PPO,1.0,1015,-1.4601455926895142,0.21413566172122955,0.39239153265953064,True,0.45179010852390705,0.035653522578542395,1.5577362775802612,0.010480680502951145,0.0011778328334912658,0.6775,6.3500000000000005,0.14558672904968262,0.8275,0.0001276286130444688,0.09819863595068455,181.22594965299706
Residual PPO,1.0,1016,-1.6580126285552979,-0.11461202055215836,0.3060871958732605,True,0.48439805368039557,0.012834465685770074,1.711901068687439,0.0038347889203578234,0.002268735086545348,0.7275,5.45,0.22140121459960938,0.78,0.00013083061055576748,0.11160897891968488,203.3639845279444
Residual PPO,1.0,1017,-0.62247234582901,0.6426637768745422,0.4917738139629364,False,0.2686409185777255,0.0813691165269803,0.9438154101371765,0.021538998931646347,0.00485534081235528,0.475,8.65,0.06900978088378906,0.81,0.00040798749764540753,0.057567898258566855,110.92263672144104
Residual PPO,1.0,1018,-1.1090368032455444,-0.0900818482041359,0.4614541530609131,True,0.35104546287477734,0.014679520921028484,1.232259750366211,0.00957901868969202,0.0027829979080706835,0.8175,3.6500000000000004,0.08630144596099854,0.835,0.0001217898837978466,0.07728996440768242,262.61469684524883
Residual PPO,1.0,1019,-1.674609661102295,-0.20800989866256714,0.34006524085998535,True,0.5066648870002636,0.02296246917132635,1.7472251653671265,0.0057379803620278835,0.005672328639775515,0.7175,5.65,0.1830461025238037,0.825,0.00014564360467096381,0.11017695598304272,190.9008667645088
Residual PPO,1.0,1020,-1.1319496631622314,-0.4326494336128235,0.2227078378200531,True,0.31211863440642224,0.052059489005212685,1.2281949520111084,0.011846911162137985,0.002818153705447912,0.605,6.550000000000001,0.3205968737602234,0.505,0.00026970650692661525,0.09645801007747651,166.62853758873578
Residual PPO,1.0,1021,-1.4384177923202515,-0.8382971882820129,0.49743902683258057,False,0.5491219507267666,0.10959416636412112,1.74289071559906,0.022474214434623718,0.01159900426864624,0.4025,11.100000000000001,0.07147216796875,0.695,0.00047149180604780656,0.09966214694082737,23.313168226463162
Residual PPO,1.0,1022,-1.999210000038147,0.8368335366249084,0.37694433331489563,False,0.685757837740185,0.11258894885181647,2.217628240585327,0.022613737732172012,0.011096666567027569,0.4,11.100000000000001,0.17040205001831055,0.64,0.00040572669121742794,0.12977551765739917,-0.5335720125584077
Residual PPO,1.0,1023,-1.4916963577270508,0.8117974996566772,0.4728805720806122,False,0.5465695431498251,0.10666537591040474,1.7707891464233398,0.024200739338994026,0.0094743762165308,0.41,11.05,0.08874678611755371,0.71,0.00039584455551612904,0.10101406902074814,29.627122180030113
Residual PPO,1.0,1024,-1.51630699634552,-0.48329436779022217,0.3110935389995575,True,0.4522293672502677,0.04246287598538363,1.6286505460739136,0.009721022099256516,0.006498423870652914,0.64,6.25,0.20820200443267822,0.7375,0.0002632058061377122,0.1054934586584568,161.34483614640206
Residual PPO,1.0,1025,-0.7683239579200745,0.258014976978302,0.24864348769187927,True,0.20383978098423614,0.028213490496191918,0.8365699052810669,0.0042173289693892,0.007309980224817991,0.7375,4.2,0.26304131746292114,0.68,0.00023923879896781637,0.07083501413464546,247.3526923575525
Residual PPO,1.0,1026,-1.7438942193984985,0.19023452699184418,0.2583710551261902,True,0.49887454813335047,0.03330931498303113,1.7883607149124146,0.0067055923864245415,0.0035895146429538727,0.6925,6.15,0.28715407848358154,0.6675,0.00015113756319921708,0.12210591372102499,179.27368509728697
Residual PPO,1.0,1027,-1.9580382108688354,0.12429128587245941,0.36954861879348755,True,0.6273054217318123,0.03509600141275112,2.0374345779418945,0.007246191147714853,0.005324340425431728,0.6975,6.050000000000001,0.1633826494216919,0.795,9.662669805416698e-05,0.1233284530416131,157.96621916982684
Residual PPO,1.0,1028,-0.7757433652877808,-0.22796711325645447,0.4025936424732208,True,0.2272188286613325,0.022648104220824326,0.8859924077987671,0.00844594370573759,0.0004932640003971756,0.7975,4.2,0.1306208372116089,0.8825,0.00016043218915414925,0.06299712732434273,272.4876438903298
Residual PPO,1.0,1029,-0.7448340058326721,0.6458722352981567,0.214758962392807,True,0.2543603455213745,0.07245751923508768,0.9937342405319214,0.014783911406993866,0.00827159732580185,0.515,8.55,0.28373831510543823,0.475,0.0004649210794618881,0.07470351971685886,132.43416476399
Residual PPO,1.0,1030,-1.6447029113769531,-0.9496257901191711,0.4438457489013672,False,0.6102172156075852,0.12488919031596696,1.9596617221832275,0.018776264041662216,0.02363063208758831,0.3825,11.350000000000001,0.10591721534729004,0.6525,0.0005005952757449188,0.11091068848967552,1.1188273114674183
Residual PPO,1.0,1031,-0.9611496329307556,0.9009804725646973,0.39864641427993774,False,0.38565618290393333,0.12526628572662782,1.349510669708252,0.022376684471964836,0.01979011669754982,0.38,11.3,0.1637507677078247,0.6675,0.0005731540762996041,0.08107085920870304,40.224885601977405
Residual PPO,1.0,1032,-0.6833899617195129,-0.5306191444396973,0.49894750118255615,True,0.25417987213060317,0.04891535253733347,0.9319570660591125,0.014647063799202442,0.004208016209304333,0.625,6.3500000000000005,0.0737076997756958,0.815,0.00026302146727584606,0.05975361004471779,186.10593672208677
Residual PPO,1.0,1033,-0.7577928304672241,0.7459949851036072,0.4761985242366791,False,0.31871070021595005,0.0974971394469798,1.1103570461273193,0.023739807307720184,0.0038352669216692448,0.4325,10.9,0.08423149585723877,0.785,0.00046528658003132476,0.06545238636434078,80.37190794283885
Residual PPO,1.0,1034,-0.5296080112457275,-0.6777904629707336,0.22327283024787903,False,0.22614176191384808,0.08542704670164578,0.8656488060951233,0.019202467054128647,0.00669281929731369,0.465,8.700000000000001,0.21416842937469482,0.4625,0.0004477416266443557,0.056611384004354476,115.0385118369723
Residual PPO,1.0,1035,-1.5201642513275146,-0.23973245918750763,0.436818927526474,True,0.49649429094883724,0.03535703010309457,1.6386762857437134,0.00975795742124319,0.009222697466611862,0.675,5.8500000000000005,0.10265803337097168,0.8075,0.00014830813043629083,0.09909942723810673,169.5060122815698
Residual PPO,1.0,1036,-1.558912754058838,0.6018440127372742,0.34900519251823425,False,0.49207698283626833,0.07521759576933028,1.7155344486236572,0.017479434609413147,0.005980595014989376,0.495,8.6,0.20171165466308594,0.7125,0.00031369071783177843,0.10863354083150625,85.12622245605709
Residual PPO,1.0,1037,-1.5164998769760132,-0.3818822205066681,0.38270920515060425,True,0.4749066334472564,0.03831277932089259,1.6299687623977661,0.009354186244308949,0.008595781400799751,0.6575,6.0,0.14275145530700684,0.825,0.00020975138035110588,0.10097409293055534,166.02340636797064
Residual PPO,1.0,1038,-1.5098652839660645,-0.8029577136039734,0.31811848282814026,False,0.49080576809350157,0.09799908957499821,1.7404528856277466,0.01897048018872738,0.009594550356268883,0.4475,9.05,0.21626698970794678,0.645,0.0004400676330065563,0.10933013848960399,57.20654044438371
Residual PPO,1.0,1039,-0.6960156559944153,-0.0387578122317791,0.3661683201789856,True,0.18950899295582083,0.012497817163420676,0.7713037729263306,0.005941977724432945,0.0024516938719898462,0.8175,3.75,0.15639781951904297,0.895,0.0001525622056929712,0.059136877246201036,291.5661612908566
Residual PPO,1.0,1040,-0.7547146081924438,0.5635512471199036,0.4134989380836487,True,0.26734399104363515,0.06737233450270373,0.9859970211982727,0.016449928283691406,0.009742919355630875,0.5225,8.450000000000001,0.13078248500823975,0.8075,0.0003685310230354019,0.06479405298829079,135.19326101713
Residual PPO,1.0,1041,-0.6478168964385986,-0.19675222039222717,0.46515655517578125,True,0.20237722755394183,0.018188956736076897,0.784697413444519,0.009784289635717869,0.000443339318735525,0.84,2.85,0.08494973182678223,0.8775,0.00014135512592019055,0.054905514493584634,295.71821675947547
Residual PPO,1.0,1042,-1.463887333869934,-0.25558269023895264,0.3728010952472687,True,0.44559355227658903,0.022733758664023846,1.5558549165725708,0.007052925415337086,0.005581424105912447,0.72,5.6000000000000005,0.15287208557128906,0.8325,0.00015410089267754737,0.09809799905866384,202.85748665699052
Residual PPO,1.0,1043,-1.7490100860595703,-0.7958716750144958,0.31946444511413574,False,0.5682592727452254,0.09525974689409385,1.9551254510879517,0.018594246357679367,0.008156386204063892,0.455,9.0,0.2028512954711914,0.6425,0.00043371134203265197,0.1194746220856905,47.8442095850277
Residual PPO,1.0,1044,-1.981444239616394,0.7169352173805237,0.20961801707744598,False,0.5945898223865153,0.0934134784689324,2.121433973312378,0.019280897453427315,0.004086248576641083,0.4525,8.8,0.36589139699935913,0.425,0.0004098521885644151,0.14365323536098004,43.293013807234246
Residual PPO,1.0,1045,-0.7272861003875732,-0.39523494243621826,0.4158290922641754,True,0.23105996094727138,0.0403776057089865,0.8875254392623901,0.011490082368254662,0.002861121902242303,0.6725,4.3500000000000005,0.12362277507781982,0.8175,0.00021488855217639369,0.06176509492099285,213.44743612468903
Residual PPO,1.0,1046,-1.868130087852478,0.6265861392021179,0.39649125933647156,True,0.6268929331668398,0.07886224593743608,2.032642364501953,0.018188221380114555,0.0021958649158477783,0.505,8.8,0.14612090587615967,0.7025,0.00026473946443728865,0.12052588634192944,62.913594098803685
Residual PPO,1.0,1047,-1.1699552536010742,-0.14992530643939972,0.29876548051834106,True,0.3189413136268522,0.014215947433372011,1.225381851196289,0.004486079327762127,0.0010916772298514843,0.765,4.7,0.2288602590560913,0.785,0.00014952760906691967,0.08822408180683851,246.79711371864798
Residual PPO,1.0,1048,-0.9076822996139526,-0.7630760073661804,0.4824531674385071,False,0.3536153821375707,0.08520409801174797,1.2415555715560913,0.01965201273560524,0.00488450238481164,0.4725,8.85,0.09177982807159424,0.76,0.000405048304551026,0.07382787451148033,94.71397814431498
Residual PPO,1.0,1049,-1.6127384901046753,0.09402617067098618,0.43331217765808105,True,0.5262415868915666,0.02847197093389063,1.7214581966400146,0.009300596080720425,0.005407857708632946,0.7475,5.050000000000001,0.10845756530761719,0.8,8.824045378336333e-05,0.10358553484082222,197.49342773390936
Residual PPO,1.0,1050,-1.2507070302963257,-0.40418457984924316,0.49881017208099365,True,0.43397396138312583,0.04926551820461834,1.4248323440551758,0.013575736433267593,0.011155005544424057,0.6125,6.050000000000001,0.06432580947875977,0.81,0.00022627022315901068,0.08647368475794792,149.31387497126977
Residual PPO,1.0,1051,-0.8433747291564941,-0.6024307608604431,0.2584548592567444,False,0.271457713217625,0.07746111643433128,1.051550030708313,0.01743405871093273,0.004868584685027599,0.4875,8.700000000000001,0.2812950015068054,0.5925,0.0003867993811572486,0.0801857540756464,117.37407149541023
Residual PPO,1.0,1052,-1.577463150024414,-0.03658809885382652,0.32490968704223633,True,0.4623825096226305,0.012869375661665003,1.6356229782104492,0.004809615667909384,0.0010019924957305193,0.7375,5.25,0.2034471035003662,0.8175,0.00012018981144416156,0.10626983851194381,211.43378415435566
Residual PPO,1.0,1053,-0.7320424914360046,-0.38764455914497375,0.44851720333099365,True,0.238157880329128,0.0357685065582654,0.9011886715888977,0.011482746340334415,0.002721931552514434,0.7,4.3,0.09982812404632568,0.8425,0.0002005752363091563,0.06098360851407051,225.11531711569936
Residual PPO,1.0,1054,-1.9604523181915283,0.6108824014663696,0.3443475067615509,False,0.6339075110345719,0.08070555706058373,2.1002769470214844,0.01775519922375679,0.0017211290542036295,0.4925,8.75,0.19795644283294678,0.685,0.0002813626257816155,0.12820109128952026,57.45616534295947
Residual PPO,1.0,1055,-0.8035520911216736,-0.8197364807128906,0.37500709295272827,False,0.3192016854117046,0.10391533784473972,1.1733254194259644,0.022011734545230865,0.006165636703372002,0.4175,11.0,0.17126572132110596,0.685,0.0004952370593900843,0.07234984174370766,73.34564958976856
Residual PPO,1.0,1056,-0.6173267960548401,-0.7547652125358582,0.33817118406295776,False,0.26646856107029276,0.09607412945173302,0.9910121560096741,0.02131139114499092,0.0019531736616045237,0.445,10.850000000000001,0.19551539421081543,0.6875,0.0004800209829362644,0.06357792567461729,96.26018977183935
Residual PPO,1.0,1057,-1.4013786315917969,-0.020997419953346252,0.2980625629425049,True,0.3921162772909427,0.009110329773646985,1.449770212173462,0.0035706188064068556,0.0019354510586708784,0.7475,5.050000000000001,0.23278236389160156,0.7775,0.00013281760059678365,0.09973825260996819,228.9009908242367
Residual PPO,1.0,1058,-1.9344123601913452,-0.6835842132568359,0.34246277809143066,False,0.6330864723561457,0.08411380633918142,2.0957717895507812,0.01840752176940441,0.004456369671970606,0.48,8.700000000000001,0.17304253578186035,0.6675,0.00039978311978647324,0.12527829602360727,49.35349651378872
Residual PPO,1.0,1059,-1.3239208459854126,-0.34795770049095154,0.3298633396625519,True,0.3854747113178825,0.027399651721072137,1.4167109727859497,0.007437815889716148,0.0035201129503548145,0.7,6.0,0.19286298751831055,0.7875,0.0001904874890434019,0.09410506971180439,203.39941912916623
Residual PPO,1.0,1060,-0.5232435464859009,-0.8263487219810486,0.4775193929672241,False,0.27976250035679295,0.10125312673246575,1.0047281980514526,0.022198136895895004,0.007286369800567627,0.4225,11.0,0.08832800388336182,0.7475,0.00046693064094743776,0.0550032552331686,83.11022696352727
Residual PPO,1.0,1061,-1.0766786336898804,0.09924349933862686,0.28927016258239746,True,0.2878048711704581,0.01720498331530516,1.1256574392318726,0.003548821434378624,0.004919989034533501,0.765,4.7,0.2430781126022339,0.75,0.00015819248661980481,0.08445164915174246,250.75139106259616
Residual PPO,1.0,1062,-1.020176649093628,-0.6513675451278687,0.4292861223220825,True,0.3501278181039635,0.0644233567127702,1.2636038064956665,0.016034714877605438,0.0029022814705967903,0.5375,8.6,0.11952674388885498,0.775,0.00033736360267577314,0.07821335904300213,128.90040028353843
Residual PPO,1.0,1063,-0.5567145943641663,0.6067063212394714,0.2895512878894806,True,0.21676327588974464,0.0684874931628709,0.8364167213439941,0.014566320925951004,0.009333139285445213,0.52,8.5,0.1809377670288086,0.6725,0.00042418699360771,0.05655772216618061,142.9880533217342
Residual PPO,1.0,1064,-1.6129041910171509,-0.13716638088226318,0.24278511106967926,True,0.4468901521417251,0.009937768692623158,1.6484410762786865,0.00201869523152709,0.00039726635441184044,0.7275,5.45,0.29323410987854004,0.735,0.0001499346353353485,0.11543900465592742,210.35458231094512
Residual PPO,1.0,1065,-0.5033138990402222,-0.5932050347328186,0.453745573759079,True,0.2190193204182274,0.06893835979380719,0.8133116960525513,0.01736626774072647,0.00401621637865901,0.5175,8.6,0.09632182121276855,0.8025,0.00033176288653386123,0.05175209872424603,141.68720443027797
Residual PPO,1.0,1066,-1.3762075901031494,0.32575497031211853,0.20805609226226807,True,0.3714097599071974,0.03995208851070342,1.432700753211975,0.006974600721150637,0.008146287873387337,0.645,6.2,0.3479424715042114,0.455,0.0002291302485686275,0.10984074717387557,177.19567701547717
Residual PPO,1.0,1067,-0.6176835894584656,0.9055254459381104,0.20151829719543457,False,0.29497766858166563,0.1157019434100271,1.0992552042007446,0.02020186185836792,0.01284372340887785,0.3925,11.200000000000001,0.23534545302391052,0.4225,0.0005890924310040852,0.06733595406636596,66.09464893149375
Residual PPO,1.0,1068,-0.7787961959838867,0.5352519750595093,0.25048118829727173,True,0.24326673054262535,0.05890052523315242,0.9595839381217957,0.011189986951649189,0.011230306699872017,0.5575,8.3,0.2702299952507019,0.6,0.00039453977695485946,0.07438168607652187,155.5124279152536
Residual PPO,1.0,1069,-0.5076419115066528,0.8446078896522522,0.24751581251621246,False,0.26814505521993437,0.10697699462879766,0.9901279211044312,0.02073034830391407,0.007483641617000103,0.41,11.05,0.1822803020477295,0.5125,0.0005590575769571373,0.056955261789262294,79.9739158742322
Residual PPO,1.0,1070,-1.6644020080566406,0.9533751606941223,0.22921264171600342,False,0.5375848710919692,0.12959219840976943,1.9316902160644531,0.021009506657719612,0.018930723890662193,0.38,11.3,0.3729128837585449,0.42,0.0005827677672723324,0.13126523476094007,10.103542073173932
Residual PPO,1.0,1071,-1.6379417181015015,0.7469041347503662,0.26974478363990784,False,0.5069983073647899,0.0926375718019054,1.823076605796814,0.020025841891765594,0.0028641398530453444,0.45,8.8,0.30651938915252686,0.54,0.0004316269194061621,0.12129912842065096,56.3934151489348
Residual PPO,1.0,1072,-1.22187077999115,0.3675197660923004,0.4661308228969574,True,0.40573275601653214,0.051771506325399334,1.3777917623519897,0.015277191996574402,0.0023501876275986433,0.605,6.5,0.08762919902801514,0.825,0.0001833322559582603,0.08502565011382103,153.50055861235398
Residual PPO,1.0,1073,-1.5133368968963623,0.8512749075889587,0.3800120949745178,False,0.519876245268632,0.11182309189867563,1.7799524068832397,0.023562269285321236,0.009356174618005753,0.395,11.100000000000001,0.18542718887329102,0.6725,0.00047025549264718394,0.10710267156362534,26.90486806452953
Residual PPO,1.0,1074,-0.5001789927482605,-0.2884053587913513,0.4962819218635559,True,0.1746952554116624,0.028992174484656713,0.6754875183105469,0.011792220175266266,0.0012703166576102376,0.7525,4.2,0.06729769706726074,0.885,0.00016520696351128813,0.048333559408783915,259.7777470746909
Residual PPO,1.0,1075,-0.8189709782600403,0.9466501474380493,0.23914383351802826,False,0.3397845763445697,0.12329594414653373,1.2590471506118774,0.01935921423137188,0.019038880243897438,0.3825,11.3,0.2668982148170471,0.4775,0.0006051093982969516,0.08119344372302294,51.95624657848802
Residual PPO,1.0,1076,-1.445397138595581,-0.562984049320221,0.45283621549606323,True,0.4954289215043069,0.06542510074095291,1.6302250623703003,0.015859637409448624,0.011222668923437595,0.53,8.35,0.09146595001220703,0.79,0.0003175206345227088,0.09716449238359928,99.03805846537794
Residual PPO,1.0,1077,-0.6151338219642639,-0.8893533945083618,0.2694230377674103,False,0.29913029502089966,0.12114139338408342,1.088533878326416,0.023105623200535774,0.013024243526160717,0.385,11.200000000000001,0.2593216300010681,0.5525,0.0005813439525335609,0.06835830070078373,60.63002409267518
Residual PPO,1.0,1078,-0.6580581068992615,-0.6858707666397095,0.23459486663341522,False,0.2512369551416723,0.08872206668132826,0.9584092497825623,0.019910171627998352,0.0056849694810807705,0.4575,8.75,0.27983975410461426,0.4925,0.00046927154153461636,0.07058898316696287,105.90006998245227
Residual PPO,1.0,1079,-0.5874135494232178,0.8651593327522278,0.4896434247493744,False,0.32051660695845824,0.12623492838405126,1.076871633529663,0.024134233593940735,0.020819062367081642,0.38,11.3,0.06984150409698486,0.705,0.0005588134704249041,0.059692872166633604,51.704071714248144
Residual PPO,1.0,1080,-0.6397119164466858,0.7102972865104675,0.367546945810318,False,0.2675087747816379,0.08908579425215593,0.9782975912094116,0.020450429990887642,0.0021059794817119837,0.46,8.8,0.1525067687034607,0.7275,0.00047753669653777524,0.06183564703911543,103.46394709362103
Residual PPO,1.0,1081,-1.3320256471633911,0.8601993322372437,0.3006768822669983,False,0.44589694394950563,0.11185402665143682,1.6089626550674438,0.022012460976839066,0.009371491149067879,0.3975,11.100000000000001,0.28457486629486084,0.5625,0.0005289948653491454,0.10656138554215432,39.144112420865916
Residual PPO,1.0,1082,-0.9581221342086792,-0.30673766136169434,0.3117980659008026,True,0.26671707584098847,0.034211535660318634,1.0472158193588257,0.008563794195652008,0.0016397066647186875,0.7175,4.5,0.21623319387435913,0.785,0.0001960199392011851,0.07792867172509432,228.22593309317384
Residual PPO,1.0,1083,-1.3940625190734863,0.6289385557174683,0.21643398702144623,True,0.40578956829048124,0.0720922665154761,1.543211579322815,0.014648321084678173,0.009658852592110634,0.505,8.55,0.3573024868965149,0.4525,0.00039382778292528577,0.11331269558519125,101.359547998293
Residual PPO,1.0,1084,-0.7371216416358948,-0.8951173424720764,0.4071005880832672,False,0.3293930999277421,0.11755377169333929,1.1846938133239746,0.022397244349122047,0.014212771318852901,0.39,11.15,0.14595389366149902,0.6875,0.0005316676245257244,0.06846016451716423,57.01887800022137
Residual PPO,1.0,1085,-0.7224554419517517,-0.08529454469680786,0.4138740301132202,True,0.20817980908329342,0.012697570490799712,0.8217359185218811,0.007604957092553377,0.0020485729910433292,0.86,2.8000000000000003,0.11921215057373047,0.8825,0.00014086859552268782,0.058945239782333375,305.7705251226386
Residual PPO,1.0,1086,-0.7490203976631165,-0.7008727788925171,0.4387705326080322,False,0.2888108002672717,0.07739623766070608,1.066512942314148,0.018547894433140755,0.0018470005597919226,0.4925,8.75,0.11614644527435303,0.775,0.00037931501929186945,0.06566335022449493,116.73329872700022
Residual PPO,1.0,1087,-1.2718281745910645,-0.8616007566452026,0.3274095356464386,False,0.43464876722207085,0.11409988890260171,1.5632307529449463,0.021030830219388008,0.014013031497597694,0.395,11.200000000000001,0.21861326694488525,0.645,0.000494047920981756,0.0990186970308423,40.87809042606864
Residual PPO,1.0,1088,-1.148199200630188,-0.9221230149269104,0.4605681300163269,False,0.4493915967317418,0.1192661846454554,1.5241628885269165,0.019548213109374046,0.021296609193086624,0.3875,11.3,0.11138498783111572,0.6825,0.0004911236692708833,0.08806299246847629,33.43268413932859
Residual PPO,1.0,1089,-1.8535881042480469,0.5890284776687622,0.37915652990341187,True,0.6096980957081992,0.07591035643741588,2.002676010131836,0.017493030056357384,0.0015232110163196921,0.5075,8.75,0.16299200057983398,0.7025,0.00025511548510471284,0.12063006609678269,68.88923966152174
Residual PPO,1.0,1090,-0.9845758080482483,-0.6573527455329895,0.30003631114959717,False,0.31570972672467423,0.07835459298429674,1.2066437005996704,0.0176201481372118,0.0027976548299193382,0.49,8.75,0.24058490991592407,0.6725,0.00038266906254904063,0.0843012798205018,110.63262200664126
Residual PPO,1.0,1091,-1.8845704793930054,-0.6914018392562866,0.36124923825263977,False,0.6248838548302065,0.08576282277591436,2.0561883449554443,0.018978016451001167,0.004074300639331341,0.4725,8.700000000000001,0.15723693370819092,0.675,0.0004013300203966264,0.1219942619651556,46.906599800545
Residual PPO,1.0,1092,-1.9696727991104126,-0.2278679758310318,0.31251582503318787,True,0.6050367702140551,0.035876017455575525,2.0327112674713135,0.005837200675159693,0.007576502859592438,0.7,6.0,0.2135632038116455,0.7725,0.00016267888305663872,0.12723980110138655,161.6573872369631
Residual PPO,1.0,1093,-0.8791002631187439,0.07968070358037949,0.43002596497535706,True,0.2628536019609452,0.020545369857135846,0.9864982962608337,0.009052987210452557,0.003822406753897667,0.7975,4.05,0.10946941375732422,0.865,0.00014299207750631082,0.06686918288469315,267.87055574228003
Residual PPO,1.0,1094,-0.9031349420547485,-0.5643354058265686,0.2514164447784424,True,0.2772215700324759,0.07200825163986296,1.080662727355957,0.016233336180448532,0.004756066016852856,0.5125,8.65,0.29015403985977173,0.5875,0.0003552779942133215,0.08361086800694466,128.15513551796116
Residual PPO,1.0,1095,-1.3096781969070435,-0.4019305408000946,0.2943161725997925,True,0.37402557088849586,0.035665794156217706,1.404356837272644,0.008596018888056278,0.00314554525539279,0.665,6.25,0.2322688102722168,0.7525,0.00022174157432174721,0.09682688642293215,187.56276222268446
Residual PPO,1.0,1096,-0.5565752387046814,0.7886120080947876,0.27283963561058044,False,0.26237708335888715,0.09879357036557287,0.972832441329956,0.020305143669247627,0.0037587308324873447,0.435,10.950000000000001,0.18489569425582886,0.59,0.0005302249608323809,0.05936977837234735,92.7749667564656
Residual PPO,1.0,1097,-1.3080552816390991,0.037033263593912125,0.27344202995300293,True,0.3548383542109187,0.013341979263749647,1.3486006259918213,0.0027848812751471996,0.003792506642639637,0.7475,5.050000000000001,0.2614050507545471,0.74,0.0001470554902678627,0.09750967625528574,233.75034151951064
Residual PPO,1.0,1098,-1.2224541902542114,-0.25077617168426514,0.4742331802845001,True,0.4026383900177454,0.029021481660685848,1.363215446472168,0.010462786071002483,0.007790221367031336,0.7425,5.6000000000000005,0.07937419414520264,0.82,0.0001540018960985204,0.0839052813500166,216.28761925524938
Residual PPO,1.0,1099,-1.9130916595458984,0.09447009861469269,0.36984628438949585,True,0.6094817136261812,0.03268057720888686,1.9914398193359375,0.0070619783364236355,0.005282497964799404,0.7125,5.75,0.16263806819915771,0.7975,9.575673118569116e-05,0.1209532468020916,168.01576261833088
